conf_qubit_alloc,conf_cluster_type,conf_target_id,conf_qaoa_depth,shots,bit_string,count,cost,benchmark_min_cost,benchmark_avg_cost,benchmark_max_cost,timestamp
naive_adjacency,waste_collection_area,56,2,512,1000010000100001,0,19.876919324808856,17.97359693637821,18.946169104116787,19.876919324808856,2025-08-28 08:18:11
naive_adjacency,waste_collection_area,56,2,512,1000010000010010,0,17.97359693637821,17.97359693637821,18.946169104116787,19.876919324808856,2025-08-28 08:18:11
naive_adjacency,waste_collection_area,56,2,512,1000001001000001,0,18.987991051163284,17.97359693637821,18.946169104116787,19.876919324808856,2025-08-28 08:18:11
naive_adjacency,waste_collection_area,56,2,512,1000000101000010,0,17.97359693637821,17.97359693637821,18.946169104116787,19.876919324808856,2025-08-28 08:18:11
naive_adjacency,waste_collection_area,56,2,512,1000001000010100,0,18.987991051163288,17.97359693637821,18.946169104116787,19.876919324808856,2025-08-28 08:18:11
naive_adjacency,waste_collection_area,56,2,512,1000000100100100,0,19.876919324808856,17.97359693637821,18.946169104116787,19.876919324808856,2025-08-28 08:18:11
naive_adjacency,waste_collection_area,56,2,512,0100100000100001,0,17.97359693637821,17.97359693637821,18.946169104116787,19.876919324808856,2025-08-28 08:18:11
naive_adjacency,waste_collection_area,56,2,512,0100100000010010,0,19.876919324808856,17.97359693637821,18.946169104116787,19.876919324808856,2025-08-28 08:18:11
naive_adjacency,waste_collection_area,56,2,512,0010100001000001,0,18.987991051163288,17.97359693637821,18.946169104116787,19.876919324808856,2025-08-28 08:18:11
naive_adjacency,waste_collection_area,56,2,512,0001100001000010,0,19.876919324808856,17.97359693637821,18.946169104116787,19.876919324808856,2025-08-28 08:18:11
naive_adjacency,waste_collection_area,56,2,512,0010100000010100,0,18.987991051163288,17.97359693637821,18.946169104116787,19.876919324808856,2025-08-28 08:18:11
naive_adjacency,waste_collection_area,56,2,512,0001100000100100,0,17.97359693637821,17.97359693637821,18.946169104116787,19.876919324808856,2025-08-28 08:18:11
naive_adjacency,waste_collection_area,56,2,512,0100001010000001,0,17.97359693637821,17.97359693637821,18.946169104116787,19.876919324808856,2025-08-28 08:18:11
naive_adjacency,waste_collection_area,56,2,512,0100000110000010,0,18.987991051163288,17.97359693637821,18.946169104116787,19.876919324808856,2025-08-28 08:18:11
naive_adjacency,waste_collection_area,56,2,512,0010010010000001,0,19.876919324808853,17.97359693637821,18.946169104116787,19.876919324808856,2025-08-28 08:18:11
naive_adjacency,waste_collection_area,56,2,512,0001010010000010,0,18.987991051163288,17.97359693637821,18.946169104116787,19.876919324808856,2025-08-28 08:18:11
naive_adjacency,waste_collection_area,56,2,512,0010000110000100,0,19.876919324808856,17.97359693637821,18.946169104116787,19.876919324808856,2025-08-28 08:18:11
naive_adjacency,waste_collection_area,56,2,512,0001001010000100,0,17.97359693637821,17.97359693637821,18.946169104116787,19.876919324808856,2025-08-28 08:18:11
naive_adjacency,waste_collection_area,56,2,512,0100001000011000,0,19.876919324808856,17.97359693637821,18.946169104116787,19.876919324808856,2025-08-28 08:18:11
naive_adjacency,waste_collection_area,56,2,512,0100000100101000,0,18.987991051163288,17.97359693637821,18.946169104116787,19.876919324808856,2025-08-28 08:18:11
naive_adjacency,waste_collection_area,56,2,512,0010010000011000,0,17.97359693637821,17.97359693637821,18.946169104116787,19.876919324808856,2025-08-28 08:18:11
naive_adjacency,waste_collection_area,56,2,512,0001010000101000,0,18.987991051163288,17.97359693637821,18.946169104116787,19.876919324808856,2025-08-28 08:18:11
naive_adjacency,waste_collection_area,56,2,512,0010000101001000,0,17.97359693637821,17.97359693637821,18.946169104116787,19.876919324808856,2025-08-28 08:18:11
naive_adjacency,waste_collection_area,56,2,512,0001001001001000,0,19.876919324808856,17.97359693637821,18.946169104116787,19.876919324808856,2025-08-28 08:18:11
node_visit_time,waste_collection_area,56,2,512,000110,11,17.97359693637821,17.97359693637821,18.946169104116784,19.876919324808856,2025-08-28 08:18:54
node_visit_time,waste_collection_area,56,2,512,001001,3,18.987991051163288,17.97359693637821,18.946169104116784,19.876919324808856,2025-08-28 08:18:54
node_visit_time,waste_collection_area,56,2,512,010010,12,19.876919324808853,17.97359693637821,18.946169104116784,19.876919324808856,2025-08-28 08:18:54
node_visit_time,waste_collection_area,56,2,512,011000,6,19.876919324808856,17.97359693637821,18.946169104116784,19.876919324808856,2025-08-28 08:18:54
node_visit_time,waste_collection_area,56,2,512,100001,5,18.987991051163288,17.97359693637821,18.946169104116784,19.876919324808856,2025-08-28 08:18:54
node_visit_time,waste_collection_area,56,2,512,100100,8,17.97359693637821,17.97359693637821,18.946169104116784,19.876919324808856,2025-08-28 08:18:54
naive_adjacency,waste_collection_area,108,2,512,100010001,0,14.049711003352062,14.049711003352058,14.04971100335206,14.049711003352062,2025-08-28 08:19:33
naive_adjacency,waste_collection_area,108,2,512,100001010,0,14.04971100335206,14.049711003352058,14.04971100335206,14.049711003352062,2025-08-28 08:19:33
naive_adjacency,waste_collection_area,108,2,512,010100001,1,14.049711003352058,14.049711003352058,14.04971100335206,14.049711003352062,2025-08-28 08:19:33
naive_adjacency,waste_collection_area,108,2,512,001100010,3,14.049711003352062,14.049711003352058,14.04971100335206,14.049711003352062,2025-08-28 08:19:33
naive_adjacency,waste_collection_area,108,2,512,010001100,0,14.049711003352062,14.049711003352058,14.04971100335206,14.049711003352062,2025-08-28 08:19:33
naive_adjacency,waste_collection_area,108,2,512,001010100,2,14.049711003352058,14.049711003352058,14.04971100335206,14.049711003352062,2025-08-28 08:19:33
node_visit_time,waste_collection_area,108,2,512,0001,37,14.049711003352062,14.04971100335206,14.049711003352062,14.049711003352062,2025-08-28 08:20:11
node_visit_time,waste_collection_area,108,2,512,0100,41,14.04971100335206,14.04971100335206,14.049711003352062,14.049711003352062,2025-08-28 08:20:11
naive_adjacency,waste_collection_area,47,2,512,1000010000100001,0,3.366726069444905,3.366726069444905,4.246461225862706,6.005931538698303,2025-08-28 08:20:47
naive_adjacency,waste_collection_area,47,2,512,1000010000010010,0,6.005931538698302,3.366726069444905,4.246461225862706,6.005931538698303,2025-08-28 08:20:47
naive_adjacency,waste_collection_area,47,2,512,1000001001000001,0,3.366726069444905,3.366726069444905,4.246461225862706,6.005931538698303,2025-08-28 08:20:47
naive_adjacency,waste_collection_area,47,2,512,1000000101000010,0,6.005931538698302,3.366726069444905,4.246461225862706,6.005931538698303,2025-08-28 08:20:47
naive_adjacency,waste_collection_area,47,2,512,1000001000010100,0,3.366726069444905,3.366726069444905,4.246461225862706,6.005931538698303,2025-08-28 08:20:47
naive_adjacency,waste_collection_area,47,2,512,1000000100100100,0,3.366726069444905,3.366726069444905,4.246461225862706,6.005931538698303,2025-08-28 08:20:47
naive_adjacency,waste_collection_area,47,2,512,0100100000100001,0,6.005931538698303,3.366726069444905,4.246461225862706,6.005931538698303,2025-08-28 08:20:47
naive_adjacency,waste_collection_area,47,2,512,0100100000010010,0,3.3667260694449053,3.366726069444905,4.246461225862706,6.005931538698303,2025-08-28 08:20:47
naive_adjacency,waste_collection_area,47,2,512,0010100001000001,0,3.3667260694449053,3.366726069444905,4.246461225862706,6.005931538698303,2025-08-28 08:20:47
naive_adjacency,waste_collection_area,47,2,512,0001100001000010,0,3.3667260694449053,3.366726069444905,4.246461225862706,6.005931538698303,2025-08-28 08:20:47
naive_adjacency,waste_collection_area,47,2,512,0010100000010100,0,3.3667260694449053,3.366726069444905,4.246461225862706,6.005931538698303,2025-08-28 08:20:47
naive_adjacency,waste_collection_area,47,2,512,0001100000100100,0,6.005931538698302,3.366726069444905,4.246461225862706,6.005931538698303,2025-08-28 08:20:47
naive_adjacency,waste_collection_area,47,2,512,0100001010000001,0,6.005931538698303,3.366726069444905,4.246461225862706,6.005931538698303,2025-08-28 08:20:47
naive_adjacency,waste_collection_area,47,2,512,0100000110000010,0,3.3667260694449053,3.366726069444905,4.246461225862706,6.005931538698303,2025-08-28 08:20:47
naive_adjacency,waste_collection_area,47,2,512,0010010010000001,0,3.3667260694449053,3.366726069444905,4.246461225862706,6.005931538698303,2025-08-28 08:20:47
naive_adjacency,waste_collection_area,47,2,512,0001010010000010,0,3.3667260694449053,3.366726069444905,4.246461225862706,6.005931538698303,2025-08-28 08:20:47
naive_adjacency,waste_collection_area,47,2,512,0010000110000100,0,3.3667260694449053,3.366726069444905,4.246461225862706,6.005931538698303,2025-08-28 08:20:47
naive_adjacency,waste_collection_area,47,2,512,0001001010000100,0,6.005931538698302,3.366726069444905,4.246461225862706,6.005931538698303,2025-08-28 08:20:47
naive_adjacency,waste_collection_area,47,2,512,0100001000011000,0,3.366726069444905,3.366726069444905,4.246461225862706,6.005931538698303,2025-08-28 08:20:47
naive_adjacency,waste_collection_area,47,2,512,0100000100101000,0,3.366726069444905,3.366726069444905,4.246461225862706,6.005931538698303,2025-08-28 08:20:47
naive_adjacency,waste_collection_area,47,2,512,0010010000011000,0,6.005931538698303,3.366726069444905,4.246461225862706,6.005931538698303,2025-08-28 08:20:47
naive_adjacency,waste_collection_area,47,2,512,0001010000101000,0,3.366726069444905,3.366726069444905,4.246461225862706,6.005931538698303,2025-08-28 08:20:47
naive_adjacency,waste_collection_area,47,2,512,0010000101001000,0,6.005931538698303,3.366726069444905,4.246461225862706,6.005931538698303,2025-08-28 08:20:47
naive_adjacency,waste_collection_area,47,2,512,0001001001001000,0,3.366726069444905,3.366726069444905,4.246461225862706,6.005931538698303,2025-08-28 08:20:47
node_visit_time,waste_collection_area,47,2,512,000110,9,3.366726069444905,3.366726069444905,4.246461225862704,6.005931538698302,2025-08-28 08:21:27
node_visit_time,waste_collection_area,47,2,512,001001,6,6.005931538698302,3.366726069444905,4.246461225862704,6.005931538698302,2025-08-28 08:21:27
node_visit_time,waste_collection_area,47,2,512,010010,9,3.366726069444905,3.366726069444905,4.246461225862704,6.005931538698302,2025-08-28 08:21:27
node_visit_time,waste_collection_area,47,2,512,011000,9,3.366726069444905,3.366726069444905,4.246461225862704,6.005931538698302,2025-08-28 08:21:27
node_visit_time,waste_collection_area,47,2,512,100001,7,6.005931538698302,3.366726069444905,4.246461225862704,6.005931538698302,2025-08-28 08:21:27
node_visit_time,waste_collection_area,47,2,512,100100,9,3.366726069444905,3.366726069444905,4.246461225862704,6.005931538698302,2025-08-28 08:21:27
naive_adjacency,waste_facility,5,2,512,100000010000001000000100000010000001,0,44.88430361090788,27.154510829224307,37.467252502051075,45.90426036668173,2025-08-28 08:22:03
naive_adjacency,waste_facility,5,2,512,100000010000001000000100000001000010,0,42.52872548091332,27.154510829224307,37.467252502051075,45.90426036668173,2025-08-28 08:22:03
naive_adjacency,waste_facility,5,2,512,100000010000001000000010000100000001,0,42.69082040466454,27.154510829224307,37.467252502051075,45.90426036668173,2025-08-28 08:22:03
naive_adjacency,waste_facility,5,2,512,100000010000001000000001000100000010,0,41.64524763713921,27.154510829224307,37.467252502051075,45.90426036668173,2025-08-28 08:22:03
naive_adjacency,waste_facility,5,2,512,100000010000001000000010000001000100,0,43.54868223668716,27.154510829224307,37.467252502051075,45.90426036668173,2025-08-28 08:22:03
naive_adjacency,waste_facility,5,2,512,100000010000001000000001000010000100,0,44.85868759915638,27.154510829224307,37.467252502051075,45.90426036668173,2025-08-28 08:22:03
naive_adjacency,waste_facility,5,2,512,100000010000000100001000000010000001,0,29.510088959218873,27.154510829224307,37.467252502051075,45.90426036668173,2025-08-28 08:22:03
naive_adjacency,waste_facility,5,2,512,100000010000000100001000000001000010,0,30.36795079124149,27.154510829224307,37.467252502051075,45.90426036668173,2025-08-28 08:22:03
naive_adjacency,waste_facility,5,2,512,100000010000000010001000000100000001,0,30.530045714992706,27.154510829224307,37.467252502051075,45.90426036668173,2025-08-28 08:22:03
naive_adjacency,waste_facility,5,2,512,100000010000000001001000000100000010,0,30.367950791241487,27.154510829224307,37.467252502051075,45.90426036668173,2025-08-28 08:22:03
naive_adjacency,waste_facility,5,2,512,100000010000000010001000000001000100,0,28.17446758499816,27.154510829224307,37.467252502051075,45.90426036668173,2025-08-28 08:22:03
naive_adjacency,waste_facility,5,2,512,100000010000000001001000000010000100,0,27.154510829224314,27.154510829224307,37.467252502051075,45.90426036668173,2025-08-28 08:22:03
naive_adjacency,waste_facility,5,2,512,100000010000000100000010001000000001,0,42.69082040466454,27.154510829224307,37.467252502051075,45.90426036668173,2025-08-28 08:22:03
naive_adjacency,waste_facility,5,2,512,100000010000000100000001001000000010,0,42.66520439291304,27.154510829224307,37.467252502051075,45.90426036668173,2025-08-28 08:22:03
naive_adjacency,waste_facility,5,2,512,100000010000000010000100001000000001,0,45.90426036668172,27.154510829224307,37.467252502051075,45.90426036668173,2025-08-28 08:22:03
naive_adjacency,waste_facility,5,2,512,100000010000000001000100001000000010,0,43.54868223668716,27.154510829224307,37.467252502051075,45.90426036668173,2025-08-28 08:22:03
naive_adjacency,waste_facility,5,2,512,100000010000000010000001001000000100,0,44.85868759915638,27.154510829224307,37.467252502051075,45.90426036668173,2025-08-28 08:22:03
naive_adjacency,waste_facility,5,2,512,100000010000000001000010001000000100,0,42.52872548091332,27.154510829224307,37.467252502051075,45.90426036668173,2025-08-28 08:22:03
naive_adjacency,waste_facility,5,2,512,100000010000000100000010000001001000,0,43.54868223668716,27.154510829224307,37.467252502051075,45.90426036668173,2025-08-28 08:22:03
naive_adjacency,waste_facility,5,2,512,100000010000000100000001000010001000,0,42.66520439291304,27.154510829224307,37.467252502051075,45.90426036668173,2025-08-28 08:22:03
naive_adjacency,waste_facility,5,2,512,100000010000000010000100000001001000,0,40.33524227466999,27.154510829224307,37.467252502051075,45.90426036668173,2025-08-28 08:22:03
naive_adjacency,waste_facility,5,2,512,100000010000000001000100000010001000,0,40.33524227466998,27.154510829224307,37.467252502051075,45.90426036668173,2025-08-28 08:22:03
naive_adjacency,waste_facility,5,2,512,100000010000000010000001000100001000,0,41.64524763713921,27.154510829224307,37.467252502051075,45.90426036668173,2025-08-28 08:22:03
naive_adjacency,waste_facility,5,2,512,100000010000000001000010000100001000,0,42.52872548091332,27.154510829224307,37.467252502051075,45.90426036668173,2025-08-28 08:22:03
naive_adjacency,waste_facility,5,2,512,100000001000010000000100000010000001,0,30.39356680299299,27.154510829224307,37.467252502051075,45.90426036668173,2025-08-28 08:22:03
naive_adjacency,waste_facility,5,2,512,100000001000010000000100000001000010,0,28.03798867299843,27.154510829224307,37.467252502051075,45.90426036668173,2025-08-28 08:22:03
naive_adjacency,waste_facility,5,2,512,100000001000010000000010000100000001,0,43.574298248438666,27.154510829224307,37.467252502051075,45.90426036668173,2025-08-28 08:22:03
naive_adjacency,waste_facility,5,2,512,100000001000010000000001000100000010,0,42.52872548091332,27.154510829224307,37.467252502051075,45.90426036668173,2025-08-28 08:22:03
naive_adjacency,waste_facility,5,2,512,100000001000010000000010000001000100,0,41.218720118444104,27.154510829224307,37.467252502051075,45.90426036668173,2025-08-28 08:22:03
naive_adjacency,waste_facility,5,2,512,100000001000010000000001000010000100,0,42.52872548091332,27.154510829224307,37.467252502051075,45.90426036668173,2025-08-28 08:22:03
naive_adjacency,waste_facility,5,2,512,100000000100010000001000000010000001,0,30.39356680299299,27.154510829224307,37.467252502051075,45.90426036668173,2025-08-28 08:22:03
naive_adjacency,waste_facility,5,2,512,100000000100010000001000000001000010,0,28.03798867299843,27.154510829224307,37.467252502051075,45.90426036668173,2025-08-28 08:22:03
naive_adjacency,waste_facility,5,2,512,100000000010010000001000000100000001,0,43.57429824843865,27.154510829224307,37.467252502051075,45.90426036668173,2025-08-28 08:22:03
naive_adjacency,waste_facility,5,2,512,100000000001010000001000000100000010,0,42.52872548091332,27.154510829224307,37.467252502051075,45.90426036668173,2025-08-28 08:22:03
naive_adjacency,waste_facility,5,2,512,100000000010010000001000000001000100,0,41.218720118444104,27.154510829224307,37.467252502051075,45.90426036668173,2025-08-28 08:22:03
naive_adjacency,waste_facility,5,2,512,100000000001010000001000000010000100,0,42.52872548091333,27.154510829224307,37.467252502051075,45.90426036668173,2025-08-28 08:22:03
naive_adjacency,waste_facility,5,2,512,100000000100010000000010001000000001,0,28.200083596749653,27.154510829224307,37.467252502051075,45.90426036668173,2025-08-28 08:22:03
naive_adjacency,waste_facility,5,2,512,100000000100010000000001001000000010,0,40.33524227466998,27.154510829224307,37.467252502051075,45.90426036668173,2025-08-28 08:22:03
naive_adjacency,waste_facility,5,2,512,100000000010010000000100001000000001,0,28.200083596749646,27.154510829224307,37.467252502051075,45.90426036668173,2025-08-28 08:22:03
naive_adjacency,waste_facility,5,2,512,100000000001010000000100001000000010,0,40.335242274669994,27.154510829224307,37.467252502051075,45.90426036668173,2025-08-28 08:22:03
naive_adjacency,waste_facility,5,2,512,100000000010010000000001001000000100,0,27.15451082922431,27.154510829224307,37.467252502051075,45.90426036668173,2025-08-28 08:22:03
naive_adjacency,waste_facility,5,2,512,100000000001010000000010001000000100,0,27.154510829224314,27.154510829224307,37.467252502051075,45.90426036668173,2025-08-28 08:22:03
naive_adjacency,waste_facility,5,2,512,100000000100010000000010000001001000,0,29.05794542877227,27.154510829224307,37.467252502051075,45.90426036668173,2025-08-28 08:22:03
naive_adjacency,waste_facility,5,2,512,100000000100010000000001000010001000,0,43.54868223668717,27.154510829224307,37.467252502051075,45.90426036668173,2025-08-28 08:22:03
naive_adjacency,waste_facility,5,2,512,100000000010010000000100000001001000,0,29.05794542877227,27.154510829224307,37.467252502051075,45.90426036668173,2025-08-28 08:22:03
naive_adjacency,waste_facility,5,2,512,100000000001010000000100000010001000,0,43.54868223668717,27.154510829224307,37.467252502051075,45.90426036668173,2025-08-28 08:22:03
naive_adjacency,waste_facility,5,2,512,100000000010010000000001000100001000,0,30.367950791241487,27.154510829224307,37.467252502051075,45.90426036668173,2025-08-28 08:22:03
naive_adjacency,waste_facility,5,2,512,100000000001010000000010000100001000,0,30.36795079124149,27.154510829224307,37.467252502051075,45.90426036668173,2025-08-28 08:22:03
naive_adjacency,waste_facility,5,2,512,100000001000000100010000000010000001,0,29.51008895921888,27.154510829224307,37.467252502051075,45.90426036668173,2025-08-28 08:22:03
naive_adjacency,waste_facility,5,2,512,100000001000000100010000000001000010,0,30.367950791241498,27.154510829224307,37.467252502051075,45.90426036668173,2025-08-28 08:22:03
naive_adjacency,waste_facility,5,2,512,100000001000000010010000000100000001,0,30.530045714992717,27.154510829224307,37.467252502051075,45.90426036668173,2025-08-28 08:22:03
naive_adjacency,waste_facility,5,2,512,100000001000000001010000000100000010,0,30.367950791241494,27.154510829224307,37.467252502051075,45.90426036668173,2025-08-28 08:22:03
naive_adjacency,waste_facility,5,2,512,100000001000000010010000000001000100,0,28.17446758499816,27.154510829224307,37.467252502051075,45.90426036668173,2025-08-28 08:22:03
naive_adjacency,waste_facility,5,2,512,100000001000000001010000000010000100,0,27.154510829224314,27.154510829224307,37.467252502051075,45.90426036668173,2025-08-28 08:22:03
naive_adjacency,waste_facility,5,2,512,100000000100001000010000000010000001,0,44.88430361090789,27.154510829224307,37.467252502051075,45.90426036668173,2025-08-28 08:22:03
naive_adjacency,waste_facility,5,2,512,100000000100001000010000000001000010,0,42.52872548091333,27.154510829224307,37.467252502051075,45.90426036668173,2025-08-28 08:22:03
naive_adjacency,waste_facility,5,2,512,100000000010001000010000000100000001,0,42.69082040466455,27.154510829224307,37.467252502051075,45.90426036668173,2025-08-28 08:22:03
naive_adjacency,waste_facility,5,2,512,100000000001001000010000000100000010,0,41.64524763713922,27.154510829224307,37.467252502051075,45.90426036668173,2025-08-28 08:22:03
naive_adjacency,waste_facility,5,2,512,100000000010001000010000000001000100,0,43.54868223668718,27.154510829224307,37.467252502051075,45.90426036668173,2025-08-28 08:22:03
naive_adjacency,waste_facility,5,2,512,100000000001001000010000000010000100,0,44.8586875991564,27.154510829224307,37.467252502051075,45.90426036668173,2025-08-28 08:22:03
naive_adjacency,waste_facility,5,2,512,100000000100000010010000001000000001,0,45.904260366681726,27.154510829224307,37.467252502051075,45.90426036668173,2025-08-28 08:22:03
naive_adjacency,waste_facility,5,2,512,100000000100000001010000001000000010,0,43.54868223668716,27.154510829224307,37.467252502051075,45.90426036668173,2025-08-28 08:22:03
naive_adjacency,waste_facility,5,2,512,100000000010000100010000001000000001,0,42.69082040466454,27.154510829224307,37.467252502051075,45.90426036668173,2025-08-28 08:22:03
naive_adjacency,waste_facility,5,2,512,100000000001000100010000001000000010,0,42.665204392913054,27.154510829224307,37.467252502051075,45.90426036668173,2025-08-28 08:22:03
naive_adjacency,waste_facility,5,2,512,100000000010000001010000001000000100,0,42.52872548091333,27.154510829224307,37.467252502051075,45.90426036668173,2025-08-28 08:22:03
naive_adjacency,waste_facility,5,2,512,100000000001000010010000001000000100,0,44.8586875991564,27.154510829224307,37.467252502051075,45.90426036668173,2025-08-28 08:22:03
naive_adjacency,waste_facility,5,2,512,100000000100000010010000000001001000,0,40.33524227467,27.154510829224307,37.467252502051075,45.90426036668173,2025-08-28 08:22:03
naive_adjacency,waste_facility,5,2,512,100000000100000001010000000010001000,0,40.33524227467,27.154510829224307,37.467252502051075,45.90426036668173,2025-08-28 08:22:03
naive_adjacency,waste_facility,5,2,512,100000000010000100010000000001001000,0,43.54868223668718,27.154510829224307,37.467252502051075,45.90426036668173,2025-08-28 08:22:03
naive_adjacency,waste_facility,5,2,512,100000000001000100010000000010001000,0,42.66520439291306,27.154510829224307,37.467252502051075,45.90426036668173,2025-08-28 08:22:03
naive_adjacency,waste_facility,5,2,512,100000000010000001010000000100001000,0,42.52872548091334,27.154510829224307,37.467252502051075,45.90426036668173,2025-08-28 08:22:03
naive_adjacency,waste_facility,5,2,512,100000000001000010010000000100001000,0,41.64524763713922,27.154510829224307,37.467252502051075,45.90426036668173,2025-08-28 08:22:03
naive_adjacency,waste_facility,5,2,512,100000001000000100000010010000000001,0,43.57429824843866,27.154510829224307,37.467252502051075,45.90426036668173,2025-08-28 08:22:03
naive_adjacency,waste_facility,5,2,512,100000001000000100000001010000000010,0,43.548682236687156,27.154510829224307,37.467252502051075,45.90426036668173,2025-08-28 08:22:03
naive_adjacency,waste_facility,5,2,512,100000001000000010000100010000000001,0,31.41352355876683,27.154510829224307,37.467252502051075,45.90426036668173,2025-08-28 08:22:03
naive_adjacency,waste_facility,5,2,512,100000001000000001000100010000000010,0,29.057945428772275,27.154510829224307,37.467252502051075,45.90426036668173,2025-08-28 08:22:03
naive_adjacency,waste_facility,5,2,512,100000001000000010000001010000000100,0,43.548682236687156,27.154510829224307,37.467252502051075,45.90426036668173,2025-08-28 08:22:03
naive_adjacency,waste_facility,5,2,512,100000001000000001000010010000000100,0,41.218720118444104,27.154510829224307,37.467252502051075,45.90426036668173,2025-08-28 08:22:03
naive_adjacency,waste_facility,5,2,512,100000000100001000000010010000000001,0,28.200083596749653,27.154510829224307,37.467252502051075,45.90426036668173,2025-08-28 08:22:03
naive_adjacency,waste_facility,5,2,512,100000000100001000000001010000000010,0,40.33524227466998,27.154510829224307,37.467252502051075,45.90426036668173,2025-08-28 08:22:03
naive_adjacency,waste_facility,5,2,512,100000000010001000000100010000000001,0,28.200083596749646,27.154510829224307,37.467252502051075,45.90426036668173,2025-08-28 08:22:03
naive_adjacency,waste_facility,5,2,512,100000000001001000000100010000000010,0,40.335242274669994,27.154510829224307,37.467252502051075,45.90426036668173,2025-08-28 08:22:03
naive_adjacency,waste_facility,5,2,512,100000000010001000000001010000000100,0,28.17446758499815,27.154510829224307,37.467252502051075,45.90426036668173,2025-08-28 08:22:03
naive_adjacency,waste_facility,5,2,512,100000000001001000000010010000000100,0,28.174467584998155,27.154510829224307,37.467252502051075,45.90426036668173,2025-08-28 08:22:03
naive_adjacency,waste_facility,5,2,512,100000000100000010001000010000000001,0,31.41352355876683,27.154510829224307,37.467252502051075,45.90426036668173,2025-08-28 08:22:03
naive_adjacency,waste_facility,5,2,512,100000000100000001001000010000000010,0,29.057945428772268,27.154510829224307,37.467252502051075,45.90426036668173,2025-08-28 08:22:03
naive_adjacency,waste_facility,5,2,512,100000000010000100001000010000000001,0,43.57429824843866,27.154510829224307,37.467252502051075,45.90426036668173,2025-08-28 08:22:03
naive_adjacency,waste_facility,5,2,512,100000000001000100001000010000000010,0,43.54868223668717,27.154510829224307,37.467252502051075,45.90426036668173,2025-08-28 08:22:03
naive_adjacency,waste_facility,5,2,512,100000000010000001001000010000000100,0,41.21872011844411,27.154510829224307,37.467252502051075,45.90426036668173,2025-08-28 08:22:03
naive_adjacency,waste_facility,5,2,512,100000000001000010001000010000000100,0,43.54868223668717,27.154510829224307,37.467252502051075,45.90426036668173,2025-08-28 08:22:03
naive_adjacency,waste_facility,5,2,512,100000000100000010000001010000001000,0,42.52872548091332,27.154510829224307,37.467252502051075,45.90426036668173,2025-08-28 08:22:03
naive_adjacency,waste_facility,5,2,512,100000000100000001000010010000001000,0,28.03798867299843,27.154510829224307,37.467252502051075,45.90426036668173,2025-08-28 08:22:03
naive_adjacency,waste_facility,5,2,512,100000000010000100000001010000001000,0,30.367950791241487,27.154510829224307,37.467252502051075,45.90426036668173,2025-08-28 08:22:03
naive_adjacency,waste_facility,5,2,512,100000000001000100000010010000001000,0,30.36795079124149,27.154510829224307,37.467252502051075,45.90426036668173,2025-08-28 08:22:03
naive_adjacency,waste_facility,5,2,512,100000000010000001000100010000001000,0,28.03798867299843,27.154510829224307,37.467252502051075,45.90426036668173,2025-08-28 08:22:03
naive_adjacency,waste_facility,5,2,512,100000000001000010000100010000001000,0,42.52872548091333,27.154510829224307,37.467252502051075,45.90426036668173,2025-08-28 08:22:03
naive_adjacency,waste_facility,5,2,512,100000001000000100000010000001010000,0,43.57429824843866,27.154510829224307,37.467252502051075,45.90426036668173,2025-08-28 08:22:03
naive_adjacency,waste_facility,5,2,512,100000001000000100000001000010010000,0,42.69082040466455,27.154510829224307,37.467252502051075,45.90426036668173,2025-08-28 08:22:03
naive_adjacency,waste_facility,5,2,512,100000001000000010000100000001010000,0,28.20008359674965,27.154510829224307,37.467252502051075,45.90426036668173,2025-08-28 08:22:03
naive_adjacency,waste_facility,5,2,512,100000001000000001000100000010010000,0,28.20008359674965,27.154510829224307,37.467252502051075,45.90426036668173,2025-08-28 08:22:03
naive_adjacency,waste_facility,5,2,512,100000001000000010000001000100010000,0,42.69082040466455,27.154510829224307,37.467252502051075,45.90426036668173,2025-08-28 08:22:03
naive_adjacency,waste_facility,5,2,512,100000001000000001000010000100010000,0,43.574298248438666,27.154510829224307,37.467252502051075,45.90426036668173,2025-08-28 08:22:03
naive_adjacency,waste_facility,5,2,512,100000000100001000000010000001010000,0,31.413523558766826,27.154510829224307,37.467252502051075,45.90426036668173,2025-08-28 08:22:03
naive_adjacency,waste_facility,5,2,512,100000000100001000000001000010010000,0,45.904260366681726,27.154510829224307,37.467252502051075,45.90426036668173,2025-08-28 08:22:03
naive_adjacency,waste_facility,5,2,512,100000000010001000000100000001010000,0,31.413523558766826,27.154510829224307,37.467252502051075,45.90426036668173,2025-08-28 08:22:03
naive_adjacency,waste_facility,5,2,512,100000000001001000000100000010010000,0,45.904260366681726,27.154510829224307,37.467252502051075,45.90426036668173,2025-08-28 08:22:03
naive_adjacency,waste_facility,5,2,512,100000000010001000000001000100010000,0,30.530045714992706,27.154510829224307,37.467252502051075,45.90426036668173,2025-08-28 08:22:03
naive_adjacency,waste_facility,5,2,512,100000000001001000000010000100010000,0,30.53004571499271,27.154510829224307,37.467252502051075,45.90426036668173,2025-08-28 08:22:03
naive_adjacency,waste_facility,5,2,512,100000000100000010001000000001010000,0,28.20008359674965,27.154510829224307,37.467252502051075,45.90426036668173,2025-08-28 08:22:03
naive_adjacency,waste_facility,5,2,512,100000000100000001001000000010010000,0,28.20008359674965,27.154510829224307,37.467252502051075,45.90426036668173,2025-08-28 08:22:03
naive_adjacency,waste_facility,5,2,512,100000000010000100001000000001010000,0,43.57429824843866,27.154510829224307,37.467252502051075,45.90426036668173,2025-08-28 08:22:03
naive_adjacency,waste_facility,5,2,512,100000000001000100001000000010010000,0,42.69082040466455,27.154510829224307,37.467252502051075,45.90426036668173,2025-08-28 08:22:03
naive_adjacency,waste_facility,5,2,512,100000000010000001001000000100010000,0,43.57429824843866,27.154510829224307,37.467252502051075,45.90426036668173,2025-08-28 08:22:03
naive_adjacency,waste_facility,5,2,512,100000000001000010001000000100010000,0,42.69082040466455,27.154510829224307,37.467252502051075,45.90426036668173,2025-08-28 08:22:03
naive_adjacency,waste_facility,5,2,512,100000000100000010000001001000010000,0,44.88430361090788,27.154510829224307,37.467252502051075,45.90426036668173,2025-08-28 08:22:03
naive_adjacency,waste_facility,5,2,512,100000000100000001000010001000010000,0,30.393566802992986,27.154510829224307,37.467252502051075,45.90426036668173,2025-08-28 08:22:03
naive_adjacency,waste_facility,5,2,512,100000000010000100000001001000010000,0,29.510088959218866,27.154510829224307,37.467252502051075,45.90426036668173,2025-08-28 08:22:03
naive_adjacency,waste_facility,5,2,512,100000000001000100000010001000010000,0,29.51008895921887,27.154510829224307,37.467252502051075,45.90426036668173,2025-08-28 08:22:03
naive_adjacency,waste_facility,5,2,512,100000000010000001000100001000010000,0,30.393566802992986,27.154510829224307,37.467252502051075,45.90426036668173,2025-08-28 08:22:03
naive_adjacency,waste_facility,5,2,512,100000000001000010000100001000010000,0,44.884303610907885,27.154510829224307,37.467252502051075,45.90426036668173,2025-08-28 08:22:03
naive_adjacency,waste_facility,5,2,512,010000100000001000000100000010000001,0,42.52872548091332,27.154510829224307,37.467252502051075,45.90426036668173,2025-08-28 08:22:03
naive_adjacency,waste_facility,5,2,512,010000100000001000000100000001000010,0,42.52872548091333,27.154510829224307,37.467252502051075,45.90426036668173,2025-08-28 08:22:03
naive_adjacency,waste_facility,5,2,512,010000100000001000000010000100000001,0,40.33524227466999,27.154510829224307,37.467252502051075,45.90426036668173,2025-08-28 08:22:03
naive_adjacency,waste_facility,5,2,512,010000100000001000000001000100000010,0,27.15451082922431,27.154510829224307,37.467252502051075,45.90426036668173,2025-08-28 08:22:03
naive_adjacency,waste_facility,5,2,512,010000100000001000000010000001000100,0,43.54868223668716,27.154510829224307,37.467252502051075,45.90426036668173,2025-08-28 08:22:03
naive_adjacency,waste_facility,5,2,512,010000100000001000000001000010000100,0,30.36795079124149,27.154510829224307,37.467252502051075,45.90426036668173,2025-08-28 08:22:03
naive_adjacency,waste_facility,5,2,512,010000100000000100001000000010000001,0,41.64524763713922,27.154510829224307,37.467252502051075,45.90426036668173,2025-08-28 08:22:03
naive_adjacency,waste_facility,5,2,512,010000100000000100001000000001000010,0,44.8586875991564,27.154510829224307,37.467252502051075,45.90426036668173,2025-08-28 08:22:03
naive_adjacency,waste_facility,5,2,512,010000100000000010001000000100000001,0,42.665204392913054,27.154510829224307,37.467252502051075,45.90426036668173,2025-08-28 08:22:03
naive_adjacency,waste_facility,5,2,512,010000100000000001001000000100000010,0,44.85868759915639,27.154510829224307,37.467252502051075,45.90426036668173,2025-08-28 08:22:03
naive_adjacency,waste_facility,5,2,512,010000100000000010001000000001000100,0,42.66520439291306,27.154510829224307,37.467252502051075,45.90426036668173,2025-08-28 08:22:03
naive_adjacency,waste_facility,5,2,512,010000100000000001001000000010000100,0,41.64524763713922,27.154510829224307,37.467252502051075,45.90426036668173,2025-08-28 08:22:03
naive_adjacency,waste_facility,5,2,512,010000100000000100000010001000000001,0,40.335242274669994,27.154510829224307,37.467252502051075,45.90426036668173,2025-08-28 08:22:03
naive_adjacency,waste_facility,5,2,512,010000100000000100000001001000000010,0,28.174467584998155,27.154510829224307,37.467252502051075,45.90426036668173,2025-08-28 08:22:03
naive_adjacency,waste_facility,5,2,512,010000100000000010000100001000000001,0,43.54868223668716,27.154510829224307,37.467252502051075,45.90426036668173,2025-08-28 08:22:03
naive_adjacency,waste_facility,5,2,512,010000100000000001000100001000000010,0,43.54868223668716,27.154510829224307,37.467252502051075,45.90426036668173,2025-08-28 08:22:03
naive_adjacency,waste_facility,5,2,512,010000100000000010000001001000000100,0,30.36795079124149,27.154510829224307,37.467252502051075,45.90426036668173,2025-08-28 08:22:03
naive_adjacency,waste_facility,5,2,512,010000100000000001000010001000000100,0,42.52872548091332,27.154510829224307,37.467252502051075,45.90426036668173,2025-08-28 08:22:03
naive_adjacency,waste_facility,5,2,512,010000100000000100000010000001001000,0,45.904260366681726,27.154510829224307,37.467252502051075,45.90426036668173,2025-08-28 08:22:03
naive_adjacency,waste_facility,5,2,512,010000100000000100000001000010001000,0,30.53004571499271,27.154510829224307,37.467252502051075,45.90426036668173,2025-08-28 08:22:03
naive_adjacency,waste_facility,5,2,512,010000100000000010000100000001001000,0,42.69082040466455,27.154510829224307,37.467252502051075,45.90426036668173,2025-08-28 08:22:03
naive_adjacency,waste_facility,5,2,512,010000100000000001000100000010001000,0,42.69082040466454,27.154510829224307,37.467252502051075,45.90426036668173,2025-08-28 08:22:03
naive_adjacency,waste_facility,5,2,512,010000100000000010000001000100001000,0,29.51008895921887,27.154510829224307,37.467252502051075,45.90426036668173,2025-08-28 08:22:03
naive_adjacency,waste_facility,5,2,512,010000100000000001000010000100001000,0,44.884303610907885,27.154510829224307,37.467252502051075,45.90426036668173,2025-08-28 08:22:03
naive_adjacency,waste_facility,5,2,512,001000100000010000000100000010000001,0,42.52872548091333,27.154510829224307,37.467252502051075,45.90426036668173,2025-08-28 08:22:03
naive_adjacency,waste_facility,5,2,512,001000100000010000000100000001000010,0,42.52872548091334,27.154510829224307,37.467252502051075,45.90426036668173,2025-08-28 08:22:03
naive_adjacency,waste_facility,5,2,512,001000100000010000000010000100000001,0,41.21872011844411,27.154510829224307,37.467252502051075,45.90426036668173,2025-08-28 08:22:03
naive_adjacency,waste_facility,5,2,512,001000100000010000000001000100000010,0,28.03798867299843,27.154510829224307,37.467252502051075,45.90426036668173,2025-08-28 08:22:03
naive_adjacency,waste_facility,5,2,512,001000100000010000000010000001000100,0,43.57429824843866,27.154510829224307,37.467252502051075,45.90426036668173,2025-08-28 08:22:03
naive_adjacency,waste_facility,5,2,512,001000100000010000000001000010000100,0,30.393566802992986,27.154510829224307,37.467252502051075,45.90426036668173,2025-08-28 08:22:03
naive_adjacency,waste_facility,5,2,512,000100100000010000001000000010000001,0,42.52872548091332,27.154510829224307,37.467252502051075,45.90426036668173,2025-08-28 08:22:03
naive_adjacency,waste_facility,5,2,512,000100100000010000001000000001000010,0,44.884303610907885,27.154510829224307,37.467252502051075,45.90426036668173,2025-08-28 08:22:03
naive_adjacency,waste_facility,5,2,512,000010100000010000001000000100000001,0,43.57429824843866,27.154510829224307,37.467252502051075,45.90426036668173,2025-08-28 08:22:03
naive_adjacency,waste_facility,5,2,512,000001100000010000001000000100000010,0,44.88430361090788,27.154510829224307,37.467252502051075,45.90426036668173,2025-08-28 08:22:03
naive_adjacency,waste_facility,5,2,512,000010100000010000001000000001000100,0,43.574298248438666,27.154510829224307,37.467252502051075,45.90426036668173,2025-08-28 08:22:03
naive_adjacency,waste_facility,5,2,512,000001100000010000001000000010000100,0,42.52872548091333,27.154510829224307,37.467252502051075,45.90426036668173,2025-08-28 08:22:03
naive_adjacency,waste_facility,5,2,512,000100100000010000000010001000000001,0,40.335242274669994,27.154510829224307,37.467252502051075,45.90426036668173,2025-08-28 08:22:03
naive_adjacency,waste_facility,5,2,512,000100100000010000000001001000000010,0,28.200083596749646,27.154510829224307,37.467252502051075,45.90426036668173,2025-08-28 08:22:03
naive_adjacency,waste_facility,5,2,512,000010100000010000000100001000000001,0,42.69082040466454,27.154510829224307,37.467252502051075,45.90426036668173,2025-08-28 08:22:03
naive_adjacency,waste_facility,5,2,512,000001100000010000000100001000000010,0,42.69082040466454,27.154510829224307,37.467252502051075,45.90426036668173,2025-08-28 08:22:03
naive_adjacency,waste_facility,5,2,512,000010100000010000000001001000000100,0,29.510088959218873,27.154510829224307,37.467252502051075,45.90426036668173,2025-08-28 08:22:03
naive_adjacency,waste_facility,5,2,512,000001100000010000000010001000000100,0,41.64524763713921,27.154510829224307,37.467252502051075,45.90426036668173,2025-08-28 08:22:03
naive_adjacency,waste_facility,5,2,512,000100100000010000000010000001001000,0,45.90426036668173,27.154510829224307,37.467252502051075,45.90426036668173,2025-08-28 08:22:03
naive_adjacency,waste_facility,5,2,512,000100100000010000000001000010001000,0,31.413523558766826,27.154510829224307,37.467252502051075,45.90426036668173,2025-08-28 08:22:03
naive_adjacency,waste_facility,5,2,512,000010100000010000000100000001001000,0,43.54868223668716,27.154510829224307,37.467252502051075,45.90426036668173,2025-08-28 08:22:03
naive_adjacency,waste_facility,5,2,512,000001100000010000000100000010001000,0,43.54868223668716,27.154510829224307,37.467252502051075,45.90426036668173,2025-08-28 08:22:03
naive_adjacency,waste_facility,5,2,512,000010100000010000000001000100001000,0,30.367950791241498,27.154510829224307,37.467252502051075,45.90426036668173,2025-08-28 08:22:03
naive_adjacency,waste_facility,5,2,512,000001100000010000000010000100001000,0,44.85868759915638,27.154510829224307,37.467252502051075,45.90426036668173,2025-08-28 08:22:03
naive_adjacency,waste_facility,5,2,512,001000100000000100010000000010000001,0,27.15451082922431,27.154510829224307,37.467252502051075,45.90426036668173,2025-08-28 08:22:03
naive_adjacency,waste_facility,5,2,512,001000100000000100010000000001000010,0,30.36795079124149,27.154510829224307,37.467252502051075,45.90426036668173,2025-08-28 08:22:03
naive_adjacency,waste_facility,5,2,512,001000100000000010010000000100000001,0,28.17446758499815,27.154510829224307,37.467252502051075,45.90426036668173,2025-08-28 08:22:03
naive_adjacency,waste_facility,5,2,512,001000100000000001010000000100000010,0,30.36795079124149,27.154510829224307,37.467252502051075,45.90426036668173,2025-08-28 08:22:03
naive_adjacency,waste_facility,5,2,512,001000100000000010010000000001000100,0,30.53004571499271,27.154510829224307,37.467252502051075,45.90426036668173,2025-08-28 08:22:03
naive_adjacency,waste_facility,5,2,512,001000100000000001010000000010000100,0,29.51008895921887,27.154510829224307,37.467252502051075,45.90426036668173,2025-08-28 08:22:03
naive_adjacency,waste_facility,5,2,512,000100100000001000010000000010000001,0,28.03798867299843,27.154510829224307,37.467252502051075,45.90426036668173,2025-08-28 08:22:03
naive_adjacency,waste_facility,5,2,512,000100100000001000010000000001000010,0,30.393566802992986,27.154510829224307,37.467252502051075,45.90426036668173,2025-08-28 08:22:03
naive_adjacency,waste_facility,5,2,512,000010100000001000010000000100000001,0,28.20008359674965,27.154510829224307,37.467252502051075,45.90426036668173,2025-08-28 08:22:03
naive_adjacency,waste_facility,5,2,512,000001100000001000010000000100000010,0,29.51008895921887,27.154510829224307,37.467252502051075,45.90426036668173,2025-08-28 08:22:03
naive_adjacency,waste_facility,5,2,512,000010100000001000010000000001000100,0,31.413523558766826,27.154510829224307,37.467252502051075,45.90426036668173,2025-08-28 08:22:03
naive_adjacency,waste_facility,5,2,512,000001100000001000010000000010000100,0,30.36795079124149,27.154510829224307,37.467252502051075,45.90426036668173,2025-08-28 08:22:03
naive_adjacency,waste_facility,5,2,512,000100100000000010010000001000000001,0,29.057945428772268,27.154510829224307,37.467252502051075,45.90426036668173,2025-08-28 08:22:03
naive_adjacency,waste_facility,5,2,512,000100100000000001010000001000000010,0,31.413523558766826,27.154510829224307,37.467252502051075,45.90426036668173,2025-08-28 08:22:03
naive_adjacency,waste_facility,5,2,512,000010100000000100010000001000000001,0,28.200083596749646,27.154510829224307,37.467252502051075,45.90426036668173,2025-08-28 08:22:03
naive_adjacency,waste_facility,5,2,512,000001100000000100010000001000000010,0,30.53004571499271,27.154510829224307,37.467252502051075,45.90426036668173,2025-08-28 08:22:03
naive_adjacency,waste_facility,5,2,512,000010100000000001010000001000000100,0,30.393566802992982,27.154510829224307,37.467252502051075,45.90426036668173,2025-08-28 08:22:03
naive_adjacency,waste_facility,5,2,512,000001100000000010010000001000000100,0,30.367950791241487,27.154510829224307,37.467252502051075,45.90426036668173,2025-08-28 08:22:03
naive_adjacency,waste_facility,5,2,512,000100100000000010010000000001001000,0,28.20008359674965,27.154510829224307,37.467252502051075,45.90426036668173,2025-08-28 08:22:03
naive_adjacency,waste_facility,5,2,512,000100100000000001010000000010001000,0,28.200083596749653,27.154510829224307,37.467252502051075,45.90426036668173,2025-08-28 08:22:03
naive_adjacency,waste_facility,5,2,512,000010100000000100010000000001001000,0,29.05794542877227,27.154510829224307,37.467252502051075,45.90426036668173,2025-08-28 08:22:03
naive_adjacency,waste_facility,5,2,512,000001100000000100010000000010001000,0,28.17446758499816,27.154510829224307,37.467252502051075,45.90426036668173,2025-08-28 08:22:03
naive_adjacency,waste_facility,5,2,512,000010100000000001010000000100001000,0,28.03798867299843,27.154510829224307,37.467252502051075,45.90426036668173,2025-08-28 08:22:03
naive_adjacency,waste_facility,5,2,512,000001100000000010010000000100001000,0,27.154510829224314,27.154510829224307,37.467252502051075,45.90426036668173,2025-08-28 08:22:03
naive_adjacency,waste_facility,5,2,512,001000100000000100000010010000000001,0,41.21872011844411,27.154510829224307,37.467252502051075,45.90426036668173,2025-08-28 08:22:03
naive_adjacency,waste_facility,5,2,512,001000100000000100000001010000000010,0,29.05794542877227,27.154510829224307,37.467252502051075,45.90426036668173,2025-08-28 08:22:03
naive_adjacency,waste_facility,5,2,512,001000100000000010000100010000000001,0,43.54868223668717,27.154510829224307,37.467252502051075,45.90426036668173,2025-08-28 08:22:03
naive_adjacency,waste_facility,5,2,512,001000100000000001000100010000000010,0,43.54868223668717,27.154510829224307,37.467252502051075,45.90426036668173,2025-08-28 08:22:03
naive_adjacency,waste_facility,5,2,512,001000100000000010000001010000000100,0,31.413523558766826,27.154510829224307,37.467252502051075,45.90426036668173,2025-08-28 08:22:03
naive_adjacency,waste_facility,5,2,512,001000100000000001000010010000000100,0,43.57429824843866,27.154510829224307,37.467252502051075,45.90426036668173,2025-08-28 08:22:03
naive_adjacency,waste_facility,5,2,512,000100100000001000000010010000000001,0,40.33524227467,27.154510829224307,37.467252502051075,45.90426036668173,2025-08-28 08:22:03
naive_adjacency,waste_facility,5,2,512,000100100000001000000001010000000010,0,28.20008359674965,27.154510829224307,37.467252502051075,45.90426036668173,2025-08-28 08:22:03
naive_adjacency,waste_facility,5,2,512,000010100000001000000100010000000001,0,42.69082040466454,27.154510829224307,37.467252502051075,45.90426036668173,2025-08-28 08:22:03
naive_adjacency,waste_facility,5,2,512,000001100000001000000100010000000010,0,42.69082040466454,27.154510829224307,37.467252502051075,45.90426036668173,2025-08-28 08:22:03
naive_adjacency,waste_facility,5,2,512,000010100000001000000001010000000100,0,30.530045714992717,27.154510829224307,37.467252502051075,45.90426036668173,2025-08-28 08:22:03
naive_adjacency,waste_facility,5,2,512,000001100000001000000010010000000100,0,42.66520439291305,27.154510829224307,37.467252502051075,45.90426036668173,2025-08-28 08:22:03
naive_adjacency,waste_facility,5,2,512,000100100000000010001000010000000001,0,43.54868223668716,27.154510829224307,37.467252502051075,45.90426036668173,2025-08-28 08:22:03
naive_adjacency,waste_facility,5,2,512,000100100000000001001000010000000010,0,45.90426036668172,27.154510829224307,37.467252502051075,45.90426036668173,2025-08-28 08:22:03
naive_adjacency,waste_facility,5,2,512,000010100000000100001000010000000001,0,43.57429824843866,27.154510829224307,37.467252502051075,45.90426036668173,2025-08-28 08:22:03
naive_adjacency,waste_facility,5,2,512,000001100000000100001000010000000010,0,45.90426036668172,27.154510829224307,37.467252502051075,45.90426036668173,2025-08-28 08:22:03
naive_adjacency,waste_facility,5,2,512,000010100000000001001000010000000100,0,43.57429824843866,27.154510829224307,37.467252502051075,45.90426036668173,2025-08-28 08:22:03
naive_adjacency,waste_facility,5,2,512,000001100000000010001000010000000100,0,43.54868223668716,27.154510829224307,37.467252502051075,45.90426036668173,2025-08-28 08:22:03
naive_adjacency,waste_facility,5,2,512,000100100000000010000001010000001000,0,30.393566802992982,27.154510829224307,37.467252502051075,45.90426036668173,2025-08-28 08:22:03
naive_adjacency,waste_facility,5,2,512,000100100000000001000010010000001000,0,44.884303610907885,27.154510829224307,37.467252502051075,45.90426036668173,2025-08-28 08:22:03
naive_adjacency,waste_facility,5,2,512,000010100000000100000001010000001000,0,30.367950791241494,27.154510829224307,37.467252502051075,45.90426036668173,2025-08-28 08:22:03
naive_adjacency,waste_facility,5,2,512,000001100000000100000010010000001000,0,44.85868759915638,27.154510829224307,37.467252502051075,45.90426036668173,2025-08-28 08:22:03
naive_adjacency,waste_facility,5,2,512,000010100000000001000100010000001000,0,42.52872548091332,27.154510829224307,37.467252502051075,45.90426036668173,2025-08-28 08:22:03
naive_adjacency,waste_facility,5,2,512,000001100000000010000100010000001000,0,42.52872548091332,27.154510829224307,37.467252502051075,45.90426036668173,2025-08-28 08:22:03
naive_adjacency,waste_facility,5,2,512,001000100000000100000010000001010000,0,43.57429824843866,27.154510829224307,37.467252502051075,45.90426036668173,2025-08-28 08:22:03
naive_adjacency,waste_facility,5,2,512,001000100000000100000001000010010000,0,28.200083596749643,27.154510829224307,37.467252502051075,45.90426036668173,2025-08-28 08:22:03
naive_adjacency,waste_facility,5,2,512,001000100000000010000100000001010000,0,42.69082040466455,27.154510829224307,37.467252502051075,45.90426036668173,2025-08-28 08:22:03
naive_adjacency,waste_facility,5,2,512,001000100000000001000100000010010000,0,42.69082040466455,27.154510829224307,37.467252502051075,45.90426036668173,2025-08-28 08:22:03
naive_adjacency,waste_facility,5,2,512,001000100000000010000001000100010000,0,28.200083596749646,27.154510829224307,37.467252502051075,45.90426036668173,2025-08-28 08:22:03
naive_adjacency,waste_facility,5,2,512,001000100000000001000010000100010000,0,43.57429824843866,27.154510829224307,37.467252502051075,45.90426036668173,2025-08-28 08:22:03
naive_adjacency,waste_facility,5,2,512,000100100000001000000010000001010000,0,43.54868223668717,27.154510829224307,37.467252502051075,45.90426036668173,2025-08-28 08:22:03
naive_adjacency,waste_facility,5,2,512,000100100000001000000001000010010000,0,29.057945428772268,27.154510829224307,37.467252502051075,45.90426036668173,2025-08-28 08:22:03
naive_adjacency,waste_facility,5,2,512,000010100000001000000100000001010000,0,43.54868223668716,27.154510829224307,37.467252502051075,45.90426036668173,2025-08-28 08:22:03
naive_adjacency,waste_facility,5,2,512,000001100000001000000100000010010000,0,43.54868223668716,27.154510829224307,37.467252502051075,45.90426036668173,2025-08-28 08:22:03
naive_adjacency,waste_facility,5,2,512,000010100000001000000001000100010000,0,28.17446758499816,27.154510829224307,37.467252502051075,45.90426036668173,2025-08-28 08:22:03
naive_adjacency,waste_facility,5,2,512,000001100000001000000010000100010000,0,42.66520439291304,27.154510829224307,37.467252502051075,45.90426036668173,2025-08-28 08:22:03
naive_adjacency,waste_facility,5,2,512,000100100000000010001000000001010000,0,40.33524227466998,27.154510829224307,37.467252502051075,45.90426036668173,2025-08-28 08:22:03
naive_adjacency,waste_facility,5,2,512,000100100000000001001000000010010000,0,40.33524227466998,27.154510829224307,37.467252502051075,45.90426036668173,2025-08-28 08:22:03
naive_adjacency,waste_facility,5,2,512,000010100000000100001000000001010000,0,41.218720118444104,27.154510829224307,37.467252502051075,45.90426036668173,2025-08-28 08:22:03
naive_adjacency,waste_facility,5,2,512,000001100000000100001000000010010000,0,40.33524227466999,27.154510829224307,37.467252502051075,45.90426036668173,2025-08-28 08:22:03
naive_adjacency,waste_facility,5,2,512,000010100000000001001000000100010000,0,41.2187201184441,27.154510829224307,37.467252502051075,45.90426036668173,2025-08-28 08:22:03
naive_adjacency,waste_facility,5,2,512,000001100000000010001000000100010000,0,40.33524227466998,27.154510829224307,37.467252502051075,45.90426036668173,2025-08-28 08:22:03
naive_adjacency,waste_facility,5,2,512,000100100000000010000001001000010000,0,28.037988672998427,27.154510829224307,37.467252502051075,45.90426036668173,2025-08-28 08:22:03
naive_adjacency,waste_facility,5,2,512,000100100000000001000010001000010000,0,42.52872548091333,27.154510829224307,37.467252502051075,45.90426036668173,2025-08-28 08:22:03
naive_adjacency,waste_facility,5,2,512,000010100000000100000001001000010000,0,27.154510829224318,27.154510829224307,37.467252502051075,45.90426036668173,2025-08-28 08:22:03
naive_adjacency,waste_facility,5,2,512,000001100000000100000010001000010000,0,41.64524763713921,27.154510829224307,37.467252502051075,45.90426036668173,2025-08-28 08:22:03
naive_adjacency,waste_facility,5,2,512,000010100000000001000100001000010000,0,42.52872548091332,27.154510829224307,37.467252502051075,45.90426036668173,2025-08-28 08:22:03
naive_adjacency,waste_facility,5,2,512,000001100000000010000100001000010000,0,42.52872548091332,27.154510829224307,37.467252502051075,45.90426036668173,2025-08-28 08:22:03
naive_adjacency,waste_facility,5,2,512,010000001000100000000100000010000001,0,30.367950791241487,27.154510829224307,37.467252502051075,45.90426036668173,2025-08-28 08:22:03
naive_adjacency,waste_facility,5,2,512,010000001000100000000100000001000010,0,27.154510829224314,27.154510829224307,37.467252502051075,45.90426036668173,2025-08-28 08:22:03
naive_adjacency,waste_facility,5,2,512,010000001000100000000010000100000001,0,43.54868223668716,27.154510829224307,37.467252502051075,45.90426036668173,2025-08-28 08:22:03
naive_adjacency,waste_facility,5,2,512,010000001000100000000001000100000010,0,42.52872548091332,27.154510829224307,37.467252502051075,45.90426036668173,2025-08-28 08:22:03
naive_adjacency,waste_facility,5,2,512,010000001000100000000010000001000100,0,40.33524227466998,27.154510829224307,37.467252502051075,45.90426036668173,2025-08-28 08:22:03
naive_adjacency,waste_facility,5,2,512,010000001000100000000001000010000100,0,42.52872548091332,27.154510829224307,37.467252502051075,45.90426036668173,2025-08-28 08:22:03
naive_adjacency,waste_facility,5,2,512,010000000100100000001000000010000001,0,30.3679507912415,27.154510829224307,37.467252502051075,45.90426036668173,2025-08-28 08:22:03
naive_adjacency,waste_facility,5,2,512,010000000100100000001000000001000010,0,27.15451082922432,27.154510829224307,37.467252502051075,45.90426036668173,2025-08-28 08:22:03
naive_adjacency,waste_facility,5,2,512,010000000010100000001000000100000001,0,43.54868223668716,27.154510829224307,37.467252502051075,45.90426036668173,2025-08-28 08:22:03
naive_adjacency,waste_facility,5,2,512,010000000001100000001000000100000010,0,42.52872548091333,27.154510829224307,37.467252502051075,45.90426036668173,2025-08-28 08:22:03
naive_adjacency,waste_facility,5,2,512,010000000010100000001000000001000100,0,40.33524227467,27.154510829224307,37.467252502051075,45.90426036668173,2025-08-28 08:22:03
naive_adjacency,waste_facility,5,2,512,010000000001100000001000000010000100,0,42.52872548091334,27.154510829224307,37.467252502051075,45.90426036668173,2025-08-28 08:22:03
naive_adjacency,waste_facility,5,2,512,010000000100100000000010001000000001,0,29.057945428772275,27.154510829224307,37.467252502051075,45.90426036668173,2025-08-28 08:22:03
naive_adjacency,waste_facility,5,2,512,010000000100100000000001001000000010,0,41.218720118444104,27.154510829224307,37.467252502051075,45.90426036668173,2025-08-28 08:22:03
naive_adjacency,waste_facility,5,2,512,010000000010100000000100001000000001,0,29.057945428772268,27.154510829224307,37.467252502051075,45.90426036668173,2025-08-28 08:22:03
naive_adjacency,waste_facility,5,2,512,010000000001100000000100001000000010,0,41.21872011844411,27.154510829224307,37.467252502051075,45.90426036668173,2025-08-28 08:22:03
naive_adjacency,waste_facility,5,2,512,010000000010100000000001001000000100,0,28.03798867299843,27.154510829224307,37.467252502051075,45.90426036668173,2025-08-28 08:22:03
naive_adjacency,waste_facility,5,2,512,010000000001100000000010001000000100,0,28.03798867299843,27.154510829224307,37.467252502051075,45.90426036668173,2025-08-28 08:22:03
naive_adjacency,waste_facility,5,2,512,010000000100100000000010000001001000,0,28.20008359674965,27.154510829224307,37.467252502051075,45.90426036668173,2025-08-28 08:22:03
naive_adjacency,waste_facility,5,2,512,010000000100100000000001000010001000,0,43.574298248438666,27.154510829224307,37.467252502051075,45.90426036668173,2025-08-28 08:22:03
naive_adjacency,waste_facility,5,2,512,010000000010100000000100000001001000,0,28.20008359674965,27.154510829224307,37.467252502051075,45.90426036668173,2025-08-28 08:22:03
naive_adjacency,waste_facility,5,2,512,010000000001100000000100000010001000,0,43.574298248438666,27.154510829224307,37.467252502051075,45.90426036668173,2025-08-28 08:22:03
naive_adjacency,waste_facility,5,2,512,010000000010100000000001000100001000,0,30.393566802992986,27.154510829224307,37.467252502051075,45.90426036668173,2025-08-28 08:22:03
naive_adjacency,waste_facility,5,2,512,010000000001100000000010000100001000,0,30.393566802992986,27.154510829224307,37.467252502051075,45.90426036668173,2025-08-28 08:22:03
naive_adjacency,waste_facility,5,2,512,001000010000100000000100000010000001,0,44.85868759915639,27.154510829224307,37.467252502051075,45.90426036668173,2025-08-28 08:22:03
naive_adjacency,waste_facility,5,2,512,001000010000100000000100000001000010,0,41.64524763713922,27.154510829224307,37.467252502051075,45.90426036668173,2025-08-28 08:22:03
naive_adjacency,waste_facility,5,2,512,001000010000100000000010000100000001,0,43.54868223668716,27.154510829224307,37.467252502051075,45.90426036668173,2025-08-28 08:22:03
naive_adjacency,waste_facility,5,2,512,001000010000100000000001000100000010,0,42.52872548091332,27.154510829224307,37.467252502051075,45.90426036668173,2025-08-28 08:22:03
naive_adjacency,waste_facility,5,2,512,001000010000100000000010000001000100,0,42.69082040466454,27.154510829224307,37.467252502051075,45.90426036668173,2025-08-28 08:22:03
naive_adjacency,waste_facility,5,2,512,001000010000100000000001000010000100,0,44.884303610907885,27.154510829224307,37.467252502051075,45.90426036668173,2025-08-28 08:22:03
naive_adjacency,waste_facility,5,2,512,000100010000100000001000000010000001,0,30.367950791241494,27.154510829224307,37.467252502051075,45.90426036668173,2025-08-28 08:22:03
naive_adjacency,waste_facility,5,2,512,000100010000100000001000000001000010,0,29.51008895921887,27.154510829224307,37.467252502051075,45.90426036668173,2025-08-28 08:22:03
naive_adjacency,waste_facility,5,2,512,000010010000100000001000000100000001,0,31.413523558766826,27.154510829224307,37.467252502051075,45.90426036668173,2025-08-28 08:22:03
naive_adjacency,waste_facility,5,2,512,000001010000100000001000000100000010,0,30.393566802992982,27.154510829224307,37.467252502051075,45.90426036668173,2025-08-28 08:22:03
naive_adjacency,waste_facility,5,2,512,000010010000100000001000000001000100,0,28.200083596749653,27.154510829224307,37.467252502051075,45.90426036668173,2025-08-28 08:22:03
naive_adjacency,waste_facility,5,2,512,000001010000100000001000000010000100,0,28.03798867299843,27.154510829224307,37.467252502051075,45.90426036668173,2025-08-28 08:22:03
naive_adjacency,waste_facility,5,2,512,000100010000100000000010001000000001,0,43.54868223668717,27.154510829224307,37.467252502051075,45.90426036668173,2025-08-28 08:22:03
naive_adjacency,waste_facility,5,2,512,000100010000100000000001001000000010,0,43.57429824843866,27.154510829224307,37.467252502051075,45.90426036668173,2025-08-28 08:22:03
naive_adjacency,waste_facility,5,2,512,000010010000100000000100001000000001,0,45.90426036668171,27.154510829224307,37.467252502051075,45.90426036668173,2025-08-28 08:22:03
naive_adjacency,waste_facility,5,2,512,000001010000100000000100001000000010,0,43.57429824843866,27.154510829224307,37.467252502051075,45.90426036668173,2025-08-28 08:22:03
naive_adjacency,waste_facility,5,2,512,000010010000100000000001001000000100,0,44.884303610907885,27.154510829224307,37.467252502051075,45.90426036668173,2025-08-28 08:22:03
naive_adjacency,waste_facility,5,2,512,000001010000100000000010001000000100,0,42.52872548091332,27.154510829224307,37.467252502051075,45.90426036668173,2025-08-28 08:22:03
naive_adjacency,waste_facility,5,2,512,000100010000100000000010000001001000,0,42.69082040466455,27.154510829224307,37.467252502051075,45.90426036668173,2025-08-28 08:22:03
naive_adjacency,waste_facility,5,2,512,000100010000100000000001000010001000,0,43.57429824843866,27.154510829224307,37.467252502051075,45.90426036668173,2025-08-28 08:22:03
naive_adjacency,waste_facility,5,2,512,000010010000100000000100000001001000,0,40.33524227466998,27.154510829224307,37.467252502051075,45.90426036668173,2025-08-28 08:22:03
naive_adjacency,waste_facility,5,2,512,000001010000100000000100000010001000,0,41.2187201184441,27.154510829224307,37.467252502051075,45.90426036668173,2025-08-28 08:22:03
naive_adjacency,waste_facility,5,2,512,000010010000100000000001000100001000,0,42.52872548091333,27.154510829224307,37.467252502051075,45.90426036668173,2025-08-28 08:22:03
naive_adjacency,waste_facility,5,2,512,000001010000100000000010000100001000,0,42.52872548091332,27.154510829224307,37.467252502051075,45.90426036668173,2025-08-28 08:22:03
naive_adjacency,waste_facility,5,2,512,001000000100100000010000000010000001,0,44.85868759915638,27.154510829224307,37.467252502051075,45.90426036668173,2025-08-28 08:22:03
naive_adjacency,waste_facility,5,2,512,001000000100100000010000000001000010,0,41.64524763713921,27.154510829224307,37.467252502051075,45.90426036668173,2025-08-28 08:22:03
naive_adjacency,waste_facility,5,2,512,001000000010100000010000000100000001,0,43.548682236687156,27.154510829224307,37.467252502051075,45.90426036668173,2025-08-28 08:22:03
naive_adjacency,waste_facility,5,2,512,001000000001100000010000000100000010,0,42.52872548091332,27.154510829224307,37.467252502051075,45.90426036668173,2025-08-28 08:22:03
naive_adjacency,waste_facility,5,2,512,001000000010100000010000000001000100,0,42.69082040466454,27.154510829224307,37.467252502051075,45.90426036668173,2025-08-28 08:22:03
naive_adjacency,waste_facility,5,2,512,001000000001100000010000000010000100,0,44.88430361090788,27.154510829224307,37.467252502051075,45.90426036668173,2025-08-28 08:22:03
naive_adjacency,waste_facility,5,2,512,000100001000100000010000000010000001,0,30.367950791241494,27.154510829224307,37.467252502051075,45.90426036668173,2025-08-28 08:22:03
naive_adjacency,waste_facility,5,2,512,000100001000100000010000000001000010,0,29.51008895921887,27.154510829224307,37.467252502051075,45.90426036668173,2025-08-28 08:22:03
naive_adjacency,waste_facility,5,2,512,000010001000100000010000000100000001,0,31.413523558766826,27.154510829224307,37.467252502051075,45.90426036668173,2025-08-28 08:22:03
naive_adjacency,waste_facility,5,2,512,000001001000100000010000000100000010,0,30.393566802992982,27.154510829224307,37.467252502051075,45.90426036668173,2025-08-28 08:22:03
naive_adjacency,waste_facility,5,2,512,000010001000100000010000000001000100,0,28.200083596749646,27.154510829224307,37.467252502051075,45.90426036668173,2025-08-28 08:22:03
naive_adjacency,waste_facility,5,2,512,000001001000100000010000000010000100,0,28.037988672998424,27.154510829224307,37.467252502051075,45.90426036668173,2025-08-28 08:22:03
naive_adjacency,waste_facility,5,2,512,000100000010100000010000001000000001,0,43.548682236687156,27.154510829224307,37.467252502051075,45.90426036668173,2025-08-28 08:22:03
naive_adjacency,waste_facility,5,2,512,000100000001100000010000001000000010,0,43.57429824843866,27.154510829224307,37.467252502051075,45.90426036668173,2025-08-28 08:22:03
naive_adjacency,waste_facility,5,2,512,000010000100100000010000001000000001,0,45.90426036668172,27.154510829224307,37.467252502051075,45.90426036668173,2025-08-28 08:22:03
naive_adjacency,waste_facility,5,2,512,000001000100100000010000001000000010,0,43.57429824843865,27.154510829224307,37.467252502051075,45.90426036668173,2025-08-28 08:22:03
naive_adjacency,waste_facility,5,2,512,000010000001100000010000001000000100,0,44.88430361090788,27.154510829224307,37.467252502051075,45.90426036668173,2025-08-28 08:22:03
naive_adjacency,waste_facility,5,2,512,000001000010100000010000001000000100,0,42.52872548091332,27.154510829224307,37.467252502051075,45.90426036668173,2025-08-28 08:22:03
naive_adjacency,waste_facility,5,2,512,000100000010100000010000000001001000,0,42.69082040466455,27.154510829224307,37.467252502051075,45.90426036668173,2025-08-28 08:22:03
naive_adjacency,waste_facility,5,2,512,000100000001100000010000000010001000,0,43.574298248438666,27.154510829224307,37.467252502051075,45.90426036668173,2025-08-28 08:22:03
naive_adjacency,waste_facility,5,2,512,000010000100100000010000000001001000,0,40.335242274669994,27.154510829224307,37.467252502051075,45.90426036668173,2025-08-28 08:22:03
naive_adjacency,waste_facility,5,2,512,000001000100100000010000000010001000,0,41.218720118444104,27.154510829224307,37.467252502051075,45.90426036668173,2025-08-28 08:22:03
naive_adjacency,waste_facility,5,2,512,000010000001100000010000000100001000,0,42.52872548091333,27.154510829224307,37.467252502051075,45.90426036668173,2025-08-28 08:22:03
naive_adjacency,waste_facility,5,2,512,000001000010100000010000000100001000,0,42.52872548091333,27.154510829224307,37.467252502051075,45.90426036668173,2025-08-28 08:22:03
naive_adjacency,waste_facility,5,2,512,001000000100100000000010010000000001,0,28.17446758499816,27.154510829224307,37.467252502051075,45.90426036668173,2025-08-28 08:22:03
naive_adjacency,waste_facility,5,2,512,001000000100100000000001010000000010,0,40.33524227466999,27.154510829224307,37.467252502051075,45.90426036668173,2025-08-28 08:22:03
naive_adjacency,waste_facility,5,2,512,001000000010100000000100010000000001,0,28.17446758499816,27.154510829224307,37.467252502051075,45.90426036668173,2025-08-28 08:22:03
naive_adjacency,waste_facility,5,2,512,001000000001100000000100010000000010,0,40.33524227467,27.154510829224307,37.467252502051075,45.90426036668173,2025-08-28 08:22:03
naive_adjacency,waste_facility,5,2,512,001000000010100000000001010000000100,0,28.20008359674965,27.154510829224307,37.467252502051075,45.90426036668173,2025-08-28 08:22:03
naive_adjacency,waste_facility,5,2,512,001000000001100000000010010000000100,0,28.20008359674965,27.154510829224307,37.467252502051075,45.90426036668173,2025-08-28 08:22:03
naive_adjacency,waste_facility,5,2,512,000100001000100000000010010000000001,0,42.665204392913054,27.154510829224307,37.467252502051075,45.90426036668173,2025-08-28 08:22:03
naive_adjacency,waste_facility,5,2,512,000100001000100000000001010000000010,0,42.69082040466454,27.154510829224307,37.467252502051075,45.90426036668173,2025-08-28 08:22:03
naive_adjacency,waste_facility,5,2,512,000010001000100000000100010000000001,0,30.530045714992706,27.154510829224307,37.467252502051075,45.90426036668173,2025-08-28 08:22:03
naive_adjacency,waste_facility,5,2,512,000001001000100000000100010000000010,0,28.20008359674965,27.154510829224307,37.467252502051075,45.90426036668173,2025-08-28 08:22:03
naive_adjacency,waste_facility,5,2,512,000010001000100000000001010000000100,0,42.69082040466456,27.154510829224307,37.467252502051075,45.90426036668173,2025-08-28 08:22:03
naive_adjacency,waste_facility,5,2,512,000001001000100000000010010000000100,0,40.33524227466998,27.154510829224307,37.467252502051075,45.90426036668173,2025-08-28 08:22:03
naive_adjacency,waste_facility,5,2,512,000100000010100000001000010000000001,0,42.66520439291304,27.154510829224307,37.467252502051075,45.90426036668173,2025-08-28 08:22:03
naive_adjacency,waste_facility,5,2,512,000100000001100000001000010000000010,0,42.69082040466454,27.154510829224307,37.467252502051075,45.90426036668173,2025-08-28 08:22:03
naive_adjacency,waste_facility,5,2,512,000010000100100000001000010000000001,0,30.530045714992706,27.154510829224307,37.467252502051075,45.90426036668173,2025-08-28 08:22:03
naive_adjacency,waste_facility,5,2,512,000001000100100000001000010000000010,0,28.200083596749646,27.154510829224307,37.467252502051075,45.90426036668173,2025-08-28 08:22:03
naive_adjacency,waste_facility,5,2,512,000010000001100000001000010000000100,0,42.69082040466454,27.154510829224307,37.467252502051075,45.90426036668173,2025-08-28 08:22:03
naive_adjacency,waste_facility,5,2,512,000001000010100000001000010000000100,0,40.33524227466999,27.154510829224307,37.467252502051075,45.90426036668173,2025-08-28 08:22:03
naive_adjacency,waste_facility,5,2,512,000100000010100000000001010000001000,0,29.51008895921887,27.154510829224307,37.467252502051075,45.90426036668173,2025-08-28 08:22:03
naive_adjacency,waste_facility,5,2,512,000100000001100000000010010000001000,0,29.510088959218876,27.154510829224307,37.467252502051075,45.90426036668173,2025-08-28 08:22:03
naive_adjacency,waste_facility,5,2,512,000010000100100000000001010000001000,0,41.645247637139214,27.154510829224307,37.467252502051075,45.90426036668173,2025-08-28 08:22:03
naive_adjacency,waste_facility,5,2,512,000001000100100000000010010000001000,0,27.154510829224307,27.154510829224307,37.467252502051075,45.90426036668173,2025-08-28 08:22:03
naive_adjacency,waste_facility,5,2,512,000010000001100000000100010000001000,0,41.64524763713921,27.154510829224307,37.467252502051075,45.90426036668173,2025-08-28 08:22:03
naive_adjacency,waste_facility,5,2,512,000001000010100000000100010000001000,0,27.154510829224307,27.154510829224307,37.467252502051075,45.90426036668173,2025-08-28 08:22:03
naive_adjacency,waste_facility,5,2,512,001000000100100000000010000001010000,0,30.53004571499271,27.154510829224307,37.467252502051075,45.90426036668173,2025-08-28 08:22:03
naive_adjacency,waste_facility,5,2,512,001000000100100000000001000010010000,0,45.904260366681726,27.154510829224307,37.467252502051075,45.90426036668173,2025-08-28 08:22:03
naive_adjacency,waste_facility,5,2,512,001000000010100000000100000001010000,0,30.530045714992717,27.154510829224307,37.467252502051075,45.90426036668173,2025-08-28 08:22:03
naive_adjacency,waste_facility,5,2,512,001000000001100000000100000010010000,0,45.90426036668173,27.154510829224307,37.467252502051075,45.90426036668173,2025-08-28 08:22:03
naive_adjacency,waste_facility,5,2,512,001000000010100000000001000100010000,0,31.413523558766826,27.154510829224307,37.467252502051075,45.90426036668173,2025-08-28 08:22:03
naive_adjacency,waste_facility,5,2,512,001000000001100000000010000100010000,0,31.413523558766826,27.154510829224307,37.467252502051075,45.90426036668173,2025-08-28 08:22:03
naive_adjacency,waste_facility,5,2,512,000100001000100000000010000001010000,0,42.665204392913054,27.154510829224307,37.467252502051075,45.90426036668173,2025-08-28 08:22:03
naive_adjacency,waste_facility,5,2,512,000100001000100000000001000010010000,0,43.54868223668717,27.154510829224307,37.467252502051075,45.90426036668173,2025-08-28 08:22:03
naive_adjacency,waste_facility,5,2,512,000010001000100000000100000001010000,0,28.174467584998155,27.154510829224307,37.467252502051075,45.90426036668173,2025-08-28 08:22:03
naive_adjacency,waste_facility,5,2,512,000001001000100000000100000010010000,0,29.05794542877227,27.154510829224307,37.467252502051075,45.90426036668173,2025-08-28 08:22:03
naive_adjacency,waste_facility,5,2,512,000010001000100000000001000100010000,0,43.54868223668718,27.154510829224307,37.467252502051075,45.90426036668173,2025-08-28 08:22:03
naive_adjacency,waste_facility,5,2,512,000001001000100000000010000100010000,0,43.54868223668717,27.154510829224307,37.467252502051075,45.90426036668173,2025-08-28 08:22:03
naive_adjacency,waste_facility,5,2,512,000100000010100000001000000001010000,0,42.66520439291305,27.154510829224307,37.467252502051075,45.90426036668173,2025-08-28 08:22:03
naive_adjacency,waste_facility,5,2,512,000100000001100000001000000010010000,0,43.54868223668717,27.154510829224307,37.467252502051075,45.90426036668173,2025-08-28 08:22:03
naive_adjacency,waste_facility,5,2,512,000010000100100000001000000001010000,0,28.174467584998155,27.154510829224307,37.467252502051075,45.90426036668173,2025-08-28 08:22:03
naive_adjacency,waste_facility,5,2,512,000001000100100000001000000010010000,0,29.05794542877227,27.154510829224307,37.467252502051075,45.90426036668173,2025-08-28 08:22:03
naive_adjacency,waste_facility,5,2,512,000010000001100000001000000100010000,0,43.54868223668716,27.154510829224307,37.467252502051075,45.90426036668173,2025-08-28 08:22:03
naive_adjacency,waste_facility,5,2,512,000001000010100000001000000100010000,0,43.54868223668716,27.154510829224307,37.467252502051075,45.90426036668173,2025-08-28 08:22:03
naive_adjacency,waste_facility,5,2,512,000100000010100000000001001000010000,0,30.36795079124149,27.154510829224307,37.467252502051075,45.90426036668173,2025-08-28 08:22:03
naive_adjacency,waste_facility,5,2,512,000100000001100000000010001000010000,0,30.367950791241498,27.154510829224307,37.467252502051075,45.90426036668173,2025-08-28 08:22:03
naive_adjacency,waste_facility,5,2,512,000010000100100000000001001000010000,0,44.8586875991564,27.154510829224307,37.467252502051075,45.90426036668173,2025-08-28 08:22:03
naive_adjacency,waste_facility,5,2,512,000001000100100000000010001000010000,0,30.367950791241487,27.154510829224307,37.467252502051075,45.90426036668173,2025-08-28 08:22:03
naive_adjacency,waste_facility,5,2,512,000010000001100000000100001000010000,0,44.85868759915638,27.154510829224307,37.467252502051075,45.90426036668173,2025-08-28 08:22:03
naive_adjacency,waste_facility,5,2,512,000001000010100000000100001000010000,0,30.36795079124149,27.154510829224307,37.467252502051075,45.90426036668173,2025-08-28 08:22:03
naive_adjacency,waste_facility,5,2,512,010000001000000100100000000010000001,0,41.64524763713921,27.154510829224307,37.467252502051075,45.90426036668173,2025-08-28 08:22:03
naive_adjacency,waste_facility,5,2,512,010000001000000100100000000001000010,0,44.85868759915638,27.154510829224307,37.467252502051075,45.90426036668173,2025-08-28 08:22:03
naive_adjacency,waste_facility,5,2,512,010000001000000010100000000100000001,0,42.66520439291305,27.154510829224307,37.467252502051075,45.90426036668173,2025-08-28 08:22:03
naive_adjacency,waste_facility,5,2,512,010000001000000001100000000100000010,0,44.85868759915638,27.154510829224307,37.467252502051075,45.90426036668173,2025-08-28 08:22:03
naive_adjacency,waste_facility,5,2,512,010000001000000010100000000001000100,0,42.66520439291305,27.154510829224307,37.467252502051075,45.90426036668173,2025-08-28 08:22:03
naive_adjacency,waste_facility,5,2,512,010000001000000001100000000010000100,0,41.64524763713921,27.154510829224307,37.467252502051075,45.90426036668173,2025-08-28 08:22:03
naive_adjacency,waste_facility,5,2,512,010000000100001000100000000010000001,0,42.52872548091332,27.154510829224307,37.467252502051075,45.90426036668173,2025-08-28 08:22:03
naive_adjacency,waste_facility,5,2,512,010000000100001000100000000001000010,0,42.52872548091332,27.154510829224307,37.467252502051075,45.90426036668173,2025-08-28 08:22:03
naive_adjacency,waste_facility,5,2,512,010000000010001000100000000100000001,0,40.33524227466998,27.154510829224307,37.467252502051075,45.90426036668173,2025-08-28 08:22:03
naive_adjacency,waste_facility,5,2,512,010000000001001000100000000100000010,0,27.154510829224307,27.154510829224307,37.467252502051075,45.90426036668173,2025-08-28 08:22:03
naive_adjacency,waste_facility,5,2,512,010000000010001000100000000001000100,0,43.54868223668716,27.154510829224307,37.467252502051075,45.90426036668173,2025-08-28 08:22:03
naive_adjacency,waste_facility,5,2,512,010000000001001000100000000010000100,0,30.36795079124149,27.154510829224307,37.467252502051075,45.90426036668173,2025-08-28 08:22:03
naive_adjacency,waste_facility,5,2,512,010000000100000010100000001000000001,0,43.54868223668716,27.154510829224307,37.467252502051075,45.90426036668173,2025-08-28 08:22:03
naive_adjacency,waste_facility,5,2,512,010000000100000001100000001000000010,0,43.548682236687156,27.154510829224307,37.467252502051075,45.90426036668173,2025-08-28 08:22:03
naive_adjacency,waste_facility,5,2,512,010000000010000100100000001000000001,0,40.33524227466999,27.154510829224307,37.467252502051075,45.90426036668173,2025-08-28 08:22:03
naive_adjacency,waste_facility,5,2,512,010000000001000100100000001000000010,0,28.17446758499815,27.154510829224307,37.467252502051075,45.90426036668173,2025-08-28 08:22:03
naive_adjacency,waste_facility,5,2,512,010000000010000001100000001000000100,0,42.52872548091332,27.154510829224307,37.467252502051075,45.90426036668173,2025-08-28 08:22:03
naive_adjacency,waste_facility,5,2,512,010000000001000010100000001000000100,0,30.367950791241487,27.154510829224307,37.467252502051075,45.90426036668173,2025-08-28 08:22:03
naive_adjacency,waste_facility,5,2,512,010000000100000010100000000001001000,0,42.69082040466455,27.154510829224307,37.467252502051075,45.90426036668173,2025-08-28 08:22:03
naive_adjacency,waste_facility,5,2,512,010000000100000001100000000010001000,0,42.69082040466454,27.154510829224307,37.467252502051075,45.90426036668173,2025-08-28 08:22:03
naive_adjacency,waste_facility,5,2,512,010000000010000100100000000001001000,0,45.904260366681726,27.154510829224307,37.467252502051075,45.90426036668173,2025-08-28 08:22:03
naive_adjacency,waste_facility,5,2,512,010000000001000100100000000010001000,0,30.53004571499271,27.154510829224307,37.467252502051075,45.90426036668173,2025-08-28 08:22:03
naive_adjacency,waste_facility,5,2,512,010000000010000001100000000100001000,0,44.884303610907885,27.154510829224307,37.467252502051075,45.90426036668173,2025-08-28 08:22:03
naive_adjacency,waste_facility,5,2,512,010000000001000010100000000100001000,0,29.51008895921887,27.154510829224307,37.467252502051075,45.90426036668173,2025-08-28 08:22:03
naive_adjacency,waste_facility,5,2,512,001000010000000100100000000010000001,0,27.154510829224314,27.154510829224307,37.467252502051075,45.90426036668173,2025-08-28 08:22:03
naive_adjacency,waste_facility,5,2,512,001000010000000100100000000001000010,0,30.36795079124149,27.154510829224307,37.467252502051075,45.90426036668173,2025-08-28 08:22:03
naive_adjacency,waste_facility,5,2,512,001000010000000010100000000100000001,0,28.174467584998155,27.154510829224307,37.467252502051075,45.90426036668173,2025-08-28 08:22:03
naive_adjacency,waste_facility,5,2,512,001000010000000001100000000100000010,0,30.367950791241494,27.154510829224307,37.467252502051075,45.90426036668173,2025-08-28 08:22:03
naive_adjacency,waste_facility,5,2,512,001000010000000010100000000001000100,0,30.53004571499271,27.154510829224307,37.467252502051075,45.90426036668173,2025-08-28 08:22:03
naive_adjacency,waste_facility,5,2,512,001000010000000001100000000010000100,0,29.51008895921887,27.154510829224307,37.467252502051075,45.90426036668173,2025-08-28 08:22:03
naive_adjacency,waste_facility,5,2,512,000100010000001000100000000010000001,0,28.03798867299843,27.154510829224307,37.467252502051075,45.90426036668173,2025-08-28 08:22:03
naive_adjacency,waste_facility,5,2,512,000100010000001000100000000001000010,0,30.393566802992986,27.154510829224307,37.467252502051075,45.90426036668173,2025-08-28 08:22:03
naive_adjacency,waste_facility,5,2,512,000010010000001000100000000100000001,0,28.20008359674965,27.154510829224307,37.467252502051075,45.90426036668173,2025-08-28 08:22:03
naive_adjacency,waste_facility,5,2,512,000001010000001000100000000100000010,0,29.510088959218876,27.154510829224307,37.467252502051075,45.90426036668173,2025-08-28 08:22:03
naive_adjacency,waste_facility,5,2,512,000010010000001000100000000001000100,0,31.413523558766826,27.154510829224307,37.467252502051075,45.90426036668173,2025-08-28 08:22:03
naive_adjacency,waste_facility,5,2,512,000001010000001000100000000010000100,0,30.367950791241498,27.154510829224307,37.467252502051075,45.90426036668173,2025-08-28 08:22:03
naive_adjacency,waste_facility,5,2,512,000100010000000010100000001000000001,0,29.05794542877227,27.154510829224307,37.467252502051075,45.90426036668173,2025-08-28 08:22:03
naive_adjacency,waste_facility,5,2,512,000100010000000001100000001000000010,0,31.413523558766826,27.154510829224307,37.467252502051075,45.90426036668173,2025-08-28 08:22:03
naive_adjacency,waste_facility,5,2,512,000010010000000100100000001000000001,0,28.20008359674965,27.154510829224307,37.467252502051075,45.90426036668173,2025-08-28 08:22:03
naive_adjacency,waste_facility,5,2,512,000001010000000100100000001000000010,0,30.530045714992717,27.154510829224307,37.467252502051075,45.90426036668173,2025-08-28 08:22:03
naive_adjacency,waste_facility,5,2,512,000010010000000001100000001000000100,0,30.393566802992982,27.154510829224307,37.467252502051075,45.90426036668173,2025-08-28 08:22:03
naive_adjacency,waste_facility,5,2,512,000001010000000010100000001000000100,0,30.367950791241494,27.154510829224307,37.467252502051075,45.90426036668173,2025-08-28 08:22:03
naive_adjacency,waste_facility,5,2,512,000100010000000010100000000001001000,0,28.20008359674965,27.154510829224307,37.467252502051075,45.90426036668173,2025-08-28 08:22:03
naive_adjacency,waste_facility,5,2,512,000100010000000001100000000010001000,0,28.20008359674965,27.154510829224307,37.467252502051075,45.90426036668173,2025-08-28 08:22:03
naive_adjacency,waste_facility,5,2,512,000010010000000100100000000001001000,0,29.05794542877227,27.154510829224307,37.467252502051075,45.90426036668173,2025-08-28 08:22:03
naive_adjacency,waste_facility,5,2,512,000001010000000100100000000010001000,0,28.174467584998162,27.154510829224307,37.467252502051075,45.90426036668173,2025-08-28 08:22:03
naive_adjacency,waste_facility,5,2,512,000010010000000001100000000100001000,0,28.037988672998427,27.154510829224307,37.467252502051075,45.90426036668173,2025-08-28 08:22:03
naive_adjacency,waste_facility,5,2,512,000001010000000010100000000100001000,0,27.154510829224318,27.154510829224307,37.467252502051075,45.90426036668173,2025-08-28 08:22:03
naive_adjacency,waste_facility,5,2,512,001000000100010000100000000010000001,0,42.52872548091332,27.154510829224307,37.467252502051075,45.90426036668173,2025-08-28 08:22:03
naive_adjacency,waste_facility,5,2,512,001000000100010000100000000001000010,0,42.52872548091332,27.154510829224307,37.467252502051075,45.90426036668173,2025-08-28 08:22:03
naive_adjacency,waste_facility,5,2,512,001000000010010000100000000100000001,0,41.218720118444104,27.154510829224307,37.467252502051075,45.90426036668173,2025-08-28 08:22:03
naive_adjacency,waste_facility,5,2,512,001000000001010000100000000100000010,0,28.03798867299843,27.154510829224307,37.467252502051075,45.90426036668173,2025-08-28 08:22:03
naive_adjacency,waste_facility,5,2,512,001000000010010000100000000001000100,0,43.57429824843866,27.154510829224307,37.467252502051075,45.90426036668173,2025-08-28 08:22:03
naive_adjacency,waste_facility,5,2,512,001000000001010000100000000010000100,0,30.393566802992986,27.154510829224307,37.467252502051075,45.90426036668173,2025-08-28 08:22:03
naive_adjacency,waste_facility,5,2,512,000100001000010000100000000010000001,0,42.52872548091333,27.154510829224307,37.467252502051075,45.90426036668173,2025-08-28 08:22:03
naive_adjacency,waste_facility,5,2,512,000100001000010000100000000001000010,0,44.884303610907885,27.154510829224307,37.467252502051075,45.90426036668173,2025-08-28 08:22:03
naive_adjacency,waste_facility,5,2,512,000010001000010000100000000100000001,0,43.574298248438666,27.154510829224307,37.467252502051075,45.90426036668173,2025-08-28 08:22:03
naive_adjacency,waste_facility,5,2,512,000001001000010000100000000100000010,0,44.884303610907885,27.154510829224307,37.467252502051075,45.90426036668173,2025-08-28 08:22:03
naive_adjacency,waste_facility,5,2,512,000010001000010000100000000001000100,0,43.57429824843866,27.154510829224307,37.467252502051075,45.90426036668173,2025-08-28 08:22:03
naive_adjacency,waste_facility,5,2,512,000001001000010000100000000010000100,0,42.52872548091333,27.154510829224307,37.467252502051075,45.90426036668173,2025-08-28 08:22:03
naive_adjacency,waste_facility,5,2,512,000100000010010000100000001000000001,0,40.33524227466999,27.154510829224307,37.467252502051075,45.90426036668173,2025-08-28 08:22:03
naive_adjacency,waste_facility,5,2,512,000100000001010000100000001000000010,0,28.200083596749646,27.154510829224307,37.467252502051075,45.90426036668173,2025-08-28 08:22:03
naive_adjacency,waste_facility,5,2,512,000010000100010000100000001000000001,0,42.69082040466454,27.154510829224307,37.467252502051075,45.90426036668173,2025-08-28 08:22:03
naive_adjacency,waste_facility,5,2,512,000001000100010000100000001000000010,0,42.69082040466454,27.154510829224307,37.467252502051075,45.90426036668173,2025-08-28 08:22:03
naive_adjacency,waste_facility,5,2,512,000010000001010000100000001000000100,0,29.510088959218866,27.154510829224307,37.467252502051075,45.90426036668173,2025-08-28 08:22:03
naive_adjacency,waste_facility,5,2,512,000001000010010000100000001000000100,0,41.645247637139214,27.154510829224307,37.467252502051075,45.90426036668173,2025-08-28 08:22:03
naive_adjacency,waste_facility,5,2,512,000100000010010000100000000001001000,0,45.904260366681726,27.154510829224307,37.467252502051075,45.90426036668173,2025-08-28 08:22:03
naive_adjacency,waste_facility,5,2,512,000100000001010000100000000010001000,0,31.413523558766826,27.154510829224307,37.467252502051075,45.90426036668173,2025-08-28 08:22:03
naive_adjacency,waste_facility,5,2,512,000010000100010000100000000001001000,0,43.54868223668717,27.154510829224307,37.467252502051075,45.90426036668173,2025-08-28 08:22:03
naive_adjacency,waste_facility,5,2,512,000001000100010000100000000010001000,0,43.54868223668718,27.154510829224307,37.467252502051075,45.90426036668173,2025-08-28 08:22:03
naive_adjacency,waste_facility,5,2,512,000010000001010000100000000100001000,0,30.36795079124149,27.154510829224307,37.467252502051075,45.90426036668173,2025-08-28 08:22:03
naive_adjacency,waste_facility,5,2,512,000001000010010000100000000100001000,0,44.8586875991564,27.154510829224307,37.467252502051075,45.90426036668173,2025-08-28 08:22:03
naive_adjacency,waste_facility,5,2,512,001000000100000010100000010000000001,0,43.54868223668716,27.154510829224307,37.467252502051075,45.90426036668173,2025-08-28 08:22:03
naive_adjacency,waste_facility,5,2,512,001000000100000001100000010000000010,0,43.54868223668716,27.154510829224307,37.467252502051075,45.90426036668173,2025-08-28 08:22:03
naive_adjacency,waste_facility,5,2,512,001000000010000100100000010000000001,0,41.218720118444104,27.154510829224307,37.467252502051075,45.90426036668173,2025-08-28 08:22:03
naive_adjacency,waste_facility,5,2,512,001000000001000100100000010000000010,0,29.05794542877227,27.154510829224307,37.467252502051075,45.90426036668173,2025-08-28 08:22:03
naive_adjacency,waste_facility,5,2,512,001000000010000001100000010000000100,0,43.57429824843866,27.154510829224307,37.467252502051075,45.90426036668173,2025-08-28 08:22:03
naive_adjacency,waste_facility,5,2,512,001000000001000010100000010000000100,0,31.413523558766826,27.154510829224307,37.467252502051075,45.90426036668173,2025-08-28 08:22:03
naive_adjacency,waste_facility,5,2,512,000100001000000010100000010000000001,0,43.54868223668716,27.154510829224307,37.467252502051075,45.90426036668173,2025-08-28 08:22:03
naive_adjacency,waste_facility,5,2,512,000100001000000001100000010000000010,0,45.90426036668172,27.154510829224307,37.467252502051075,45.90426036668173,2025-08-28 08:22:03
naive_adjacency,waste_facility,5,2,512,000010001000000100100000010000000001,0,43.57429824843866,27.154510829224307,37.467252502051075,45.90426036668173,2025-08-28 08:22:03
naive_adjacency,waste_facility,5,2,512,000001001000000100100000010000000010,0,45.904260366681726,27.154510829224307,37.467252502051075,45.90426036668173,2025-08-28 08:22:03
naive_adjacency,waste_facility,5,2,512,000010001000000001100000010000000100,0,43.57429824843865,27.154510829224307,37.467252502051075,45.90426036668173,2025-08-28 08:22:03
naive_adjacency,waste_facility,5,2,512,000001001000000010100000010000000100,0,43.54868223668716,27.154510829224307,37.467252502051075,45.90426036668173,2025-08-28 08:22:03
naive_adjacency,waste_facility,5,2,512,000100000010001000100000010000000001,0,40.33524227466999,27.154510829224307,37.467252502051075,45.90426036668173,2025-08-28 08:22:03
naive_adjacency,waste_facility,5,2,512,000100000001001000100000010000000010,0,28.200083596749646,27.154510829224307,37.467252502051075,45.90426036668173,2025-08-28 08:22:03
naive_adjacency,waste_facility,5,2,512,000010000100001000100000010000000001,0,42.69082040466454,27.154510829224307,37.467252502051075,45.90426036668173,2025-08-28 08:22:03
naive_adjacency,waste_facility,5,2,512,000001000100001000100000010000000010,0,42.69082040466454,27.154510829224307,37.467252502051075,45.90426036668173,2025-08-28 08:22:03
naive_adjacency,waste_facility,5,2,512,000010000001001000100000010000000100,0,30.53004571499271,27.154510829224307,37.467252502051075,45.90426036668173,2025-08-28 08:22:03
naive_adjacency,waste_facility,5,2,512,000001000010001000100000010000000100,0,42.665204392913054,27.154510829224307,37.467252502051075,45.90426036668173,2025-08-28 08:22:03
naive_adjacency,waste_facility,5,2,512,000100000010000001100000010000001000,0,44.88430361090788,27.154510829224307,37.467252502051075,45.90426036668173,2025-08-28 08:22:03
naive_adjacency,waste_facility,5,2,512,000100000001000010100000010000001000,0,30.393566802992982,27.154510829224307,37.467252502051075,45.90426036668173,2025-08-28 08:22:03
naive_adjacency,waste_facility,5,2,512,000010000100000001100000010000001000,0,42.52872548091332,27.154510829224307,37.467252502051075,45.90426036668173,2025-08-28 08:22:03
naive_adjacency,waste_facility,5,2,512,000001000100000010100000010000001000,0,42.52872548091333,27.154510829224307,37.467252502051075,45.90426036668173,2025-08-28 08:22:03
naive_adjacency,waste_facility,5,2,512,000010000001000100100000010000001000,0,30.367950791241487,27.154510829224307,37.467252502051075,45.90426036668173,2025-08-28 08:22:03
naive_adjacency,waste_facility,5,2,512,000001000010000100100000010000001000,0,44.85868759915639,27.154510829224307,37.467252502051075,45.90426036668173,2025-08-28 08:22:03
naive_adjacency,waste_facility,5,2,512,001000000100000010100000000001010000,0,42.69082040466455,27.154510829224307,37.467252502051075,45.90426036668173,2025-08-28 08:22:03
naive_adjacency,waste_facility,5,2,512,001000000100000001100000000010010000,0,42.69082040466454,27.154510829224307,37.467252502051075,45.90426036668173,2025-08-28 08:22:03
naive_adjacency,waste_facility,5,2,512,001000000010000100100000000001010000,0,43.57429824843866,27.154510829224307,37.467252502051075,45.90426036668173,2025-08-28 08:22:03
naive_adjacency,waste_facility,5,2,512,001000000001000100100000000010010000,0,28.20008359674965,27.154510829224307,37.467252502051075,45.90426036668173,2025-08-28 08:22:03
naive_adjacency,waste_facility,5,2,512,001000000010000001100000000100010000,0,43.574298248438666,27.154510829224307,37.467252502051075,45.90426036668173,2025-08-28 08:22:03
naive_adjacency,waste_facility,5,2,512,001000000001000010100000000100010000,0,28.20008359674965,27.154510829224307,37.467252502051075,45.90426036668173,2025-08-28 08:22:03
naive_adjacency,waste_facility,5,2,512,000100001000000010100000000001010000,0,40.335242274669994,27.154510829224307,37.467252502051075,45.90426036668173,2025-08-28 08:22:03
naive_adjacency,waste_facility,5,2,512,000100001000000001100000000010010000,0,40.335242274669994,27.154510829224307,37.467252502051075,45.90426036668173,2025-08-28 08:22:03
naive_adjacency,waste_facility,5,2,512,000010001000000100100000000001010000,0,41.21872011844411,27.154510829224307,37.467252502051075,45.90426036668173,2025-08-28 08:22:03
naive_adjacency,waste_facility,5,2,512,000001001000000100100000000010010000,0,40.33524227467,27.154510829224307,37.467252502051075,45.90426036668173,2025-08-28 08:22:03
naive_adjacency,waste_facility,5,2,512,000010001000000001100000000100010000,0,41.21872011844411,27.154510829224307,37.467252502051075,45.90426036668173,2025-08-28 08:22:03
naive_adjacency,waste_facility,5,2,512,000001001000000010100000000100010000,0,40.335242274669994,27.154510829224307,37.467252502051075,45.90426036668173,2025-08-28 08:22:03
naive_adjacency,waste_facility,5,2,512,000100000010001000100000000001010000,0,43.54868223668716,27.154510829224307,37.467252502051075,45.90426036668173,2025-08-28 08:22:03
naive_adjacency,waste_facility,5,2,512,000100000001001000100000000010010000,0,29.05794542877227,27.154510829224307,37.467252502051075,45.90426036668173,2025-08-28 08:22:03
naive_adjacency,waste_facility,5,2,512,000010000100001000100000000001010000,0,43.54868223668717,27.154510829224307,37.467252502051075,45.90426036668173,2025-08-28 08:22:03
naive_adjacency,waste_facility,5,2,512,000001000100001000100000000010010000,0,43.54868223668718,27.154510829224307,37.467252502051075,45.90426036668173,2025-08-28 08:22:03
naive_adjacency,waste_facility,5,2,512,000010000001001000100000000100010000,0,28.174467584998155,27.154510829224307,37.467252502051075,45.90426036668173,2025-08-28 08:22:03
naive_adjacency,waste_facility,5,2,512,000001000010001000100000000100010000,0,42.665204392913054,27.154510829224307,37.467252502051075,45.90426036668173,2025-08-28 08:22:03
naive_adjacency,waste_facility,5,2,512,000100000010000001100000001000010000,0,42.52872548091333,27.154510829224307,37.467252502051075,45.90426036668173,2025-08-28 08:22:03
naive_adjacency,waste_facility,5,2,512,000100000001000010100000001000010000,0,28.03798867299843,27.154510829224307,37.467252502051075,45.90426036668173,2025-08-28 08:22:03
naive_adjacency,waste_facility,5,2,512,000010000100000001100000001000010000,0,42.52872548091332,27.154510829224307,37.467252502051075,45.90426036668173,2025-08-28 08:22:03
naive_adjacency,waste_facility,5,2,512,000001000100000010100000001000010000,0,42.52872548091333,27.154510829224307,37.467252502051075,45.90426036668173,2025-08-28 08:22:03
naive_adjacency,waste_facility,5,2,512,000010000001000100100000001000010000,0,27.15451082922431,27.154510829224307,37.467252502051075,45.90426036668173,2025-08-28 08:22:03
naive_adjacency,waste_facility,5,2,512,000001000010000100100000001000010000,0,41.645247637139214,27.154510829224307,37.467252502051075,45.90426036668173,2025-08-28 08:22:03
naive_adjacency,waste_facility,5,2,512,010000001000000100000010100000000001,0,42.52872548091333,27.154510829224307,37.467252502051075,45.90426036668173,2025-08-28 08:22:03
naive_adjacency,waste_facility,5,2,512,010000001000000100000001100000000010,0,43.54868223668716,27.154510829224307,37.467252502051075,45.90426036668173,2025-08-28 08:22:03
naive_adjacency,waste_facility,5,2,512,010000001000000010000100100000000001,0,30.36795079124149,27.154510829224307,37.467252502051075,45.90426036668173,2025-08-28 08:22:03
naive_adjacency,waste_facility,5,2,512,010000001000000001000100100000000010,0,28.17446758499816,27.154510829224307,37.467252502051075,45.90426036668173,2025-08-28 08:22:03
naive_adjacency,waste_facility,5,2,512,010000001000000010000001100000000100,0,43.54868223668716,27.154510829224307,37.467252502051075,45.90426036668173,2025-08-28 08:22:03
naive_adjacency,waste_facility,5,2,512,010000001000000001000010100000000100,0,40.33524227466999,27.154510829224307,37.467252502051075,45.90426036668173,2025-08-28 08:22:03
naive_adjacency,waste_facility,5,2,512,010000000100001000000010100000000001,0,28.037988672998434,27.154510829224307,37.467252502051075,45.90426036668173,2025-08-28 08:22:03
naive_adjacency,waste_facility,5,2,512,010000000100001000000001100000000010,0,41.218720118444104,27.154510829224307,37.467252502051075,45.90426036668173,2025-08-28 08:22:03
naive_adjacency,waste_facility,5,2,512,010000000010001000000100100000000001,0,28.03798867299843,27.154510829224307,37.467252502051075,45.90426036668173,2025-08-28 08:22:03
naive_adjacency,waste_facility,5,2,512,010000000001001000000100100000000010,0,41.21872011844411,27.154510829224307,37.467252502051075,45.90426036668173,2025-08-28 08:22:03
naive_adjacency,waste_facility,5,2,512,010000000010001000000001100000000100,0,29.05794542877227,27.154510829224307,37.467252502051075,45.90426036668173,2025-08-28 08:22:03
naive_adjacency,waste_facility,5,2,512,010000000001001000000010100000000100,0,29.05794542877227,27.154510829224307,37.467252502051075,45.90426036668173,2025-08-28 08:22:03
naive_adjacency,waste_facility,5,2,512,010000000100000010001000100000000001,0,30.367950791241498,27.154510829224307,37.467252502051075,45.90426036668173,2025-08-28 08:22:03
naive_adjacency,waste_facility,5,2,512,010000000100000001001000100000000010,0,28.17446758499816,27.154510829224307,37.467252502051075,45.90426036668173,2025-08-28 08:22:03
naive_adjacency,waste_facility,5,2,512,010000000010000100001000100000000001,0,42.52872548091333,27.154510829224307,37.467252502051075,45.90426036668173,2025-08-28 08:22:03
naive_adjacency,waste_facility,5,2,512,010000000001000100001000100000000010,0,43.54868223668717,27.154510829224307,37.467252502051075,45.90426036668173,2025-08-28 08:22:03
naive_adjacency,waste_facility,5,2,512,010000000010000001001000100000000100,0,40.33524227467,27.154510829224307,37.467252502051075,45.90426036668173,2025-08-28 08:22:03
naive_adjacency,waste_facility,5,2,512,010000000001000010001000100000000100,0,43.54868223668717,27.154510829224307,37.467252502051075,45.90426036668173,2025-08-28 08:22:03
naive_adjacency,waste_facility,5,2,512,010000000100000010000001100000001000,0,43.57429824843866,27.154510829224307,37.467252502051075,45.90426036668173,2025-08-28 08:22:03
naive_adjacency,waste_facility,5,2,512,010000000100000001000010100000001000,0,28.20008359674965,27.154510829224307,37.467252502051075,45.90426036668173,2025-08-28 08:22:03
naive_adjacency,waste_facility,5,2,512,010000000010000100000001100000001000,0,31.413523558766826,27.154510829224307,37.467252502051075,45.90426036668173,2025-08-28 08:22:03
naive_adjacency,waste_facility,5,2,512,010000000001000100000010100000001000,0,31.413523558766826,27.154510829224307,37.467252502051075,45.90426036668173,2025-08-28 08:22:03
naive_adjacency,waste_facility,5,2,512,010000000010000001000100100000001000,0,28.20008359674965,27.154510829224307,37.467252502051075,45.90426036668173,2025-08-28 08:22:03
naive_adjacency,waste_facility,5,2,512,010000000001000010000100100000001000,0,43.574298248438666,27.154510829224307,37.467252502051075,45.90426036668173,2025-08-28 08:22:03
naive_adjacency,waste_facility,5,2,512,001000010000000100000010100000000001,0,42.52872548091332,27.154510829224307,37.467252502051075,45.90426036668173,2025-08-28 08:22:03
naive_adjacency,waste_facility,5,2,512,001000010000000100000001100000000010,0,43.54868223668716,27.154510829224307,37.467252502051075,45.90426036668173,2025-08-28 08:22:03
naive_adjacency,waste_facility,5,2,512,001000010000000010000100100000000001,0,44.85868759915639,27.154510829224307,37.467252502051075,45.90426036668173,2025-08-28 08:22:03
naive_adjacency,waste_facility,5,2,512,001000010000000001000100100000000010,0,42.665204392913054,27.154510829224307,37.467252502051075,45.90426036668173,2025-08-28 08:22:03
naive_adjacency,waste_facility,5,2,512,001000010000000010000001100000000100,0,45.90426036668172,27.154510829224307,37.467252502051075,45.90426036668173,2025-08-28 08:22:03
naive_adjacency,waste_facility,5,2,512,001000010000000001000010100000000100,0,42.69082040466454,27.154510829224307,37.467252502051075,45.90426036668173,2025-08-28 08:22:03
naive_adjacency,waste_facility,5,2,512,000100010000001000000010100000000001,0,42.52872548091333,27.154510829224307,37.467252502051075,45.90426036668173,2025-08-28 08:22:03
naive_adjacency,waste_facility,5,2,512,000100010000001000000001100000000010,0,43.57429824843866,27.154510829224307,37.467252502051075,45.90426036668173,2025-08-28 08:22:03
naive_adjacency,waste_facility,5,2,512,000010010000001000000100100000000001,0,44.88430361090788,27.154510829224307,37.467252502051075,45.90426036668173,2025-08-28 08:22:03
naive_adjacency,waste_facility,5,2,512,000001010000001000000100100000000010,0,43.57429824843866,27.154510829224307,37.467252502051075,45.90426036668173,2025-08-28 08:22:03
naive_adjacency,waste_facility,5,2,512,000010010000001000000001100000000100,0,45.904260366681726,27.154510829224307,37.467252502051075,45.90426036668173,2025-08-28 08:22:03
naive_adjacency,waste_facility,5,2,512,000001010000001000000010100000000100,0,43.54868223668716,27.154510829224307,37.467252502051075,45.90426036668173,2025-08-28 08:22:03
naive_adjacency,waste_facility,5,2,512,000100010000000010001000100000000001,0,30.367950791241487,27.154510829224307,37.467252502051075,45.90426036668173,2025-08-28 08:22:03
naive_adjacency,waste_facility,5,2,512,000100010000000001001000100000000010,0,30.53004571499271,27.154510829224307,37.467252502051075,45.90426036668173,2025-08-28 08:22:03
naive_adjacency,waste_facility,5,2,512,000010010000000100001000100000000001,0,30.393566802992986,27.154510829224307,37.467252502051075,45.90426036668173,2025-08-28 08:22:03
naive_adjacency,waste_facility,5,2,512,000001010000000100001000100000000010,0,31.41352355876683,27.154510829224307,37.467252502051075,45.90426036668173,2025-08-28 08:22:03
naive_adjacency,waste_facility,5,2,512,000010010000000001001000100000000100,0,28.200083596749653,27.154510829224307,37.467252502051075,45.90426036668173,2025-08-28 08:22:03
naive_adjacency,waste_facility,5,2,512,000001010000000010001000100000000100,0,29.057945428772275,27.154510829224307,37.467252502051075,45.90426036668173,2025-08-28 08:22:03
naive_adjacency,waste_facility,5,2,512,000100010000000010000001100000001000,0,43.57429824843866,27.154510829224307,37.467252502051075,45.90426036668173,2025-08-28 08:22:03
naive_adjacency,waste_facility,5,2,512,000100010000000001000010100000001000,0,42.69082040466455,27.154510829224307,37.467252502051075,45.90426036668173,2025-08-28 08:22:03
naive_adjacency,waste_facility,5,2,512,000010010000000100000001100000001000,0,43.54868223668717,27.154510829224307,37.467252502051075,45.90426036668173,2025-08-28 08:22:03
naive_adjacency,waste_facility,5,2,512,000001010000000100000010100000001000,0,43.54868223668716,27.154510829224307,37.467252502051075,45.90426036668173,2025-08-28 08:22:03
naive_adjacency,waste_facility,5,2,512,000010010000000001000100100000001000,0,40.33524227466999,27.154510829224307,37.467252502051075,45.90426036668173,2025-08-28 08:22:03
naive_adjacency,waste_facility,5,2,512,000001010000000010000100100000001000,0,41.218720118444104,27.154510829224307,37.467252502051075,45.90426036668173,2025-08-28 08:22:03
naive_adjacency,waste_facility,5,2,512,001000000100010000000010100000000001,0,27.154510829224314,27.154510829224307,37.467252502051075,45.90426036668173,2025-08-28 08:22:03
naive_adjacency,waste_facility,5,2,512,001000000100010000000001100000000010,0,40.33524227466998,27.154510829224307,37.467252502051075,45.90426036668173,2025-08-28 08:22:03
naive_adjacency,waste_facility,5,2,512,001000000010010000000100100000000001,0,27.154510829224314,27.154510829224307,37.467252502051075,45.90426036668173,2025-08-28 08:22:03
naive_adjacency,waste_facility,5,2,512,001000000001010000000100100000000010,0,40.335242274669994,27.154510829224307,37.467252502051075,45.90426036668173,2025-08-28 08:22:03
naive_adjacency,waste_facility,5,2,512,001000000010010000000001100000000100,0,28.20008359674965,27.154510829224307,37.467252502051075,45.90426036668173,2025-08-28 08:22:03
naive_adjacency,waste_facility,5,2,512,001000000001010000000010100000000100,0,28.20008359674965,27.154510829224307,37.467252502051075,45.90426036668173,2025-08-28 08:22:03
naive_adjacency,waste_facility,5,2,512,000100001000010000000010100000000001,0,41.64524763713922,27.154510829224307,37.467252502051075,45.90426036668173,2025-08-28 08:22:03
naive_adjacency,waste_facility,5,2,512,000100001000010000000001100000000010,0,42.69082040466454,27.154510829224307,37.467252502051075,45.90426036668173,2025-08-28 08:22:03
naive_adjacency,waste_facility,5,2,512,000010001000010000000100100000000001,0,29.51008895921887,27.154510829224307,37.467252502051075,45.90426036668173,2025-08-28 08:22:03
naive_adjacency,waste_facility,5,2,512,000001001000010000000100100000000010,0,28.200083596749653,27.154510829224307,37.467252502051075,45.90426036668173,2025-08-28 08:22:03
naive_adjacency,waste_facility,5,2,512,000010001000010000000001100000000100,0,42.69082040466455,27.154510829224307,37.467252502051075,45.90426036668173,2025-08-28 08:22:03
naive_adjacency,waste_facility,5,2,512,000001001000010000000010100000000100,0,40.33524227466999,27.154510829224307,37.467252502051075,45.90426036668173,2025-08-28 08:22:03
naive_adjacency,waste_facility,5,2,512,000100000010010000001000100000000001,0,41.64524763713921,27.154510829224307,37.467252502051075,45.90426036668173,2025-08-28 08:22:03
naive_adjacency,waste_facility,5,2,512,000100000001010000001000100000000010,0,42.690820404664535,27.154510829224307,37.467252502051075,45.90426036668173,2025-08-28 08:22:03
naive_adjacency,waste_facility,5,2,512,000010000100010000001000100000000001,0,29.51008895921887,27.154510829224307,37.467252502051075,45.90426036668173,2025-08-28 08:22:03
naive_adjacency,waste_facility,5,2,512,000001000100010000001000100000000010,0,28.200083596749646,27.154510829224307,37.467252502051075,45.90426036668173,2025-08-28 08:22:03
naive_adjacency,waste_facility,5,2,512,000010000001010000001000100000000100,0,42.69082040466455,27.154510829224307,37.467252502051075,45.90426036668173,2025-08-28 08:22:03
naive_adjacency,waste_facility,5,2,512,000001000010010000001000100000000100,0,40.335242274669994,27.154510829224307,37.467252502051075,45.90426036668173,2025-08-28 08:22:03
naive_adjacency,waste_facility,5,2,512,000100000010010000000001100000001000,0,30.53004571499271,27.154510829224307,37.467252502051075,45.90426036668173,2025-08-28 08:22:03
naive_adjacency,waste_facility,5,2,512,000100000001010000000010100000001000,0,30.530045714992717,27.154510829224307,37.467252502051075,45.90426036668173,2025-08-28 08:22:03
naive_adjacency,waste_facility,5,2,512,000010000100010000000001100000001000,0,42.665204392913054,27.154510829224307,37.467252502051075,45.90426036668173,2025-08-28 08:22:03
naive_adjacency,waste_facility,5,2,512,000001000100010000000010100000001000,0,28.17446758499815,27.154510829224307,37.467252502051075,45.90426036668173,2025-08-28 08:22:03
naive_adjacency,waste_facility,5,2,512,000010000001010000000100100000001000,0,42.66520439291304,27.154510829224307,37.467252502051075,45.90426036668173,2025-08-28 08:22:03
naive_adjacency,waste_facility,5,2,512,000001000010010000000100100000001000,0,28.174467584998155,27.154510829224307,37.467252502051075,45.90426036668173,2025-08-28 08:22:03
naive_adjacency,waste_facility,5,2,512,001000000100000010010000100000000001,0,44.85868759915638,27.154510829224307,37.467252502051075,45.90426036668173,2025-08-28 08:22:03
naive_adjacency,waste_facility,5,2,512,001000000100000001010000100000000010,0,42.66520439291304,27.154510829224307,37.467252502051075,45.90426036668173,2025-08-28 08:22:03
naive_adjacency,waste_facility,5,2,512,001000000010000100010000100000000001,0,42.528725480913316,27.154510829224307,37.467252502051075,45.90426036668173,2025-08-28 08:22:03
naive_adjacency,waste_facility,5,2,512,001000000001000100010000100000000010,0,43.548682236687156,27.154510829224307,37.467252502051075,45.90426036668173,2025-08-28 08:22:03
naive_adjacency,waste_facility,5,2,512,001000000010000001010000100000000100,0,42.69082040466454,27.154510829224307,37.467252502051075,45.90426036668173,2025-08-28 08:22:03
naive_adjacency,waste_facility,5,2,512,001000000001000010010000100000000100,0,45.90426036668171,27.154510829224307,37.467252502051075,45.90426036668173,2025-08-28 08:22:03
naive_adjacency,waste_facility,5,2,512,000100001000000010010000100000000001,0,30.36795079124149,27.154510829224307,37.467252502051075,45.90426036668173,2025-08-28 08:22:03
naive_adjacency,waste_facility,5,2,512,000100001000000001010000100000000010,0,30.530045714992713,27.154510829224307,37.467252502051075,45.90426036668173,2025-08-28 08:22:03
naive_adjacency,waste_facility,5,2,512,000010001000000100010000100000000001,0,30.393566802992986,27.154510829224307,37.467252502051075,45.90426036668173,2025-08-28 08:22:03
naive_adjacency,waste_facility,5,2,512,000001001000000100010000100000000010,0,31.41352355876683,27.154510829224307,37.467252502051075,45.90426036668173,2025-08-28 08:22:03
naive_adjacency,waste_facility,5,2,512,000010001000000001010000100000000100,0,28.200083596749646,27.154510829224307,37.467252502051075,45.90426036668173,2025-08-28 08:22:03
naive_adjacency,waste_facility,5,2,512,000001001000000010010000100000000100,0,29.057945428772268,27.154510829224307,37.467252502051075,45.90426036668173,2025-08-28 08:22:03
naive_adjacency,waste_facility,5,2,512,000100000010001000010000100000000001,0,42.52872548091332,27.154510829224307,37.467252502051075,45.90426036668173,2025-08-28 08:22:03
naive_adjacency,waste_facility,5,2,512,000100000001001000010000100000000010,0,43.57429824843865,27.154510829224307,37.467252502051075,45.90426036668173,2025-08-28 08:22:03
naive_adjacency,waste_facility,5,2,512,000010000100001000010000100000000001,0,44.88430361090788,27.154510829224307,37.467252502051075,45.90426036668173,2025-08-28 08:22:03
naive_adjacency,waste_facility,5,2,512,000001000100001000010000100000000010,0,43.57429824843866,27.154510829224307,37.467252502051075,45.90426036668173,2025-08-28 08:22:03
naive_adjacency,waste_facility,5,2,512,000010000001001000010000100000000100,0,45.904260366681726,27.154510829224307,37.467252502051075,45.90426036668173,2025-08-28 08:22:03
naive_adjacency,waste_facility,5,2,512,000001000010001000010000100000000100,0,43.54868223668716,27.154510829224307,37.467252502051075,45.90426036668173,2025-08-28 08:22:03
naive_adjacency,waste_facility,5,2,512,000100000010000001010000100000001000,0,42.69082040466455,27.154510829224307,37.467252502051075,45.90426036668173,2025-08-28 08:22:03
naive_adjacency,waste_facility,5,2,512,000100000001000010010000100000001000,0,43.574298248438666,27.154510829224307,37.467252502051075,45.90426036668173,2025-08-28 08:22:03
naive_adjacency,waste_facility,5,2,512,000010000100000001010000100000001000,0,40.33524227466999,27.154510829224307,37.467252502051075,45.90426036668173,2025-08-28 08:22:03
naive_adjacency,waste_facility,5,2,512,000001000100000010010000100000001000,0,41.218720118444104,27.154510829224307,37.467252502051075,45.90426036668173,2025-08-28 08:22:03
naive_adjacency,waste_facility,5,2,512,000010000001000100010000100000001000,0,43.54868223668717,27.154510829224307,37.467252502051075,45.90426036668173,2025-08-28 08:22:03
naive_adjacency,waste_facility,5,2,512,000001000010000100010000100000001000,0,43.54868223668717,27.154510829224307,37.467252502051075,45.90426036668173,2025-08-28 08:22:03
naive_adjacency,waste_facility,5,2,512,001000000100000010000001100000010000,0,44.88430361090788,27.154510829224307,37.467252502051075,45.90426036668173,2025-08-28 08:22:03
naive_adjacency,waste_facility,5,2,512,001000000100000001000010100000010000,0,29.51008895921887,27.154510829224307,37.467252502051075,45.90426036668173,2025-08-28 08:22:03
naive_adjacency,waste_facility,5,2,512,001000000010000100000001100000010000,0,30.39356680299298,27.154510829224307,37.467252502051075,45.90426036668173,2025-08-28 08:22:03
naive_adjacency,waste_facility,5,2,512,001000000001000100000010100000010000,0,30.393566802992982,27.154510829224307,37.467252502051075,45.90426036668173,2025-08-28 08:22:03
naive_adjacency,waste_facility,5,2,512,001000000010000001000100100000010000,0,29.510088959218876,27.154510829224307,37.467252502051075,45.90426036668173,2025-08-28 08:22:03
naive_adjacency,waste_facility,5,2,512,001000000001000010000100100000010000,0,44.88430361090789,27.154510829224307,37.467252502051075,45.90426036668173,2025-08-28 08:22:03
naive_adjacency,waste_facility,5,2,512,000100001000000010000001100000010000,0,42.52872548091332,27.154510829224307,37.467252502051075,45.90426036668173,2025-08-28 08:22:03
naive_adjacency,waste_facility,5,2,512,000100001000000001000010100000010000,0,41.645247637139214,27.154510829224307,37.467252502051075,45.90426036668173,2025-08-28 08:22:03
naive_adjacency,waste_facility,5,2,512,000010001000000100000001100000010000,0,42.52872548091333,27.154510829224307,37.467252502051075,45.90426036668173,2025-08-28 08:22:03
naive_adjacency,waste_facility,5,2,512,000001001000000100000010100000010000,0,42.52872548091332,27.154510829224307,37.467252502051075,45.90426036668173,2025-08-28 08:22:03
naive_adjacency,waste_facility,5,2,512,000010001000000001000100100000010000,0,27.15451082922431,27.154510829224307,37.467252502051075,45.90426036668173,2025-08-28 08:22:03
naive_adjacency,waste_facility,5,2,512,000001001000000010000100100000010000,0,28.03798867299843,27.154510829224307,37.467252502051075,45.90426036668173,2025-08-28 08:22:03
naive_adjacency,waste_facility,5,2,512,000100000010001000000001100000010000,0,30.367950791241483,27.154510829224307,37.467252502051075,45.90426036668173,2025-08-28 08:22:03
naive_adjacency,waste_facility,5,2,512,000100000001001000000010100000010000,0,30.367950791241494,27.154510829224307,37.467252502051075,45.90426036668173,2025-08-28 08:22:03
naive_adjacency,waste_facility,5,2,512,000010000100001000000001100000010000,0,44.85868759915639,27.154510829224307,37.467252502051075,45.90426036668173,2025-08-28 08:22:03
naive_adjacency,waste_facility,5,2,512,000001000100001000000010100000010000,0,30.367950791241487,27.154510829224307,37.467252502051075,45.90426036668173,2025-08-28 08:22:03
naive_adjacency,waste_facility,5,2,512,000010000001001000000100100000010000,0,44.85868759915638,27.154510829224307,37.467252502051075,45.90426036668173,2025-08-28 08:22:03
naive_adjacency,waste_facility,5,2,512,000001000010001000000100100000010000,0,30.36795079124149,27.154510829224307,37.467252502051075,45.90426036668173,2025-08-28 08:22:03
naive_adjacency,waste_facility,5,2,512,000100000010000001001000100000010000,0,41.64524763713921,27.154510829224307,37.467252502051075,45.90426036668173,2025-08-28 08:22:03
naive_adjacency,waste_facility,5,2,512,000100000001000010001000100000010000,0,42.52872548091332,27.154510829224307,37.467252502051075,45.90426036668173,2025-08-28 08:22:03
naive_adjacency,waste_facility,5,2,512,000010000100000001001000100000010000,0,27.154510829224314,27.154510829224307,37.467252502051075,45.90426036668173,2025-08-28 08:22:03
naive_adjacency,waste_facility,5,2,512,000001000100000010001000100000010000,0,28.03798867299843,27.154510829224307,37.467252502051075,45.90426036668173,2025-08-28 08:22:03
naive_adjacency,waste_facility,5,2,512,000010000001000100001000100000010000,0,42.52872548091332,27.154510829224307,37.467252502051075,45.90426036668173,2025-08-28 08:22:03
naive_adjacency,waste_facility,5,2,512,000001000010000100001000100000010000,0,42.52872548091333,27.154510829224307,37.467252502051075,45.90426036668173,2025-08-28 08:22:03
naive_adjacency,waste_facility,5,2,512,010000001000000100000010000001100000,0,44.88430361090788,27.154510829224307,37.467252502051075,45.90426036668173,2025-08-28 08:22:03
naive_adjacency,waste_facility,5,2,512,010000001000000100000001000010100000,0,42.69082040466455,27.154510829224307,37.467252502051075,45.90426036668173,2025-08-28 08:22:03
naive_adjacency,waste_facility,5,2,512,010000001000000010000100000001100000,0,29.51008895921887,27.154510829224307,37.467252502051075,45.90426036668173,2025-08-28 08:22:03
naive_adjacency,waste_facility,5,2,512,010000001000000001000100000010100000,0,30.53004571499271,27.154510829224307,37.467252502051075,45.90426036668173,2025-08-28 08:22:03
naive_adjacency,waste_facility,5,2,512,010000001000000010000001000100100000,0,42.69082040466455,27.154510829224307,37.467252502051075,45.90426036668173,2025-08-28 08:22:03
naive_adjacency,waste_facility,5,2,512,010000001000000001000010000100100000,0,45.904260366681726,27.154510829224307,37.467252502051075,45.90426036668173,2025-08-28 08:22:03
naive_adjacency,waste_facility,5,2,512,010000000100001000000010000001100000,0,30.393566802992986,27.154510829224307,37.467252502051075,45.90426036668173,2025-08-28 08:22:03
naive_adjacency,waste_facility,5,2,512,010000000100001000000001000010100000,0,43.574298248438666,27.154510829224307,37.467252502051075,45.90426036668173,2025-08-28 08:22:03
naive_adjacency,waste_facility,5,2,512,010000000010001000000100000001100000,0,30.393566802992986,27.154510829224307,37.467252502051075,45.90426036668173,2025-08-28 08:22:03
naive_adjacency,waste_facility,5,2,512,010000000001001000000100000010100000,0,43.57429824843866,27.154510829224307,37.467252502051075,45.90426036668173,2025-08-28 08:22:03
naive_adjacency,waste_facility,5,2,512,010000000010001000000001000100100000,0,28.20008359674965,27.154510829224307,37.467252502051075,45.90426036668173,2025-08-28 08:22:03
naive_adjacency,waste_facility,5,2,512,010000000001001000000010000100100000,0,28.200083596749643,27.154510829224307,37.467252502051075,45.90426036668173,2025-08-28 08:22:03
naive_adjacency,waste_facility,5,2,512,010000000100000010001000000001100000,0,29.510088959218876,27.154510829224307,37.467252502051075,45.90426036668173,2025-08-28 08:22:03
naive_adjacency,waste_facility,5,2,512,010000000100000001001000000010100000,0,30.530045714992717,27.154510829224307,37.467252502051075,45.90426036668173,2025-08-28 08:22:03
naive_adjacency,waste_facility,5,2,512,010000000010000100001000000001100000,0,44.88430361090789,27.154510829224307,37.467252502051075,45.90426036668173,2025-08-28 08:22:03
naive_adjacency,waste_facility,5,2,512,010000000001000100001000000010100000,0,42.69082040466455,27.154510829224307,37.467252502051075,45.90426036668173,2025-08-28 08:22:03
naive_adjacency,waste_facility,5,2,512,010000000010000001001000000100100000,0,45.90426036668173,27.154510829224307,37.467252502051075,45.90426036668173,2025-08-28 08:22:03
naive_adjacency,waste_facility,5,2,512,010000000001000010001000000100100000,0,42.69082040466455,27.154510829224307,37.467252502051075,45.90426036668173,2025-08-28 08:22:03
naive_adjacency,waste_facility,5,2,512,010000000100000010000001001000100000,0,43.574298248438666,27.154510829224307,37.467252502051075,45.90426036668173,2025-08-28 08:22:03
naive_adjacency,waste_facility,5,2,512,010000000100000001000010001000100000,0,31.413523558766826,27.154510829224307,37.467252502051075,45.90426036668173,2025-08-28 08:22:03
naive_adjacency,waste_facility,5,2,512,010000000010000100000001001000100000,0,28.20008359674965,27.154510829224307,37.467252502051075,45.90426036668173,2025-08-28 08:22:03
naive_adjacency,waste_facility,5,2,512,010000000001000100000010001000100000,0,28.200083596749643,27.154510829224307,37.467252502051075,45.90426036668173,2025-08-28 08:22:03
naive_adjacency,waste_facility,5,2,512,010000000010000001000100001000100000,0,31.413523558766826,27.154510829224307,37.467252502051075,45.90426036668173,2025-08-28 08:22:03
naive_adjacency,waste_facility,5,2,512,010000000001000010000100001000100000,0,43.57429824843866,27.154510829224307,37.467252502051075,45.90426036668173,2025-08-28 08:22:03
naive_adjacency,waste_facility,5,2,512,001000010000000100000010000001100000,0,42.52872548091332,27.154510829224307,37.467252502051075,45.90426036668173,2025-08-28 08:22:03
naive_adjacency,waste_facility,5,2,512,001000010000000100000001000010100000,0,40.335242274669994,27.154510829224307,37.467252502051075,45.90426036668173,2025-08-28 08:22:03
naive_adjacency,waste_facility,5,2,512,001000010000000010000100000001100000,0,41.64524763713922,27.154510829224307,37.467252502051075,45.90426036668173,2025-08-28 08:22:03
naive_adjacency,waste_facility,5,2,512,001000010000000001000100000010100000,0,42.665204392913054,27.154510829224307,37.467252502051075,45.90426036668173,2025-08-28 08:22:03
naive_adjacency,waste_facility,5,2,512,001000010000000010000001000100100000,0,40.33524227466999,27.154510829224307,37.467252502051075,45.90426036668173,2025-08-28 08:22:03
naive_adjacency,waste_facility,5,2,512,001000010000000001000010000100100000,0,43.54868223668716,27.154510829224307,37.467252502051075,45.90426036668173,2025-08-28 08:22:03
naive_adjacency,waste_facility,5,2,512,000100010000001000000010000001100000,0,42.52872548091333,27.154510829224307,37.467252502051075,45.90426036668173,2025-08-28 08:22:03
naive_adjacency,waste_facility,5,2,512,000100010000001000000001000010100000,0,41.21872011844411,27.154510829224307,37.467252502051075,45.90426036668173,2025-08-28 08:22:03
naive_adjacency,waste_facility,5,2,512,000010010000001000000100000001100000,0,42.52872548091333,27.154510829224307,37.467252502051075,45.90426036668173,2025-08-28 08:22:03
naive_adjacency,waste_facility,5,2,512,000001010000001000000100000010100000,0,43.57429824843866,27.154510829224307,37.467252502051075,45.90426036668173,2025-08-28 08:22:03
naive_adjacency,waste_facility,5,2,512,000010010000001000000001000100100000,0,40.33524227467,27.154510829224307,37.467252502051075,45.90426036668173,2025-08-28 08:22:03
naive_adjacency,waste_facility,5,2,512,000001010000001000000010000100100000,0,42.69082040466455,27.154510829224307,37.467252502051075,45.90426036668173,2025-08-28 08:22:03
naive_adjacency,waste_facility,5,2,512,000100010000000010001000000001100000,0,27.154510829224314,27.154510829224307,37.467252502051075,45.90426036668173,2025-08-28 08:22:03
naive_adjacency,waste_facility,5,2,512,000100010000000001001000000010100000,0,28.174467584998155,27.154510829224307,37.467252502051075,45.90426036668173,2025-08-28 08:22:03
naive_adjacency,waste_facility,5,2,512,000010010000000100001000000001100000,0,28.03798867299843,27.154510829224307,37.467252502051075,45.90426036668173,2025-08-28 08:22:03
naive_adjacency,waste_facility,5,2,512,000001010000000100001000000010100000,0,28.20008359674965,27.154510829224307,37.467252502051075,45.90426036668173,2025-08-28 08:22:03
naive_adjacency,waste_facility,5,2,512,000010010000000001001000000100100000,0,29.057945428772268,27.154510829224307,37.467252502051075,45.90426036668173,2025-08-28 08:22:03
naive_adjacency,waste_facility,5,2,512,000001010000000010001000000100100000,0,28.200083596749646,27.154510829224307,37.467252502051075,45.90426036668173,2025-08-28 08:22:03
naive_adjacency,waste_facility,5,2,512,000100010000000010000001001000100000,0,41.218720118444104,27.154510829224307,37.467252502051075,45.90426036668173,2025-08-28 08:22:03
naive_adjacency,waste_facility,5,2,512,000100010000000001000010001000100000,0,43.54868223668717,27.154510829224307,37.467252502051075,45.90426036668173,2025-08-28 08:22:03
naive_adjacency,waste_facility,5,2,512,000010010000000100000001001000100000,0,40.335242274669994,27.154510829224307,37.467252502051075,45.90426036668173,2025-08-28 08:22:03
naive_adjacency,waste_facility,5,2,512,000001010000000100000010001000100000,0,42.69082040466454,27.154510829224307,37.467252502051075,45.90426036668173,2025-08-28 08:22:03
naive_adjacency,waste_facility,5,2,512,000010010000000001000100001000100000,0,43.548682236687156,27.154510829224307,37.467252502051075,45.90426036668173,2025-08-28 08:22:03
naive_adjacency,waste_facility,5,2,512,000001010000000010000100001000100000,0,43.57429824843866,27.154510829224307,37.467252502051075,45.90426036668173,2025-08-28 08:22:03
naive_adjacency,waste_facility,5,2,512,001000000100010000000010000001100000,0,30.36795079124149,27.154510829224307,37.467252502051075,45.90426036668173,2025-08-28 08:22:03
naive_adjacency,waste_facility,5,2,512,001000000100010000000001000010100000,0,43.54868223668717,27.154510829224307,37.467252502051075,45.90426036668173,2025-08-28 08:22:03
naive_adjacency,waste_facility,5,2,512,001000000010010000000100000001100000,0,30.367950791241498,27.154510829224307,37.467252502051075,45.90426036668173,2025-08-28 08:22:03
naive_adjacency,waste_facility,5,2,512,001000000001010000000100000010100000,0,43.54868223668717,27.154510829224307,37.467252502051075,45.90426036668173,2025-08-28 08:22:03
naive_adjacency,waste_facility,5,2,512,001000000010010000000001000100100000,0,29.05794542877227,27.154510829224307,37.467252502051075,45.90426036668173,2025-08-28 08:22:03
naive_adjacency,waste_facility,5,2,512,001000000001010000000010000100100000,0,29.057945428772264,27.154510829224307,37.467252502051075,45.90426036668173,2025-08-28 08:22:03
naive_adjacency,waste_facility,5,2,512,000100001000010000000010000001100000,0,44.85868759915639,27.154510829224307,37.467252502051075,45.90426036668173,2025-08-28 08:22:03
naive_adjacency,waste_facility,5,2,512,000100001000010000000001000010100000,0,43.54868223668717,27.154510829224307,37.467252502051075,45.90426036668173,2025-08-28 08:22:03
naive_adjacency,waste_facility,5,2,512,000010001000010000000100000001100000,0,30.36795079124149,27.154510829224307,37.467252502051075,45.90426036668173,2025-08-28 08:22:03
naive_adjacency,waste_facility,5,2,512,000001001000010000000100000010100000,0,31.413523558766826,27.154510829224307,37.467252502051075,45.90426036668173,2025-08-28 08:22:03
naive_adjacency,waste_facility,5,2,512,000010001000010000000001000100100000,0,43.54868223668718,27.154510829224307,37.467252502051075,45.90426036668173,2025-08-28 08:22:03
naive_adjacency,waste_facility,5,2,512,000001001000010000000010000100100000,0,45.904260366681726,27.154510829224307,37.467252502051075,45.90426036668173,2025-08-28 08:22:03
naive_adjacency,waste_facility,5,2,512,000100000010010000001000000001100000,0,44.85868759915638,27.154510829224307,37.467252502051075,45.90426036668173,2025-08-28 08:22:03
naive_adjacency,waste_facility,5,2,512,000100000001010000001000000010100000,0,43.54868223668716,27.154510829224307,37.467252502051075,45.90426036668173,2025-08-28 08:22:03
naive_adjacency,waste_facility,5,2,512,000010000100010000001000000001100000,0,30.36795079124149,27.154510829224307,37.467252502051075,45.90426036668173,2025-08-28 08:22:03
naive_adjacency,waste_facility,5,2,512,000001000100010000001000000010100000,0,31.413523558766826,27.154510829224307,37.467252502051075,45.90426036668173,2025-08-28 08:22:03
naive_adjacency,waste_facility,5,2,512,000010000001010000001000000100100000,0,43.54868223668716,27.154510829224307,37.467252502051075,45.90426036668173,2025-08-28 08:22:03
naive_adjacency,waste_facility,5,2,512,000001000010010000001000000100100000,0,45.904260366681726,27.154510829224307,37.467252502051075,45.90426036668173,2025-08-28 08:22:03
naive_adjacency,waste_facility,5,2,512,000100000010010000000001001000100000,0,28.174467584998155,27.154510829224307,37.467252502051075,45.90426036668173,2025-08-28 08:22:03
naive_adjacency,waste_facility,5,2,512,000100000001010000000010001000100000,0,28.174467584998162,27.154510829224307,37.467252502051075,45.90426036668173,2025-08-28 08:22:03
naive_adjacency,waste_facility,5,2,512,000010000100010000000001001000100000,0,42.66520439291306,27.154510829224307,37.467252502051075,45.90426036668173,2025-08-28 08:22:03
naive_adjacency,waste_facility,5,2,512,000001000100010000000010001000100000,0,30.530045714992706,27.154510829224307,37.467252502051075,45.90426036668173,2025-08-28 08:22:03
naive_adjacency,waste_facility,5,2,512,000010000001010000000100001000100000,0,42.66520439291304,27.154510829224307,37.467252502051075,45.90426036668173,2025-08-28 08:22:03
naive_adjacency,waste_facility,5,2,512,000001000010010000000100001000100000,0,30.53004571499271,27.154510829224307,37.467252502051075,45.90426036668173,2025-08-28 08:22:03
naive_adjacency,waste_facility,5,2,512,001000000100000010010000000001100000,0,41.64524763713921,27.154510829224307,37.467252502051075,45.90426036668173,2025-08-28 08:22:03
naive_adjacency,waste_facility,5,2,512,001000000100000001010000000010100000,0,42.66520439291305,27.154510829224307,37.467252502051075,45.90426036668173,2025-08-28 08:22:03
naive_adjacency,waste_facility,5,2,512,001000000010000100010000000001100000,0,42.52872548091332,27.154510829224307,37.467252502051075,45.90426036668173,2025-08-28 08:22:03
naive_adjacency,waste_facility,5,2,512,001000000001000100010000000010100000,0,40.33524227466998,27.154510829224307,37.467252502051075,45.90426036668173,2025-08-28 08:22:03
naive_adjacency,waste_facility,5,2,512,001000000010000001010000000100100000,0,43.54868223668716,27.154510829224307,37.467252502051075,45.90426036668173,2025-08-28 08:22:03
naive_adjacency,waste_facility,5,2,512,001000000001000010010000000100100000,0,40.33524227466999,27.154510829224307,37.467252502051075,45.90426036668173,2025-08-28 08:22:03
naive_adjacency,waste_facility,5,2,512,000100001000000010010000000001100000,0,27.154510829224314,27.154510829224307,37.467252502051075,45.90426036668173,2025-08-28 08:22:03
naive_adjacency,waste_facility,5,2,512,000100001000000001010000000010100000,0,28.174467584998155,27.154510829224307,37.467252502051075,45.90426036668173,2025-08-28 08:22:03
naive_adjacency,waste_facility,5,2,512,000010001000000100010000000001100000,0,28.03798867299843,27.154510829224307,37.467252502051075,45.90426036668173,2025-08-28 08:22:03
naive_adjacency,waste_facility,5,2,512,000001001000000100010000000010100000,0,28.20008359674965,27.154510829224307,37.467252502051075,45.90426036668173,2025-08-28 08:22:03
naive_adjacency,waste_facility,5,2,512,000010001000000001010000000100100000,0,29.057945428772268,27.154510829224307,37.467252502051075,45.90426036668173,2025-08-28 08:22:03
naive_adjacency,waste_facility,5,2,512,000001001000000010010000000100100000,0,28.200083596749646,27.154510829224307,37.467252502051075,45.90426036668173,2025-08-28 08:22:03
naive_adjacency,waste_facility,5,2,512,000100000010001000010000000001100000,0,42.52872548091332,27.154510829224307,37.467252502051075,45.90426036668173,2025-08-28 08:22:03
naive_adjacency,waste_facility,5,2,512,000100000001001000010000000010100000,0,41.218720118444104,27.154510829224307,37.467252502051075,45.90426036668173,2025-08-28 08:22:03
naive_adjacency,waste_facility,5,2,512,000010000100001000010000000001100000,0,42.52872548091333,27.154510829224307,37.467252502051075,45.90426036668173,2025-08-28 08:22:03
naive_adjacency,waste_facility,5,2,512,000001000100001000010000000010100000,0,43.57429824843866,27.154510829224307,37.467252502051075,45.90426036668173,2025-08-28 08:22:03
naive_adjacency,waste_facility,5,2,512,000010000001001000010000000100100000,0,40.33524227466999,27.154510829224307,37.467252502051075,45.90426036668173,2025-08-28 08:22:03
naive_adjacency,waste_facility,5,2,512,000001000010001000010000000100100000,0,42.69082040466455,27.154510829224307,37.467252502051075,45.90426036668173,2025-08-28 08:22:03
naive_adjacency,waste_facility,5,2,512,000100000010000001010000001000100000,0,43.54868223668716,27.154510829224307,37.467252502051075,45.90426036668173,2025-08-28 08:22:03
naive_adjacency,waste_facility,5,2,512,000100000001000010010000001000100000,0,41.2187201184441,27.154510829224307,37.467252502051075,45.90426036668173,2025-08-28 08:22:03
naive_adjacency,waste_facility,5,2,512,000010000100000001010000001000100000,0,43.54868223668716,27.154510829224307,37.467252502051075,45.90426036668173,2025-08-28 08:22:03
naive_adjacency,waste_facility,5,2,512,000001000100000010010000001000100000,0,43.57429824843866,27.154510829224307,37.467252502051075,45.90426036668173,2025-08-28 08:22:03
naive_adjacency,waste_facility,5,2,512,000010000001000100010000001000100000,0,40.33524227466998,27.154510829224307,37.467252502051075,45.90426036668173,2025-08-28 08:22:03
naive_adjacency,waste_facility,5,2,512,000001000010000100010000001000100000,0,42.69082040466454,27.154510829224307,37.467252502051075,45.90426036668173,2025-08-28 08:22:03
naive_adjacency,waste_facility,5,2,512,001000000100000010000001010000100000,0,42.52872548091333,27.154510829224307,37.467252502051075,45.90426036668173,2025-08-28 08:22:03
naive_adjacency,waste_facility,5,2,512,001000000100000001000010010000100000,0,30.36795079124149,27.154510829224307,37.467252502051075,45.90426036668173,2025-08-28 08:22:03
naive_adjacency,waste_facility,5,2,512,001000000010000100000001010000100000,0,28.03798867299843,27.154510829224307,37.467252502051075,45.90426036668173,2025-08-28 08:22:03
naive_adjacency,waste_facility,5,2,512,001000000001000100000010010000100000,0,28.037988672998424,27.154510829224307,37.467252502051075,45.90426036668173,2025-08-28 08:22:03
naive_adjacency,waste_facility,5,2,512,001000000010000001000100010000100000,0,30.367950791241498,27.154510829224307,37.467252502051075,45.90426036668173,2025-08-28 08:22:03
naive_adjacency,waste_facility,5,2,512,001000000001000010000100010000100000,0,42.52872548091333,27.154510829224307,37.467252502051075,45.90426036668173,2025-08-28 08:22:03
naive_adjacency,waste_facility,5,2,512,000100001000000010000001010000100000,0,42.52872548091333,27.154510829224307,37.467252502051075,45.90426036668173,2025-08-28 08:22:03
naive_adjacency,waste_facility,5,2,512,000100001000000001000010010000100000,0,44.85868759915639,27.154510829224307,37.467252502051075,45.90426036668173,2025-08-28 08:22:03
naive_adjacency,waste_facility,5,2,512,000010001000000100000001010000100000,0,42.52872548091333,27.154510829224307,37.467252502051075,45.90426036668173,2025-08-28 08:22:03
naive_adjacency,waste_facility,5,2,512,000001001000000100000010010000100000,0,44.88430361090788,27.154510829224307,37.467252502051075,45.90426036668173,2025-08-28 08:22:03
naive_adjacency,waste_facility,5,2,512,000010001000000001000100010000100000,0,30.367950791241487,27.154510829224307,37.467252502051075,45.90426036668173,2025-08-28 08:22:03
naive_adjacency,waste_facility,5,2,512,000001001000000010000100010000100000,0,30.393566802992986,27.154510829224307,37.467252502051075,45.90426036668173,2025-08-28 08:22:03
naive_adjacency,waste_facility,5,2,512,000100000010001000000001010000100000,0,27.154510829224314,27.154510829224307,37.467252502051075,45.90426036668173,2025-08-28 08:22:03
naive_adjacency,waste_facility,5,2,512,000100000001001000000010010000100000,0,27.154510829224314,27.154510829224307,37.467252502051075,45.90426036668173,2025-08-28 08:22:03
naive_adjacency,waste_facility,5,2,512,000010000100001000000001010000100000,0,41.64524763713922,27.154510829224307,37.467252502051075,45.90426036668173,2025-08-28 08:22:03
naive_adjacency,waste_facility,5,2,512,000001000100001000000010010000100000,0,29.510088959218866,27.154510829224307,37.467252502051075,45.90426036668173,2025-08-28 08:22:03
naive_adjacency,waste_facility,5,2,512,000010000001001000000100010000100000,0,41.6452476371392,27.154510829224307,37.467252502051075,45.90426036668173,2025-08-28 08:22:03
naive_adjacency,waste_facility,5,2,512,000001000010001000000100010000100000,0,29.51008895921887,27.154510829224307,37.467252502051075,45.90426036668173,2025-08-28 08:22:03
naive_adjacency,waste_facility,5,2,512,000100000010000001001000010000100000,0,44.85868759915638,27.154510829224307,37.467252502051075,45.90426036668173,2025-08-28 08:22:03
naive_adjacency,waste_facility,5,2,512,000100000001000010001000010000100000,0,42.528725480913316,27.154510829224307,37.467252502051075,45.90426036668173,2025-08-28 08:22:03
naive_adjacency,waste_facility,5,2,512,000010000100000001001000010000100000,0,30.36795079124149,27.154510829224307,37.467252502051075,45.90426036668173,2025-08-28 08:22:03
naive_adjacency,waste_facility,5,2,512,000001000100000010001000010000100000,0,30.393566802992986,27.154510829224307,37.467252502051075,45.90426036668173,2025-08-28 08:22:03
naive_adjacency,waste_facility,5,2,512,000010000001000100001000010000100000,0,42.52872548091332,27.154510829224307,37.467252502051075,45.90426036668173,2025-08-28 08:22:03
naive_adjacency,waste_facility,5,2,512,000001000010000100001000010000100000,0,44.884303610907885,27.154510829224307,37.467252502051075,45.90426036668173,2025-08-28 08:22:03
