conf_qubit_alloc,conf_cluster_type,conf_target_id,conf_qaoa_depth,shots,bit_string,count,cost,benchmark_min_cost,benchmark_avg_cost,benchmark_max_cost,timestamp
naive_adjacency,waste_collection_area,56,3,512,1000010000100001,0,19.876919324808856,17.97359693637821,18.946169104116787,19.876919324808856,2025-09-22 08:16:40
naive_adjacency,waste_collection_area,56,3,512,1000010000010010,0,17.97359693637821,17.97359693637821,18.946169104116787,19.876919324808856,2025-09-22 08:16:40
naive_adjacency,waste_collection_area,56,3,512,1000001001000001,0,18.987991051163284,17.97359693637821,18.946169104116787,19.876919324808856,2025-09-22 08:16:40
naive_adjacency,waste_collection_area,56,3,512,1000000101000010,0,17.97359693637821,17.97359693637821,18.946169104116787,19.876919324808856,2025-09-22 08:16:40
naive_adjacency,waste_collection_area,56,3,512,1000001000010100,0,18.987991051163288,17.97359693637821,18.946169104116787,19.876919324808856,2025-09-22 08:16:40
naive_adjacency,waste_collection_area,56,3,512,1000000100100100,0,19.876919324808856,17.97359693637821,18.946169104116787,19.876919324808856,2025-09-22 08:16:40
naive_adjacency,waste_collection_area,56,3,512,0100100000100001,0,17.97359693637821,17.97359693637821,18.946169104116787,19.876919324808856,2025-09-22 08:16:40
naive_adjacency,waste_collection_area,56,3,512,0100100000010010,0,19.876919324808856,17.97359693637821,18.946169104116787,19.876919324808856,2025-09-22 08:16:40
naive_adjacency,waste_collection_area,56,3,512,0010100001000001,0,18.987991051163288,17.97359693637821,18.946169104116787,19.876919324808856,2025-09-22 08:16:40
naive_adjacency,waste_collection_area,56,3,512,0001100001000010,0,19.876919324808856,17.97359693637821,18.946169104116787,19.876919324808856,2025-09-22 08:16:40
naive_adjacency,waste_collection_area,56,3,512,0010100000010100,0,18.987991051163288,17.97359693637821,18.946169104116787,19.876919324808856,2025-09-22 08:16:40
naive_adjacency,waste_collection_area,56,3,512,0001100000100100,0,17.97359693637821,17.97359693637821,18.946169104116787,19.876919324808856,2025-09-22 08:16:40
naive_adjacency,waste_collection_area,56,3,512,0100001010000001,0,17.97359693637821,17.97359693637821,18.946169104116787,19.876919324808856,2025-09-22 08:16:40
naive_adjacency,waste_collection_area,56,3,512,0100000110000010,0,18.987991051163288,17.97359693637821,18.946169104116787,19.876919324808856,2025-09-22 08:16:40
naive_adjacency,waste_collection_area,56,3,512,0010010010000001,0,19.876919324808853,17.97359693637821,18.946169104116787,19.876919324808856,2025-09-22 08:16:40
naive_adjacency,waste_collection_area,56,3,512,0001010010000010,0,18.987991051163288,17.97359693637821,18.946169104116787,19.876919324808856,2025-09-22 08:16:40
naive_adjacency,waste_collection_area,56,3,512,0010000110000100,0,19.876919324808856,17.97359693637821,18.946169104116787,19.876919324808856,2025-09-22 08:16:40
naive_adjacency,waste_collection_area,56,3,512,0001001010000100,0,17.97359693637821,17.97359693637821,18.946169104116787,19.876919324808856,2025-09-22 08:16:40
naive_adjacency,waste_collection_area,56,3,512,0100001000011000,0,19.876919324808856,17.97359693637821,18.946169104116787,19.876919324808856,2025-09-22 08:16:40
naive_adjacency,waste_collection_area,56,3,512,0100000100101000,0,18.987991051163288,17.97359693637821,18.946169104116787,19.876919324808856,2025-09-22 08:16:40
naive_adjacency,waste_collection_area,56,3,512,0010010000011000,0,17.97359693637821,17.97359693637821,18.946169104116787,19.876919324808856,2025-09-22 08:16:40
naive_adjacency,waste_collection_area,56,3,512,0001010000101000,0,18.987991051163288,17.97359693637821,18.946169104116787,19.876919324808856,2025-09-22 08:16:40
naive_adjacency,waste_collection_area,56,3,512,0010000101001000,1,17.97359693637821,17.97359693637821,18.946169104116787,19.876919324808856,2025-09-22 08:16:40
naive_adjacency,waste_collection_area,56,3,512,0001001001001000,0,19.876919324808856,17.97359693637821,18.946169104116787,19.876919324808856,2025-09-22 08:16:40
node_visit_time,waste_collection_area,56,3,512,000110,3,17.97359693637821,17.97359693637821,18.946169104116784,19.876919324808856,2025-09-22 08:17:42
node_visit_time,waste_collection_area,56,3,512,001001,5,18.987991051163288,17.97359693637821,18.946169104116784,19.876919324808856,2025-09-22 08:17:42
node_visit_time,waste_collection_area,56,3,512,010010,7,19.876919324808853,17.97359693637821,18.946169104116784,19.876919324808856,2025-09-22 08:17:42
node_visit_time,waste_collection_area,56,3,512,011000,6,19.876919324808856,17.97359693637821,18.946169104116784,19.876919324808856,2025-09-22 08:17:42
node_visit_time,waste_collection_area,56,3,512,100001,1,18.987991051163288,17.97359693637821,18.946169104116784,19.876919324808856,2025-09-22 08:17:42
node_visit_time,waste_collection_area,56,3,512,100100,8,17.97359693637821,17.97359693637821,18.946169104116784,19.876919324808856,2025-09-22 08:17:42
naive_adjacency,waste_collection_area,108,3,512,100010001,1,14.049711003352062,14.049711003352058,14.04971100335206,14.049711003352062,2025-09-22 08:18:28
naive_adjacency,waste_collection_area,108,3,512,100001010,2,14.04971100335206,14.049711003352058,14.04971100335206,14.049711003352062,2025-09-22 08:18:28
naive_adjacency,waste_collection_area,108,3,512,010100001,1,14.049711003352058,14.049711003352058,14.04971100335206,14.049711003352062,2025-09-22 08:18:28
naive_adjacency,waste_collection_area,108,3,512,001100010,0,14.049711003352062,14.049711003352058,14.04971100335206,14.049711003352062,2025-09-22 08:18:28
naive_adjacency,waste_collection_area,108,3,512,010001100,1,14.049711003352062,14.049711003352058,14.04971100335206,14.049711003352062,2025-09-22 08:18:28
naive_adjacency,waste_collection_area,108,3,512,001010100,2,14.049711003352058,14.049711003352058,14.04971100335206,14.049711003352062,2025-09-22 08:18:28
node_visit_time,waste_collection_area,108,3,512,0001,52,14.049711003352062,14.04971100335206,14.049711003352062,14.049711003352062,2025-09-22 08:19:30
node_visit_time,waste_collection_area,108,3,512,0100,32,14.04971100335206,14.04971100335206,14.049711003352062,14.049711003352062,2025-09-22 08:19:30
naive_adjacency,waste_collection_area,47,3,512,1000010000100001,0,3.366726069444905,3.366726069444905,4.246461225862706,6.005931538698303,2025-09-22 08:20:26
naive_adjacency,waste_collection_area,47,3,512,1000010000010010,0,6.005931538698302,3.366726069444905,4.246461225862706,6.005931538698303,2025-09-22 08:20:26
naive_adjacency,waste_collection_area,47,3,512,1000001001000001,0,3.366726069444905,3.366726069444905,4.246461225862706,6.005931538698303,2025-09-22 08:20:26
naive_adjacency,waste_collection_area,47,3,512,1000000101000010,0,6.005931538698302,3.366726069444905,4.246461225862706,6.005931538698303,2025-09-22 08:20:26
naive_adjacency,waste_collection_area,47,3,512,1000001000010100,0,3.366726069444905,3.366726069444905,4.246461225862706,6.005931538698303,2025-09-22 08:20:26
naive_adjacency,waste_collection_area,47,3,512,1000000100100100,0,3.366726069444905,3.366726069444905,4.246461225862706,6.005931538698303,2025-09-22 08:20:26
naive_adjacency,waste_collection_area,47,3,512,0100100000100001,0,6.005931538698303,3.366726069444905,4.246461225862706,6.005931538698303,2025-09-22 08:20:26
naive_adjacency,waste_collection_area,47,3,512,0100100000010010,0,3.3667260694449053,3.366726069444905,4.246461225862706,6.005931538698303,2025-09-22 08:20:26
naive_adjacency,waste_collection_area,47,3,512,0010100001000001,0,3.3667260694449053,3.366726069444905,4.246461225862706,6.005931538698303,2025-09-22 08:20:26
naive_adjacency,waste_collection_area,47,3,512,0001100001000010,0,3.3667260694449053,3.366726069444905,4.246461225862706,6.005931538698303,2025-09-22 08:20:26
naive_adjacency,waste_collection_area,47,3,512,0010100000010100,0,3.3667260694449053,3.366726069444905,4.246461225862706,6.005931538698303,2025-09-22 08:20:26
naive_adjacency,waste_collection_area,47,3,512,0001100000100100,0,6.005931538698302,3.366726069444905,4.246461225862706,6.005931538698303,2025-09-22 08:20:26
naive_adjacency,waste_collection_area,47,3,512,0100001010000001,0,6.005931538698303,3.366726069444905,4.246461225862706,6.005931538698303,2025-09-22 08:20:26
naive_adjacency,waste_collection_area,47,3,512,0100000110000010,0,3.3667260694449053,3.366726069444905,4.246461225862706,6.005931538698303,2025-09-22 08:20:26
naive_adjacency,waste_collection_area,47,3,512,0010010010000001,0,3.3667260694449053,3.366726069444905,4.246461225862706,6.005931538698303,2025-09-22 08:20:26
naive_adjacency,waste_collection_area,47,3,512,0001010010000010,0,3.3667260694449053,3.366726069444905,4.246461225862706,6.005931538698303,2025-09-22 08:20:26
naive_adjacency,waste_collection_area,47,3,512,0010000110000100,1,3.3667260694449053,3.366726069444905,4.246461225862706,6.005931538698303,2025-09-22 08:20:26
naive_adjacency,waste_collection_area,47,3,512,0001001010000100,0,6.005931538698302,3.366726069444905,4.246461225862706,6.005931538698303,2025-09-22 08:20:26
naive_adjacency,waste_collection_area,47,3,512,0100001000011000,0,3.366726069444905,3.366726069444905,4.246461225862706,6.005931538698303,2025-09-22 08:20:26
naive_adjacency,waste_collection_area,47,3,512,0100000100101000,0,3.366726069444905,3.366726069444905,4.246461225862706,6.005931538698303,2025-09-22 08:20:26
naive_adjacency,waste_collection_area,47,3,512,0010010000011000,0,6.005931538698303,3.366726069444905,4.246461225862706,6.005931538698303,2025-09-22 08:20:26
naive_adjacency,waste_collection_area,47,3,512,0001010000101000,0,3.366726069444905,3.366726069444905,4.246461225862706,6.005931538698303,2025-09-22 08:20:26
naive_adjacency,waste_collection_area,47,3,512,0010000101001000,0,6.005931538698303,3.366726069444905,4.246461225862706,6.005931538698303,2025-09-22 08:20:26
naive_adjacency,waste_collection_area,47,3,512,0001001001001000,0,3.366726069444905,3.366726069444905,4.246461225862706,6.005931538698303,2025-09-22 08:20:26
node_visit_time,waste_collection_area,47,3,512,000110,7,3.366726069444905,3.366726069444905,4.246461225862704,6.005931538698302,2025-09-22 08:21:44
node_visit_time,waste_collection_area,47,3,512,001001,9,6.005931538698302,3.366726069444905,4.246461225862704,6.005931538698302,2025-09-22 08:21:44
node_visit_time,waste_collection_area,47,3,512,010010,7,3.366726069444905,3.366726069444905,4.246461225862704,6.005931538698302,2025-09-22 08:21:44
node_visit_time,waste_collection_area,47,3,512,011000,6,3.366726069444905,3.366726069444905,4.246461225862704,6.005931538698302,2025-09-22 08:21:44
node_visit_time,waste_collection_area,47,3,512,100001,8,6.005931538698302,3.366726069444905,4.246461225862704,6.005931538698302,2025-09-22 08:21:44
node_visit_time,waste_collection_area,47,3,512,100100,3,3.366726069444905,3.366726069444905,4.246461225862704,6.005931538698302,2025-09-22 08:21:44
naive_adjacency,waste_facility,5,3,512,100000010000001000000100000010000001,0,44.88430361090788,27.154510829224307,37.467252502051075,45.90426036668173,2025-09-22 08:23:10
naive_adjacency,waste_facility,5,3,512,100000010000001000000100000001000010,0,42.52872548091332,27.154510829224307,37.467252502051075,45.90426036668173,2025-09-22 08:23:10
naive_adjacency,waste_facility,5,3,512,100000010000001000000010000100000001,0,42.69082040466454,27.154510829224307,37.467252502051075,45.90426036668173,2025-09-22 08:23:10
naive_adjacency,waste_facility,5,3,512,100000010000001000000001000100000010,0,41.64524763713921,27.154510829224307,37.467252502051075,45.90426036668173,2025-09-22 08:23:10
naive_adjacency,waste_facility,5,3,512,100000010000001000000010000001000100,0,43.54868223668716,27.154510829224307,37.467252502051075,45.90426036668173,2025-09-22 08:23:10
naive_adjacency,waste_facility,5,3,512,100000010000001000000001000010000100,0,44.85868759915638,27.154510829224307,37.467252502051075,45.90426036668173,2025-09-22 08:23:10
naive_adjacency,waste_facility,5,3,512,100000010000000100001000000010000001,0,29.510088959218873,27.154510829224307,37.467252502051075,45.90426036668173,2025-09-22 08:23:10
naive_adjacency,waste_facility,5,3,512,100000010000000100001000000001000010,0,30.36795079124149,27.154510829224307,37.467252502051075,45.90426036668173,2025-09-22 08:23:10
naive_adjacency,waste_facility,5,3,512,100000010000000010001000000100000001,0,30.530045714992706,27.154510829224307,37.467252502051075,45.90426036668173,2025-09-22 08:23:10
naive_adjacency,waste_facility,5,3,512,100000010000000001001000000100000010,0,30.367950791241487,27.154510829224307,37.467252502051075,45.90426036668173,2025-09-22 08:23:10
naive_adjacency,waste_facility,5,3,512,100000010000000010001000000001000100,0,28.17446758499816,27.154510829224307,37.467252502051075,45.90426036668173,2025-09-22 08:23:10
naive_adjacency,waste_facility,5,3,512,100000010000000001001000000010000100,0,27.154510829224314,27.154510829224307,37.467252502051075,45.90426036668173,2025-09-22 08:23:10
naive_adjacency,waste_facility,5,3,512,100000010000000100000010001000000001,0,42.69082040466454,27.154510829224307,37.467252502051075,45.90426036668173,2025-09-22 08:23:10
naive_adjacency,waste_facility,5,3,512,100000010000000100000001001000000010,0,42.66520439291304,27.154510829224307,37.467252502051075,45.90426036668173,2025-09-22 08:23:10
naive_adjacency,waste_facility,5,3,512,100000010000000010000100001000000001,0,45.90426036668172,27.154510829224307,37.467252502051075,45.90426036668173,2025-09-22 08:23:10
naive_adjacency,waste_facility,5,3,512,100000010000000001000100001000000010,0,43.54868223668716,27.154510829224307,37.467252502051075,45.90426036668173,2025-09-22 08:23:10
naive_adjacency,waste_facility,5,3,512,100000010000000010000001001000000100,0,44.85868759915638,27.154510829224307,37.467252502051075,45.90426036668173,2025-09-22 08:23:10
naive_adjacency,waste_facility,5,3,512,100000010000000001000010001000000100,0,42.52872548091332,27.154510829224307,37.467252502051075,45.90426036668173,2025-09-22 08:23:10
naive_adjacency,waste_facility,5,3,512,100000010000000100000010000001001000,0,43.54868223668716,27.154510829224307,37.467252502051075,45.90426036668173,2025-09-22 08:23:10
naive_adjacency,waste_facility,5,3,512,100000010000000100000001000010001000,0,42.66520439291304,27.154510829224307,37.467252502051075,45.90426036668173,2025-09-22 08:23:10
naive_adjacency,waste_facility,5,3,512,100000010000000010000100000001001000,0,40.33524227466999,27.154510829224307,37.467252502051075,45.90426036668173,2025-09-22 08:23:10
naive_adjacency,waste_facility,5,3,512,100000010000000001000100000010001000,0,40.33524227466998,27.154510829224307,37.467252502051075,45.90426036668173,2025-09-22 08:23:10
naive_adjacency,waste_facility,5,3,512,100000010000000010000001000100001000,0,41.64524763713921,27.154510829224307,37.467252502051075,45.90426036668173,2025-09-22 08:23:10
naive_adjacency,waste_facility,5,3,512,100000010000000001000010000100001000,0,42.52872548091332,27.154510829224307,37.467252502051075,45.90426036668173,2025-09-22 08:23:10
naive_adjacency,waste_facility,5,3,512,100000001000010000000100000010000001,0,30.39356680299299,27.154510829224307,37.467252502051075,45.90426036668173,2025-09-22 08:23:10
naive_adjacency,waste_facility,5,3,512,100000001000010000000100000001000010,0,28.03798867299843,27.154510829224307,37.467252502051075,45.90426036668173,2025-09-22 08:23:10
naive_adjacency,waste_facility,5,3,512,100000001000010000000010000100000001,0,43.574298248438666,27.154510829224307,37.467252502051075,45.90426036668173,2025-09-22 08:23:10
naive_adjacency,waste_facility,5,3,512,100000001000010000000001000100000010,0,42.52872548091332,27.154510829224307,37.467252502051075,45.90426036668173,2025-09-22 08:23:10
naive_adjacency,waste_facility,5,3,512,100000001000010000000010000001000100,0,41.218720118444104,27.154510829224307,37.467252502051075,45.90426036668173,2025-09-22 08:23:10
naive_adjacency,waste_facility,5,3,512,100000001000010000000001000010000100,0,42.52872548091332,27.154510829224307,37.467252502051075,45.90426036668173,2025-09-22 08:23:10
naive_adjacency,waste_facility,5,3,512,100000000100010000001000000010000001,0,30.39356680299299,27.154510829224307,37.467252502051075,45.90426036668173,2025-09-22 08:23:10
naive_adjacency,waste_facility,5,3,512,100000000100010000001000000001000010,0,28.03798867299843,27.154510829224307,37.467252502051075,45.90426036668173,2025-09-22 08:23:10
naive_adjacency,waste_facility,5,3,512,100000000010010000001000000100000001,0,43.57429824843865,27.154510829224307,37.467252502051075,45.90426036668173,2025-09-22 08:23:10
naive_adjacency,waste_facility,5,3,512,100000000001010000001000000100000010,0,42.52872548091332,27.154510829224307,37.467252502051075,45.90426036668173,2025-09-22 08:23:10
naive_adjacency,waste_facility,5,3,512,100000000010010000001000000001000100,0,41.218720118444104,27.154510829224307,37.467252502051075,45.90426036668173,2025-09-22 08:23:10
naive_adjacency,waste_facility,5,3,512,100000000001010000001000000010000100,0,42.52872548091333,27.154510829224307,37.467252502051075,45.90426036668173,2025-09-22 08:23:10
naive_adjacency,waste_facility,5,3,512,100000000100010000000010001000000001,0,28.200083596749653,27.154510829224307,37.467252502051075,45.90426036668173,2025-09-22 08:23:10
naive_adjacency,waste_facility,5,3,512,100000000100010000000001001000000010,0,40.33524227466998,27.154510829224307,37.467252502051075,45.90426036668173,2025-09-22 08:23:10
naive_adjacency,waste_facility,5,3,512,100000000010010000000100001000000001,0,28.200083596749646,27.154510829224307,37.467252502051075,45.90426036668173,2025-09-22 08:23:10
naive_adjacency,waste_facility,5,3,512,100000000001010000000100001000000010,0,40.335242274669994,27.154510829224307,37.467252502051075,45.90426036668173,2025-09-22 08:23:10
naive_adjacency,waste_facility,5,3,512,100000000010010000000001001000000100,0,27.15451082922431,27.154510829224307,37.467252502051075,45.90426036668173,2025-09-22 08:23:10
naive_adjacency,waste_facility,5,3,512,100000000001010000000010001000000100,0,27.154510829224314,27.154510829224307,37.467252502051075,45.90426036668173,2025-09-22 08:23:10
naive_adjacency,waste_facility,5,3,512,100000000100010000000010000001001000,0,29.05794542877227,27.154510829224307,37.467252502051075,45.90426036668173,2025-09-22 08:23:10
naive_adjacency,waste_facility,5,3,512,100000000100010000000001000010001000,0,43.54868223668717,27.154510829224307,37.467252502051075,45.90426036668173,2025-09-22 08:23:10
naive_adjacency,waste_facility,5,3,512,100000000010010000000100000001001000,0,29.05794542877227,27.154510829224307,37.467252502051075,45.90426036668173,2025-09-22 08:23:10
naive_adjacency,waste_facility,5,3,512,100000000001010000000100000010001000,0,43.54868223668717,27.154510829224307,37.467252502051075,45.90426036668173,2025-09-22 08:23:10
naive_adjacency,waste_facility,5,3,512,100000000010010000000001000100001000,0,30.367950791241487,27.154510829224307,37.467252502051075,45.90426036668173,2025-09-22 08:23:10
naive_adjacency,waste_facility,5,3,512,100000000001010000000010000100001000,0,30.36795079124149,27.154510829224307,37.467252502051075,45.90426036668173,2025-09-22 08:23:10
naive_adjacency,waste_facility,5,3,512,100000001000000100010000000010000001,0,29.51008895921888,27.154510829224307,37.467252502051075,45.90426036668173,2025-09-22 08:23:10
naive_adjacency,waste_facility,5,3,512,100000001000000100010000000001000010,0,30.367950791241498,27.154510829224307,37.467252502051075,45.90426036668173,2025-09-22 08:23:10
naive_adjacency,waste_facility,5,3,512,100000001000000010010000000100000001,0,30.530045714992717,27.154510829224307,37.467252502051075,45.90426036668173,2025-09-22 08:23:10
naive_adjacency,waste_facility,5,3,512,100000001000000001010000000100000010,0,30.367950791241494,27.154510829224307,37.467252502051075,45.90426036668173,2025-09-22 08:23:10
naive_adjacency,waste_facility,5,3,512,100000001000000010010000000001000100,0,28.17446758499816,27.154510829224307,37.467252502051075,45.90426036668173,2025-09-22 08:23:10
naive_adjacency,waste_facility,5,3,512,100000001000000001010000000010000100,0,27.154510829224314,27.154510829224307,37.467252502051075,45.90426036668173,2025-09-22 08:23:10
naive_adjacency,waste_facility,5,3,512,100000000100001000010000000010000001,0,44.88430361090789,27.154510829224307,37.467252502051075,45.90426036668173,2025-09-22 08:23:10
naive_adjacency,waste_facility,5,3,512,100000000100001000010000000001000010,0,42.52872548091333,27.154510829224307,37.467252502051075,45.90426036668173,2025-09-22 08:23:10
naive_adjacency,waste_facility,5,3,512,100000000010001000010000000100000001,0,42.69082040466455,27.154510829224307,37.467252502051075,45.90426036668173,2025-09-22 08:23:10
naive_adjacency,waste_facility,5,3,512,100000000001001000010000000100000010,0,41.64524763713922,27.154510829224307,37.467252502051075,45.90426036668173,2025-09-22 08:23:10
naive_adjacency,waste_facility,5,3,512,100000000010001000010000000001000100,0,43.54868223668718,27.154510829224307,37.467252502051075,45.90426036668173,2025-09-22 08:23:10
naive_adjacency,waste_facility,5,3,512,100000000001001000010000000010000100,0,44.8586875991564,27.154510829224307,37.467252502051075,45.90426036668173,2025-09-22 08:23:10
naive_adjacency,waste_facility,5,3,512,100000000100000010010000001000000001,0,45.904260366681726,27.154510829224307,37.467252502051075,45.90426036668173,2025-09-22 08:23:10
naive_adjacency,waste_facility,5,3,512,100000000100000001010000001000000010,0,43.54868223668716,27.154510829224307,37.467252502051075,45.90426036668173,2025-09-22 08:23:10
naive_adjacency,waste_facility,5,3,512,100000000010000100010000001000000001,0,42.69082040466454,27.154510829224307,37.467252502051075,45.90426036668173,2025-09-22 08:23:10
naive_adjacency,waste_facility,5,3,512,100000000001000100010000001000000010,0,42.665204392913054,27.154510829224307,37.467252502051075,45.90426036668173,2025-09-22 08:23:10
naive_adjacency,waste_facility,5,3,512,100000000010000001010000001000000100,0,42.52872548091333,27.154510829224307,37.467252502051075,45.90426036668173,2025-09-22 08:23:10
naive_adjacency,waste_facility,5,3,512,100000000001000010010000001000000100,0,44.8586875991564,27.154510829224307,37.467252502051075,45.90426036668173,2025-09-22 08:23:10
naive_adjacency,waste_facility,5,3,512,100000000100000010010000000001001000,0,40.33524227467,27.154510829224307,37.467252502051075,45.90426036668173,2025-09-22 08:23:10
naive_adjacency,waste_facility,5,3,512,100000000100000001010000000010001000,0,40.33524227467,27.154510829224307,37.467252502051075,45.90426036668173,2025-09-22 08:23:10
naive_adjacency,waste_facility,5,3,512,100000000010000100010000000001001000,0,43.54868223668718,27.154510829224307,37.467252502051075,45.90426036668173,2025-09-22 08:23:10
naive_adjacency,waste_facility,5,3,512,100000000001000100010000000010001000,0,42.66520439291306,27.154510829224307,37.467252502051075,45.90426036668173,2025-09-22 08:23:10
naive_adjacency,waste_facility,5,3,512,100000000010000001010000000100001000,0,42.52872548091334,27.154510829224307,37.467252502051075,45.90426036668173,2025-09-22 08:23:10
naive_adjacency,waste_facility,5,3,512,100000000001000010010000000100001000,0,41.64524763713922,27.154510829224307,37.467252502051075,45.90426036668173,2025-09-22 08:23:10
naive_adjacency,waste_facility,5,3,512,100000001000000100000010010000000001,0,43.57429824843866,27.154510829224307,37.467252502051075,45.90426036668173,2025-09-22 08:23:10
naive_adjacency,waste_facility,5,3,512,100000001000000100000001010000000010,0,43.548682236687156,27.154510829224307,37.467252502051075,45.90426036668173,2025-09-22 08:23:10
naive_adjacency,waste_facility,5,3,512,100000001000000010000100010000000001,0,31.41352355876683,27.154510829224307,37.467252502051075,45.90426036668173,2025-09-22 08:23:10
naive_adjacency,waste_facility,5,3,512,100000001000000001000100010000000010,0,29.057945428772275,27.154510829224307,37.467252502051075,45.90426036668173,2025-09-22 08:23:10
naive_adjacency,waste_facility,5,3,512,100000001000000010000001010000000100,0,43.548682236687156,27.154510829224307,37.467252502051075,45.90426036668173,2025-09-22 08:23:10
naive_adjacency,waste_facility,5,3,512,100000001000000001000010010000000100,0,41.218720118444104,27.154510829224307,37.467252502051075,45.90426036668173,2025-09-22 08:23:10
naive_adjacency,waste_facility,5,3,512,100000000100001000000010010000000001,0,28.200083596749653,27.154510829224307,37.467252502051075,45.90426036668173,2025-09-22 08:23:10
naive_adjacency,waste_facility,5,3,512,100000000100001000000001010000000010,0,40.33524227466998,27.154510829224307,37.467252502051075,45.90426036668173,2025-09-22 08:23:10
naive_adjacency,waste_facility,5,3,512,100000000010001000000100010000000001,0,28.200083596749646,27.154510829224307,37.467252502051075,45.90426036668173,2025-09-22 08:23:10
naive_adjacency,waste_facility,5,3,512,100000000001001000000100010000000010,0,40.335242274669994,27.154510829224307,37.467252502051075,45.90426036668173,2025-09-22 08:23:10
naive_adjacency,waste_facility,5,3,512,100000000010001000000001010000000100,0,28.17446758499815,27.154510829224307,37.467252502051075,45.90426036668173,2025-09-22 08:23:10
naive_adjacency,waste_facility,5,3,512,100000000001001000000010010000000100,0,28.174467584998155,27.154510829224307,37.467252502051075,45.90426036668173,2025-09-22 08:23:10
naive_adjacency,waste_facility,5,3,512,100000000100000010001000010000000001,0,31.41352355876683,27.154510829224307,37.467252502051075,45.90426036668173,2025-09-22 08:23:10
naive_adjacency,waste_facility,5,3,512,100000000100000001001000010000000010,0,29.057945428772268,27.154510829224307,37.467252502051075,45.90426036668173,2025-09-22 08:23:10
naive_adjacency,waste_facility,5,3,512,100000000010000100001000010000000001,0,43.57429824843866,27.154510829224307,37.467252502051075,45.90426036668173,2025-09-22 08:23:10
naive_adjacency,waste_facility,5,3,512,100000000001000100001000010000000010,0,43.54868223668717,27.154510829224307,37.467252502051075,45.90426036668173,2025-09-22 08:23:10
naive_adjacency,waste_facility,5,3,512,100000000010000001001000010000000100,0,41.21872011844411,27.154510829224307,37.467252502051075,45.90426036668173,2025-09-22 08:23:10
naive_adjacency,waste_facility,5,3,512,100000000001000010001000010000000100,0,43.54868223668717,27.154510829224307,37.467252502051075,45.90426036668173,2025-09-22 08:23:10
naive_adjacency,waste_facility,5,3,512,100000000100000010000001010000001000,0,42.52872548091332,27.154510829224307,37.467252502051075,45.90426036668173,2025-09-22 08:23:10
naive_adjacency,waste_facility,5,3,512,100000000100000001000010010000001000,0,28.03798867299843,27.154510829224307,37.467252502051075,45.90426036668173,2025-09-22 08:23:10
naive_adjacency,waste_facility,5,3,512,100000000010000100000001010000001000,0,30.367950791241487,27.154510829224307,37.467252502051075,45.90426036668173,2025-09-22 08:23:10
naive_adjacency,waste_facility,5,3,512,100000000001000100000010010000001000,0,30.36795079124149,27.154510829224307,37.467252502051075,45.90426036668173,2025-09-22 08:23:10
naive_adjacency,waste_facility,5,3,512,100000000010000001000100010000001000,0,28.03798867299843,27.154510829224307,37.467252502051075,45.90426036668173,2025-09-22 08:23:10
naive_adjacency,waste_facility,5,3,512,100000000001000010000100010000001000,0,42.52872548091333,27.154510829224307,37.467252502051075,45.90426036668173,2025-09-22 08:23:10
naive_adjacency,waste_facility,5,3,512,100000001000000100000010000001010000,0,43.57429824843866,27.154510829224307,37.467252502051075,45.90426036668173,2025-09-22 08:23:10
naive_adjacency,waste_facility,5,3,512,100000001000000100000001000010010000,0,42.69082040466455,27.154510829224307,37.467252502051075,45.90426036668173,2025-09-22 08:23:10
naive_adjacency,waste_facility,5,3,512,100000001000000010000100000001010000,0,28.20008359674965,27.154510829224307,37.467252502051075,45.90426036668173,2025-09-22 08:23:10
naive_adjacency,waste_facility,5,3,512,100000001000000001000100000010010000,0,28.20008359674965,27.154510829224307,37.467252502051075,45.90426036668173,2025-09-22 08:23:10
naive_adjacency,waste_facility,5,3,512,100000001000000010000001000100010000,0,42.69082040466455,27.154510829224307,37.467252502051075,45.90426036668173,2025-09-22 08:23:10
naive_adjacency,waste_facility,5,3,512,100000001000000001000010000100010000,0,43.574298248438666,27.154510829224307,37.467252502051075,45.90426036668173,2025-09-22 08:23:10
naive_adjacency,waste_facility,5,3,512,100000000100001000000010000001010000,0,31.413523558766826,27.154510829224307,37.467252502051075,45.90426036668173,2025-09-22 08:23:10
naive_adjacency,waste_facility,5,3,512,100000000100001000000001000010010000,0,45.904260366681726,27.154510829224307,37.467252502051075,45.90426036668173,2025-09-22 08:23:10
naive_adjacency,waste_facility,5,3,512,100000000010001000000100000001010000,0,31.413523558766826,27.154510829224307,37.467252502051075,45.90426036668173,2025-09-22 08:23:10
naive_adjacency,waste_facility,5,3,512,100000000001001000000100000010010000,0,45.904260366681726,27.154510829224307,37.467252502051075,45.90426036668173,2025-09-22 08:23:10
naive_adjacency,waste_facility,5,3,512,100000000010001000000001000100010000,0,30.530045714992706,27.154510829224307,37.467252502051075,45.90426036668173,2025-09-22 08:23:10
naive_adjacency,waste_facility,5,3,512,100000000001001000000010000100010000,0,30.53004571499271,27.154510829224307,37.467252502051075,45.90426036668173,2025-09-22 08:23:10
naive_adjacency,waste_facility,5,3,512,100000000100000010001000000001010000,0,28.20008359674965,27.154510829224307,37.467252502051075,45.90426036668173,2025-09-22 08:23:10
naive_adjacency,waste_facility,5,3,512,100000000100000001001000000010010000,0,28.20008359674965,27.154510829224307,37.467252502051075,45.90426036668173,2025-09-22 08:23:10
naive_adjacency,waste_facility,5,3,512,100000000010000100001000000001010000,0,43.57429824843866,27.154510829224307,37.467252502051075,45.90426036668173,2025-09-22 08:23:10
naive_adjacency,waste_facility,5,3,512,100000000001000100001000000010010000,0,42.69082040466455,27.154510829224307,37.467252502051075,45.90426036668173,2025-09-22 08:23:10
naive_adjacency,waste_facility,5,3,512,100000000010000001001000000100010000,0,43.57429824843866,27.154510829224307,37.467252502051075,45.90426036668173,2025-09-22 08:23:10
naive_adjacency,waste_facility,5,3,512,100000000001000010001000000100010000,0,42.69082040466455,27.154510829224307,37.467252502051075,45.90426036668173,2025-09-22 08:23:10
naive_adjacency,waste_facility,5,3,512,100000000100000010000001001000010000,0,44.88430361090788,27.154510829224307,37.467252502051075,45.90426036668173,2025-09-22 08:23:10
naive_adjacency,waste_facility,5,3,512,100000000100000001000010001000010000,0,30.393566802992986,27.154510829224307,37.467252502051075,45.90426036668173,2025-09-22 08:23:10
naive_adjacency,waste_facility,5,3,512,100000000010000100000001001000010000,0,29.510088959218866,27.154510829224307,37.467252502051075,45.90426036668173,2025-09-22 08:23:10
naive_adjacency,waste_facility,5,3,512,100000000001000100000010001000010000,0,29.51008895921887,27.154510829224307,37.467252502051075,45.90426036668173,2025-09-22 08:23:10
naive_adjacency,waste_facility,5,3,512,100000000010000001000100001000010000,0,30.393566802992986,27.154510829224307,37.467252502051075,45.90426036668173,2025-09-22 08:23:10
naive_adjacency,waste_facility,5,3,512,100000000001000010000100001000010000,0,44.884303610907885,27.154510829224307,37.467252502051075,45.90426036668173,2025-09-22 08:23:10
naive_adjacency,waste_facility,5,3,512,010000100000001000000100000010000001,0,42.52872548091332,27.154510829224307,37.467252502051075,45.90426036668173,2025-09-22 08:23:10
naive_adjacency,waste_facility,5,3,512,010000100000001000000100000001000010,0,42.52872548091333,27.154510829224307,37.467252502051075,45.90426036668173,2025-09-22 08:23:10
naive_adjacency,waste_facility,5,3,512,010000100000001000000010000100000001,0,40.33524227466999,27.154510829224307,37.467252502051075,45.90426036668173,2025-09-22 08:23:10
naive_adjacency,waste_facility,5,3,512,010000100000001000000001000100000010,0,27.15451082922431,27.154510829224307,37.467252502051075,45.90426036668173,2025-09-22 08:23:10
naive_adjacency,waste_facility,5,3,512,010000100000001000000010000001000100,0,43.54868223668716,27.154510829224307,37.467252502051075,45.90426036668173,2025-09-22 08:23:10
naive_adjacency,waste_facility,5,3,512,010000100000001000000001000010000100,0,30.36795079124149,27.154510829224307,37.467252502051075,45.90426036668173,2025-09-22 08:23:10
naive_adjacency,waste_facility,5,3,512,010000100000000100001000000010000001,0,41.64524763713922,27.154510829224307,37.467252502051075,45.90426036668173,2025-09-22 08:23:10
naive_adjacency,waste_facility,5,3,512,010000100000000100001000000001000010,0,44.8586875991564,27.154510829224307,37.467252502051075,45.90426036668173,2025-09-22 08:23:10
naive_adjacency,waste_facility,5,3,512,010000100000000010001000000100000001,0,42.665204392913054,27.154510829224307,37.467252502051075,45.90426036668173,2025-09-22 08:23:10
naive_adjacency,waste_facility,5,3,512,010000100000000001001000000100000010,0,44.85868759915639,27.154510829224307,37.467252502051075,45.90426036668173,2025-09-22 08:23:10
naive_adjacency,waste_facility,5,3,512,010000100000000010001000000001000100,0,42.66520439291306,27.154510829224307,37.467252502051075,45.90426036668173,2025-09-22 08:23:10
naive_adjacency,waste_facility,5,3,512,010000100000000001001000000010000100,0,41.64524763713922,27.154510829224307,37.467252502051075,45.90426036668173,2025-09-22 08:23:10
naive_adjacency,waste_facility,5,3,512,010000100000000100000010001000000001,0,40.335242274669994,27.154510829224307,37.467252502051075,45.90426036668173,2025-09-22 08:23:10
naive_adjacency,waste_facility,5,3,512,010000100000000100000001001000000010,0,28.174467584998155,27.154510829224307,37.467252502051075,45.90426036668173,2025-09-22 08:23:10
naive_adjacency,waste_facility,5,3,512,010000100000000010000100001000000001,0,43.54868223668716,27.154510829224307,37.467252502051075,45.90426036668173,2025-09-22 08:23:10
naive_adjacency,waste_facility,5,3,512,010000100000000001000100001000000010,0,43.54868223668716,27.154510829224307,37.467252502051075,45.90426036668173,2025-09-22 08:23:10
naive_adjacency,waste_facility,5,3,512,010000100000000010000001001000000100,0,30.36795079124149,27.154510829224307,37.467252502051075,45.90426036668173,2025-09-22 08:23:10
naive_adjacency,waste_facility,5,3,512,010000100000000001000010001000000100,0,42.52872548091332,27.154510829224307,37.467252502051075,45.90426036668173,2025-09-22 08:23:10
naive_adjacency,waste_facility,5,3,512,010000100000000100000010000001001000,0,45.904260366681726,27.154510829224307,37.467252502051075,45.90426036668173,2025-09-22 08:23:10
naive_adjacency,waste_facility,5,3,512,010000100000000100000001000010001000,0,30.53004571499271,27.154510829224307,37.467252502051075,45.90426036668173,2025-09-22 08:23:10
naive_adjacency,waste_facility,5,3,512,010000100000000010000100000001001000,0,42.69082040466455,27.154510829224307,37.467252502051075,45.90426036668173,2025-09-22 08:23:10
naive_adjacency,waste_facility,5,3,512,010000100000000001000100000010001000,0,42.69082040466454,27.154510829224307,37.467252502051075,45.90426036668173,2025-09-22 08:23:10
naive_adjacency,waste_facility,5,3,512,010000100000000010000001000100001000,0,29.51008895921887,27.154510829224307,37.467252502051075,45.90426036668173,2025-09-22 08:23:10
naive_adjacency,waste_facility,5,3,512,010000100000000001000010000100001000,0,44.884303610907885,27.154510829224307,37.467252502051075,45.90426036668173,2025-09-22 08:23:10
naive_adjacency,waste_facility,5,3,512,001000100000010000000100000010000001,0,42.52872548091333,27.154510829224307,37.467252502051075,45.90426036668173,2025-09-22 08:23:10
naive_adjacency,waste_facility,5,3,512,001000100000010000000100000001000010,0,42.52872548091334,27.154510829224307,37.467252502051075,45.90426036668173,2025-09-22 08:23:10
naive_adjacency,waste_facility,5,3,512,001000100000010000000010000100000001,0,41.21872011844411,27.154510829224307,37.467252502051075,45.90426036668173,2025-09-22 08:23:10
naive_adjacency,waste_facility,5,3,512,001000100000010000000001000100000010,0,28.03798867299843,27.154510829224307,37.467252502051075,45.90426036668173,2025-09-22 08:23:10
naive_adjacency,waste_facility,5,3,512,001000100000010000000010000001000100,0,43.57429824843866,27.154510829224307,37.467252502051075,45.90426036668173,2025-09-22 08:23:10
naive_adjacency,waste_facility,5,3,512,001000100000010000000001000010000100,0,30.393566802992986,27.154510829224307,37.467252502051075,45.90426036668173,2025-09-22 08:23:10
naive_adjacency,waste_facility,5,3,512,000100100000010000001000000010000001,0,42.52872548091332,27.154510829224307,37.467252502051075,45.90426036668173,2025-09-22 08:23:10
naive_adjacency,waste_facility,5,3,512,000100100000010000001000000001000010,0,44.884303610907885,27.154510829224307,37.467252502051075,45.90426036668173,2025-09-22 08:23:10
naive_adjacency,waste_facility,5,3,512,000010100000010000001000000100000001,0,43.57429824843866,27.154510829224307,37.467252502051075,45.90426036668173,2025-09-22 08:23:10
naive_adjacency,waste_facility,5,3,512,000001100000010000001000000100000010,0,44.88430361090788,27.154510829224307,37.467252502051075,45.90426036668173,2025-09-22 08:23:10
naive_adjacency,waste_facility,5,3,512,000010100000010000001000000001000100,0,43.574298248438666,27.154510829224307,37.467252502051075,45.90426036668173,2025-09-22 08:23:10
naive_adjacency,waste_facility,5,3,512,000001100000010000001000000010000100,0,42.52872548091333,27.154510829224307,37.467252502051075,45.90426036668173,2025-09-22 08:23:10
naive_adjacency,waste_facility,5,3,512,000100100000010000000010001000000001,0,40.335242274669994,27.154510829224307,37.467252502051075,45.90426036668173,2025-09-22 08:23:10
naive_adjacency,waste_facility,5,3,512,000100100000010000000001001000000010,0,28.200083596749646,27.154510829224307,37.467252502051075,45.90426036668173,2025-09-22 08:23:10
naive_adjacency,waste_facility,5,3,512,000010100000010000000100001000000001,0,42.69082040466454,27.154510829224307,37.467252502051075,45.90426036668173,2025-09-22 08:23:10
naive_adjacency,waste_facility,5,3,512,000001100000010000000100001000000010,0,42.69082040466454,27.154510829224307,37.467252502051075,45.90426036668173,2025-09-22 08:23:10
naive_adjacency,waste_facility,5,3,512,000010100000010000000001001000000100,0,29.510088959218873,27.154510829224307,37.467252502051075,45.90426036668173,2025-09-22 08:23:10
naive_adjacency,waste_facility,5,3,512,000001100000010000000010001000000100,0,41.64524763713921,27.154510829224307,37.467252502051075,45.90426036668173,2025-09-22 08:23:10
naive_adjacency,waste_facility,5,3,512,000100100000010000000010000001001000,0,45.90426036668173,27.154510829224307,37.467252502051075,45.90426036668173,2025-09-22 08:23:10
naive_adjacency,waste_facility,5,3,512,000100100000010000000001000010001000,0,31.413523558766826,27.154510829224307,37.467252502051075,45.90426036668173,2025-09-22 08:23:10
naive_adjacency,waste_facility,5,3,512,000010100000010000000100000001001000,0,43.54868223668716,27.154510829224307,37.467252502051075,45.90426036668173,2025-09-22 08:23:10
naive_adjacency,waste_facility,5,3,512,000001100000010000000100000010001000,0,43.54868223668716,27.154510829224307,37.467252502051075,45.90426036668173,2025-09-22 08:23:10
naive_adjacency,waste_facility,5,3,512,000010100000010000000001000100001000,0,30.367950791241498,27.154510829224307,37.467252502051075,45.90426036668173,2025-09-22 08:23:10
naive_adjacency,waste_facility,5,3,512,000001100000010000000010000100001000,0,44.85868759915638,27.154510829224307,37.467252502051075,45.90426036668173,2025-09-22 08:23:10
naive_adjacency,waste_facility,5,3,512,001000100000000100010000000010000001,0,27.15451082922431,27.154510829224307,37.467252502051075,45.90426036668173,2025-09-22 08:23:10
naive_adjacency,waste_facility,5,3,512,001000100000000100010000000001000010,0,30.36795079124149,27.154510829224307,37.467252502051075,45.90426036668173,2025-09-22 08:23:10
naive_adjacency,waste_facility,5,3,512,001000100000000010010000000100000001,0,28.17446758499815,27.154510829224307,37.467252502051075,45.90426036668173,2025-09-22 08:23:10
naive_adjacency,waste_facility,5,3,512,001000100000000001010000000100000010,0,30.36795079124149,27.154510829224307,37.467252502051075,45.90426036668173,2025-09-22 08:23:10
naive_adjacency,waste_facility,5,3,512,001000100000000010010000000001000100,0,30.53004571499271,27.154510829224307,37.467252502051075,45.90426036668173,2025-09-22 08:23:10
naive_adjacency,waste_facility,5,3,512,001000100000000001010000000010000100,0,29.51008895921887,27.154510829224307,37.467252502051075,45.90426036668173,2025-09-22 08:23:10
naive_adjacency,waste_facility,5,3,512,000100100000001000010000000010000001,0,28.03798867299843,27.154510829224307,37.467252502051075,45.90426036668173,2025-09-22 08:23:10
naive_adjacency,waste_facility,5,3,512,000100100000001000010000000001000010,0,30.393566802992986,27.154510829224307,37.467252502051075,45.90426036668173,2025-09-22 08:23:10
naive_adjacency,waste_facility,5,3,512,000010100000001000010000000100000001,0,28.20008359674965,27.154510829224307,37.467252502051075,45.90426036668173,2025-09-22 08:23:10
naive_adjacency,waste_facility,5,3,512,000001100000001000010000000100000010,0,29.51008895921887,27.154510829224307,37.467252502051075,45.90426036668173,2025-09-22 08:23:10
naive_adjacency,waste_facility,5,3,512,000010100000001000010000000001000100,0,31.413523558766826,27.154510829224307,37.467252502051075,45.90426036668173,2025-09-22 08:23:10
naive_adjacency,waste_facility,5,3,512,000001100000001000010000000010000100,0,30.36795079124149,27.154510829224307,37.467252502051075,45.90426036668173,2025-09-22 08:23:10
naive_adjacency,waste_facility,5,3,512,000100100000000010010000001000000001,0,29.057945428772268,27.154510829224307,37.467252502051075,45.90426036668173,2025-09-22 08:23:10
naive_adjacency,waste_facility,5,3,512,000100100000000001010000001000000010,0,31.413523558766826,27.154510829224307,37.467252502051075,45.90426036668173,2025-09-22 08:23:10
naive_adjacency,waste_facility,5,3,512,000010100000000100010000001000000001,0,28.200083596749646,27.154510829224307,37.467252502051075,45.90426036668173,2025-09-22 08:23:10
naive_adjacency,waste_facility,5,3,512,000001100000000100010000001000000010,0,30.53004571499271,27.154510829224307,37.467252502051075,45.90426036668173,2025-09-22 08:23:10
naive_adjacency,waste_facility,5,3,512,000010100000000001010000001000000100,0,30.393566802992982,27.154510829224307,37.467252502051075,45.90426036668173,2025-09-22 08:23:10
naive_adjacency,waste_facility,5,3,512,000001100000000010010000001000000100,0,30.367950791241487,27.154510829224307,37.467252502051075,45.90426036668173,2025-09-22 08:23:10
naive_adjacency,waste_facility,5,3,512,000100100000000010010000000001001000,0,28.20008359674965,27.154510829224307,37.467252502051075,45.90426036668173,2025-09-22 08:23:10
naive_adjacency,waste_facility,5,3,512,000100100000000001010000000010001000,0,28.200083596749653,27.154510829224307,37.467252502051075,45.90426036668173,2025-09-22 08:23:10
naive_adjacency,waste_facility,5,3,512,000010100000000100010000000001001000,0,29.05794542877227,27.154510829224307,37.467252502051075,45.90426036668173,2025-09-22 08:23:10
naive_adjacency,waste_facility,5,3,512,000001100000000100010000000010001000,0,28.17446758499816,27.154510829224307,37.467252502051075,45.90426036668173,2025-09-22 08:23:10
naive_adjacency,waste_facility,5,3,512,000010100000000001010000000100001000,0,28.03798867299843,27.154510829224307,37.467252502051075,45.90426036668173,2025-09-22 08:23:10
naive_adjacency,waste_facility,5,3,512,000001100000000010010000000100001000,0,27.154510829224314,27.154510829224307,37.467252502051075,45.90426036668173,2025-09-22 08:23:10
naive_adjacency,waste_facility,5,3,512,001000100000000100000010010000000001,0,41.21872011844411,27.154510829224307,37.467252502051075,45.90426036668173,2025-09-22 08:23:10
naive_adjacency,waste_facility,5,3,512,001000100000000100000001010000000010,0,29.05794542877227,27.154510829224307,37.467252502051075,45.90426036668173,2025-09-22 08:23:10
naive_adjacency,waste_facility,5,3,512,001000100000000010000100010000000001,0,43.54868223668717,27.154510829224307,37.467252502051075,45.90426036668173,2025-09-22 08:23:10
naive_adjacency,waste_facility,5,3,512,001000100000000001000100010000000010,0,43.54868223668717,27.154510829224307,37.467252502051075,45.90426036668173,2025-09-22 08:23:10
naive_adjacency,waste_facility,5,3,512,001000100000000010000001010000000100,0,31.413523558766826,27.154510829224307,37.467252502051075,45.90426036668173,2025-09-22 08:23:10
naive_adjacency,waste_facility,5,3,512,001000100000000001000010010000000100,0,43.57429824843866,27.154510829224307,37.467252502051075,45.90426036668173,2025-09-22 08:23:10
naive_adjacency,waste_facility,5,3,512,000100100000001000000010010000000001,0,40.33524227467,27.154510829224307,37.467252502051075,45.90426036668173,2025-09-22 08:23:10
naive_adjacency,waste_facility,5,3,512,000100100000001000000001010000000010,0,28.20008359674965,27.154510829224307,37.467252502051075,45.90426036668173,2025-09-22 08:23:10
naive_adjacency,waste_facility,5,3,512,000010100000001000000100010000000001,0,42.69082040466454,27.154510829224307,37.467252502051075,45.90426036668173,2025-09-22 08:23:10
naive_adjacency,waste_facility,5,3,512,000001100000001000000100010000000010,0,42.69082040466454,27.154510829224307,37.467252502051075,45.90426036668173,2025-09-22 08:23:10
naive_adjacency,waste_facility,5,3,512,000010100000001000000001010000000100,0,30.530045714992717,27.154510829224307,37.467252502051075,45.90426036668173,2025-09-22 08:23:10
naive_adjacency,waste_facility,5,3,512,000001100000001000000010010000000100,0,42.66520439291305,27.154510829224307,37.467252502051075,45.90426036668173,2025-09-22 08:23:10
naive_adjacency,waste_facility,5,3,512,000100100000000010001000010000000001,0,43.54868223668716,27.154510829224307,37.467252502051075,45.90426036668173,2025-09-22 08:23:10
naive_adjacency,waste_facility,5,3,512,000100100000000001001000010000000010,0,45.90426036668172,27.154510829224307,37.467252502051075,45.90426036668173,2025-09-22 08:23:10
naive_adjacency,waste_facility,5,3,512,000010100000000100001000010000000001,0,43.57429824843866,27.154510829224307,37.467252502051075,45.90426036668173,2025-09-22 08:23:10
naive_adjacency,waste_facility,5,3,512,000001100000000100001000010000000010,0,45.90426036668172,27.154510829224307,37.467252502051075,45.90426036668173,2025-09-22 08:23:10
naive_adjacency,waste_facility,5,3,512,000010100000000001001000010000000100,0,43.57429824843866,27.154510829224307,37.467252502051075,45.90426036668173,2025-09-22 08:23:10
naive_adjacency,waste_facility,5,3,512,000001100000000010001000010000000100,0,43.54868223668716,27.154510829224307,37.467252502051075,45.90426036668173,2025-09-22 08:23:10
naive_adjacency,waste_facility,5,3,512,000100100000000010000001010000001000,0,30.393566802992982,27.154510829224307,37.467252502051075,45.90426036668173,2025-09-22 08:23:10
naive_adjacency,waste_facility,5,3,512,000100100000000001000010010000001000,0,44.884303610907885,27.154510829224307,37.467252502051075,45.90426036668173,2025-09-22 08:23:10
naive_adjacency,waste_facility,5,3,512,000010100000000100000001010000001000,0,30.367950791241494,27.154510829224307,37.467252502051075,45.90426036668173,2025-09-22 08:23:10
naive_adjacency,waste_facility,5,3,512,000001100000000100000010010000001000,0,44.85868759915638,27.154510829224307,37.467252502051075,45.90426036668173,2025-09-22 08:23:10
naive_adjacency,waste_facility,5,3,512,000010100000000001000100010000001000,0,42.52872548091332,27.154510829224307,37.467252502051075,45.90426036668173,2025-09-22 08:23:10
naive_adjacency,waste_facility,5,3,512,000001100000000010000100010000001000,0,42.52872548091332,27.154510829224307,37.467252502051075,45.90426036668173,2025-09-22 08:23:10
naive_adjacency,waste_facility,5,3,512,001000100000000100000010000001010000,0,43.57429824843866,27.154510829224307,37.467252502051075,45.90426036668173,2025-09-22 08:23:10
naive_adjacency,waste_facility,5,3,512,001000100000000100000001000010010000,0,28.200083596749643,27.154510829224307,37.467252502051075,45.90426036668173,2025-09-22 08:23:10
naive_adjacency,waste_facility,5,3,512,001000100000000010000100000001010000,0,42.69082040466455,27.154510829224307,37.467252502051075,45.90426036668173,2025-09-22 08:23:10
naive_adjacency,waste_facility,5,3,512,001000100000000001000100000010010000,0,42.69082040466455,27.154510829224307,37.467252502051075,45.90426036668173,2025-09-22 08:23:10
naive_adjacency,waste_facility,5,3,512,001000100000000010000001000100010000,0,28.200083596749646,27.154510829224307,37.467252502051075,45.90426036668173,2025-09-22 08:23:10
naive_adjacency,waste_facility,5,3,512,001000100000000001000010000100010000,0,43.57429824843866,27.154510829224307,37.467252502051075,45.90426036668173,2025-09-22 08:23:10
naive_adjacency,waste_facility,5,3,512,000100100000001000000010000001010000,0,43.54868223668717,27.154510829224307,37.467252502051075,45.90426036668173,2025-09-22 08:23:10
naive_adjacency,waste_facility,5,3,512,000100100000001000000001000010010000,0,29.057945428772268,27.154510829224307,37.467252502051075,45.90426036668173,2025-09-22 08:23:10
naive_adjacency,waste_facility,5,3,512,000010100000001000000100000001010000,0,43.54868223668716,27.154510829224307,37.467252502051075,45.90426036668173,2025-09-22 08:23:10
naive_adjacency,waste_facility,5,3,512,000001100000001000000100000010010000,0,43.54868223668716,27.154510829224307,37.467252502051075,45.90426036668173,2025-09-22 08:23:10
naive_adjacency,waste_facility,5,3,512,000010100000001000000001000100010000,0,28.17446758499816,27.154510829224307,37.467252502051075,45.90426036668173,2025-09-22 08:23:10
naive_adjacency,waste_facility,5,3,512,000001100000001000000010000100010000,0,42.66520439291304,27.154510829224307,37.467252502051075,45.90426036668173,2025-09-22 08:23:10
naive_adjacency,waste_facility,5,3,512,000100100000000010001000000001010000,0,40.33524227466998,27.154510829224307,37.467252502051075,45.90426036668173,2025-09-22 08:23:10
naive_adjacency,waste_facility,5,3,512,000100100000000001001000000010010000,0,40.33524227466998,27.154510829224307,37.467252502051075,45.90426036668173,2025-09-22 08:23:10
naive_adjacency,waste_facility,5,3,512,000010100000000100001000000001010000,0,41.218720118444104,27.154510829224307,37.467252502051075,45.90426036668173,2025-09-22 08:23:10
naive_adjacency,waste_facility,5,3,512,000001100000000100001000000010010000,0,40.33524227466999,27.154510829224307,37.467252502051075,45.90426036668173,2025-09-22 08:23:10
naive_adjacency,waste_facility,5,3,512,000010100000000001001000000100010000,0,41.2187201184441,27.154510829224307,37.467252502051075,45.90426036668173,2025-09-22 08:23:10
naive_adjacency,waste_facility,5,3,512,000001100000000010001000000100010000,0,40.33524227466998,27.154510829224307,37.467252502051075,45.90426036668173,2025-09-22 08:23:10
naive_adjacency,waste_facility,5,3,512,000100100000000010000001001000010000,0,28.037988672998427,27.154510829224307,37.467252502051075,45.90426036668173,2025-09-22 08:23:10
naive_adjacency,waste_facility,5,3,512,000100100000000001000010001000010000,0,42.52872548091333,27.154510829224307,37.467252502051075,45.90426036668173,2025-09-22 08:23:10
naive_adjacency,waste_facility,5,3,512,000010100000000100000001001000010000,0,27.154510829224318,27.154510829224307,37.467252502051075,45.90426036668173,2025-09-22 08:23:10
naive_adjacency,waste_facility,5,3,512,000001100000000100000010001000010000,0,41.64524763713921,27.154510829224307,37.467252502051075,45.90426036668173,2025-09-22 08:23:10
naive_adjacency,waste_facility,5,3,512,000010100000000001000100001000010000,0,42.52872548091332,27.154510829224307,37.467252502051075,45.90426036668173,2025-09-22 08:23:10
naive_adjacency,waste_facility,5,3,512,000001100000000010000100001000010000,0,42.52872548091332,27.154510829224307,37.467252502051075,45.90426036668173,2025-09-22 08:23:10
naive_adjacency,waste_facility,5,3,512,010000001000100000000100000010000001,0,30.367950791241487,27.154510829224307,37.467252502051075,45.90426036668173,2025-09-22 08:23:10
naive_adjacency,waste_facility,5,3,512,010000001000100000000100000001000010,0,27.154510829224314,27.154510829224307,37.467252502051075,45.90426036668173,2025-09-22 08:23:10
naive_adjacency,waste_facility,5,3,512,010000001000100000000010000100000001,0,43.54868223668716,27.154510829224307,37.467252502051075,45.90426036668173,2025-09-22 08:23:10
naive_adjacency,waste_facility,5,3,512,010000001000100000000001000100000010,0,42.52872548091332,27.154510829224307,37.467252502051075,45.90426036668173,2025-09-22 08:23:10
naive_adjacency,waste_facility,5,3,512,010000001000100000000010000001000100,0,40.33524227466998,27.154510829224307,37.467252502051075,45.90426036668173,2025-09-22 08:23:10
naive_adjacency,waste_facility,5,3,512,010000001000100000000001000010000100,0,42.52872548091332,27.154510829224307,37.467252502051075,45.90426036668173,2025-09-22 08:23:10
naive_adjacency,waste_facility,5,3,512,010000000100100000001000000010000001,0,30.3679507912415,27.154510829224307,37.467252502051075,45.90426036668173,2025-09-22 08:23:10
naive_adjacency,waste_facility,5,3,512,010000000100100000001000000001000010,0,27.15451082922432,27.154510829224307,37.467252502051075,45.90426036668173,2025-09-22 08:23:10
naive_adjacency,waste_facility,5,3,512,010000000010100000001000000100000001,0,43.54868223668716,27.154510829224307,37.467252502051075,45.90426036668173,2025-09-22 08:23:10
naive_adjacency,waste_facility,5,3,512,010000000001100000001000000100000010,0,42.52872548091333,27.154510829224307,37.467252502051075,45.90426036668173,2025-09-22 08:23:10
naive_adjacency,waste_facility,5,3,512,010000000010100000001000000001000100,0,40.33524227467,27.154510829224307,37.467252502051075,45.90426036668173,2025-09-22 08:23:10
naive_adjacency,waste_facility,5,3,512,010000000001100000001000000010000100,0,42.52872548091334,27.154510829224307,37.467252502051075,45.90426036668173,2025-09-22 08:23:10
naive_adjacency,waste_facility,5,3,512,010000000100100000000010001000000001,0,29.057945428772275,27.154510829224307,37.467252502051075,45.90426036668173,2025-09-22 08:23:10
naive_adjacency,waste_facility,5,3,512,010000000100100000000001001000000010,0,41.218720118444104,27.154510829224307,37.467252502051075,45.90426036668173,2025-09-22 08:23:10
naive_adjacency,waste_facility,5,3,512,010000000010100000000100001000000001,0,29.057945428772268,27.154510829224307,37.467252502051075,45.90426036668173,2025-09-22 08:23:10
naive_adjacency,waste_facility,5,3,512,010000000001100000000100001000000010,0,41.21872011844411,27.154510829224307,37.467252502051075,45.90426036668173,2025-09-22 08:23:10
naive_adjacency,waste_facility,5,3,512,010000000010100000000001001000000100,0,28.03798867299843,27.154510829224307,37.467252502051075,45.90426036668173,2025-09-22 08:23:10
naive_adjacency,waste_facility,5,3,512,010000000001100000000010001000000100,0,28.03798867299843,27.154510829224307,37.467252502051075,45.90426036668173,2025-09-22 08:23:10
naive_adjacency,waste_facility,5,3,512,010000000100100000000010000001001000,0,28.20008359674965,27.154510829224307,37.467252502051075,45.90426036668173,2025-09-22 08:23:10
naive_adjacency,waste_facility,5,3,512,010000000100100000000001000010001000,0,43.574298248438666,27.154510829224307,37.467252502051075,45.90426036668173,2025-09-22 08:23:10
naive_adjacency,waste_facility,5,3,512,010000000010100000000100000001001000,0,28.20008359674965,27.154510829224307,37.467252502051075,45.90426036668173,2025-09-22 08:23:10
naive_adjacency,waste_facility,5,3,512,010000000001100000000100000010001000,0,43.574298248438666,27.154510829224307,37.467252502051075,45.90426036668173,2025-09-22 08:23:10
naive_adjacency,waste_facility,5,3,512,010000000010100000000001000100001000,0,30.393566802992986,27.154510829224307,37.467252502051075,45.90426036668173,2025-09-22 08:23:10
naive_adjacency,waste_facility,5,3,512,010000000001100000000010000100001000,0,30.393566802992986,27.154510829224307,37.467252502051075,45.90426036668173,2025-09-22 08:23:10
naive_adjacency,waste_facility,5,3,512,001000010000100000000100000010000001,0,44.85868759915639,27.154510829224307,37.467252502051075,45.90426036668173,2025-09-22 08:23:10
naive_adjacency,waste_facility,5,3,512,001000010000100000000100000001000010,0,41.64524763713922,27.154510829224307,37.467252502051075,45.90426036668173,2025-09-22 08:23:10
naive_adjacency,waste_facility,5,3,512,001000010000100000000010000100000001,0,43.54868223668716,27.154510829224307,37.467252502051075,45.90426036668173,2025-09-22 08:23:10
naive_adjacency,waste_facility,5,3,512,001000010000100000000001000100000010,0,42.52872548091332,27.154510829224307,37.467252502051075,45.90426036668173,2025-09-22 08:23:10
naive_adjacency,waste_facility,5,3,512,001000010000100000000010000001000100,0,42.69082040466454,27.154510829224307,37.467252502051075,45.90426036668173,2025-09-22 08:23:10
naive_adjacency,waste_facility,5,3,512,001000010000100000000001000010000100,0,44.884303610907885,27.154510829224307,37.467252502051075,45.90426036668173,2025-09-22 08:23:10
naive_adjacency,waste_facility,5,3,512,000100010000100000001000000010000001,0,30.367950791241494,27.154510829224307,37.467252502051075,45.90426036668173,2025-09-22 08:23:10
naive_adjacency,waste_facility,5,3,512,000100010000100000001000000001000010,0,29.51008895921887,27.154510829224307,37.467252502051075,45.90426036668173,2025-09-22 08:23:10
naive_adjacency,waste_facility,5,3,512,000010010000100000001000000100000001,0,31.413523558766826,27.154510829224307,37.467252502051075,45.90426036668173,2025-09-22 08:23:10
naive_adjacency,waste_facility,5,3,512,000001010000100000001000000100000010,0,30.393566802992982,27.154510829224307,37.467252502051075,45.90426036668173,2025-09-22 08:23:10
naive_adjacency,waste_facility,5,3,512,000010010000100000001000000001000100,0,28.200083596749653,27.154510829224307,37.467252502051075,45.90426036668173,2025-09-22 08:23:10
naive_adjacency,waste_facility,5,3,512,000001010000100000001000000010000100,0,28.03798867299843,27.154510829224307,37.467252502051075,45.90426036668173,2025-09-22 08:23:10
naive_adjacency,waste_facility,5,3,512,000100010000100000000010001000000001,0,43.54868223668717,27.154510829224307,37.467252502051075,45.90426036668173,2025-09-22 08:23:10
naive_adjacency,waste_facility,5,3,512,000100010000100000000001001000000010,0,43.57429824843866,27.154510829224307,37.467252502051075,45.90426036668173,2025-09-22 08:23:10
naive_adjacency,waste_facility,5,3,512,000010010000100000000100001000000001,0,45.90426036668171,27.154510829224307,37.467252502051075,45.90426036668173,2025-09-22 08:23:10
naive_adjacency,waste_facility,5,3,512,000001010000100000000100001000000010,0,43.57429824843866,27.154510829224307,37.467252502051075,45.90426036668173,2025-09-22 08:23:10
naive_adjacency,waste_facility,5,3,512,000010010000100000000001001000000100,0,44.884303610907885,27.154510829224307,37.467252502051075,45.90426036668173,2025-09-22 08:23:10
naive_adjacency,waste_facility,5,3,512,000001010000100000000010001000000100,0,42.52872548091332,27.154510829224307,37.467252502051075,45.90426036668173,2025-09-22 08:23:10
naive_adjacency,waste_facility,5,3,512,000100010000100000000010000001001000,0,42.69082040466455,27.154510829224307,37.467252502051075,45.90426036668173,2025-09-22 08:23:10
naive_adjacency,waste_facility,5,3,512,000100010000100000000001000010001000,0,43.57429824843866,27.154510829224307,37.467252502051075,45.90426036668173,2025-09-22 08:23:10
naive_adjacency,waste_facility,5,3,512,000010010000100000000100000001001000,0,40.33524227466998,27.154510829224307,37.467252502051075,45.90426036668173,2025-09-22 08:23:10
naive_adjacency,waste_facility,5,3,512,000001010000100000000100000010001000,0,41.2187201184441,27.154510829224307,37.467252502051075,45.90426036668173,2025-09-22 08:23:10
naive_adjacency,waste_facility,5,3,512,000010010000100000000001000100001000,0,42.52872548091333,27.154510829224307,37.467252502051075,45.90426036668173,2025-09-22 08:23:10
naive_adjacency,waste_facility,5,3,512,000001010000100000000010000100001000,0,42.52872548091332,27.154510829224307,37.467252502051075,45.90426036668173,2025-09-22 08:23:10
naive_adjacency,waste_facility,5,3,512,001000000100100000010000000010000001,0,44.85868759915638,27.154510829224307,37.467252502051075,45.90426036668173,2025-09-22 08:23:10
naive_adjacency,waste_facility,5,3,512,001000000100100000010000000001000010,0,41.64524763713921,27.154510829224307,37.467252502051075,45.90426036668173,2025-09-22 08:23:10
naive_adjacency,waste_facility,5,3,512,001000000010100000010000000100000001,0,43.548682236687156,27.154510829224307,37.467252502051075,45.90426036668173,2025-09-22 08:23:10
naive_adjacency,waste_facility,5,3,512,001000000001100000010000000100000010,0,42.52872548091332,27.154510829224307,37.467252502051075,45.90426036668173,2025-09-22 08:23:10
naive_adjacency,waste_facility,5,3,512,001000000010100000010000000001000100,0,42.69082040466454,27.154510829224307,37.467252502051075,45.90426036668173,2025-09-22 08:23:10
naive_adjacency,waste_facility,5,3,512,001000000001100000010000000010000100,0,44.88430361090788,27.154510829224307,37.467252502051075,45.90426036668173,2025-09-22 08:23:10
naive_adjacency,waste_facility,5,3,512,000100001000100000010000000010000001,0,30.367950791241494,27.154510829224307,37.467252502051075,45.90426036668173,2025-09-22 08:23:10
naive_adjacency,waste_facility,5,3,512,000100001000100000010000000001000010,0,29.51008895921887,27.154510829224307,37.467252502051075,45.90426036668173,2025-09-22 08:23:10
naive_adjacency,waste_facility,5,3,512,000010001000100000010000000100000001,0,31.413523558766826,27.154510829224307,37.467252502051075,45.90426036668173,2025-09-22 08:23:10
naive_adjacency,waste_facility,5,3,512,000001001000100000010000000100000010,0,30.393566802992982,27.154510829224307,37.467252502051075,45.90426036668173,2025-09-22 08:23:10
naive_adjacency,waste_facility,5,3,512,000010001000100000010000000001000100,0,28.200083596749646,27.154510829224307,37.467252502051075,45.90426036668173,2025-09-22 08:23:10
naive_adjacency,waste_facility,5,3,512,000001001000100000010000000010000100,0,28.037988672998424,27.154510829224307,37.467252502051075,45.90426036668173,2025-09-22 08:23:10
naive_adjacency,waste_facility,5,3,512,000100000010100000010000001000000001,0,43.548682236687156,27.154510829224307,37.467252502051075,45.90426036668173,2025-09-22 08:23:10
naive_adjacency,waste_facility,5,3,512,000100000001100000010000001000000010,0,43.57429824843866,27.154510829224307,37.467252502051075,45.90426036668173,2025-09-22 08:23:10
naive_adjacency,waste_facility,5,3,512,000010000100100000010000001000000001,0,45.90426036668172,27.154510829224307,37.467252502051075,45.90426036668173,2025-09-22 08:23:10
naive_adjacency,waste_facility,5,3,512,000001000100100000010000001000000010,0,43.57429824843865,27.154510829224307,37.467252502051075,45.90426036668173,2025-09-22 08:23:10
naive_adjacency,waste_facility,5,3,512,000010000001100000010000001000000100,0,44.88430361090788,27.154510829224307,37.467252502051075,45.90426036668173,2025-09-22 08:23:10
naive_adjacency,waste_facility,5,3,512,000001000010100000010000001000000100,0,42.52872548091332,27.154510829224307,37.467252502051075,45.90426036668173,2025-09-22 08:23:10
naive_adjacency,waste_facility,5,3,512,000100000010100000010000000001001000,0,42.69082040466455,27.154510829224307,37.467252502051075,45.90426036668173,2025-09-22 08:23:10
naive_adjacency,waste_facility,5,3,512,000100000001100000010000000010001000,0,43.574298248438666,27.154510829224307,37.467252502051075,45.90426036668173,2025-09-22 08:23:10
naive_adjacency,waste_facility,5,3,512,000010000100100000010000000001001000,0,40.335242274669994,27.154510829224307,37.467252502051075,45.90426036668173,2025-09-22 08:23:10
naive_adjacency,waste_facility,5,3,512,000001000100100000010000000010001000,0,41.218720118444104,27.154510829224307,37.467252502051075,45.90426036668173,2025-09-22 08:23:10
naive_adjacency,waste_facility,5,3,512,000010000001100000010000000100001000,0,42.52872548091333,27.154510829224307,37.467252502051075,45.90426036668173,2025-09-22 08:23:10
naive_adjacency,waste_facility,5,3,512,000001000010100000010000000100001000,0,42.52872548091333,27.154510829224307,37.467252502051075,45.90426036668173,2025-09-22 08:23:10
naive_adjacency,waste_facility,5,3,512,001000000100100000000010010000000001,0,28.17446758499816,27.154510829224307,37.467252502051075,45.90426036668173,2025-09-22 08:23:10
naive_adjacency,waste_facility,5,3,512,001000000100100000000001010000000010,0,40.33524227466999,27.154510829224307,37.467252502051075,45.90426036668173,2025-09-22 08:23:10
naive_adjacency,waste_facility,5,3,512,001000000010100000000100010000000001,0,28.17446758499816,27.154510829224307,37.467252502051075,45.90426036668173,2025-09-22 08:23:10
naive_adjacency,waste_facility,5,3,512,001000000001100000000100010000000010,0,40.33524227467,27.154510829224307,37.467252502051075,45.90426036668173,2025-09-22 08:23:10
naive_adjacency,waste_facility,5,3,512,001000000010100000000001010000000100,0,28.20008359674965,27.154510829224307,37.467252502051075,45.90426036668173,2025-09-22 08:23:10
naive_adjacency,waste_facility,5,3,512,001000000001100000000010010000000100,0,28.20008359674965,27.154510829224307,37.467252502051075,45.90426036668173,2025-09-22 08:23:10
naive_adjacency,waste_facility,5,3,512,000100001000100000000010010000000001,0,42.665204392913054,27.154510829224307,37.467252502051075,45.90426036668173,2025-09-22 08:23:10
naive_adjacency,waste_facility,5,3,512,000100001000100000000001010000000010,0,42.69082040466454,27.154510829224307,37.467252502051075,45.90426036668173,2025-09-22 08:23:10
naive_adjacency,waste_facility,5,3,512,000010001000100000000100010000000001,0,30.530045714992706,27.154510829224307,37.467252502051075,45.90426036668173,2025-09-22 08:23:10
naive_adjacency,waste_facility,5,3,512,000001001000100000000100010000000010,0,28.20008359674965,27.154510829224307,37.467252502051075,45.90426036668173,2025-09-22 08:23:10
naive_adjacency,waste_facility,5,3,512,000010001000100000000001010000000100,0,42.69082040466456,27.154510829224307,37.467252502051075,45.90426036668173,2025-09-22 08:23:10
naive_adjacency,waste_facility,5,3,512,000001001000100000000010010000000100,0,40.33524227466998,27.154510829224307,37.467252502051075,45.90426036668173,2025-09-22 08:23:10
naive_adjacency,waste_facility,5,3,512,000100000010100000001000010000000001,0,42.66520439291304,27.154510829224307,37.467252502051075,45.90426036668173,2025-09-22 08:23:10
naive_adjacency,waste_facility,5,3,512,000100000001100000001000010000000010,0,42.69082040466454,27.154510829224307,37.467252502051075,45.90426036668173,2025-09-22 08:23:10
naive_adjacency,waste_facility,5,3,512,000010000100100000001000010000000001,0,30.530045714992706,27.154510829224307,37.467252502051075,45.90426036668173,2025-09-22 08:23:10
naive_adjacency,waste_facility,5,3,512,000001000100100000001000010000000010,0,28.200083596749646,27.154510829224307,37.467252502051075,45.90426036668173,2025-09-22 08:23:10
naive_adjacency,waste_facility,5,3,512,000010000001100000001000010000000100,0,42.69082040466454,27.154510829224307,37.467252502051075,45.90426036668173,2025-09-22 08:23:10
naive_adjacency,waste_facility,5,3,512,000001000010100000001000010000000100,0,40.33524227466999,27.154510829224307,37.467252502051075,45.90426036668173,2025-09-22 08:23:10
naive_adjacency,waste_facility,5,3,512,000100000010100000000001010000001000,0,29.51008895921887,27.154510829224307,37.467252502051075,45.90426036668173,2025-09-22 08:23:10
naive_adjacency,waste_facility,5,3,512,000100000001100000000010010000001000,0,29.510088959218876,27.154510829224307,37.467252502051075,45.90426036668173,2025-09-22 08:23:10
naive_adjacency,waste_facility,5,3,512,000010000100100000000001010000001000,0,41.645247637139214,27.154510829224307,37.467252502051075,45.90426036668173,2025-09-22 08:23:10
naive_adjacency,waste_facility,5,3,512,000001000100100000000010010000001000,0,27.154510829224307,27.154510829224307,37.467252502051075,45.90426036668173,2025-09-22 08:23:10
naive_adjacency,waste_facility,5,3,512,000010000001100000000100010000001000,0,41.64524763713921,27.154510829224307,37.467252502051075,45.90426036668173,2025-09-22 08:23:10
naive_adjacency,waste_facility,5,3,512,000001000010100000000100010000001000,0,27.154510829224307,27.154510829224307,37.467252502051075,45.90426036668173,2025-09-22 08:23:10
naive_adjacency,waste_facility,5,3,512,001000000100100000000010000001010000,0,30.53004571499271,27.154510829224307,37.467252502051075,45.90426036668173,2025-09-22 08:23:10
naive_adjacency,waste_facility,5,3,512,001000000100100000000001000010010000,0,45.904260366681726,27.154510829224307,37.467252502051075,45.90426036668173,2025-09-22 08:23:10
naive_adjacency,waste_facility,5,3,512,001000000010100000000100000001010000,0,30.530045714992717,27.154510829224307,37.467252502051075,45.90426036668173,2025-09-22 08:23:10
naive_adjacency,waste_facility,5,3,512,001000000001100000000100000010010000,0,45.90426036668173,27.154510829224307,37.467252502051075,45.90426036668173,2025-09-22 08:23:10
naive_adjacency,waste_facility,5,3,512,001000000010100000000001000100010000,0,31.413523558766826,27.154510829224307,37.467252502051075,45.90426036668173,2025-09-22 08:23:10
naive_adjacency,waste_facility,5,3,512,001000000001100000000010000100010000,0,31.413523558766826,27.154510829224307,37.467252502051075,45.90426036668173,2025-09-22 08:23:10
naive_adjacency,waste_facility,5,3,512,000100001000100000000010000001010000,0,42.665204392913054,27.154510829224307,37.467252502051075,45.90426036668173,2025-09-22 08:23:10
naive_adjacency,waste_facility,5,3,512,000100001000100000000001000010010000,0,43.54868223668717,27.154510829224307,37.467252502051075,45.90426036668173,2025-09-22 08:23:10
naive_adjacency,waste_facility,5,3,512,000010001000100000000100000001010000,0,28.174467584998155,27.154510829224307,37.467252502051075,45.90426036668173,2025-09-22 08:23:10
naive_adjacency,waste_facility,5,3,512,000001001000100000000100000010010000,0,29.05794542877227,27.154510829224307,37.467252502051075,45.90426036668173,2025-09-22 08:23:10
naive_adjacency,waste_facility,5,3,512,000010001000100000000001000100010000,0,43.54868223668718,27.154510829224307,37.467252502051075,45.90426036668173,2025-09-22 08:23:10
naive_adjacency,waste_facility,5,3,512,000001001000100000000010000100010000,0,43.54868223668717,27.154510829224307,37.467252502051075,45.90426036668173,2025-09-22 08:23:10
naive_adjacency,waste_facility,5,3,512,000100000010100000001000000001010000,0,42.66520439291305,27.154510829224307,37.467252502051075,45.90426036668173,2025-09-22 08:23:10
naive_adjacency,waste_facility,5,3,512,000100000001100000001000000010010000,0,43.54868223668717,27.154510829224307,37.467252502051075,45.90426036668173,2025-09-22 08:23:10
naive_adjacency,waste_facility,5,3,512,000010000100100000001000000001010000,0,28.174467584998155,27.154510829224307,37.467252502051075,45.90426036668173,2025-09-22 08:23:10
naive_adjacency,waste_facility,5,3,512,000001000100100000001000000010010000,0,29.05794542877227,27.154510829224307,37.467252502051075,45.90426036668173,2025-09-22 08:23:10
naive_adjacency,waste_facility,5,3,512,000010000001100000001000000100010000,0,43.54868223668716,27.154510829224307,37.467252502051075,45.90426036668173,2025-09-22 08:23:10
naive_adjacency,waste_facility,5,3,512,000001000010100000001000000100010000,0,43.54868223668716,27.154510829224307,37.467252502051075,45.90426036668173,2025-09-22 08:23:10
naive_adjacency,waste_facility,5,3,512,000100000010100000000001001000010000,0,30.36795079124149,27.154510829224307,37.467252502051075,45.90426036668173,2025-09-22 08:23:10
naive_adjacency,waste_facility,5,3,512,000100000001100000000010001000010000,0,30.367950791241498,27.154510829224307,37.467252502051075,45.90426036668173,2025-09-22 08:23:10
naive_adjacency,waste_facility,5,3,512,000010000100100000000001001000010000,0,44.8586875991564,27.154510829224307,37.467252502051075,45.90426036668173,2025-09-22 08:23:10
naive_adjacency,waste_facility,5,3,512,000001000100100000000010001000010000,0,30.367950791241487,27.154510829224307,37.467252502051075,45.90426036668173,2025-09-22 08:23:10
naive_adjacency,waste_facility,5,3,512,000010000001100000000100001000010000,0,44.85868759915638,27.154510829224307,37.467252502051075,45.90426036668173,2025-09-22 08:23:10
naive_adjacency,waste_facility,5,3,512,000001000010100000000100001000010000,0,30.36795079124149,27.154510829224307,37.467252502051075,45.90426036668173,2025-09-22 08:23:10
naive_adjacency,waste_facility,5,3,512,010000001000000100100000000010000001,0,41.64524763713921,27.154510829224307,37.467252502051075,45.90426036668173,2025-09-22 08:23:10
naive_adjacency,waste_facility,5,3,512,010000001000000100100000000001000010,0,44.85868759915638,27.154510829224307,37.467252502051075,45.90426036668173,2025-09-22 08:23:10
naive_adjacency,waste_facility,5,3,512,010000001000000010100000000100000001,0,42.66520439291305,27.154510829224307,37.467252502051075,45.90426036668173,2025-09-22 08:23:10
naive_adjacency,waste_facility,5,3,512,010000001000000001100000000100000010,0,44.85868759915638,27.154510829224307,37.467252502051075,45.90426036668173,2025-09-22 08:23:10
naive_adjacency,waste_facility,5,3,512,010000001000000010100000000001000100,0,42.66520439291305,27.154510829224307,37.467252502051075,45.90426036668173,2025-09-22 08:23:10
naive_adjacency,waste_facility,5,3,512,010000001000000001100000000010000100,0,41.64524763713921,27.154510829224307,37.467252502051075,45.90426036668173,2025-09-22 08:23:10
naive_adjacency,waste_facility,5,3,512,010000000100001000100000000010000001,0,42.52872548091332,27.154510829224307,37.467252502051075,45.90426036668173,2025-09-22 08:23:10
naive_adjacency,waste_facility,5,3,512,010000000100001000100000000001000010,0,42.52872548091332,27.154510829224307,37.467252502051075,45.90426036668173,2025-09-22 08:23:10
naive_adjacency,waste_facility,5,3,512,010000000010001000100000000100000001,0,40.33524227466998,27.154510829224307,37.467252502051075,45.90426036668173,2025-09-22 08:23:10
naive_adjacency,waste_facility,5,3,512,010000000001001000100000000100000010,0,27.154510829224307,27.154510829224307,37.467252502051075,45.90426036668173,2025-09-22 08:23:10
naive_adjacency,waste_facility,5,3,512,010000000010001000100000000001000100,0,43.54868223668716,27.154510829224307,37.467252502051075,45.90426036668173,2025-09-22 08:23:10
naive_adjacency,waste_facility,5,3,512,010000000001001000100000000010000100,0,30.36795079124149,27.154510829224307,37.467252502051075,45.90426036668173,2025-09-22 08:23:10
naive_adjacency,waste_facility,5,3,512,010000000100000010100000001000000001,0,43.54868223668716,27.154510829224307,37.467252502051075,45.90426036668173,2025-09-22 08:23:10
naive_adjacency,waste_facility,5,3,512,010000000100000001100000001000000010,0,43.548682236687156,27.154510829224307,37.467252502051075,45.90426036668173,2025-09-22 08:23:10
naive_adjacency,waste_facility,5,3,512,010000000010000100100000001000000001,0,40.33524227466999,27.154510829224307,37.467252502051075,45.90426036668173,2025-09-22 08:23:10
naive_adjacency,waste_facility,5,3,512,010000000001000100100000001000000010,0,28.17446758499815,27.154510829224307,37.467252502051075,45.90426036668173,2025-09-22 08:23:10
naive_adjacency,waste_facility,5,3,512,010000000010000001100000001000000100,0,42.52872548091332,27.154510829224307,37.467252502051075,45.90426036668173,2025-09-22 08:23:10
naive_adjacency,waste_facility,5,3,512,010000000001000010100000001000000100,0,30.367950791241487,27.154510829224307,37.467252502051075,45.90426036668173,2025-09-22 08:23:10
naive_adjacency,waste_facility,5,3,512,010000000100000010100000000001001000,0,42.69082040466455,27.154510829224307,37.467252502051075,45.90426036668173,2025-09-22 08:23:10
naive_adjacency,waste_facility,5,3,512,010000000100000001100000000010001000,0,42.69082040466454,27.154510829224307,37.467252502051075,45.90426036668173,2025-09-22 08:23:10
naive_adjacency,waste_facility,5,3,512,010000000010000100100000000001001000,0,45.904260366681726,27.154510829224307,37.467252502051075,45.90426036668173,2025-09-22 08:23:10
naive_adjacency,waste_facility,5,3,512,010000000001000100100000000010001000,0,30.53004571499271,27.154510829224307,37.467252502051075,45.90426036668173,2025-09-22 08:23:10
naive_adjacency,waste_facility,5,3,512,010000000010000001100000000100001000,0,44.884303610907885,27.154510829224307,37.467252502051075,45.90426036668173,2025-09-22 08:23:10
naive_adjacency,waste_facility,5,3,512,010000000001000010100000000100001000,0,29.51008895921887,27.154510829224307,37.467252502051075,45.90426036668173,2025-09-22 08:23:10
naive_adjacency,waste_facility,5,3,512,001000010000000100100000000010000001,0,27.154510829224314,27.154510829224307,37.467252502051075,45.90426036668173,2025-09-22 08:23:10
naive_adjacency,waste_facility,5,3,512,001000010000000100100000000001000010,0,30.36795079124149,27.154510829224307,37.467252502051075,45.90426036668173,2025-09-22 08:23:10
naive_adjacency,waste_facility,5,3,512,001000010000000010100000000100000001,0,28.174467584998155,27.154510829224307,37.467252502051075,45.90426036668173,2025-09-22 08:23:10
naive_adjacency,waste_facility,5,3,512,001000010000000001100000000100000010,0,30.367950791241494,27.154510829224307,37.467252502051075,45.90426036668173,2025-09-22 08:23:10
naive_adjacency,waste_facility,5,3,512,001000010000000010100000000001000100,0,30.53004571499271,27.154510829224307,37.467252502051075,45.90426036668173,2025-09-22 08:23:10
naive_adjacency,waste_facility,5,3,512,001000010000000001100000000010000100,0,29.51008895921887,27.154510829224307,37.467252502051075,45.90426036668173,2025-09-22 08:23:10
naive_adjacency,waste_facility,5,3,512,000100010000001000100000000010000001,0,28.03798867299843,27.154510829224307,37.467252502051075,45.90426036668173,2025-09-22 08:23:10
naive_adjacency,waste_facility,5,3,512,000100010000001000100000000001000010,0,30.393566802992986,27.154510829224307,37.467252502051075,45.90426036668173,2025-09-22 08:23:10
naive_adjacency,waste_facility,5,3,512,000010010000001000100000000100000001,0,28.20008359674965,27.154510829224307,37.467252502051075,45.90426036668173,2025-09-22 08:23:10
naive_adjacency,waste_facility,5,3,512,000001010000001000100000000100000010,0,29.510088959218876,27.154510829224307,37.467252502051075,45.90426036668173,2025-09-22 08:23:10
naive_adjacency,waste_facility,5,3,512,000010010000001000100000000001000100,0,31.413523558766826,27.154510829224307,37.467252502051075,45.90426036668173,2025-09-22 08:23:10
naive_adjacency,waste_facility,5,3,512,000001010000001000100000000010000100,0,30.367950791241498,27.154510829224307,37.467252502051075,45.90426036668173,2025-09-22 08:23:10
naive_adjacency,waste_facility,5,3,512,000100010000000010100000001000000001,0,29.05794542877227,27.154510829224307,37.467252502051075,45.90426036668173,2025-09-22 08:23:10
naive_adjacency,waste_facility,5,3,512,000100010000000001100000001000000010,0,31.413523558766826,27.154510829224307,37.467252502051075,45.90426036668173,2025-09-22 08:23:10
naive_adjacency,waste_facility,5,3,512,000010010000000100100000001000000001,0,28.20008359674965,27.154510829224307,37.467252502051075,45.90426036668173,2025-09-22 08:23:10
naive_adjacency,waste_facility,5,3,512,000001010000000100100000001000000010,0,30.530045714992717,27.154510829224307,37.467252502051075,45.90426036668173,2025-09-22 08:23:10
naive_adjacency,waste_facility,5,3,512,000010010000000001100000001000000100,0,30.393566802992982,27.154510829224307,37.467252502051075,45.90426036668173,2025-09-22 08:23:10
naive_adjacency,waste_facility,5,3,512,000001010000000010100000001000000100,0,30.367950791241494,27.154510829224307,37.467252502051075,45.90426036668173,2025-09-22 08:23:10
naive_adjacency,waste_facility,5,3,512,000100010000000010100000000001001000,0,28.20008359674965,27.154510829224307,37.467252502051075,45.90426036668173,2025-09-22 08:23:10
naive_adjacency,waste_facility,5,3,512,000100010000000001100000000010001000,0,28.20008359674965,27.154510829224307,37.467252502051075,45.90426036668173,2025-09-22 08:23:10
naive_adjacency,waste_facility,5,3,512,000010010000000100100000000001001000,0,29.05794542877227,27.154510829224307,37.467252502051075,45.90426036668173,2025-09-22 08:23:10
naive_adjacency,waste_facility,5,3,512,000001010000000100100000000010001000,0,28.174467584998162,27.154510829224307,37.467252502051075,45.90426036668173,2025-09-22 08:23:10
naive_adjacency,waste_facility,5,3,512,000010010000000001100000000100001000,0,28.037988672998427,27.154510829224307,37.467252502051075,45.90426036668173,2025-09-22 08:23:10
naive_adjacency,waste_facility,5,3,512,000001010000000010100000000100001000,0,27.154510829224318,27.154510829224307,37.467252502051075,45.90426036668173,2025-09-22 08:23:10
naive_adjacency,waste_facility,5,3,512,001000000100010000100000000010000001,0,42.52872548091332,27.154510829224307,37.467252502051075,45.90426036668173,2025-09-22 08:23:10
naive_adjacency,waste_facility,5,3,512,001000000100010000100000000001000010,0,42.52872548091332,27.154510829224307,37.467252502051075,45.90426036668173,2025-09-22 08:23:10
naive_adjacency,waste_facility,5,3,512,001000000010010000100000000100000001,0,41.218720118444104,27.154510829224307,37.467252502051075,45.90426036668173,2025-09-22 08:23:10
naive_adjacency,waste_facility,5,3,512,001000000001010000100000000100000010,0,28.03798867299843,27.154510829224307,37.467252502051075,45.90426036668173,2025-09-22 08:23:10
naive_adjacency,waste_facility,5,3,512,001000000010010000100000000001000100,0,43.57429824843866,27.154510829224307,37.467252502051075,45.90426036668173,2025-09-22 08:23:10
naive_adjacency,waste_facility,5,3,512,001000000001010000100000000010000100,0,30.393566802992986,27.154510829224307,37.467252502051075,45.90426036668173,2025-09-22 08:23:10
naive_adjacency,waste_facility,5,3,512,000100001000010000100000000010000001,0,42.52872548091333,27.154510829224307,37.467252502051075,45.90426036668173,2025-09-22 08:23:10
naive_adjacency,waste_facility,5,3,512,000100001000010000100000000001000010,0,44.884303610907885,27.154510829224307,37.467252502051075,45.90426036668173,2025-09-22 08:23:10
naive_adjacency,waste_facility,5,3,512,000010001000010000100000000100000001,0,43.574298248438666,27.154510829224307,37.467252502051075,45.90426036668173,2025-09-22 08:23:10
naive_adjacency,waste_facility,5,3,512,000001001000010000100000000100000010,0,44.884303610907885,27.154510829224307,37.467252502051075,45.90426036668173,2025-09-22 08:23:10
naive_adjacency,waste_facility,5,3,512,000010001000010000100000000001000100,0,43.57429824843866,27.154510829224307,37.467252502051075,45.90426036668173,2025-09-22 08:23:10
naive_adjacency,waste_facility,5,3,512,000001001000010000100000000010000100,0,42.52872548091333,27.154510829224307,37.467252502051075,45.90426036668173,2025-09-22 08:23:10
naive_adjacency,waste_facility,5,3,512,000100000010010000100000001000000001,0,40.33524227466999,27.154510829224307,37.467252502051075,45.90426036668173,2025-09-22 08:23:10
naive_adjacency,waste_facility,5,3,512,000100000001010000100000001000000010,0,28.200083596749646,27.154510829224307,37.467252502051075,45.90426036668173,2025-09-22 08:23:10
naive_adjacency,waste_facility,5,3,512,000010000100010000100000001000000001,0,42.69082040466454,27.154510829224307,37.467252502051075,45.90426036668173,2025-09-22 08:23:10
naive_adjacency,waste_facility,5,3,512,000001000100010000100000001000000010,0,42.69082040466454,27.154510829224307,37.467252502051075,45.90426036668173,2025-09-22 08:23:10
naive_adjacency,waste_facility,5,3,512,000010000001010000100000001000000100,0,29.510088959218866,27.154510829224307,37.467252502051075,45.90426036668173,2025-09-22 08:23:10
naive_adjacency,waste_facility,5,3,512,000001000010010000100000001000000100,0,41.645247637139214,27.154510829224307,37.467252502051075,45.90426036668173,2025-09-22 08:23:10
naive_adjacency,waste_facility,5,3,512,000100000010010000100000000001001000,0,45.904260366681726,27.154510829224307,37.467252502051075,45.90426036668173,2025-09-22 08:23:10
naive_adjacency,waste_facility,5,3,512,000100000001010000100000000010001000,0,31.413523558766826,27.154510829224307,37.467252502051075,45.90426036668173,2025-09-22 08:23:10
naive_adjacency,waste_facility,5,3,512,000010000100010000100000000001001000,0,43.54868223668717,27.154510829224307,37.467252502051075,45.90426036668173,2025-09-22 08:23:10
naive_adjacency,waste_facility,5,3,512,000001000100010000100000000010001000,0,43.54868223668718,27.154510829224307,37.467252502051075,45.90426036668173,2025-09-22 08:23:10
naive_adjacency,waste_facility,5,3,512,000010000001010000100000000100001000,0,30.36795079124149,27.154510829224307,37.467252502051075,45.90426036668173,2025-09-22 08:23:10
naive_adjacency,waste_facility,5,3,512,000001000010010000100000000100001000,0,44.8586875991564,27.154510829224307,37.467252502051075,45.90426036668173,2025-09-22 08:23:10
naive_adjacency,waste_facility,5,3,512,001000000100000010100000010000000001,0,43.54868223668716,27.154510829224307,37.467252502051075,45.90426036668173,2025-09-22 08:23:10
naive_adjacency,waste_facility,5,3,512,001000000100000001100000010000000010,0,43.54868223668716,27.154510829224307,37.467252502051075,45.90426036668173,2025-09-22 08:23:10
naive_adjacency,waste_facility,5,3,512,001000000010000100100000010000000001,0,41.218720118444104,27.154510829224307,37.467252502051075,45.90426036668173,2025-09-22 08:23:10
naive_adjacency,waste_facility,5,3,512,001000000001000100100000010000000010,0,29.05794542877227,27.154510829224307,37.467252502051075,45.90426036668173,2025-09-22 08:23:10
naive_adjacency,waste_facility,5,3,512,001000000010000001100000010000000100,0,43.57429824843866,27.154510829224307,37.467252502051075,45.90426036668173,2025-09-22 08:23:10
naive_adjacency,waste_facility,5,3,512,001000000001000010100000010000000100,0,31.413523558766826,27.154510829224307,37.467252502051075,45.90426036668173,2025-09-22 08:23:10
naive_adjacency,waste_facility,5,3,512,000100001000000010100000010000000001,0,43.54868223668716,27.154510829224307,37.467252502051075,45.90426036668173,2025-09-22 08:23:10
naive_adjacency,waste_facility,5,3,512,000100001000000001100000010000000010,0,45.90426036668172,27.154510829224307,37.467252502051075,45.90426036668173,2025-09-22 08:23:10
naive_adjacency,waste_facility,5,3,512,000010001000000100100000010000000001,0,43.57429824843866,27.154510829224307,37.467252502051075,45.90426036668173,2025-09-22 08:23:10
naive_adjacency,waste_facility,5,3,512,000001001000000100100000010000000010,0,45.904260366681726,27.154510829224307,37.467252502051075,45.90426036668173,2025-09-22 08:23:10
naive_adjacency,waste_facility,5,3,512,000010001000000001100000010000000100,0,43.57429824843865,27.154510829224307,37.467252502051075,45.90426036668173,2025-09-22 08:23:10
naive_adjacency,waste_facility,5,3,512,000001001000000010100000010000000100,0,43.54868223668716,27.154510829224307,37.467252502051075,45.90426036668173,2025-09-22 08:23:10
naive_adjacency,waste_facility,5,3,512,000100000010001000100000010000000001,0,40.33524227466999,27.154510829224307,37.467252502051075,45.90426036668173,2025-09-22 08:23:10
naive_adjacency,waste_facility,5,3,512,000100000001001000100000010000000010,0,28.200083596749646,27.154510829224307,37.467252502051075,45.90426036668173,2025-09-22 08:23:10
naive_adjacency,waste_facility,5,3,512,000010000100001000100000010000000001,0,42.69082040466454,27.154510829224307,37.467252502051075,45.90426036668173,2025-09-22 08:23:10
naive_adjacency,waste_facility,5,3,512,000001000100001000100000010000000010,0,42.69082040466454,27.154510829224307,37.467252502051075,45.90426036668173,2025-09-22 08:23:10
naive_adjacency,waste_facility,5,3,512,000010000001001000100000010000000100,0,30.53004571499271,27.154510829224307,37.467252502051075,45.90426036668173,2025-09-22 08:23:10
naive_adjacency,waste_facility,5,3,512,000001000010001000100000010000000100,0,42.665204392913054,27.154510829224307,37.467252502051075,45.90426036668173,2025-09-22 08:23:10
naive_adjacency,waste_facility,5,3,512,000100000010000001100000010000001000,0,44.88430361090788,27.154510829224307,37.467252502051075,45.90426036668173,2025-09-22 08:23:10
naive_adjacency,waste_facility,5,3,512,000100000001000010100000010000001000,0,30.393566802992982,27.154510829224307,37.467252502051075,45.90426036668173,2025-09-22 08:23:10
naive_adjacency,waste_facility,5,3,512,000010000100000001100000010000001000,0,42.52872548091332,27.154510829224307,37.467252502051075,45.90426036668173,2025-09-22 08:23:10
naive_adjacency,waste_facility,5,3,512,000001000100000010100000010000001000,0,42.52872548091333,27.154510829224307,37.467252502051075,45.90426036668173,2025-09-22 08:23:10
naive_adjacency,waste_facility,5,3,512,000010000001000100100000010000001000,0,30.367950791241487,27.154510829224307,37.467252502051075,45.90426036668173,2025-09-22 08:23:10
naive_adjacency,waste_facility,5,3,512,000001000010000100100000010000001000,0,44.85868759915639,27.154510829224307,37.467252502051075,45.90426036668173,2025-09-22 08:23:10
naive_adjacency,waste_facility,5,3,512,001000000100000010100000000001010000,0,42.69082040466455,27.154510829224307,37.467252502051075,45.90426036668173,2025-09-22 08:23:10
naive_adjacency,waste_facility,5,3,512,001000000100000001100000000010010000,0,42.69082040466454,27.154510829224307,37.467252502051075,45.90426036668173,2025-09-22 08:23:10
naive_adjacency,waste_facility,5,3,512,001000000010000100100000000001010000,0,43.57429824843866,27.154510829224307,37.467252502051075,45.90426036668173,2025-09-22 08:23:10
naive_adjacency,waste_facility,5,3,512,001000000001000100100000000010010000,0,28.20008359674965,27.154510829224307,37.467252502051075,45.90426036668173,2025-09-22 08:23:10
naive_adjacency,waste_facility,5,3,512,001000000010000001100000000100010000,0,43.574298248438666,27.154510829224307,37.467252502051075,45.90426036668173,2025-09-22 08:23:10
naive_adjacency,waste_facility,5,3,512,001000000001000010100000000100010000,0,28.20008359674965,27.154510829224307,37.467252502051075,45.90426036668173,2025-09-22 08:23:10
naive_adjacency,waste_facility,5,3,512,000100001000000010100000000001010000,0,40.335242274669994,27.154510829224307,37.467252502051075,45.90426036668173,2025-09-22 08:23:10
naive_adjacency,waste_facility,5,3,512,000100001000000001100000000010010000,0,40.335242274669994,27.154510829224307,37.467252502051075,45.90426036668173,2025-09-22 08:23:10
naive_adjacency,waste_facility,5,3,512,000010001000000100100000000001010000,0,41.21872011844411,27.154510829224307,37.467252502051075,45.90426036668173,2025-09-22 08:23:10
naive_adjacency,waste_facility,5,3,512,000001001000000100100000000010010000,0,40.33524227467,27.154510829224307,37.467252502051075,45.90426036668173,2025-09-22 08:23:10
naive_adjacency,waste_facility,5,3,512,000010001000000001100000000100010000,0,41.21872011844411,27.154510829224307,37.467252502051075,45.90426036668173,2025-09-22 08:23:10
naive_adjacency,waste_facility,5,3,512,000001001000000010100000000100010000,0,40.335242274669994,27.154510829224307,37.467252502051075,45.90426036668173,2025-09-22 08:23:10
naive_adjacency,waste_facility,5,3,512,000100000010001000100000000001010000,0,43.54868223668716,27.154510829224307,37.467252502051075,45.90426036668173,2025-09-22 08:23:10
naive_adjacency,waste_facility,5,3,512,000100000001001000100000000010010000,0,29.05794542877227,27.154510829224307,37.467252502051075,45.90426036668173,2025-09-22 08:23:10
naive_adjacency,waste_facility,5,3,512,000010000100001000100000000001010000,0,43.54868223668717,27.154510829224307,37.467252502051075,45.90426036668173,2025-09-22 08:23:10
naive_adjacency,waste_facility,5,3,512,000001000100001000100000000010010000,0,43.54868223668718,27.154510829224307,37.467252502051075,45.90426036668173,2025-09-22 08:23:10
naive_adjacency,waste_facility,5,3,512,000010000001001000100000000100010000,0,28.174467584998155,27.154510829224307,37.467252502051075,45.90426036668173,2025-09-22 08:23:10
naive_adjacency,waste_facility,5,3,512,000001000010001000100000000100010000,0,42.665204392913054,27.154510829224307,37.467252502051075,45.90426036668173,2025-09-22 08:23:10
naive_adjacency,waste_facility,5,3,512,000100000010000001100000001000010000,0,42.52872548091333,27.154510829224307,37.467252502051075,45.90426036668173,2025-09-22 08:23:10
naive_adjacency,waste_facility,5,3,512,000100000001000010100000001000010000,0,28.03798867299843,27.154510829224307,37.467252502051075,45.90426036668173,2025-09-22 08:23:10
naive_adjacency,waste_facility,5,3,512,000010000100000001100000001000010000,0,42.52872548091332,27.154510829224307,37.467252502051075,45.90426036668173,2025-09-22 08:23:10
naive_adjacency,waste_facility,5,3,512,000001000100000010100000001000010000,0,42.52872548091333,27.154510829224307,37.467252502051075,45.90426036668173,2025-09-22 08:23:10
naive_adjacency,waste_facility,5,3,512,000010000001000100100000001000010000,0,27.15451082922431,27.154510829224307,37.467252502051075,45.90426036668173,2025-09-22 08:23:10
naive_adjacency,waste_facility,5,3,512,000001000010000100100000001000010000,0,41.645247637139214,27.154510829224307,37.467252502051075,45.90426036668173,2025-09-22 08:23:10
naive_adjacency,waste_facility,5,3,512,010000001000000100000010100000000001,0,42.52872548091333,27.154510829224307,37.467252502051075,45.90426036668173,2025-09-22 08:23:10
naive_adjacency,waste_facility,5,3,512,010000001000000100000001100000000010,0,43.54868223668716,27.154510829224307,37.467252502051075,45.90426036668173,2025-09-22 08:23:10
naive_adjacency,waste_facility,5,3,512,010000001000000010000100100000000001,0,30.36795079124149,27.154510829224307,37.467252502051075,45.90426036668173,2025-09-22 08:23:10
naive_adjacency,waste_facility,5,3,512,010000001000000001000100100000000010,0,28.17446758499816,27.154510829224307,37.467252502051075,45.90426036668173,2025-09-22 08:23:10
naive_adjacency,waste_facility,5,3,512,010000001000000010000001100000000100,0,43.54868223668716,27.154510829224307,37.467252502051075,45.90426036668173,2025-09-22 08:23:10
naive_adjacency,waste_facility,5,3,512,010000001000000001000010100000000100,0,40.33524227466999,27.154510829224307,37.467252502051075,45.90426036668173,2025-09-22 08:23:10
naive_adjacency,waste_facility,5,3,512,010000000100001000000010100000000001,0,28.037988672998434,27.154510829224307,37.467252502051075,45.90426036668173,2025-09-22 08:23:10
naive_adjacency,waste_facility,5,3,512,010000000100001000000001100000000010,0,41.218720118444104,27.154510829224307,37.467252502051075,45.90426036668173,2025-09-22 08:23:10
naive_adjacency,waste_facility,5,3,512,010000000010001000000100100000000001,0,28.03798867299843,27.154510829224307,37.467252502051075,45.90426036668173,2025-09-22 08:23:10
naive_adjacency,waste_facility,5,3,512,010000000001001000000100100000000010,0,41.21872011844411,27.154510829224307,37.467252502051075,45.90426036668173,2025-09-22 08:23:10
naive_adjacency,waste_facility,5,3,512,010000000010001000000001100000000100,0,29.05794542877227,27.154510829224307,37.467252502051075,45.90426036668173,2025-09-22 08:23:10
naive_adjacency,waste_facility,5,3,512,010000000001001000000010100000000100,0,29.05794542877227,27.154510829224307,37.467252502051075,45.90426036668173,2025-09-22 08:23:10
naive_adjacency,waste_facility,5,3,512,010000000100000010001000100000000001,0,30.367950791241498,27.154510829224307,37.467252502051075,45.90426036668173,2025-09-22 08:23:10
naive_adjacency,waste_facility,5,3,512,010000000100000001001000100000000010,0,28.17446758499816,27.154510829224307,37.467252502051075,45.90426036668173,2025-09-22 08:23:10
naive_adjacency,waste_facility,5,3,512,010000000010000100001000100000000001,0,42.52872548091333,27.154510829224307,37.467252502051075,45.90426036668173,2025-09-22 08:23:10
naive_adjacency,waste_facility,5,3,512,010000000001000100001000100000000010,0,43.54868223668717,27.154510829224307,37.467252502051075,45.90426036668173,2025-09-22 08:23:10
naive_adjacency,waste_facility,5,3,512,010000000010000001001000100000000100,0,40.33524227467,27.154510829224307,37.467252502051075,45.90426036668173,2025-09-22 08:23:10
naive_adjacency,waste_facility,5,3,512,010000000001000010001000100000000100,0,43.54868223668717,27.154510829224307,37.467252502051075,45.90426036668173,2025-09-22 08:23:10
naive_adjacency,waste_facility,5,3,512,010000000100000010000001100000001000,0,43.57429824843866,27.154510829224307,37.467252502051075,45.90426036668173,2025-09-22 08:23:10
naive_adjacency,waste_facility,5,3,512,010000000100000001000010100000001000,0,28.20008359674965,27.154510829224307,37.467252502051075,45.90426036668173,2025-09-22 08:23:10
naive_adjacency,waste_facility,5,3,512,010000000010000100000001100000001000,0,31.413523558766826,27.154510829224307,37.467252502051075,45.90426036668173,2025-09-22 08:23:10
naive_adjacency,waste_facility,5,3,512,010000000001000100000010100000001000,0,31.413523558766826,27.154510829224307,37.467252502051075,45.90426036668173,2025-09-22 08:23:10
naive_adjacency,waste_facility,5,3,512,010000000010000001000100100000001000,0,28.20008359674965,27.154510829224307,37.467252502051075,45.90426036668173,2025-09-22 08:23:10
naive_adjacency,waste_facility,5,3,512,010000000001000010000100100000001000,0,43.574298248438666,27.154510829224307,37.467252502051075,45.90426036668173,2025-09-22 08:23:10
naive_adjacency,waste_facility,5,3,512,001000010000000100000010100000000001,0,42.52872548091332,27.154510829224307,37.467252502051075,45.90426036668173,2025-09-22 08:23:10
naive_adjacency,waste_facility,5,3,512,001000010000000100000001100000000010,0,43.54868223668716,27.154510829224307,37.467252502051075,45.90426036668173,2025-09-22 08:23:10
naive_adjacency,waste_facility,5,3,512,001000010000000010000100100000000001,0,44.85868759915639,27.154510829224307,37.467252502051075,45.90426036668173,2025-09-22 08:23:10
naive_adjacency,waste_facility,5,3,512,001000010000000001000100100000000010,0,42.665204392913054,27.154510829224307,37.467252502051075,45.90426036668173,2025-09-22 08:23:10
naive_adjacency,waste_facility,5,3,512,001000010000000010000001100000000100,0,45.90426036668172,27.154510829224307,37.467252502051075,45.90426036668173,2025-09-22 08:23:10
naive_adjacency,waste_facility,5,3,512,001000010000000001000010100000000100,0,42.69082040466454,27.154510829224307,37.467252502051075,45.90426036668173,2025-09-22 08:23:10
naive_adjacency,waste_facility,5,3,512,000100010000001000000010100000000001,0,42.52872548091333,27.154510829224307,37.467252502051075,45.90426036668173,2025-09-22 08:23:10
naive_adjacency,waste_facility,5,3,512,000100010000001000000001100000000010,0,43.57429824843866,27.154510829224307,37.467252502051075,45.90426036668173,2025-09-22 08:23:10
naive_adjacency,waste_facility,5,3,512,000010010000001000000100100000000001,0,44.88430361090788,27.154510829224307,37.467252502051075,45.90426036668173,2025-09-22 08:23:10
naive_adjacency,waste_facility,5,3,512,000001010000001000000100100000000010,0,43.57429824843866,27.154510829224307,37.467252502051075,45.90426036668173,2025-09-22 08:23:10
naive_adjacency,waste_facility,5,3,512,000010010000001000000001100000000100,0,45.904260366681726,27.154510829224307,37.467252502051075,45.90426036668173,2025-09-22 08:23:10
naive_adjacency,waste_facility,5,3,512,000001010000001000000010100000000100,0,43.54868223668716,27.154510829224307,37.467252502051075,45.90426036668173,2025-09-22 08:23:10
naive_adjacency,waste_facility,5,3,512,000100010000000010001000100000000001,0,30.367950791241487,27.154510829224307,37.467252502051075,45.90426036668173,2025-09-22 08:23:10
naive_adjacency,waste_facility,5,3,512,000100010000000001001000100000000010,0,30.53004571499271,27.154510829224307,37.467252502051075,45.90426036668173,2025-09-22 08:23:10
naive_adjacency,waste_facility,5,3,512,000010010000000100001000100000000001,0,30.393566802992986,27.154510829224307,37.467252502051075,45.90426036668173,2025-09-22 08:23:10
naive_adjacency,waste_facility,5,3,512,000001010000000100001000100000000010,0,31.41352355876683,27.154510829224307,37.467252502051075,45.90426036668173,2025-09-22 08:23:10
naive_adjacency,waste_facility,5,3,512,000010010000000001001000100000000100,0,28.200083596749653,27.154510829224307,37.467252502051075,45.90426036668173,2025-09-22 08:23:10
naive_adjacency,waste_facility,5,3,512,000001010000000010001000100000000100,0,29.057945428772275,27.154510829224307,37.467252502051075,45.90426036668173,2025-09-22 08:23:10
naive_adjacency,waste_facility,5,3,512,000100010000000010000001100000001000,0,43.57429824843866,27.154510829224307,37.467252502051075,45.90426036668173,2025-09-22 08:23:10
naive_adjacency,waste_facility,5,3,512,000100010000000001000010100000001000,0,42.69082040466455,27.154510829224307,37.467252502051075,45.90426036668173,2025-09-22 08:23:10
naive_adjacency,waste_facility,5,3,512,000010010000000100000001100000001000,0,43.54868223668717,27.154510829224307,37.467252502051075,45.90426036668173,2025-09-22 08:23:10
naive_adjacency,waste_facility,5,3,512,000001010000000100000010100000001000,0,43.54868223668716,27.154510829224307,37.467252502051075,45.90426036668173,2025-09-22 08:23:10
naive_adjacency,waste_facility,5,3,512,000010010000000001000100100000001000,0,40.33524227466999,27.154510829224307,37.467252502051075,45.90426036668173,2025-09-22 08:23:10
naive_adjacency,waste_facility,5,3,512,000001010000000010000100100000001000,0,41.218720118444104,27.154510829224307,37.467252502051075,45.90426036668173,2025-09-22 08:23:10
naive_adjacency,waste_facility,5,3,512,001000000100010000000010100000000001,0,27.154510829224314,27.154510829224307,37.467252502051075,45.90426036668173,2025-09-22 08:23:10
naive_adjacency,waste_facility,5,3,512,001000000100010000000001100000000010,0,40.33524227466998,27.154510829224307,37.467252502051075,45.90426036668173,2025-09-22 08:23:10
naive_adjacency,waste_facility,5,3,512,001000000010010000000100100000000001,0,27.154510829224314,27.154510829224307,37.467252502051075,45.90426036668173,2025-09-22 08:23:10
naive_adjacency,waste_facility,5,3,512,001000000001010000000100100000000010,0,40.335242274669994,27.154510829224307,37.467252502051075,45.90426036668173,2025-09-22 08:23:10
naive_adjacency,waste_facility,5,3,512,001000000010010000000001100000000100,0,28.20008359674965,27.154510829224307,37.467252502051075,45.90426036668173,2025-09-22 08:23:10
naive_adjacency,waste_facility,5,3,512,001000000001010000000010100000000100,0,28.20008359674965,27.154510829224307,37.467252502051075,45.90426036668173,2025-09-22 08:23:10
naive_adjacency,waste_facility,5,3,512,000100001000010000000010100000000001,0,41.64524763713922,27.154510829224307,37.467252502051075,45.90426036668173,2025-09-22 08:23:10
naive_adjacency,waste_facility,5,3,512,000100001000010000000001100000000010,0,42.69082040466454,27.154510829224307,37.467252502051075,45.90426036668173,2025-09-22 08:23:10
naive_adjacency,waste_facility,5,3,512,000010001000010000000100100000000001,0,29.51008895921887,27.154510829224307,37.467252502051075,45.90426036668173,2025-09-22 08:23:10
naive_adjacency,waste_facility,5,3,512,000001001000010000000100100000000010,0,28.200083596749653,27.154510829224307,37.467252502051075,45.90426036668173,2025-09-22 08:23:10
naive_adjacency,waste_facility,5,3,512,000010001000010000000001100000000100,0,42.69082040466455,27.154510829224307,37.467252502051075,45.90426036668173,2025-09-22 08:23:10
naive_adjacency,waste_facility,5,3,512,000001001000010000000010100000000100,0,40.33524227466999,27.154510829224307,37.467252502051075,45.90426036668173,2025-09-22 08:23:10
naive_adjacency,waste_facility,5,3,512,000100000010010000001000100000000001,0,41.64524763713921,27.154510829224307,37.467252502051075,45.90426036668173,2025-09-22 08:23:10
naive_adjacency,waste_facility,5,3,512,000100000001010000001000100000000010,0,42.690820404664535,27.154510829224307,37.467252502051075,45.90426036668173,2025-09-22 08:23:10
naive_adjacency,waste_facility,5,3,512,000010000100010000001000100000000001,0,29.51008895921887,27.154510829224307,37.467252502051075,45.90426036668173,2025-09-22 08:23:10
naive_adjacency,waste_facility,5,3,512,000001000100010000001000100000000010,0,28.200083596749646,27.154510829224307,37.467252502051075,45.90426036668173,2025-09-22 08:23:10
naive_adjacency,waste_facility,5,3,512,000010000001010000001000100000000100,0,42.69082040466455,27.154510829224307,37.467252502051075,45.90426036668173,2025-09-22 08:23:10
naive_adjacency,waste_facility,5,3,512,000001000010010000001000100000000100,0,40.335242274669994,27.154510829224307,37.467252502051075,45.90426036668173,2025-09-22 08:23:10
naive_adjacency,waste_facility,5,3,512,000100000010010000000001100000001000,0,30.53004571499271,27.154510829224307,37.467252502051075,45.90426036668173,2025-09-22 08:23:10
naive_adjacency,waste_facility,5,3,512,000100000001010000000010100000001000,0,30.530045714992717,27.154510829224307,37.467252502051075,45.90426036668173,2025-09-22 08:23:10
naive_adjacency,waste_facility,5,3,512,000010000100010000000001100000001000,0,42.665204392913054,27.154510829224307,37.467252502051075,45.90426036668173,2025-09-22 08:23:10
naive_adjacency,waste_facility,5,3,512,000001000100010000000010100000001000,0,28.17446758499815,27.154510829224307,37.467252502051075,45.90426036668173,2025-09-22 08:23:10
naive_adjacency,waste_facility,5,3,512,000010000001010000000100100000001000,0,42.66520439291304,27.154510829224307,37.467252502051075,45.90426036668173,2025-09-22 08:23:10
naive_adjacency,waste_facility,5,3,512,000001000010010000000100100000001000,0,28.174467584998155,27.154510829224307,37.467252502051075,45.90426036668173,2025-09-22 08:23:10
naive_adjacency,waste_facility,5,3,512,001000000100000010010000100000000001,0,44.85868759915638,27.154510829224307,37.467252502051075,45.90426036668173,2025-09-22 08:23:10
naive_adjacency,waste_facility,5,3,512,001000000100000001010000100000000010,0,42.66520439291304,27.154510829224307,37.467252502051075,45.90426036668173,2025-09-22 08:23:10
naive_adjacency,waste_facility,5,3,512,001000000010000100010000100000000001,0,42.528725480913316,27.154510829224307,37.467252502051075,45.90426036668173,2025-09-22 08:23:10
naive_adjacency,waste_facility,5,3,512,001000000001000100010000100000000010,0,43.548682236687156,27.154510829224307,37.467252502051075,45.90426036668173,2025-09-22 08:23:10
naive_adjacency,waste_facility,5,3,512,001000000010000001010000100000000100,0,42.69082040466454,27.154510829224307,37.467252502051075,45.90426036668173,2025-09-22 08:23:10
naive_adjacency,waste_facility,5,3,512,001000000001000010010000100000000100,0,45.90426036668171,27.154510829224307,37.467252502051075,45.90426036668173,2025-09-22 08:23:10
naive_adjacency,waste_facility,5,3,512,000100001000000010010000100000000001,0,30.36795079124149,27.154510829224307,37.467252502051075,45.90426036668173,2025-09-22 08:23:10
naive_adjacency,waste_facility,5,3,512,000100001000000001010000100000000010,0,30.530045714992713,27.154510829224307,37.467252502051075,45.90426036668173,2025-09-22 08:23:10
naive_adjacency,waste_facility,5,3,512,000010001000000100010000100000000001,0,30.393566802992986,27.154510829224307,37.467252502051075,45.90426036668173,2025-09-22 08:23:10
naive_adjacency,waste_facility,5,3,512,000001001000000100010000100000000010,0,31.41352355876683,27.154510829224307,37.467252502051075,45.90426036668173,2025-09-22 08:23:10
naive_adjacency,waste_facility,5,3,512,000010001000000001010000100000000100,0,28.200083596749646,27.154510829224307,37.467252502051075,45.90426036668173,2025-09-22 08:23:10
naive_adjacency,waste_facility,5,3,512,000001001000000010010000100000000100,0,29.057945428772268,27.154510829224307,37.467252502051075,45.90426036668173,2025-09-22 08:23:10
naive_adjacency,waste_facility,5,3,512,000100000010001000010000100000000001,0,42.52872548091332,27.154510829224307,37.467252502051075,45.90426036668173,2025-09-22 08:23:10
naive_adjacency,waste_facility,5,3,512,000100000001001000010000100000000010,0,43.57429824843865,27.154510829224307,37.467252502051075,45.90426036668173,2025-09-22 08:23:10
naive_adjacency,waste_facility,5,3,512,000010000100001000010000100000000001,0,44.88430361090788,27.154510829224307,37.467252502051075,45.90426036668173,2025-09-22 08:23:10
naive_adjacency,waste_facility,5,3,512,000001000100001000010000100000000010,0,43.57429824843866,27.154510829224307,37.467252502051075,45.90426036668173,2025-09-22 08:23:10
naive_adjacency,waste_facility,5,3,512,000010000001001000010000100000000100,0,45.904260366681726,27.154510829224307,37.467252502051075,45.90426036668173,2025-09-22 08:23:10
naive_adjacency,waste_facility,5,3,512,000001000010001000010000100000000100,0,43.54868223668716,27.154510829224307,37.467252502051075,45.90426036668173,2025-09-22 08:23:10
naive_adjacency,waste_facility,5,3,512,000100000010000001010000100000001000,0,42.69082040466455,27.154510829224307,37.467252502051075,45.90426036668173,2025-09-22 08:23:10
naive_adjacency,waste_facility,5,3,512,000100000001000010010000100000001000,0,43.574298248438666,27.154510829224307,37.467252502051075,45.90426036668173,2025-09-22 08:23:10
naive_adjacency,waste_facility,5,3,512,000010000100000001010000100000001000,0,40.33524227466999,27.154510829224307,37.467252502051075,45.90426036668173,2025-09-22 08:23:10
naive_adjacency,waste_facility,5,3,512,000001000100000010010000100000001000,0,41.218720118444104,27.154510829224307,37.467252502051075,45.90426036668173,2025-09-22 08:23:10
naive_adjacency,waste_facility,5,3,512,000010000001000100010000100000001000,0,43.54868223668717,27.154510829224307,37.467252502051075,45.90426036668173,2025-09-22 08:23:10
naive_adjacency,waste_facility,5,3,512,000001000010000100010000100000001000,0,43.54868223668717,27.154510829224307,37.467252502051075,45.90426036668173,2025-09-22 08:23:10
naive_adjacency,waste_facility,5,3,512,001000000100000010000001100000010000,0,44.88430361090788,27.154510829224307,37.467252502051075,45.90426036668173,2025-09-22 08:23:10
naive_adjacency,waste_facility,5,3,512,001000000100000001000010100000010000,0,29.51008895921887,27.154510829224307,37.467252502051075,45.90426036668173,2025-09-22 08:23:10
naive_adjacency,waste_facility,5,3,512,001000000010000100000001100000010000,0,30.39356680299298,27.154510829224307,37.467252502051075,45.90426036668173,2025-09-22 08:23:10
naive_adjacency,waste_facility,5,3,512,001000000001000100000010100000010000,0,30.393566802992982,27.154510829224307,37.467252502051075,45.90426036668173,2025-09-22 08:23:10
naive_adjacency,waste_facility,5,3,512,001000000010000001000100100000010000,0,29.510088959218876,27.154510829224307,37.467252502051075,45.90426036668173,2025-09-22 08:23:10
naive_adjacency,waste_facility,5,3,512,001000000001000010000100100000010000,0,44.88430361090789,27.154510829224307,37.467252502051075,45.90426036668173,2025-09-22 08:23:10
naive_adjacency,waste_facility,5,3,512,000100001000000010000001100000010000,0,42.52872548091332,27.154510829224307,37.467252502051075,45.90426036668173,2025-09-22 08:23:10
naive_adjacency,waste_facility,5,3,512,000100001000000001000010100000010000,0,41.645247637139214,27.154510829224307,37.467252502051075,45.90426036668173,2025-09-22 08:23:10
naive_adjacency,waste_facility,5,3,512,000010001000000100000001100000010000,0,42.52872548091333,27.154510829224307,37.467252502051075,45.90426036668173,2025-09-22 08:23:10
naive_adjacency,waste_facility,5,3,512,000001001000000100000010100000010000,0,42.52872548091332,27.154510829224307,37.467252502051075,45.90426036668173,2025-09-22 08:23:10
naive_adjacency,waste_facility,5,3,512,000010001000000001000100100000010000,0,27.15451082922431,27.154510829224307,37.467252502051075,45.90426036668173,2025-09-22 08:23:10
naive_adjacency,waste_facility,5,3,512,000001001000000010000100100000010000,0,28.03798867299843,27.154510829224307,37.467252502051075,45.90426036668173,2025-09-22 08:23:10
naive_adjacency,waste_facility,5,3,512,000100000010001000000001100000010000,0,30.367950791241483,27.154510829224307,37.467252502051075,45.90426036668173,2025-09-22 08:23:10
naive_adjacency,waste_facility,5,3,512,000100000001001000000010100000010000,0,30.367950791241494,27.154510829224307,37.467252502051075,45.90426036668173,2025-09-22 08:23:10
naive_adjacency,waste_facility,5,3,512,000010000100001000000001100000010000,0,44.85868759915639,27.154510829224307,37.467252502051075,45.90426036668173,2025-09-22 08:23:10
naive_adjacency,waste_facility,5,3,512,000001000100001000000010100000010000,0,30.367950791241487,27.154510829224307,37.467252502051075,45.90426036668173,2025-09-22 08:23:10
naive_adjacency,waste_facility,5,3,512,000010000001001000000100100000010000,0,44.85868759915638,27.154510829224307,37.467252502051075,45.90426036668173,2025-09-22 08:23:10
naive_adjacency,waste_facility,5,3,512,000001000010001000000100100000010000,0,30.36795079124149,27.154510829224307,37.467252502051075,45.90426036668173,2025-09-22 08:23:10
naive_adjacency,waste_facility,5,3,512,000100000010000001001000100000010000,0,41.64524763713921,27.154510829224307,37.467252502051075,45.90426036668173,2025-09-22 08:23:10
naive_adjacency,waste_facility,5,3,512,000100000001000010001000100000010000,0,42.52872548091332,27.154510829224307,37.467252502051075,45.90426036668173,2025-09-22 08:23:10
naive_adjacency,waste_facility,5,3,512,000010000100000001001000100000010000,0,27.154510829224314,27.154510829224307,37.467252502051075,45.90426036668173,2025-09-22 08:23:10
naive_adjacency,waste_facility,5,3,512,000001000100000010001000100000010000,0,28.03798867299843,27.154510829224307,37.467252502051075,45.90426036668173,2025-09-22 08:23:10
naive_adjacency,waste_facility,5,3,512,000010000001000100001000100000010000,0,42.52872548091332,27.154510829224307,37.467252502051075,45.90426036668173,2025-09-22 08:23:10
naive_adjacency,waste_facility,5,3,512,000001000010000100001000100000010000,0,42.52872548091333,27.154510829224307,37.467252502051075,45.90426036668173,2025-09-22 08:23:10
naive_adjacency,waste_facility,5,3,512,010000001000000100000010000001100000,0,44.88430361090788,27.154510829224307,37.467252502051075,45.90426036668173,2025-09-22 08:23:10
naive_adjacency,waste_facility,5,3,512,010000001000000100000001000010100000,0,42.69082040466455,27.154510829224307,37.467252502051075,45.90426036668173,2025-09-22 08:23:10
naive_adjacency,waste_facility,5,3,512,010000001000000010000100000001100000,0,29.51008895921887,27.154510829224307,37.467252502051075,45.90426036668173,2025-09-22 08:23:10
naive_adjacency,waste_facility,5,3,512,010000001000000001000100000010100000,0,30.53004571499271,27.154510829224307,37.467252502051075,45.90426036668173,2025-09-22 08:23:10
naive_adjacency,waste_facility,5,3,512,010000001000000010000001000100100000,0,42.69082040466455,27.154510829224307,37.467252502051075,45.90426036668173,2025-09-22 08:23:10
naive_adjacency,waste_facility,5,3,512,010000001000000001000010000100100000,0,45.904260366681726,27.154510829224307,37.467252502051075,45.90426036668173,2025-09-22 08:23:10
naive_adjacency,waste_facility,5,3,512,010000000100001000000010000001100000,0,30.393566802992986,27.154510829224307,37.467252502051075,45.90426036668173,2025-09-22 08:23:10
naive_adjacency,waste_facility,5,3,512,010000000100001000000001000010100000,0,43.574298248438666,27.154510829224307,37.467252502051075,45.90426036668173,2025-09-22 08:23:10
naive_adjacency,waste_facility,5,3,512,010000000010001000000100000001100000,0,30.393566802992986,27.154510829224307,37.467252502051075,45.90426036668173,2025-09-22 08:23:10
naive_adjacency,waste_facility,5,3,512,010000000001001000000100000010100000,0,43.57429824843866,27.154510829224307,37.467252502051075,45.90426036668173,2025-09-22 08:23:10
naive_adjacency,waste_facility,5,3,512,010000000010001000000001000100100000,0,28.20008359674965,27.154510829224307,37.467252502051075,45.90426036668173,2025-09-22 08:23:10
naive_adjacency,waste_facility,5,3,512,010000000001001000000010000100100000,0,28.200083596749643,27.154510829224307,37.467252502051075,45.90426036668173,2025-09-22 08:23:10
naive_adjacency,waste_facility,5,3,512,010000000100000010001000000001100000,0,29.510088959218876,27.154510829224307,37.467252502051075,45.90426036668173,2025-09-22 08:23:10
naive_adjacency,waste_facility,5,3,512,010000000100000001001000000010100000,0,30.530045714992717,27.154510829224307,37.467252502051075,45.90426036668173,2025-09-22 08:23:10
naive_adjacency,waste_facility,5,3,512,010000000010000100001000000001100000,0,44.88430361090789,27.154510829224307,37.467252502051075,45.90426036668173,2025-09-22 08:23:10
naive_adjacency,waste_facility,5,3,512,010000000001000100001000000010100000,0,42.69082040466455,27.154510829224307,37.467252502051075,45.90426036668173,2025-09-22 08:23:10
naive_adjacency,waste_facility,5,3,512,010000000010000001001000000100100000,0,45.90426036668173,27.154510829224307,37.467252502051075,45.90426036668173,2025-09-22 08:23:10
naive_adjacency,waste_facility,5,3,512,010000000001000010001000000100100000,0,42.69082040466455,27.154510829224307,37.467252502051075,45.90426036668173,2025-09-22 08:23:10
naive_adjacency,waste_facility,5,3,512,010000000100000010000001001000100000,0,43.574298248438666,27.154510829224307,37.467252502051075,45.90426036668173,2025-09-22 08:23:10
naive_adjacency,waste_facility,5,3,512,010000000100000001000010001000100000,0,31.413523558766826,27.154510829224307,37.467252502051075,45.90426036668173,2025-09-22 08:23:10
naive_adjacency,waste_facility,5,3,512,010000000010000100000001001000100000,0,28.20008359674965,27.154510829224307,37.467252502051075,45.90426036668173,2025-09-22 08:23:10
naive_adjacency,waste_facility,5,3,512,010000000001000100000010001000100000,0,28.200083596749643,27.154510829224307,37.467252502051075,45.90426036668173,2025-09-22 08:23:10
naive_adjacency,waste_facility,5,3,512,010000000010000001000100001000100000,0,31.413523558766826,27.154510829224307,37.467252502051075,45.90426036668173,2025-09-22 08:23:10
naive_adjacency,waste_facility,5,3,512,010000000001000010000100001000100000,0,43.57429824843866,27.154510829224307,37.467252502051075,45.90426036668173,2025-09-22 08:23:10
naive_adjacency,waste_facility,5,3,512,001000010000000100000010000001100000,0,42.52872548091332,27.154510829224307,37.467252502051075,45.90426036668173,2025-09-22 08:23:10
naive_adjacency,waste_facility,5,3,512,001000010000000100000001000010100000,0,40.335242274669994,27.154510829224307,37.467252502051075,45.90426036668173,2025-09-22 08:23:10
naive_adjacency,waste_facility,5,3,512,001000010000000010000100000001100000,0,41.64524763713922,27.154510829224307,37.467252502051075,45.90426036668173,2025-09-22 08:23:10
naive_adjacency,waste_facility,5,3,512,001000010000000001000100000010100000,0,42.665204392913054,27.154510829224307,37.467252502051075,45.90426036668173,2025-09-22 08:23:10
naive_adjacency,waste_facility,5,3,512,001000010000000010000001000100100000,0,40.33524227466999,27.154510829224307,37.467252502051075,45.90426036668173,2025-09-22 08:23:10
naive_adjacency,waste_facility,5,3,512,001000010000000001000010000100100000,0,43.54868223668716,27.154510829224307,37.467252502051075,45.90426036668173,2025-09-22 08:23:10
naive_adjacency,waste_facility,5,3,512,000100010000001000000010000001100000,0,42.52872548091333,27.154510829224307,37.467252502051075,45.90426036668173,2025-09-22 08:23:10
naive_adjacency,waste_facility,5,3,512,000100010000001000000001000010100000,0,41.21872011844411,27.154510829224307,37.467252502051075,45.90426036668173,2025-09-22 08:23:10
naive_adjacency,waste_facility,5,3,512,000010010000001000000100000001100000,0,42.52872548091333,27.154510829224307,37.467252502051075,45.90426036668173,2025-09-22 08:23:10
naive_adjacency,waste_facility,5,3,512,000001010000001000000100000010100000,0,43.57429824843866,27.154510829224307,37.467252502051075,45.90426036668173,2025-09-22 08:23:10
naive_adjacency,waste_facility,5,3,512,000010010000001000000001000100100000,0,40.33524227467,27.154510829224307,37.467252502051075,45.90426036668173,2025-09-22 08:23:10
naive_adjacency,waste_facility,5,3,512,000001010000001000000010000100100000,0,42.69082040466455,27.154510829224307,37.467252502051075,45.90426036668173,2025-09-22 08:23:10
naive_adjacency,waste_facility,5,3,512,000100010000000010001000000001100000,0,27.154510829224314,27.154510829224307,37.467252502051075,45.90426036668173,2025-09-22 08:23:10
naive_adjacency,waste_facility,5,3,512,000100010000000001001000000010100000,0,28.174467584998155,27.154510829224307,37.467252502051075,45.90426036668173,2025-09-22 08:23:10
naive_adjacency,waste_facility,5,3,512,000010010000000100001000000001100000,0,28.03798867299843,27.154510829224307,37.467252502051075,45.90426036668173,2025-09-22 08:23:10
naive_adjacency,waste_facility,5,3,512,000001010000000100001000000010100000,0,28.20008359674965,27.154510829224307,37.467252502051075,45.90426036668173,2025-09-22 08:23:10
naive_adjacency,waste_facility,5,3,512,000010010000000001001000000100100000,0,29.057945428772268,27.154510829224307,37.467252502051075,45.90426036668173,2025-09-22 08:23:10
naive_adjacency,waste_facility,5,3,512,000001010000000010001000000100100000,0,28.200083596749646,27.154510829224307,37.467252502051075,45.90426036668173,2025-09-22 08:23:10
naive_adjacency,waste_facility,5,3,512,000100010000000010000001001000100000,0,41.218720118444104,27.154510829224307,37.467252502051075,45.90426036668173,2025-09-22 08:23:10
naive_adjacency,waste_facility,5,3,512,000100010000000001000010001000100000,0,43.54868223668717,27.154510829224307,37.467252502051075,45.90426036668173,2025-09-22 08:23:10
naive_adjacency,waste_facility,5,3,512,000010010000000100000001001000100000,0,40.335242274669994,27.154510829224307,37.467252502051075,45.90426036668173,2025-09-22 08:23:10
naive_adjacency,waste_facility,5,3,512,000001010000000100000010001000100000,0,42.69082040466454,27.154510829224307,37.467252502051075,45.90426036668173,2025-09-22 08:23:10
naive_adjacency,waste_facility,5,3,512,000010010000000001000100001000100000,0,43.548682236687156,27.154510829224307,37.467252502051075,45.90426036668173,2025-09-22 08:23:10
naive_adjacency,waste_facility,5,3,512,000001010000000010000100001000100000,0,43.57429824843866,27.154510829224307,37.467252502051075,45.90426036668173,2025-09-22 08:23:10
naive_adjacency,waste_facility,5,3,512,001000000100010000000010000001100000,0,30.36795079124149,27.154510829224307,37.467252502051075,45.90426036668173,2025-09-22 08:23:10
naive_adjacency,waste_facility,5,3,512,001000000100010000000001000010100000,0,43.54868223668717,27.154510829224307,37.467252502051075,45.90426036668173,2025-09-22 08:23:10
naive_adjacency,waste_facility,5,3,512,001000000010010000000100000001100000,0,30.367950791241498,27.154510829224307,37.467252502051075,45.90426036668173,2025-09-22 08:23:10
naive_adjacency,waste_facility,5,3,512,001000000001010000000100000010100000,0,43.54868223668717,27.154510829224307,37.467252502051075,45.90426036668173,2025-09-22 08:23:10
naive_adjacency,waste_facility,5,3,512,001000000010010000000001000100100000,0,29.05794542877227,27.154510829224307,37.467252502051075,45.90426036668173,2025-09-22 08:23:10
naive_adjacency,waste_facility,5,3,512,001000000001010000000010000100100000,0,29.057945428772264,27.154510829224307,37.467252502051075,45.90426036668173,2025-09-22 08:23:10
naive_adjacency,waste_facility,5,3,512,000100001000010000000010000001100000,0,44.85868759915639,27.154510829224307,37.467252502051075,45.90426036668173,2025-09-22 08:23:10
naive_adjacency,waste_facility,5,3,512,000100001000010000000001000010100000,0,43.54868223668717,27.154510829224307,37.467252502051075,45.90426036668173,2025-09-22 08:23:10
naive_adjacency,waste_facility,5,3,512,000010001000010000000100000001100000,0,30.36795079124149,27.154510829224307,37.467252502051075,45.90426036668173,2025-09-22 08:23:10
naive_adjacency,waste_facility,5,3,512,000001001000010000000100000010100000,0,31.413523558766826,27.154510829224307,37.467252502051075,45.90426036668173,2025-09-22 08:23:10
naive_adjacency,waste_facility,5,3,512,000010001000010000000001000100100000,0,43.54868223668718,27.154510829224307,37.467252502051075,45.90426036668173,2025-09-22 08:23:10
naive_adjacency,waste_facility,5,3,512,000001001000010000000010000100100000,0,45.904260366681726,27.154510829224307,37.467252502051075,45.90426036668173,2025-09-22 08:23:10
naive_adjacency,waste_facility,5,3,512,000100000010010000001000000001100000,0,44.85868759915638,27.154510829224307,37.467252502051075,45.90426036668173,2025-09-22 08:23:10
naive_adjacency,waste_facility,5,3,512,000100000001010000001000000010100000,0,43.54868223668716,27.154510829224307,37.467252502051075,45.90426036668173,2025-09-22 08:23:10
naive_adjacency,waste_facility,5,3,512,000010000100010000001000000001100000,0,30.36795079124149,27.154510829224307,37.467252502051075,45.90426036668173,2025-09-22 08:23:10
naive_adjacency,waste_facility,5,3,512,000001000100010000001000000010100000,0,31.413523558766826,27.154510829224307,37.467252502051075,45.90426036668173,2025-09-22 08:23:10
naive_adjacency,waste_facility,5,3,512,000010000001010000001000000100100000,0,43.54868223668716,27.154510829224307,37.467252502051075,45.90426036668173,2025-09-22 08:23:10
naive_adjacency,waste_facility,5,3,512,000001000010010000001000000100100000,0,45.904260366681726,27.154510829224307,37.467252502051075,45.90426036668173,2025-09-22 08:23:10
naive_adjacency,waste_facility,5,3,512,000100000010010000000001001000100000,0,28.174467584998155,27.154510829224307,37.467252502051075,45.90426036668173,2025-09-22 08:23:10
naive_adjacency,waste_facility,5,3,512,000100000001010000000010001000100000,0,28.174467584998162,27.154510829224307,37.467252502051075,45.90426036668173,2025-09-22 08:23:10
naive_adjacency,waste_facility,5,3,512,000010000100010000000001001000100000,0,42.66520439291306,27.154510829224307,37.467252502051075,45.90426036668173,2025-09-22 08:23:10
naive_adjacency,waste_facility,5,3,512,000001000100010000000010001000100000,0,30.530045714992706,27.154510829224307,37.467252502051075,45.90426036668173,2025-09-22 08:23:10
naive_adjacency,waste_facility,5,3,512,000010000001010000000100001000100000,0,42.66520439291304,27.154510829224307,37.467252502051075,45.90426036668173,2025-09-22 08:23:10
naive_adjacency,waste_facility,5,3,512,000001000010010000000100001000100000,0,30.53004571499271,27.154510829224307,37.467252502051075,45.90426036668173,2025-09-22 08:23:10
naive_adjacency,waste_facility,5,3,512,001000000100000010010000000001100000,0,41.64524763713921,27.154510829224307,37.467252502051075,45.90426036668173,2025-09-22 08:23:10
naive_adjacency,waste_facility,5,3,512,001000000100000001010000000010100000,0,42.66520439291305,27.154510829224307,37.467252502051075,45.90426036668173,2025-09-22 08:23:10
naive_adjacency,waste_facility,5,3,512,001000000010000100010000000001100000,0,42.52872548091332,27.154510829224307,37.467252502051075,45.90426036668173,2025-09-22 08:23:10
naive_adjacency,waste_facility,5,3,512,001000000001000100010000000010100000,0,40.33524227466998,27.154510829224307,37.467252502051075,45.90426036668173,2025-09-22 08:23:10
naive_adjacency,waste_facility,5,3,512,001000000010000001010000000100100000,0,43.54868223668716,27.154510829224307,37.467252502051075,45.90426036668173,2025-09-22 08:23:10
naive_adjacency,waste_facility,5,3,512,001000000001000010010000000100100000,0,40.33524227466999,27.154510829224307,37.467252502051075,45.90426036668173,2025-09-22 08:23:10
naive_adjacency,waste_facility,5,3,512,000100001000000010010000000001100000,0,27.154510829224314,27.154510829224307,37.467252502051075,45.90426036668173,2025-09-22 08:23:10
naive_adjacency,waste_facility,5,3,512,000100001000000001010000000010100000,0,28.174467584998155,27.154510829224307,37.467252502051075,45.90426036668173,2025-09-22 08:23:10
naive_adjacency,waste_facility,5,3,512,000010001000000100010000000001100000,0,28.03798867299843,27.154510829224307,37.467252502051075,45.90426036668173,2025-09-22 08:23:10
naive_adjacency,waste_facility,5,3,512,000001001000000100010000000010100000,0,28.20008359674965,27.154510829224307,37.467252502051075,45.90426036668173,2025-09-22 08:23:10
naive_adjacency,waste_facility,5,3,512,000010001000000001010000000100100000,0,29.057945428772268,27.154510829224307,37.467252502051075,45.90426036668173,2025-09-22 08:23:10
naive_adjacency,waste_facility,5,3,512,000001001000000010010000000100100000,0,28.200083596749646,27.154510829224307,37.467252502051075,45.90426036668173,2025-09-22 08:23:10
naive_adjacency,waste_facility,5,3,512,000100000010001000010000000001100000,0,42.52872548091332,27.154510829224307,37.467252502051075,45.90426036668173,2025-09-22 08:23:10
naive_adjacency,waste_facility,5,3,512,000100000001001000010000000010100000,0,41.218720118444104,27.154510829224307,37.467252502051075,45.90426036668173,2025-09-22 08:23:10
naive_adjacency,waste_facility,5,3,512,000010000100001000010000000001100000,0,42.52872548091333,27.154510829224307,37.467252502051075,45.90426036668173,2025-09-22 08:23:10
naive_adjacency,waste_facility,5,3,512,000001000100001000010000000010100000,0,43.57429824843866,27.154510829224307,37.467252502051075,45.90426036668173,2025-09-22 08:23:10
naive_adjacency,waste_facility,5,3,512,000010000001001000010000000100100000,0,40.33524227466999,27.154510829224307,37.467252502051075,45.90426036668173,2025-09-22 08:23:10
naive_adjacency,waste_facility,5,3,512,000001000010001000010000000100100000,0,42.69082040466455,27.154510829224307,37.467252502051075,45.90426036668173,2025-09-22 08:23:10
naive_adjacency,waste_facility,5,3,512,000100000010000001010000001000100000,0,43.54868223668716,27.154510829224307,37.467252502051075,45.90426036668173,2025-09-22 08:23:10
naive_adjacency,waste_facility,5,3,512,000100000001000010010000001000100000,0,41.2187201184441,27.154510829224307,37.467252502051075,45.90426036668173,2025-09-22 08:23:10
naive_adjacency,waste_facility,5,3,512,000010000100000001010000001000100000,0,43.54868223668716,27.154510829224307,37.467252502051075,45.90426036668173,2025-09-22 08:23:10
naive_adjacency,waste_facility,5,3,512,000001000100000010010000001000100000,0,43.57429824843866,27.154510829224307,37.467252502051075,45.90426036668173,2025-09-22 08:23:10
naive_adjacency,waste_facility,5,3,512,000010000001000100010000001000100000,0,40.33524227466998,27.154510829224307,37.467252502051075,45.90426036668173,2025-09-22 08:23:10
naive_adjacency,waste_facility,5,3,512,000001000010000100010000001000100000,0,42.69082040466454,27.154510829224307,37.467252502051075,45.90426036668173,2025-09-22 08:23:10
naive_adjacency,waste_facility,5,3,512,001000000100000010000001010000100000,0,42.52872548091333,27.154510829224307,37.467252502051075,45.90426036668173,2025-09-22 08:23:10
naive_adjacency,waste_facility,5,3,512,001000000100000001000010010000100000,0,30.36795079124149,27.154510829224307,37.467252502051075,45.90426036668173,2025-09-22 08:23:10
naive_adjacency,waste_facility,5,3,512,001000000010000100000001010000100000,0,28.03798867299843,27.154510829224307,37.467252502051075,45.90426036668173,2025-09-22 08:23:10
naive_adjacency,waste_facility,5,3,512,001000000001000100000010010000100000,0,28.037988672998424,27.154510829224307,37.467252502051075,45.90426036668173,2025-09-22 08:23:10
naive_adjacency,waste_facility,5,3,512,001000000010000001000100010000100000,0,30.367950791241498,27.154510829224307,37.467252502051075,45.90426036668173,2025-09-22 08:23:10
naive_adjacency,waste_facility,5,3,512,001000000001000010000100010000100000,0,42.52872548091333,27.154510829224307,37.467252502051075,45.90426036668173,2025-09-22 08:23:10
naive_adjacency,waste_facility,5,3,512,000100001000000010000001010000100000,0,42.52872548091333,27.154510829224307,37.467252502051075,45.90426036668173,2025-09-22 08:23:10
naive_adjacency,waste_facility,5,3,512,000100001000000001000010010000100000,0,44.85868759915639,27.154510829224307,37.467252502051075,45.90426036668173,2025-09-22 08:23:10
naive_adjacency,waste_facility,5,3,512,000010001000000100000001010000100000,0,42.52872548091333,27.154510829224307,37.467252502051075,45.90426036668173,2025-09-22 08:23:10
naive_adjacency,waste_facility,5,3,512,000001001000000100000010010000100000,0,44.88430361090788,27.154510829224307,37.467252502051075,45.90426036668173,2025-09-22 08:23:10
naive_adjacency,waste_facility,5,3,512,000010001000000001000100010000100000,0,30.367950791241487,27.154510829224307,37.467252502051075,45.90426036668173,2025-09-22 08:23:10
naive_adjacency,waste_facility,5,3,512,000001001000000010000100010000100000,0,30.393566802992986,27.154510829224307,37.467252502051075,45.90426036668173,2025-09-22 08:23:10
naive_adjacency,waste_facility,5,3,512,000100000010001000000001010000100000,0,27.154510829224314,27.154510829224307,37.467252502051075,45.90426036668173,2025-09-22 08:23:10
naive_adjacency,waste_facility,5,3,512,000100000001001000000010010000100000,0,27.154510829224314,27.154510829224307,37.467252502051075,45.90426036668173,2025-09-22 08:23:10
naive_adjacency,waste_facility,5,3,512,000010000100001000000001010000100000,0,41.64524763713922,27.154510829224307,37.467252502051075,45.90426036668173,2025-09-22 08:23:10
naive_adjacency,waste_facility,5,3,512,000001000100001000000010010000100000,0,29.510088959218866,27.154510829224307,37.467252502051075,45.90426036668173,2025-09-22 08:23:10
naive_adjacency,waste_facility,5,3,512,000010000001001000000100010000100000,0,41.6452476371392,27.154510829224307,37.467252502051075,45.90426036668173,2025-09-22 08:23:10
naive_adjacency,waste_facility,5,3,512,000001000010001000000100010000100000,0,29.51008895921887,27.154510829224307,37.467252502051075,45.90426036668173,2025-09-22 08:23:10
naive_adjacency,waste_facility,5,3,512,000100000010000001001000010000100000,0,44.85868759915638,27.154510829224307,37.467252502051075,45.90426036668173,2025-09-22 08:23:10
naive_adjacency,waste_facility,5,3,512,000100000001000010001000010000100000,0,42.528725480913316,27.154510829224307,37.467252502051075,45.90426036668173,2025-09-22 08:23:10
naive_adjacency,waste_facility,5,3,512,000010000100000001001000010000100000,0,30.36795079124149,27.154510829224307,37.467252502051075,45.90426036668173,2025-09-22 08:23:10
naive_adjacency,waste_facility,5,3,512,000001000100000010001000010000100000,0,30.393566802992986,27.154510829224307,37.467252502051075,45.90426036668173,2025-09-22 08:23:10
naive_adjacency,waste_facility,5,3,512,000010000001000100001000010000100000,0,42.52872548091332,27.154510829224307,37.467252502051075,45.90426036668173,2025-09-22 08:23:10
naive_adjacency,waste_facility,5,3,512,000001000010000100001000010000100000,0,44.884303610907885,27.154510829224307,37.467252502051075,45.90426036668173,2025-09-22 08:23:10
node_visit_time,waste_facility,5,3,512,000001010011100,0,44.88430361090788,27.15451082922431,37.46725250205122,45.904260366681726,2025-09-22 08:25:13
node_visit_time,waste_facility,5,3,512,000001010100011,0,42.52872548091332,27.15451082922431,37.46725250205122,45.904260366681726,2025-09-22 08:25:13
node_visit_time,waste_facility,5,3,512,000001011010100,0,42.69082040466454,27.15451082922431,37.46725250205122,45.904260366681726,2025-09-22 08:25:13
node_visit_time,waste_facility,5,3,512,000001011100010,0,43.54868223668716,27.15451082922431,37.46725250205122,45.904260366681726,2025-09-22 08:25:13
node_visit_time,waste_facility,5,3,512,000001100010011,0,41.64524763713921,27.15451082922431,37.46725250205122,45.904260366681726,2025-09-22 08:25:13
node_visit_time,waste_facility,5,3,512,000001100011010,0,44.85868759915638,27.15451082922431,37.46725250205122,45.904260366681726,2025-09-22 08:25:13
node_visit_time,waste_facility,5,3,512,000010001011100,0,29.510088959218873,27.15451082922431,37.46725250205122,45.904260366681726,2025-09-22 08:25:13
node_visit_time,waste_facility,5,3,512,000010001100011,0,30.36795079124149,27.15451082922431,37.46725250205122,45.904260366681726,2025-09-22 08:25:13
node_visit_time,waste_facility,5,3,512,000010011001100,0,42.69082040466454,27.15451082922431,37.46725250205122,45.904260366681726,2025-09-22 08:25:13
node_visit_time,waste_facility,5,3,512,000010011100001,0,43.54868223668716,27.15451082922431,37.46725250205122,45.904260366681726,2025-09-22 08:25:13
node_visit_time,waste_facility,5,3,512,000010100001011,0,42.66520439291304,27.15451082922431,37.46725250205122,45.904260366681726,2025-09-22 08:25:13
node_visit_time,waste_facility,5,3,512,000010100011001,0,42.66520439291304,27.15451082922431,37.46725250205122,45.904260366681726,2025-09-22 08:25:13
node_visit_time,waste_facility,5,3,512,000011001010100,0,30.530045714992706,27.15451082922431,37.46725250205122,45.904260366681726,2025-09-22 08:25:13
node_visit_time,waste_facility,5,3,512,000011001100010,0,28.17446758499816,27.15451082922431,37.46725250205122,45.904260366681726,2025-09-22 08:25:13
node_visit_time,waste_facility,5,3,512,000011010001100,0,45.90426036668172,27.15451082922431,37.46725250205122,45.904260366681726,2025-09-22 08:25:13
node_visit_time,waste_facility,5,3,512,000011010100001,0,40.33524227466999,27.15451082922431,37.46725250205122,45.904260366681726,2025-09-22 08:25:13
node_visit_time,waste_facility,5,3,512,000011100001010,0,44.85868759915638,27.15451082922431,37.46725250205122,45.904260366681726,2025-09-22 08:25:13
node_visit_time,waste_facility,5,3,512,000011100010001,0,41.64524763713921,27.15451082922431,37.46725250205122,45.904260366681726,2025-09-22 08:25:13
node_visit_time,waste_facility,5,3,512,000100001010011,0,30.367950791241487,27.15451082922431,37.46725250205122,45.904260366681726,2025-09-22 08:25:13
node_visit_time,waste_facility,5,3,512,000100001011010,0,27.154510829224314,27.15451082922431,37.46725250205122,45.904260366681726,2025-09-22 08:25:13
node_visit_time,waste_facility,5,3,512,000100010001011,0,43.54868223668716,27.15451082922431,37.46725250205122,45.904260366681726,2025-09-22 08:25:13
node_visit_time,waste_facility,5,3,512,000100010011001,0,40.33524227466998,27.15451082922431,37.46725250205122,45.904260366681726,2025-09-22 08:25:13
node_visit_time,waste_facility,5,3,512,000100011001010,0,42.52872548091332,27.15451082922431,37.46725250205122,45.904260366681726,2025-09-22 08:25:13
node_visit_time,waste_facility,5,3,512,000100011010001,0,42.52872548091332,27.15451082922431,37.46725250205122,45.904260366681726,2025-09-22 08:25:13
node_visit_time,waste_facility,5,3,512,001000010011100,0,30.39356680299299,27.15451082922431,37.46725250205122,45.904260366681726,2025-09-22 08:25:13
node_visit_time,waste_facility,5,3,512,001000010100011,0,28.03798867299843,27.15451082922431,37.46725250205122,45.904260366681726,2025-09-22 08:25:13
node_visit_time,waste_facility,5,3,512,001000011010100,0,43.574298248438666,27.15451082922431,37.46725250205122,45.904260366681726,2025-09-22 08:25:13
node_visit_time,waste_facility,5,3,512,001000011100010,0,41.218720118444104,27.15451082922431,37.46725250205122,45.904260366681726,2025-09-22 08:25:13
node_visit_time,waste_facility,5,3,512,001000100010011,0,42.52872548091332,27.15451082922431,37.46725250205122,45.904260366681726,2025-09-22 08:25:13
node_visit_time,waste_facility,5,3,512,001000100011010,0,42.52872548091332,27.15451082922431,37.46725250205122,45.904260366681726,2025-09-22 08:25:13
node_visit_time,waste_facility,5,3,512,001010000011100,0,29.51008895921888,27.15451082922431,37.46725250205122,45.904260366681726,2025-09-22 08:25:13
node_visit_time,waste_facility,5,3,512,001010000100011,0,30.367950791241498,27.15451082922431,37.46725250205122,45.904260366681726,2025-09-22 08:25:13
node_visit_time,waste_facility,5,3,512,001010011000100,0,43.57429824843866,27.15451082922431,37.46725250205122,45.904260366681726,2025-09-22 08:25:13
node_visit_time,waste_facility,5,3,512,001010011100000,0,43.57429824843866,27.15451082922431,37.46725250205122,45.904260366681726,2025-09-22 08:25:13
node_visit_time,waste_facility,5,3,512,001010100000011,0,43.548682236687156,27.15451082922431,37.46725250205122,45.904260366681726,2025-09-22 08:25:13
node_visit_time,waste_facility,5,3,512,001010100011000,0,42.69082040466455,27.15451082922431,37.46725250205122,45.904260366681726,2025-09-22 08:25:13
node_visit_time,waste_facility,5,3,512,001011000010100,0,30.530045714992717,27.15451082922431,37.46725250205122,45.904260366681726,2025-09-22 08:25:13
node_visit_time,waste_facility,5,3,512,001011000100010,0,28.17446758499816,27.15451082922431,37.46725250205122,45.904260366681726,2025-09-22 08:25:13
node_visit_time,waste_facility,5,3,512,001011010000100,0,31.41352355876683,27.15451082922431,37.46725250205122,45.904260366681726,2025-09-22 08:25:13
node_visit_time,waste_facility,5,3,512,001011010100000,0,28.20008359674965,27.15451082922431,37.46725250205122,45.904260366681726,2025-09-22 08:25:13
node_visit_time,waste_facility,5,3,512,001011100000010,0,43.548682236687156,27.15451082922431,37.46725250205122,45.904260366681726,2025-09-22 08:25:13
node_visit_time,waste_facility,5,3,512,001011100010000,0,42.69082040466455,27.15451082922431,37.46725250205122,45.904260366681726,2025-09-22 08:25:13
node_visit_time,waste_facility,5,3,512,001100000010011,0,30.367950791241494,27.15451082922431,37.46725250205122,45.904260366681726,2025-09-22 08:25:13
node_visit_time,waste_facility,5,3,512,001100000011010,0,27.154510829224314,27.15451082922431,37.46725250205122,45.904260366681726,2025-09-22 08:25:13
node_visit_time,waste_facility,5,3,512,001100010000011,0,29.057945428772275,27.15451082922431,37.46725250205122,45.904260366681726,2025-09-22 08:25:13
node_visit_time,waste_facility,5,3,512,001100010011000,0,28.20008359674965,27.15451082922431,37.46725250205122,45.904260366681726,2025-09-22 08:25:13
node_visit_time,waste_facility,5,3,512,001100011000010,0,41.218720118444104,27.15451082922431,37.46725250205122,45.904260366681726,2025-09-22 08:25:13
node_visit_time,waste_facility,5,3,512,001100011010000,0,43.574298248438666,27.15451082922431,37.46725250205122,45.904260366681726,2025-09-22 08:25:13
node_visit_time,waste_facility,5,3,512,010000001011100,0,30.39356680299299,27.15451082922431,37.46725250205122,45.904260366681726,2025-09-22 08:25:13
node_visit_time,waste_facility,5,3,512,010000001100011,0,28.03798867299843,27.15451082922431,37.46725250205122,45.904260366681726,2025-09-22 08:25:13
node_visit_time,waste_facility,5,3,512,010000011001100,0,28.200083596749653,27.15451082922431,37.46725250205122,45.904260366681726,2025-09-22 08:25:13
node_visit_time,waste_facility,5,3,512,010000011100001,0,29.05794542877227,27.15451082922431,37.46725250205122,45.904260366681726,2025-09-22 08:25:13
node_visit_time,waste_facility,5,3,512,010000100001011,0,40.33524227466998,27.15451082922431,37.46725250205122,45.904260366681726,2025-09-22 08:25:13
node_visit_time,waste_facility,5,3,512,010000100011001,0,43.54868223668717,27.15451082922431,37.46725250205122,45.904260366681726,2025-09-22 08:25:13
node_visit_time,waste_facility,5,3,512,010001000011100,0,44.88430361090789,27.15451082922431,37.46725250205122,45.904260366681726,2025-09-22 08:25:13
node_visit_time,waste_facility,5,3,512,010001000100011,0,42.52872548091333,27.15451082922431,37.46725250205122,45.904260366681726,2025-09-22 08:25:13
node_visit_time,waste_facility,5,3,512,010001011000100,0,28.200083596749653,27.15451082922431,37.46725250205122,45.904260366681726,2025-09-22 08:25:13
node_visit_time,waste_facility,5,3,512,010001011100000,0,31.413523558766826,27.15451082922431,37.46725250205122,45.904260366681726,2025-09-22 08:25:13
node_visit_time,waste_facility,5,3,512,010001100000011,0,40.33524227466998,27.15451082922431,37.46725250205122,45.904260366681726,2025-09-22 08:25:13
node_visit_time,waste_facility,5,3,512,010001100011000,0,45.904260366681726,27.15451082922431,37.46725250205122,45.904260366681726,2025-09-22 08:25:13
node_visit_time,waste_facility,5,3,512,010011000001100,0,45.904260366681726,27.15451082922431,37.46725250205122,45.904260366681726,2025-09-22 08:25:13
node_visit_time,waste_facility,5,3,512,010011000100001,0,40.33524227467,27.15451082922431,37.46725250205122,45.904260366681726,2025-09-22 08:25:13
node_visit_time,waste_facility,5,3,512,010011001000100,0,31.41352355876683,27.15451082922431,37.46725250205122,45.904260366681726,2025-09-22 08:25:13
node_visit_time,waste_facility,5,3,512,010011001100000,0,28.20008359674965,27.15451082922431,37.46725250205122,45.904260366681726,2025-09-22 08:25:13
node_visit_time,waste_facility,5,3,512,010011100000001,0,42.52872548091332,27.15451082922431,37.46725250205122,45.904260366681726,2025-09-22 08:25:13
node_visit_time,waste_facility,5,3,512,010011100001000,0,44.88430361090788,27.15451082922431,37.46725250205122,45.904260366681726,2025-09-22 08:25:13
node_visit_time,waste_facility,5,3,512,010100000001011,0,43.54868223668716,27.15451082922431,37.46725250205122,45.904260366681726,2025-09-22 08:25:13
node_visit_time,waste_facility,5,3,512,010100000011001,0,40.33524227467,27.15451082922431,37.46725250205122,45.904260366681726,2025-09-22 08:25:13
node_visit_time,waste_facility,5,3,512,010100001000011,0,29.057945428772268,27.15451082922431,37.46725250205122,45.904260366681726,2025-09-22 08:25:13
node_visit_time,waste_facility,5,3,512,010100001011000,0,28.20008359674965,27.15451082922431,37.46725250205122,45.904260366681726,2025-09-22 08:25:13
node_visit_time,waste_facility,5,3,512,010100011000001,0,28.03798867299843,27.15451082922431,37.46725250205122,45.904260366681726,2025-09-22 08:25:13
node_visit_time,waste_facility,5,3,512,010100011001000,0,30.393566802992986,27.15451082922431,37.46725250205122,45.904260366681726,2025-09-22 08:25:13
node_visit_time,waste_facility,5,3,512,011000001010100,0,43.57429824843865,27.15451082922431,37.46725250205122,45.904260366681726,2025-09-22 08:25:13
node_visit_time,waste_facility,5,3,512,011000001100010,0,41.218720118444104,27.15451082922431,37.46725250205122,45.904260366681726,2025-09-22 08:25:13
node_visit_time,waste_facility,5,3,512,011000010001100,0,28.200083596749646,27.15451082922431,37.46725250205122,45.904260366681726,2025-09-22 08:25:13
node_visit_time,waste_facility,5,3,512,011000010100001,0,29.05794542877227,27.15451082922431,37.46725250205122,45.904260366681726,2025-09-22 08:25:13
node_visit_time,waste_facility,5,3,512,011000100001010,0,27.15451082922431,27.15451082922431,37.46725250205122,45.904260366681726,2025-09-22 08:25:13
node_visit_time,waste_facility,5,3,512,011000100010001,1,30.367950791241487,27.15451082922431,37.46725250205122,45.904260366681726,2025-09-22 08:25:13
node_visit_time,waste_facility,5,3,512,011001000010100,1,42.69082040466455,27.15451082922431,37.46725250205122,45.904260366681726,2025-09-22 08:25:13
node_visit_time,waste_facility,5,3,512,011001000100010,0,43.54868223668718,27.15451082922431,37.46725250205122,45.904260366681726,2025-09-22 08:25:13
node_visit_time,waste_facility,5,3,512,011001010000100,0,28.200083596749646,27.15451082922431,37.46725250205122,45.904260366681726,2025-09-22 08:25:13
node_visit_time,waste_facility,5,3,512,011001010100000,0,31.413523558766826,27.15451082922431,37.46725250205122,45.904260366681726,2025-09-22 08:25:13
node_visit_time,waste_facility,5,3,512,011001100000010,0,28.17446758499815,27.15451082922431,37.46725250205122,45.904260366681726,2025-09-22 08:25:13
node_visit_time,waste_facility,5,3,512,011001100010000,0,30.530045714992706,27.15451082922431,37.46725250205122,45.904260366681726,2025-09-22 08:25:13
node_visit_time,waste_facility,5,3,512,011010000001100,0,42.69082040466454,27.15451082922431,37.46725250205122,45.904260366681726,2025-09-22 08:25:13
node_visit_time,waste_facility,5,3,512,011010000100001,0,43.54868223668718,27.15451082922431,37.46725250205122,45.904260366681726,2025-09-22 08:25:13
node_visit_time,waste_facility,5,3,512,011010001000100,0,43.57429824843866,27.15451082922431,37.46725250205122,45.904260366681726,2025-09-22 08:25:13
node_visit_time,waste_facility,5,3,512,011010001100000,0,43.57429824843866,27.15451082922431,37.46725250205122,45.904260366681726,2025-09-22 08:25:13
node_visit_time,waste_facility,5,3,512,011010100000001,0,30.367950791241487,27.15451082922431,37.46725250205122,45.904260366681726,2025-09-22 08:25:13
node_visit_time,waste_facility,5,3,512,011010100001000,0,29.510088959218866,27.15451082922431,37.46725250205122,45.904260366681726,2025-09-22 08:25:13
node_visit_time,waste_facility,5,3,512,011100000001010,0,42.52872548091333,27.15451082922431,37.46725250205122,45.904260366681726,2025-09-22 08:25:13
node_visit_time,waste_facility,5,3,512,011100000010001,0,42.52872548091334,27.15451082922431,37.46725250205122,45.904260366681726,2025-09-22 08:25:13
node_visit_time,waste_facility,5,3,512,011100001000010,0,41.21872011844411,27.15451082922431,37.46725250205122,45.904260366681726,2025-09-22 08:25:13
node_visit_time,waste_facility,5,3,512,011100001010000,0,43.57429824843866,27.15451082922431,37.46725250205122,45.904260366681726,2025-09-22 08:25:13
node_visit_time,waste_facility,5,3,512,011100010000001,0,28.03798867299843,27.15451082922431,37.46725250205122,45.904260366681726,2025-09-22 08:25:13
node_visit_time,waste_facility,5,3,512,011100010001000,0,30.393566802992986,27.15451082922431,37.46725250205122,45.904260366681726,2025-09-22 08:25:13
node_visit_time,waste_facility,5,3,512,100000001010011,0,42.52872548091332,27.15451082922431,37.46725250205122,45.904260366681726,2025-09-22 08:25:13
node_visit_time,waste_facility,5,3,512,100000001011010,0,42.52872548091333,27.15451082922431,37.46725250205122,45.904260366681726,2025-09-22 08:25:13
node_visit_time,waste_facility,5,3,512,100000010001011,0,40.335242274669994,27.15451082922431,37.46725250205122,45.904260366681726,2025-09-22 08:25:13
node_visit_time,waste_facility,5,3,512,100000010011001,0,43.54868223668717,27.15451082922431,37.46725250205122,45.904260366681726,2025-09-22 08:25:13
node_visit_time,waste_facility,5,3,512,100000011001010,0,27.154510829224314,27.15451082922431,37.46725250205122,45.904260366681726,2025-09-22 08:25:13
node_visit_time,waste_facility,5,3,512,100000011010001,0,30.36795079124149,27.15451082922431,37.46725250205122,45.904260366681726,2025-09-22 08:25:13
node_visit_time,waste_facility,5,3,512,100001000010011,0,41.64524763713922,27.15451082922431,37.46725250205122,45.904260366681726,2025-09-22 08:25:13
node_visit_time,waste_facility,5,3,512,100001000011010,0,44.8586875991564,27.15451082922431,37.46725250205122,45.904260366681726,2025-09-22 08:25:13
node_visit_time,waste_facility,5,3,512,100001010000011,0,40.335242274669994,27.15451082922431,37.46725250205122,45.904260366681726,2025-09-22 08:25:13
node_visit_time,waste_facility,5,3,512,100001010011000,0,45.904260366681726,27.15451082922431,37.46725250205122,45.904260366681726,2025-09-22 08:25:13
node_visit_time,waste_facility,5,3,512,100001011000010,0,28.174467584998155,27.15451082922431,37.46725250205122,45.904260366681726,2025-09-22 08:25:13
node_visit_time,waste_facility,5,3,512,100001011010000,1,30.53004571499271,27.15451082922431,37.46725250205122,45.904260366681726,2025-09-22 08:25:13
node_visit_time,waste_facility,5,3,512,100010000001011,0,42.665204392913054,27.15451082922431,37.46725250205122,45.904260366681726,2025-09-22 08:25:13
node_visit_time,waste_facility,5,3,512,100010000011001,0,42.66520439291306,27.15451082922431,37.46725250205122,45.904260366681726,2025-09-22 08:25:13
node_visit_time,waste_facility,5,3,512,100010001000011,0,43.54868223668717,27.15451082922431,37.46725250205122,45.904260366681726,2025-09-22 08:25:13
node_visit_time,waste_facility,5,3,512,100010001011000,0,42.69082040466455,27.15451082922431,37.46725250205122,45.904260366681726,2025-09-22 08:25:13
node_visit_time,waste_facility,5,3,512,100010011000001,0,30.36795079124149,27.15451082922431,37.46725250205122,45.904260366681726,2025-09-22 08:25:13
node_visit_time,waste_facility,5,3,512,100010011001000,0,29.51008895921887,27.15451082922431,37.46725250205122,45.904260366681726,2025-09-22 08:25:13
node_visit_time,waste_facility,5,3,512,100011000001010,0,44.8586875991564,27.15451082922431,37.46725250205122,45.904260366681726,2025-09-22 08:25:13
node_visit_time,waste_facility,5,3,512,100011000010001,0,41.64524763713922,27.15451082922431,37.46725250205122,45.904260366681726,2025-09-22 08:25:13
node_visit_time,waste_facility,5,3,512,100011001000010,0,43.54868223668717,27.15451082922431,37.46725250205122,45.904260366681726,2025-09-22 08:25:13
node_visit_time,waste_facility,5,3,512,100011001010000,0,42.69082040466455,27.15451082922431,37.46725250205122,45.904260366681726,2025-09-22 08:25:13
node_visit_time,waste_facility,5,3,512,100011010000001,0,42.52872548091333,27.15451082922431,37.46725250205122,45.904260366681726,2025-09-22 08:25:13
node_visit_time,waste_facility,5,3,512,100011010001000,0,44.884303610907885,27.15451082922431,37.46725250205122,45.904260366681726,2025-09-22 08:25:13
naive_adjacency,waste_collection_area,103,3,512,1000010000100001,0,4.832925512278852,4.832925512278851,4.83292551227885,4.832925512278853,2025-09-22 08:26:19
naive_adjacency,waste_collection_area,103,3,512,1000010000010010,0,4.832925512278852,4.832925512278851,4.83292551227885,4.832925512278853,2025-09-22 08:26:19
naive_adjacency,waste_collection_area,103,3,512,1000001001000001,0,4.832925512278852,4.832925512278851,4.83292551227885,4.832925512278853,2025-09-22 08:26:19
naive_adjacency,waste_collection_area,103,3,512,1000000101000010,0,4.832925512278852,4.832925512278851,4.83292551227885,4.832925512278853,2025-09-22 08:26:19
naive_adjacency,waste_collection_area,103,3,512,1000001000010100,0,4.832925512278852,4.832925512278851,4.83292551227885,4.832925512278853,2025-09-22 08:26:19
naive_adjacency,waste_collection_area,103,3,512,1000000100100100,0,4.832925512278852,4.832925512278851,4.83292551227885,4.832925512278853,2025-09-22 08:26:19
naive_adjacency,waste_collection_area,103,3,512,0100100000100001,0,4.832925512278852,4.832925512278851,4.83292551227885,4.832925512278853,2025-09-22 08:26:19
naive_adjacency,waste_collection_area,103,3,512,0100100000010010,0,4.832925512278851,4.832925512278851,4.83292551227885,4.832925512278853,2025-09-22 08:26:19
naive_adjacency,waste_collection_area,103,3,512,0010100001000001,0,4.832925512278851,4.832925512278851,4.83292551227885,4.832925512278853,2025-09-22 08:26:19
naive_adjacency,waste_collection_area,103,3,512,0001100001000010,0,4.832925512278852,4.832925512278851,4.83292551227885,4.832925512278853,2025-09-22 08:26:19
naive_adjacency,waste_collection_area,103,3,512,0010100000010100,0,4.832925512278852,4.832925512278851,4.83292551227885,4.832925512278853,2025-09-22 08:26:19
naive_adjacency,waste_collection_area,103,3,512,0001100000100100,0,4.832925512278853,4.832925512278851,4.83292551227885,4.832925512278853,2025-09-22 08:26:19
naive_adjacency,waste_collection_area,103,3,512,0100001010000001,0,4.832925512278852,4.832925512278851,4.83292551227885,4.832925512278853,2025-09-22 08:26:19
naive_adjacency,waste_collection_area,103,3,512,0100000110000010,0,4.832925512278851,4.832925512278851,4.83292551227885,4.832925512278853,2025-09-22 08:26:19
naive_adjacency,waste_collection_area,103,3,512,0010010010000001,0,4.832925512278851,4.832925512278851,4.83292551227885,4.832925512278853,2025-09-22 08:26:19
naive_adjacency,waste_collection_area,103,3,512,0001010010000010,0,4.832925512278852,4.832925512278851,4.83292551227885,4.832925512278853,2025-09-22 08:26:19
naive_adjacency,waste_collection_area,103,3,512,0010000110000100,0,4.832925512278852,4.832925512278851,4.83292551227885,4.832925512278853,2025-09-22 08:26:19
naive_adjacency,waste_collection_area,103,3,512,0001001010000100,0,4.832925512278853,4.832925512278851,4.83292551227885,4.832925512278853,2025-09-22 08:26:19
naive_adjacency,waste_collection_area,103,3,512,0100001000011000,0,4.832925512278852,4.832925512278851,4.83292551227885,4.832925512278853,2025-09-22 08:26:19
naive_adjacency,waste_collection_area,103,3,512,0100000100101000,0,4.832925512278852,4.832925512278851,4.83292551227885,4.832925512278853,2025-09-22 08:26:19
naive_adjacency,waste_collection_area,103,3,512,0010010000011000,0,4.832925512278852,4.832925512278851,4.83292551227885,4.832925512278853,2025-09-22 08:26:19
naive_adjacency,waste_collection_area,103,3,512,0001010000101000,0,4.832925512278852,4.832925512278851,4.83292551227885,4.832925512278853,2025-09-22 08:26:19
naive_adjacency,waste_collection_area,103,3,512,0010000101001000,0,4.832925512278852,4.832925512278851,4.83292551227885,4.832925512278853,2025-09-22 08:26:19
naive_adjacency,waste_collection_area,103,3,512,0001001001001000,0,4.832925512278852,4.832925512278851,4.83292551227885,4.832925512278853,2025-09-22 08:26:19
node_visit_time,waste_collection_area,103,3,512,000110,10,4.832925512278852,4.832925512278852,4.832925512278852,4.832925512278852,2025-09-22 08:27:32
node_visit_time,waste_collection_area,103,3,512,001001,4,4.832925512278852,4.832925512278852,4.832925512278852,4.832925512278852,2025-09-22 08:27:32
node_visit_time,waste_collection_area,103,3,512,010010,8,4.832925512278852,4.832925512278852,4.832925512278852,4.832925512278852,2025-09-22 08:27:32
node_visit_time,waste_collection_area,103,3,512,011000,5,4.832925512278852,4.832925512278852,4.832925512278852,4.832925512278852,2025-09-22 08:27:32
node_visit_time,waste_collection_area,103,3,512,100001,9,4.832925512278852,4.832925512278852,4.832925512278852,4.832925512278852,2025-09-22 08:27:32
node_visit_time,waste_collection_area,103,3,512,100100,10,4.832925512278852,4.832925512278852,4.832925512278852,4.832925512278852,2025-09-22 08:27:32
naive_adjacency,waste_collection_area,63,3,512,1000001000001000001000001,0,6.812629642069904,4.102918560127262,5.4577741010985745,6.812629642069904,2025-09-22 08:28:38
naive_adjacency,waste_collection_area,63,3,512,1000001000001000000100010,0,6.812629642069904,4.102918560127262,5.4577741010985745,6.812629642069904,2025-09-22 08:28:38
naive_adjacency,waste_collection_area,63,3,512,1000001000000100010000001,0,6.812629642069904,4.102918560127262,5.4577741010985745,6.812629642069904,2025-09-22 08:28:38
naive_adjacency,waste_collection_area,63,3,512,1000001000000010010000010,0,6.812629642069904,4.102918560127262,5.4577741010985745,6.812629642069904,2025-09-22 08:28:38
naive_adjacency,waste_collection_area,63,3,512,1000001000000100000100100,0,4.102918560127263,4.102918560127262,5.4577741010985745,6.812629642069904,2025-09-22 08:28:38
naive_adjacency,waste_collection_area,63,3,512,1000001000000010001000100,0,4.102918560127263,4.102918560127262,5.4577741010985745,6.812629642069904,2025-09-22 08:28:38
naive_adjacency,waste_collection_area,63,3,512,1000000100010000001000001,0,6.812629642069903,4.102918560127262,5.4577741010985745,6.812629642069904,2025-09-22 08:28:38
naive_adjacency,waste_collection_area,63,3,512,1000000100010000000100010,0,4.102918560127262,4.102918560127262,5.4577741010985745,6.812629642069904,2025-09-22 08:28:38
naive_adjacency,waste_collection_area,63,3,512,1000000010010000010000001,0,4.102918560127263,4.102918560127262,5.4577741010985745,6.812629642069904,2025-09-22 08:28:38
naive_adjacency,waste_collection_area,63,3,512,1000000001010000010000010,0,4.102918560127263,4.102918560127262,5.4577741010985745,6.812629642069904,2025-09-22 08:28:38
naive_adjacency,waste_collection_area,63,3,512,1000000010010000000100100,0,4.102918560127262,4.102918560127262,5.4577741010985745,6.812629642069904,2025-09-22 08:28:38
naive_adjacency,waste_collection_area,63,3,512,1000000001010000001000100,0,6.812629642069903,4.102918560127262,5.4577741010985745,6.812629642069904,2025-09-22 08:28:38
naive_adjacency,waste_collection_area,63,3,512,1000000100000100100000001,0,6.812629642069903,4.102918560127262,5.4577741010985745,6.812629642069904,2025-09-22 08:28:38
naive_adjacency,waste_collection_area,63,3,512,1000000100000010100000010,0,4.102918560127262,4.102918560127262,5.4577741010985745,6.812629642069904,2025-09-22 08:28:38
naive_adjacency,waste_collection_area,63,3,512,1000000010001000100000001,0,4.102918560127263,4.102918560127262,5.4577741010985745,6.812629642069904,2025-09-22 08:28:38
naive_adjacency,waste_collection_area,63,3,512,1000000001001000100000010,0,4.102918560127263,4.102918560127262,5.4577741010985745,6.812629642069904,2025-09-22 08:28:38
naive_adjacency,waste_collection_area,63,3,512,1000000010000010100000100,0,4.102918560127262,4.102918560127262,5.4577741010985745,6.812629642069904,2025-09-22 08:28:38
naive_adjacency,waste_collection_area,63,3,512,1000000001000100100000100,0,6.812629642069903,4.102918560127262,5.4577741010985745,6.812629642069904,2025-09-22 08:28:38
naive_adjacency,waste_collection_area,63,3,512,1000000100000100000101000,0,4.102918560127263,4.102918560127262,5.4577741010985745,6.812629642069904,2025-09-22 08:28:38
naive_adjacency,waste_collection_area,63,3,512,1000000100000010001001000,0,4.102918560127263,4.102918560127262,5.4577741010985745,6.812629642069904,2025-09-22 08:28:38
naive_adjacency,waste_collection_area,63,3,512,1000000010001000000101000,0,6.812629642069904,4.102918560127262,5.4577741010985745,6.812629642069904,2025-09-22 08:28:38
naive_adjacency,waste_collection_area,63,3,512,1000000001001000001001000,0,6.812629642069904,4.102918560127262,5.4577741010985745,6.812629642069904,2025-09-22 08:28:38
naive_adjacency,waste_collection_area,63,3,512,1000000010000010010001000,0,6.812629642069904,4.102918560127262,5.4577741010985745,6.812629642069904,2025-09-22 08:28:38
naive_adjacency,waste_collection_area,63,3,512,1000000001000100010001000,0,6.812629642069904,4.102918560127262,5.4577741010985745,6.812629642069904,2025-09-22 08:28:38
naive_adjacency,waste_collection_area,63,3,512,0100010000001000001000001,0,4.102918560127263,4.102918560127262,5.4577741010985745,6.812629642069904,2025-09-22 08:28:38
naive_adjacency,waste_collection_area,63,3,512,0100010000001000000100010,0,6.812629642069904,4.102918560127262,5.4577741010985745,6.812629642069904,2025-09-22 08:28:38
naive_adjacency,waste_collection_area,63,3,512,0100010000000100010000001,0,4.102918560127263,4.102918560127262,5.4577741010985745,6.812629642069904,2025-09-22 08:28:38
naive_adjacency,waste_collection_area,63,3,512,0100010000000010010000010,0,6.812629642069904,4.102918560127262,5.4577741010985745,6.812629642069904,2025-09-22 08:28:38
naive_adjacency,waste_collection_area,63,3,512,0100010000000100000100100,0,6.812629642069904,4.102918560127262,5.4577741010985745,6.812629642069904,2025-09-22 08:28:38
naive_adjacency,waste_collection_area,63,3,512,0100010000000010001000100,0,6.812629642069904,4.102918560127262,5.4577741010985745,6.812629642069904,2025-09-22 08:28:38
naive_adjacency,waste_collection_area,63,3,512,0010010000010000001000001,0,4.102918560127263,4.102918560127262,5.4577741010985745,6.812629642069904,2025-09-22 08:28:38
naive_adjacency,waste_collection_area,63,3,512,0010010000010000000100010,0,6.812629642069904,4.102918560127262,5.4577741010985745,6.812629642069904,2025-09-22 08:28:38
naive_adjacency,waste_collection_area,63,3,512,0001010000010000010000001,0,4.102918560127263,4.102918560127262,5.4577741010985745,6.812629642069904,2025-09-22 08:28:38
naive_adjacency,waste_collection_area,63,3,512,0000110000010000010000010,0,6.812629642069904,4.102918560127262,5.4577741010985745,6.812629642069904,2025-09-22 08:28:38
naive_adjacency,waste_collection_area,63,3,512,0001010000010000000100100,0,6.812629642069904,4.102918560127262,5.4577741010985745,6.812629642069904,2025-09-22 08:28:38
naive_adjacency,waste_collection_area,63,3,512,0000110000010000001000100,0,6.812629642069904,4.102918560127262,5.4577741010985745,6.812629642069904,2025-09-22 08:28:38
naive_adjacency,waste_collection_area,63,3,512,0010010000000100100000001,0,4.102918560127263,4.102918560127262,5.4577741010985745,6.812629642069904,2025-09-22 08:28:38
naive_adjacency,waste_collection_area,63,3,512,0010010000000010100000010,0,6.812629642069904,4.102918560127262,5.4577741010985745,6.812629642069904,2025-09-22 08:28:38
naive_adjacency,waste_collection_area,63,3,512,0001010000001000100000001,0,4.102918560127263,4.102918560127262,5.4577741010985745,6.812629642069904,2025-09-22 08:28:38
naive_adjacency,waste_collection_area,63,3,512,0000110000001000100000010,0,6.812629642069904,4.102918560127262,5.4577741010985745,6.812629642069904,2025-09-22 08:28:38
naive_adjacency,waste_collection_area,63,3,512,0001010000000010100000100,0,6.812629642069904,4.102918560127262,5.4577741010985745,6.812629642069904,2025-09-22 08:28:38
naive_adjacency,waste_collection_area,63,3,512,0000110000000100100000100,0,6.812629642069904,4.102918560127262,5.4577741010985745,6.812629642069904,2025-09-22 08:28:38
naive_adjacency,waste_collection_area,63,3,512,0010010000000100000101000,0,4.102918560127263,4.102918560127262,5.4577741010985745,6.812629642069904,2025-09-22 08:28:38
naive_adjacency,waste_collection_area,63,3,512,0010010000000010001001000,0,4.102918560127263,4.102918560127262,5.4577741010985745,6.812629642069904,2025-09-22 08:28:38
naive_adjacency,waste_collection_area,63,3,512,0001010000001000000101000,0,4.102918560127263,4.102918560127262,5.4577741010985745,6.812629642069904,2025-09-22 08:28:38
naive_adjacency,waste_collection_area,63,3,512,0000110000001000001001000,0,4.102918560127263,4.102918560127262,5.4577741010985745,6.812629642069904,2025-09-22 08:28:38
naive_adjacency,waste_collection_area,63,3,512,0001010000000010010001000,0,4.102918560127263,4.102918560127262,5.4577741010985745,6.812629642069904,2025-09-22 08:28:38
naive_adjacency,waste_collection_area,63,3,512,0000110000000100010001000,0,4.102918560127263,4.102918560127262,5.4577741010985745,6.812629642069904,2025-09-22 08:28:38
naive_adjacency,waste_collection_area,63,3,512,0100000100100000001000001,0,6.812629642069904,4.102918560127262,5.4577741010985745,6.812629642069904,2025-09-22 08:28:38
naive_adjacency,waste_collection_area,63,3,512,0100000100100000000100010,0,4.102918560127263,4.102918560127262,5.4577741010985745,6.812629642069904,2025-09-22 08:28:38
naive_adjacency,waste_collection_area,63,3,512,0100000010100000010000001,0,4.102918560127263,4.102918560127262,5.4577741010985745,6.812629642069904,2025-09-22 08:28:38
naive_adjacency,waste_collection_area,63,3,512,0100000001100000010000010,0,4.102918560127263,4.102918560127262,5.4577741010985745,6.812629642069904,2025-09-22 08:28:38
naive_adjacency,waste_collection_area,63,3,512,0100000010100000000100100,0,4.102918560127263,4.102918560127262,5.4577741010985745,6.812629642069904,2025-09-22 08:28:38
naive_adjacency,waste_collection_area,63,3,512,0100000001100000001000100,0,6.812629642069904,4.102918560127262,5.4577741010985745,6.812629642069904,2025-09-22 08:28:38
naive_adjacency,waste_collection_area,63,3,512,0010001000100000001000001,0,6.812629642069904,4.102918560127262,5.4577741010985745,6.812629642069904,2025-09-22 08:28:38
naive_adjacency,waste_collection_area,63,3,512,0010001000100000000100010,0,6.812629642069904,4.102918560127262,5.4577741010985745,6.812629642069904,2025-09-22 08:28:38
naive_adjacency,waste_collection_area,63,3,512,0001001000100000010000001,0,6.812629642069904,4.102918560127262,5.4577741010985745,6.812629642069904,2025-09-22 08:28:38
naive_adjacency,waste_collection_area,63,3,512,0000101000100000010000010,0,6.812629642069904,4.102918560127262,5.4577741010985745,6.812629642069904,2025-09-22 08:28:38
naive_adjacency,waste_collection_area,63,3,512,0001001000100000000100100,0,4.102918560127263,4.102918560127262,5.4577741010985745,6.812629642069904,2025-09-22 08:28:38
naive_adjacency,waste_collection_area,63,3,512,0000101000100000001000100,0,4.102918560127263,4.102918560127262,5.4577741010985745,6.812629642069904,2025-09-22 08:28:38
naive_adjacency,waste_collection_area,63,3,512,0010000010100000100000001,0,4.102918560127263,4.102918560127262,5.4577741010985745,6.812629642069904,2025-09-22 08:28:38
naive_adjacency,waste_collection_area,63,3,512,0010000001100000100000010,0,4.102918560127263,4.102918560127262,5.4577741010985745,6.812629642069904,2025-09-22 08:28:38
naive_adjacency,waste_collection_area,63,3,512,0001000100100000100000001,0,6.812629642069904,4.102918560127262,5.4577741010985745,6.812629642069904,2025-09-22 08:28:38
naive_adjacency,waste_collection_area,63,3,512,0000100100100000100000010,0,4.102918560127263,4.102918560127262,5.4577741010985745,6.812629642069904,2025-09-22 08:28:38
naive_adjacency,waste_collection_area,63,3,512,0001000001100000100000100,0,6.812629642069904,4.102918560127262,5.4577741010985745,6.812629642069904,2025-09-22 08:28:38
naive_adjacency,waste_collection_area,63,3,512,0000100010100000100000100,0,4.102918560127263,4.102918560127262,5.4577741010985745,6.812629642069904,2025-09-22 08:28:38
naive_adjacency,waste_collection_area,63,3,512,0010000010100000000101000,0,6.812629642069904,4.102918560127262,5.4577741010985745,6.812629642069904,2025-09-22 08:28:38
naive_adjacency,waste_collection_area,63,3,512,0010000001100000001001000,0,6.812629642069904,4.102918560127262,5.4577741010985745,6.812629642069904,2025-09-22 08:28:38
naive_adjacency,waste_collection_area,63,3,512,0001000100100000000101000,0,4.102918560127263,4.102918560127262,5.4577741010985745,6.812629642069904,2025-09-22 08:28:38
naive_adjacency,waste_collection_area,63,3,512,0000100100100000001001000,0,4.102918560127263,4.102918560127262,5.4577741010985745,6.812629642069904,2025-09-22 08:28:38
naive_adjacency,waste_collection_area,63,3,512,0001000001100000010001000,0,6.812629642069904,4.102918560127262,5.4577741010985745,6.812629642069904,2025-09-22 08:28:38
naive_adjacency,waste_collection_area,63,3,512,0000100010100000010001000,0,6.812629642069904,4.102918560127262,5.4577741010985745,6.812629642069904,2025-09-22 08:28:38
naive_adjacency,waste_collection_area,63,3,512,0100000100000101000000001,0,6.812629642069904,4.102918560127262,5.4577741010985745,6.812629642069904,2025-09-22 08:28:38
naive_adjacency,waste_collection_area,63,3,512,0100000100000011000000010,0,4.102918560127263,4.102918560127262,5.4577741010985745,6.812629642069904,2025-09-22 08:28:38
naive_adjacency,waste_collection_area,63,3,512,0100000010001001000000001,0,4.102918560127263,4.102918560127262,5.4577741010985745,6.812629642069904,2025-09-22 08:28:38
naive_adjacency,waste_collection_area,63,3,512,0100000001001001000000010,0,4.102918560127263,4.102918560127262,5.4577741010985745,6.812629642069904,2025-09-22 08:28:38
naive_adjacency,waste_collection_area,63,3,512,0100000010000011000000100,0,4.102918560127263,4.102918560127262,5.4577741010985745,6.812629642069904,2025-09-22 08:28:38
naive_adjacency,waste_collection_area,63,3,512,0100000001000101000000100,0,6.812629642069904,4.102918560127262,5.4577741010985745,6.812629642069904,2025-09-22 08:28:38
naive_adjacency,waste_collection_area,63,3,512,0010001000000101000000001,0,6.812629642069904,4.102918560127262,5.4577741010985745,6.812629642069904,2025-09-22 08:28:38
naive_adjacency,waste_collection_area,63,3,512,0010001000000011000000010,0,6.812629642069904,4.102918560127262,5.4577741010985745,6.812629642069904,2025-09-22 08:28:38
naive_adjacency,waste_collection_area,63,3,512,0001001000001001000000001,0,6.812629642069904,4.102918560127262,5.4577741010985745,6.812629642069904,2025-09-22 08:28:38
naive_adjacency,waste_collection_area,63,3,512,0000101000001001000000010,0,6.812629642069904,4.102918560127262,5.4577741010985745,6.812629642069904,2025-09-22 08:28:38
naive_adjacency,waste_collection_area,63,3,512,0001001000000011000000100,0,4.102918560127263,4.102918560127262,5.4577741010985745,6.812629642069904,2025-09-22 08:28:38
naive_adjacency,waste_collection_area,63,3,512,0000101000000101000000100,0,4.102918560127263,4.102918560127262,5.4577741010985745,6.812629642069904,2025-09-22 08:28:38
naive_adjacency,waste_collection_area,63,3,512,0010000010010001000000001,0,4.102918560127263,4.102918560127262,5.4577741010985745,6.812629642069904,2025-09-22 08:28:38
naive_adjacency,waste_collection_area,63,3,512,0010000001010001000000010,0,4.102918560127263,4.102918560127262,5.4577741010985745,6.812629642069904,2025-09-22 08:28:38
naive_adjacency,waste_collection_area,63,3,512,0001000100010001000000001,0,6.812629642069904,4.102918560127262,5.4577741010985745,6.812629642069904,2025-09-22 08:28:38
naive_adjacency,waste_collection_area,63,3,512,0000100100010001000000010,0,4.102918560127263,4.102918560127262,5.4577741010985745,6.812629642069904,2025-09-22 08:28:38
naive_adjacency,waste_collection_area,63,3,512,0001000001010001000000100,0,6.812629642069904,4.102918560127262,5.4577741010985745,6.812629642069904,2025-09-22 08:28:38
naive_adjacency,waste_collection_area,63,3,512,0000100010010001000000100,0,4.102918560127263,4.102918560127262,5.4577741010985745,6.812629642069904,2025-09-22 08:28:38
naive_adjacency,waste_collection_area,63,3,512,0010000010000011000001000,0,6.812629642069904,4.102918560127262,5.4577741010985745,6.812629642069904,2025-09-22 08:28:38
naive_adjacency,waste_collection_area,63,3,512,0010000001000101000001000,0,6.812629642069904,4.102918560127262,5.4577741010985745,6.812629642069904,2025-09-22 08:28:38
naive_adjacency,waste_collection_area,63,3,512,0001000100000011000001000,0,4.102918560127263,4.102918560127262,5.4577741010985745,6.812629642069904,2025-09-22 08:28:38
naive_adjacency,waste_collection_area,63,3,512,0000100100000101000001000,0,4.102918560127263,4.102918560127262,5.4577741010985745,6.812629642069904,2025-09-22 08:28:38
naive_adjacency,waste_collection_area,63,3,512,0001000001001001000001000,0,6.812629642069904,4.102918560127262,5.4577741010985745,6.812629642069904,2025-09-22 08:28:38
naive_adjacency,waste_collection_area,63,3,512,0000100010001001000001000,0,6.812629642069904,4.102918560127262,5.4577741010985745,6.812629642069904,2025-09-22 08:28:38
naive_adjacency,waste_collection_area,63,3,512,0100000100000100000110000,0,6.812629642069904,4.102918560127262,5.4577741010985745,6.812629642069904,2025-09-22 08:28:38
naive_adjacency,waste_collection_area,63,3,512,0100000100000010001010000,0,6.812629642069904,4.102918560127262,5.4577741010985745,6.812629642069904,2025-09-22 08:28:38
naive_adjacency,waste_collection_area,63,3,512,0100000010001000000110000,0,6.812629642069904,4.102918560127262,5.4577741010985745,6.812629642069904,2025-09-22 08:28:38
naive_adjacency,waste_collection_area,63,3,512,0100000001001000001010000,0,4.102918560127263,4.102918560127262,5.4577741010985745,6.812629642069904,2025-09-22 08:28:38
naive_adjacency,waste_collection_area,63,3,512,0100000010000010010010000,0,6.812629642069904,4.102918560127262,5.4577741010985745,6.812629642069904,2025-09-22 08:28:38
naive_adjacency,waste_collection_area,63,3,512,0100000001000100010010000,0,4.102918560127263,4.102918560127262,5.4577741010985745,6.812629642069904,2025-09-22 08:28:38
naive_adjacency,waste_collection_area,63,3,512,0010001000000100000110000,0,4.102918560127263,4.102918560127262,5.4577741010985745,6.812629642069904,2025-09-22 08:28:38
naive_adjacency,waste_collection_area,63,3,512,0010001000000010001010000,0,4.102918560127263,4.102918560127262,5.4577741010985745,6.812629642069904,2025-09-22 08:28:38
naive_adjacency,waste_collection_area,63,3,512,0001001000001000000110000,0,4.102918560127263,4.102918560127262,5.4577741010985745,6.812629642069904,2025-09-22 08:28:38
naive_adjacency,waste_collection_area,63,3,512,0000101000001000001010000,0,4.102918560127263,4.102918560127262,5.4577741010985745,6.812629642069904,2025-09-22 08:28:38
naive_adjacency,waste_collection_area,63,3,512,0001001000000010010010000,0,4.102918560127263,4.102918560127262,5.4577741010985745,6.812629642069904,2025-09-22 08:28:38
naive_adjacency,waste_collection_area,63,3,512,0000101000000100010010000,0,4.102918560127263,4.102918560127262,5.4577741010985745,6.812629642069904,2025-09-22 08:28:38
naive_adjacency,waste_collection_area,63,3,512,0010000010010000000110000,0,6.812629642069904,4.102918560127262,5.4577741010985745,6.812629642069904,2025-09-22 08:28:38
naive_adjacency,waste_collection_area,63,3,512,0010000001010000001010000,0,4.102918560127263,4.102918560127262,5.4577741010985745,6.812629642069904,2025-09-22 08:28:38
naive_adjacency,waste_collection_area,63,3,512,0001000100010000000110000,0,6.812629642069904,4.102918560127262,5.4577741010985745,6.812629642069904,2025-09-22 08:28:38
naive_adjacency,waste_collection_area,63,3,512,0000100100010000001010000,0,6.812629642069904,4.102918560127262,5.4577741010985745,6.812629642069904,2025-09-22 08:28:38
naive_adjacency,waste_collection_area,63,3,512,0001000001010000010010000,0,4.102918560127263,4.102918560127262,5.4577741010985745,6.812629642069904,2025-09-22 08:28:38
naive_adjacency,waste_collection_area,63,3,512,0000100010010000010010000,0,6.812629642069904,4.102918560127262,5.4577741010985745,6.812629642069904,2025-09-22 08:28:38
naive_adjacency,waste_collection_area,63,3,512,0010000010000010100010000,0,6.812629642069904,4.102918560127262,5.4577741010985745,6.812629642069904,2025-09-22 08:28:38
naive_adjacency,waste_collection_area,63,3,512,0010000001000100100010000,0,4.102918560127263,4.102918560127262,5.4577741010985745,6.812629642069904,2025-09-22 08:28:38
naive_adjacency,waste_collection_area,63,3,512,0001000100000010100010000,0,6.812629642069904,4.102918560127262,5.4577741010985745,6.812629642069904,2025-09-22 08:28:38
naive_adjacency,waste_collection_area,63,3,512,0000100100000100100010000,0,6.812629642069904,4.102918560127262,5.4577741010985745,6.812629642069904,2025-09-22 08:28:38
naive_adjacency,waste_collection_area,63,3,512,0001000001001000100010000,0,4.102918560127263,4.102918560127262,5.4577741010985745,6.812629642069904,2025-09-22 08:28:38
naive_adjacency,waste_collection_area,63,3,512,0000100010001000100010000,0,6.812629642069904,4.102918560127262,5.4577741010985745,6.812629642069904,2025-09-22 08:28:38
node_visit_time,waste_collection_area,63,3,512,000001010011,0,6.812629642069904,4.102918560127262,5.457774101098585,6.812629642069904,2025-09-22 08:30:02
node_visit_time,waste_collection_area,63,3,512,000001011010,0,6.812629642069904,4.102918560127262,5.457774101098585,6.812629642069904,2025-09-22 08:30:02
node_visit_time,waste_collection_area,63,3,512,000010001011,0,6.812629642069904,4.102918560127262,5.457774101098585,6.812629642069904,2025-09-22 08:30:02
node_visit_time,waste_collection_area,63,3,512,000010011001,0,4.102918560127263,4.102918560127262,5.457774101098585,6.812629642069904,2025-09-22 08:30:02
node_visit_time,waste_collection_area,63,3,512,000011001010,0,6.812629642069904,4.102918560127262,5.457774101098585,6.812629642069904,2025-09-22 08:30:02
node_visit_time,waste_collection_area,63,3,512,000011010001,0,4.102918560127263,4.102918560127262,5.457774101098585,6.812629642069904,2025-09-22 08:30:02
node_visit_time,waste_collection_area,63,3,512,001000010011,0,6.812629642069903,4.102918560127262,5.457774101098585,6.812629642069904,2025-09-22 08:30:02
node_visit_time,waste_collection_area,63,3,512,001000011010,0,4.102918560127262,4.102918560127262,5.457774101098585,6.812629642069904,2025-09-22 08:30:02
node_visit_time,waste_collection_area,63,3,512,001010000011,0,6.812629642069903,4.102918560127262,5.457774101098585,6.812629642069904,2025-09-22 08:30:02
node_visit_time,waste_collection_area,63,3,512,001010011000,0,4.102918560127263,4.102918560127262,5.457774101098585,6.812629642069904,2025-09-22 08:30:02
node_visit_time,waste_collection_area,63,3,512,001011000010,0,4.102918560127262,4.102918560127262,5.457774101098585,6.812629642069904,2025-09-22 08:30:02
node_visit_time,waste_collection_area,63,3,512,001011010000,0,4.102918560127263,4.102918560127262,5.457774101098585,6.812629642069904,2025-09-22 08:30:02
node_visit_time,waste_collection_area,63,3,512,010000001011,1,4.102918560127263,4.102918560127262,5.457774101098585,6.812629642069904,2025-09-22 08:30:02
node_visit_time,waste_collection_area,63,3,512,010000011001,0,4.102918560127262,4.102918560127262,5.457774101098585,6.812629642069904,2025-09-22 08:30:02
node_visit_time,waste_collection_area,63,3,512,010001000011,1,4.102918560127263,4.102918560127262,5.457774101098585,6.812629642069904,2025-09-22 08:30:02
node_visit_time,waste_collection_area,63,3,512,010001011000,0,6.812629642069904,4.102918560127262,5.457774101098585,6.812629642069904,2025-09-22 08:30:02
node_visit_time,waste_collection_area,63,3,512,010011000001,0,4.102918560127262,4.102918560127262,5.457774101098585,6.812629642069904,2025-09-22 08:30:02
node_visit_time,waste_collection_area,63,3,512,010011001000,0,6.812629642069904,4.102918560127262,5.457774101098585,6.812629642069904,2025-09-22 08:30:02
node_visit_time,waste_collection_area,63,3,512,011000001010,1,4.102918560127263,4.102918560127262,5.457774101098585,6.812629642069904,2025-09-22 08:30:02
node_visit_time,waste_collection_area,63,3,512,011000010001,0,6.812629642069903,4.102918560127262,5.457774101098585,6.812629642069904,2025-09-22 08:30:02
node_visit_time,waste_collection_area,63,3,512,011001000010,0,4.102918560127263,4.102918560127262,5.457774101098585,6.812629642069904,2025-09-22 08:30:02
node_visit_time,waste_collection_area,63,3,512,011001010000,1,6.812629642069904,4.102918560127262,5.457774101098585,6.812629642069904,2025-09-22 08:30:02
node_visit_time,waste_collection_area,63,3,512,011010000001,0,6.812629642069903,4.102918560127262,5.457774101098585,6.812629642069904,2025-09-22 08:30:02
node_visit_time,waste_collection_area,63,3,512,011010001000,0,6.812629642069904,4.102918560127262,5.457774101098585,6.812629642069904,2025-09-22 08:30:02
naive_adjacency,waste_collection_area,78,3,512,1001,20,0.43199765359601505,0.43199765359601505,0.43199765359601505,0.43199765359601505,2025-09-22 08:31:06
naive_adjacency,waste_collection_area,78,3,512,0110,56,0.43199765359601505,0.43199765359601505,0.43199765359601505,0.43199765359601505,2025-09-22 08:31:06
node_visit_time,waste_collection_area,78,3,512,0,178,0.43199765359601505,0.43199765359601505,0.43199765359601505,0.43199765359601505,2025-09-22 08:32:13
naive_adjacency,waste_collection_area,21,3,512,100010001,1,5.184448721073112,5.184448721073112,5.184448721073113,5.184448721073113,2025-09-22 08:33:08
naive_adjacency,waste_collection_area,21,3,512,100001010,0,5.184448721073112,5.184448721073112,5.184448721073113,5.184448721073113,2025-09-22 08:33:08
naive_adjacency,waste_collection_area,21,3,512,010100001,1,5.184448721073113,5.184448721073112,5.184448721073113,5.184448721073113,2025-09-22 08:33:08
naive_adjacency,waste_collection_area,21,3,512,001100010,0,5.184448721073112,5.184448721073112,5.184448721073113,5.184448721073113,2025-09-22 08:33:08
naive_adjacency,waste_collection_area,21,3,512,010001100,2,5.184448721073113,5.184448721073112,5.184448721073113,5.184448721073113,2025-09-22 08:33:08
naive_adjacency,waste_collection_area,21,3,512,001010100,1,5.184448721073112,5.184448721073112,5.184448721073113,5.184448721073113,2025-09-22 08:33:08
node_visit_time,waste_collection_area,21,3,512,0001,68,5.184448721073112,5.184448721073112,5.184448721073112,5.184448721073112,2025-09-22 08:34:05
node_visit_time,waste_collection_area,21,3,512,0100,24,5.184448721073112,5.184448721073112,5.184448721073112,5.184448721073112,2025-09-22 08:34:05
naive_adjacency,waste_collection_area,90,3,512,1000010000100001,0,5.973585903428839,3.6855019500438733,4.448196601172195,5.973585903428839,2025-09-22 08:35:02
naive_adjacency,waste_collection_area,90,3,512,1000010000010010,0,3.685501950043874,3.6855019500438733,4.448196601172195,5.973585903428839,2025-09-22 08:35:02
naive_adjacency,waste_collection_area,90,3,512,1000001001000001,0,3.6855019500438746,3.6855019500438733,4.448196601172195,5.973585903428839,2025-09-22 08:35:02
naive_adjacency,waste_collection_area,90,3,512,1000000101000010,0,3.685501950043875,3.6855019500438733,4.448196601172195,5.973585903428839,2025-09-22 08:35:02
naive_adjacency,waste_collection_area,90,3,512,1000001000010100,0,3.685501950043874,3.6855019500438733,4.448196601172195,5.973585903428839,2025-09-22 08:35:02
naive_adjacency,waste_collection_area,90,3,512,1000000100100100,0,5.973585903428838,3.6855019500438733,4.448196601172195,5.973585903428839,2025-09-22 08:35:02
naive_adjacency,waste_collection_area,90,3,512,0100100000100001,0,3.6855019500438746,3.6855019500438733,4.448196601172195,5.973585903428839,2025-09-22 08:35:02
naive_adjacency,waste_collection_area,90,3,512,0100100000010010,0,5.973585903428838,3.6855019500438733,4.448196601172195,5.973585903428839,2025-09-22 08:35:02
naive_adjacency,waste_collection_area,90,3,512,0010100001000001,0,3.6855019500438737,3.6855019500438733,4.448196601172195,5.973585903428839,2025-09-22 08:35:02
naive_adjacency,waste_collection_area,90,3,512,0001100001000010,0,5.973585903428838,3.6855019500438733,4.448196601172195,5.973585903428839,2025-09-22 08:35:02
naive_adjacency,waste_collection_area,90,3,512,0010100000010100,0,3.685501950043875,3.6855019500438733,4.448196601172195,5.973585903428839,2025-09-22 08:35:02
naive_adjacency,waste_collection_area,90,3,512,0001100000100100,0,3.685501950043874,3.6855019500438733,4.448196601172195,5.973585903428839,2025-09-22 08:35:02
naive_adjacency,waste_collection_area,90,3,512,0100001010000001,0,3.6855019500438733,3.6855019500438733,4.448196601172195,5.973585903428839,2025-09-22 08:35:02
naive_adjacency,waste_collection_area,90,3,512,0100000110000010,0,3.6855019500438737,3.6855019500438733,4.448196601172195,5.973585903428839,2025-09-22 08:35:02
naive_adjacency,waste_collection_area,90,3,512,0010010010000001,0,5.973585903428838,3.6855019500438733,4.448196601172195,5.973585903428839,2025-09-22 08:35:02
naive_adjacency,waste_collection_area,90,3,512,0001010010000010,0,3.685501950043875,3.6855019500438733,4.448196601172195,5.973585903428839,2025-09-22 08:35:02
naive_adjacency,waste_collection_area,90,3,512,0010000110000100,0,5.973585903428838,3.6855019500438733,4.448196601172195,5.973585903428839,2025-09-22 08:35:02
naive_adjacency,waste_collection_area,90,3,512,0001001010000100,0,3.685501950043875,3.6855019500438733,4.448196601172195,5.973585903428839,2025-09-22 08:35:02
naive_adjacency,waste_collection_area,90,3,512,0100001000011000,0,5.973585903428838,3.6855019500438733,4.448196601172195,5.973585903428839,2025-09-22 08:35:02
naive_adjacency,waste_collection_area,90,3,512,0100000100101000,0,3.6855019500438746,3.6855019500438733,4.448196601172195,5.973585903428839,2025-09-22 08:35:02
naive_adjacency,waste_collection_area,90,3,512,0010010000011000,0,3.685501950043875,3.6855019500438733,4.448196601172195,5.973585903428839,2025-09-22 08:35:02
naive_adjacency,waste_collection_area,90,3,512,0001010000101000,0,3.6855019500438737,3.6855019500438733,4.448196601172195,5.973585903428839,2025-09-22 08:35:02
naive_adjacency,waste_collection_area,90,3,512,0010000101001000,0,3.6855019500438737,3.6855019500438733,4.448196601172195,5.973585903428839,2025-09-22 08:35:02
naive_adjacency,waste_collection_area,90,3,512,0001001001001000,0,5.973585903428838,3.6855019500438733,4.448196601172195,5.973585903428839,2025-09-22 08:35:02
node_visit_time,waste_collection_area,90,3,512,000110,11,5.973585903428839,3.685501950043874,4.448196601172196,5.973585903428839,2025-09-22 08:36:08
node_visit_time,waste_collection_area,90,3,512,001001,6,3.685501950043874,3.685501950043874,4.448196601172196,5.973585903428839,2025-09-22 08:36:08
node_visit_time,waste_collection_area,90,3,512,010010,8,3.6855019500438746,3.685501950043874,4.448196601172196,5.973585903428839,2025-09-22 08:36:08
node_visit_time,waste_collection_area,90,3,512,011000,7,3.685501950043874,3.685501950043874,4.448196601172196,5.973585903428839,2025-09-22 08:36:08
node_visit_time,waste_collection_area,90,3,512,100001,14,3.685501950043875,3.685501950043874,4.448196601172196,5.973585903428839,2025-09-22 08:36:08
node_visit_time,waste_collection_area,90,3,512,100100,5,5.973585903428838,3.685501950043874,4.448196601172196,5.973585903428839,2025-09-22 08:36:08
node_visit_time,waste_collection_area,14,3,512,000110,6,3.3114967306013914,3.311496730601391,3.3234137441873006,3.3472477713591187,2025-09-22 08:40:50
node_visit_time,waste_collection_area,14,3,512,001001,10,3.311496730601392,3.311496730601391,3.3234137441873006,3.3472477713591187,2025-09-22 08:40:50
node_visit_time,waste_collection_area,14,3,512,010010,5,3.3472477713591187,3.311496730601391,3.3234137441873006,3.3472477713591187,2025-09-22 08:40:50
node_visit_time,waste_collection_area,14,3,512,011000,10,3.3472477713591187,3.311496730601391,3.3234137441873006,3.3472477713591187,2025-09-22 08:40:50
node_visit_time,waste_collection_area,14,3,512,100001,8,3.3114967306013914,3.311496730601391,3.3234137441873006,3.3472477713591187,2025-09-22 08:40:50
node_visit_time,waste_collection_area,14,3,512,100100,11,3.311496730601391,3.311496730601391,3.3234137441873006,3.3472477713591187,2025-09-22 08:40:50
naive_adjacency,waste_collection_area,79,3,512,1000001000001000001000001,0,5.1597741960107655,5.159774196010764,5.627853609112281,6.095933022213803,2025-09-22 08:41:55
naive_adjacency,waste_collection_area,79,3,512,1000001000001000000100010,0,5.9668326432964465,5.159774196010764,5.627853609112281,6.095933022213803,2025-09-22 08:41:55
naive_adjacency,waste_collection_area,79,3,512,1000001000000100010000001,0,5.1597741960107655,5.159774196010764,5.627853609112281,6.095933022213803,2025-09-22 08:41:55
naive_adjacency,waste_collection_area,79,3,512,1000001000000010010000010,0,5.966832643296446,5.159774196010764,5.627853609112281,6.095933022213803,2025-09-22 08:41:55
naive_adjacency,waste_collection_area,79,3,512,1000001000000100000100100,0,5.1597741960107655,5.159774196010764,5.627853609112281,6.095933022213803,2025-09-22 08:41:55
naive_adjacency,waste_collection_area,79,3,512,1000001000000010001000100,0,5.1597741960107655,5.159774196010764,5.627853609112281,6.095933022213803,2025-09-22 08:41:55
naive_adjacency,waste_collection_area,79,3,512,1000000100010000001000001,0,6.095933022213803,5.159774196010764,5.627853609112281,6.095933022213803,2025-09-22 08:41:55
naive_adjacency,waste_collection_area,79,3,512,1000000100010000000100010,0,6.095933022213802,5.159774196010764,5.627853609112281,6.095933022213803,2025-09-22 08:41:55
naive_adjacency,waste_collection_area,79,3,512,1000000010010000010000001,0,5.288874574928121,5.159774196010764,5.627853609112281,6.095933022213803,2025-09-22 08:41:55
naive_adjacency,waste_collection_area,79,3,512,1000000001010000010000010,0,5.159774196010765,5.159774196010764,5.627853609112281,6.095933022213803,2025-09-22 08:41:55
naive_adjacency,waste_collection_area,79,3,512,1000000010010000000100100,0,6.095933022213801,5.159774196010764,5.627853609112281,6.095933022213803,2025-09-22 08:41:55
naive_adjacency,waste_collection_area,79,3,512,1000000001010000001000100,0,5.966832643296446,5.159774196010764,5.627853609112281,6.095933022213803,2025-09-22 08:41:55
naive_adjacency,waste_collection_area,79,3,512,1000000100000100100000001,0,6.095933022213803,5.159774196010764,5.627853609112281,6.095933022213803,2025-09-22 08:41:55
naive_adjacency,waste_collection_area,79,3,512,1000000100000010100000010,0,6.095933022213802,5.159774196010764,5.627853609112281,6.095933022213803,2025-09-22 08:41:55
naive_adjacency,waste_collection_area,79,3,512,1000000010001000100000001,0,5.288874574928122,5.159774196010764,5.627853609112281,6.095933022213803,2025-09-22 08:41:55
naive_adjacency,waste_collection_area,79,3,512,1000000001001000100000010,0,5.1597741960107655,5.159774196010764,5.627853609112281,6.095933022213803,2025-09-22 08:41:55
naive_adjacency,waste_collection_area,79,3,512,1000000010000010100000100,0,6.095933022213803,5.159774196010764,5.627853609112281,6.095933022213803,2025-09-22 08:41:55
naive_adjacency,waste_collection_area,79,3,512,1000000001000100100000100,0,5.9668326432964465,5.159774196010764,5.627853609112281,6.095933022213803,2025-09-22 08:41:55
naive_adjacency,waste_collection_area,79,3,512,1000000100000100000101000,0,5.288874574928121,5.159774196010764,5.627853609112281,6.095933022213803,2025-09-22 08:41:55
naive_adjacency,waste_collection_area,79,3,512,1000000100000010001001000,0,5.288874574928121,5.159774196010764,5.627853609112281,6.095933022213803,2025-09-22 08:41:55
naive_adjacency,waste_collection_area,79,3,512,1000000010001000000101000,0,6.095933022213802,5.159774196010764,5.627853609112281,6.095933022213803,2025-09-22 08:41:55
naive_adjacency,waste_collection_area,79,3,512,1000000001001000001001000,0,5.1597741960107655,5.159774196010764,5.627853609112281,6.095933022213803,2025-09-22 08:41:55
naive_adjacency,waste_collection_area,79,3,512,1000000010000010010001000,0,6.095933022213801,5.159774196010764,5.627853609112281,6.095933022213803,2025-09-22 08:41:55
naive_adjacency,waste_collection_area,79,3,512,1000000001000100010001000,0,5.1597741960107655,5.159774196010764,5.627853609112281,6.095933022213803,2025-09-22 08:41:55
naive_adjacency,waste_collection_area,79,3,512,0100010000001000001000001,0,5.159774196010764,5.159774196010764,5.627853609112281,6.095933022213803,2025-09-22 08:41:55
naive_adjacency,waste_collection_area,79,3,512,0100010000001000000100010,0,5.966832643296446,5.159774196010764,5.627853609112281,6.095933022213803,2025-09-22 08:41:55
naive_adjacency,waste_collection_area,79,3,512,0100010000000100010000001,0,5.159774196010764,5.159774196010764,5.627853609112281,6.095933022213803,2025-09-22 08:41:55
naive_adjacency,waste_collection_area,79,3,512,0100010000000010010000010,0,5.966832643296446,5.159774196010764,5.627853609112281,6.095933022213803,2025-09-22 08:41:55
naive_adjacency,waste_collection_area,79,3,512,0100010000000100000100100,0,5.159774196010765,5.159774196010764,5.627853609112281,6.095933022213803,2025-09-22 08:41:55
naive_adjacency,waste_collection_area,79,3,512,0100010000000010001000100,0,5.159774196010765,5.159774196010764,5.627853609112281,6.095933022213803,2025-09-22 08:41:55
naive_adjacency,waste_collection_area,79,3,512,0010010000010000001000001,0,6.095933022213802,5.159774196010764,5.627853609112281,6.095933022213803,2025-09-22 08:41:55
naive_adjacency,waste_collection_area,79,3,512,0010010000010000000100010,0,6.095933022213802,5.159774196010764,5.627853609112281,6.095933022213803,2025-09-22 08:41:55
naive_adjacency,waste_collection_area,79,3,512,0001010000010000010000001,0,5.28887457492812,5.159774196010764,5.627853609112281,6.095933022213803,2025-09-22 08:41:55
naive_adjacency,waste_collection_area,79,3,512,0000110000010000010000010,0,5.1597741960107655,5.159774196010764,5.627853609112281,6.095933022213803,2025-09-22 08:41:55
naive_adjacency,waste_collection_area,79,3,512,0001010000010000000100100,0,6.095933022213803,5.159774196010764,5.627853609112281,6.095933022213803,2025-09-22 08:41:55
naive_adjacency,waste_collection_area,79,3,512,0000110000010000001000100,0,5.966832643296446,5.159774196010764,5.627853609112281,6.095933022213803,2025-09-22 08:41:55
naive_adjacency,waste_collection_area,79,3,512,0010010000000100100000001,0,6.095933022213801,5.159774196010764,5.627853609112281,6.095933022213803,2025-09-22 08:41:55
naive_adjacency,waste_collection_area,79,3,512,0010010000000010100000010,0,6.095933022213802,5.159774196010764,5.627853609112281,6.095933022213803,2025-09-22 08:41:55
naive_adjacency,waste_collection_area,79,3,512,0001010000001000100000001,0,5.28887457492812,5.159774196010764,5.627853609112281,6.095933022213803,2025-09-22 08:41:55
naive_adjacency,waste_collection_area,79,3,512,0000110000001000100000010,0,5.1597741960107655,5.159774196010764,5.627853609112281,6.095933022213803,2025-09-22 08:41:55
naive_adjacency,waste_collection_area,79,3,512,0001010000000010100000100,0,6.095933022213802,5.159774196010764,5.627853609112281,6.095933022213803,2025-09-22 08:41:55
naive_adjacency,waste_collection_area,79,3,512,0000110000000100100000100,0,5.966832643296446,5.159774196010764,5.627853609112281,6.095933022213803,2025-09-22 08:41:55
naive_adjacency,waste_collection_area,79,3,512,0010010000000100000101000,0,5.288874574928121,5.159774196010764,5.627853609112281,6.095933022213803,2025-09-22 08:41:55
naive_adjacency,waste_collection_area,79,3,512,0010010000000010001001000,0,5.288874574928121,5.159774196010764,5.627853609112281,6.095933022213803,2025-09-22 08:41:55
naive_adjacency,waste_collection_area,79,3,512,0001010000001000000101000,0,6.095933022213802,5.159774196010764,5.627853609112281,6.095933022213803,2025-09-22 08:41:55
naive_adjacency,waste_collection_area,79,3,512,0000110000001000001001000,0,5.159774196010765,5.159774196010764,5.627853609112281,6.095933022213803,2025-09-22 08:41:55
naive_adjacency,waste_collection_area,79,3,512,0001010000000010010001000,0,6.095933022213801,5.159774196010764,5.627853609112281,6.095933022213803,2025-09-22 08:41:55
naive_adjacency,waste_collection_area,79,3,512,0000110000000100010001000,0,5.1597741960107655,5.159774196010764,5.627853609112281,6.095933022213803,2025-09-22 08:41:55
naive_adjacency,waste_collection_area,79,3,512,0100000100100000001000001,0,5.9668326432964465,5.159774196010764,5.627853609112281,6.095933022213803,2025-09-22 08:41:55
naive_adjacency,waste_collection_area,79,3,512,0100000100100000000100010,0,5.159774196010765,5.159774196010764,5.627853609112281,6.095933022213803,2025-09-22 08:41:55
naive_adjacency,waste_collection_area,79,3,512,0100000010100000010000001,0,6.095933022213801,5.159774196010764,5.627853609112281,6.095933022213803,2025-09-22 08:41:55
naive_adjacency,waste_collection_area,79,3,512,0100000001100000010000010,0,6.095933022213801,5.159774196010764,5.627853609112281,6.095933022213803,2025-09-22 08:41:55
naive_adjacency,waste_collection_area,79,3,512,0100000010100000000100100,0,5.28887457492812,5.159774196010764,5.627853609112281,6.095933022213803,2025-09-22 08:41:55
naive_adjacency,waste_collection_area,79,3,512,0100000001100000001000100,0,6.095933022213802,5.159774196010764,5.627853609112281,6.095933022213803,2025-09-22 08:41:55
naive_adjacency,waste_collection_area,79,3,512,0010001000100000001000001,0,5.9668326432964465,5.159774196010764,5.627853609112281,6.095933022213803,2025-09-22 08:41:55
naive_adjacency,waste_collection_area,79,3,512,0010001000100000000100010,0,5.159774196010765,5.159774196010764,5.627853609112281,6.095933022213803,2025-09-22 08:41:55
naive_adjacency,waste_collection_area,79,3,512,0001001000100000010000001,0,6.095933022213802,5.159774196010764,5.627853609112281,6.095933022213803,2025-09-22 08:41:55
naive_adjacency,waste_collection_area,79,3,512,0000101000100000010000010,0,6.095933022213803,5.159774196010764,5.627853609112281,6.095933022213803,2025-09-22 08:41:55
naive_adjacency,waste_collection_area,79,3,512,0001001000100000000100100,0,5.288874574928121,5.159774196010764,5.627853609112281,6.095933022213803,2025-09-22 08:41:55
naive_adjacency,waste_collection_area,79,3,512,0000101000100000001000100,0,6.095933022213801,5.159774196010764,5.627853609112281,6.095933022213803,2025-09-22 08:41:55
naive_adjacency,waste_collection_area,79,3,512,0010000010100000100000001,0,5.159774196010765,5.159774196010764,5.627853609112281,6.095933022213803,2025-09-22 08:41:55
naive_adjacency,waste_collection_area,79,3,512,0010000001100000100000010,0,5.28887457492812,5.159774196010764,5.627853609112281,6.095933022213803,2025-09-22 08:41:55
naive_adjacency,waste_collection_area,79,3,512,0001000100100000100000001,0,5.159774196010765,5.159774196010764,5.627853609112281,6.095933022213803,2025-09-22 08:41:55
naive_adjacency,waste_collection_area,79,3,512,0000100100100000100000010,0,5.288874574928121,5.159774196010764,5.627853609112281,6.095933022213803,2025-09-22 08:41:55
naive_adjacency,waste_collection_area,79,3,512,0001000001100000100000100,0,5.1597741960107655,5.159774196010764,5.627853609112281,6.095933022213803,2025-09-22 08:41:55
naive_adjacency,waste_collection_area,79,3,512,0000100010100000100000100,0,5.159774196010765,5.159774196010764,5.627853609112281,6.095933022213803,2025-09-22 08:41:55
naive_adjacency,waste_collection_area,79,3,512,0010000010100000000101000,0,5.1597741960107655,5.159774196010764,5.627853609112281,6.095933022213803,2025-09-22 08:41:55
naive_adjacency,waste_collection_area,79,3,512,0010000001100000001001000,0,6.095933022213803,5.159774196010764,5.627853609112281,6.095933022213803,2025-09-22 08:41:55
naive_adjacency,waste_collection_area,79,3,512,0001000100100000000101000,0,5.159774196010765,5.159774196010764,5.627853609112281,6.095933022213803,2025-09-22 08:41:55
naive_adjacency,waste_collection_area,79,3,512,0000100100100000001001000,0,6.095933022213801,5.159774196010764,5.627853609112281,6.095933022213803,2025-09-22 08:41:55
naive_adjacency,waste_collection_area,79,3,512,0001000001100000010001000,0,5.966832643296446,5.159774196010764,5.627853609112281,6.095933022213803,2025-09-22 08:41:55
naive_adjacency,waste_collection_area,79,3,512,0000100010100000010001000,0,5.966832643296446,5.159774196010764,5.627853609112281,6.095933022213803,2025-09-22 08:41:55
naive_adjacency,waste_collection_area,79,3,512,0100000100000101000000001,0,5.966832643296446,5.159774196010764,5.627853609112281,6.095933022213803,2025-09-22 08:41:55
naive_adjacency,waste_collection_area,79,3,512,0100000100000011000000010,0,5.159774196010764,5.159774196010764,5.627853609112281,6.095933022213803,2025-09-22 08:41:55
naive_adjacency,waste_collection_area,79,3,512,0100000010001001000000001,0,6.095933022213801,5.159774196010764,5.627853609112281,6.095933022213803,2025-09-22 08:41:55
naive_adjacency,waste_collection_area,79,3,512,0100000001001001000000010,0,6.095933022213801,5.159774196010764,5.627853609112281,6.095933022213803,2025-09-22 08:41:55
naive_adjacency,waste_collection_area,79,3,512,0100000010000011000000100,0,5.28887457492812,5.159774196010764,5.627853609112281,6.095933022213803,2025-09-22 08:41:55
naive_adjacency,waste_collection_area,79,3,512,0100000001000101000000100,0,6.095933022213802,5.159774196010764,5.627853609112281,6.095933022213803,2025-09-22 08:41:55
naive_adjacency,waste_collection_area,79,3,512,0010001000000101000000001,0,5.966832643296446,5.159774196010764,5.627853609112281,6.095933022213803,2025-09-22 08:41:55
naive_adjacency,waste_collection_area,79,3,512,0010001000000011000000010,0,5.159774196010765,5.159774196010764,5.627853609112281,6.095933022213803,2025-09-22 08:41:55
naive_adjacency,waste_collection_area,79,3,512,0001001000001001000000001,0,6.095933022213802,5.159774196010764,5.627853609112281,6.095933022213803,2025-09-22 08:41:55
naive_adjacency,waste_collection_area,79,3,512,0000101000001001000000010,0,6.095933022213803,5.159774196010764,5.627853609112281,6.095933022213803,2025-09-22 08:41:55
naive_adjacency,waste_collection_area,79,3,512,0001001000000011000000100,0,5.288874574928121,5.159774196010764,5.627853609112281,6.095933022213803,2025-09-22 08:41:55
naive_adjacency,waste_collection_area,79,3,512,0000101000000101000000100,0,6.095933022213802,5.159774196010764,5.627853609112281,6.095933022213803,2025-09-22 08:41:55
naive_adjacency,waste_collection_area,79,3,512,0010000010010001000000001,0,5.1597741960107655,5.159774196010764,5.627853609112281,6.095933022213803,2025-09-22 08:41:55
naive_adjacency,waste_collection_area,79,3,512,0010000001010001000000010,0,5.28887457492812,5.159774196010764,5.627853609112281,6.095933022213803,2025-09-22 08:41:55
naive_adjacency,waste_collection_area,79,3,512,0001000100010001000000001,0,5.159774196010765,5.159774196010764,5.627853609112281,6.095933022213803,2025-09-22 08:41:55
naive_adjacency,waste_collection_area,79,3,512,0000100100010001000000010,0,5.288874574928121,5.159774196010764,5.627853609112281,6.095933022213803,2025-09-22 08:41:55
naive_adjacency,waste_collection_area,79,3,512,0001000001010001000000100,0,5.1597741960107655,5.159774196010764,5.627853609112281,6.095933022213803,2025-09-22 08:41:55
naive_adjacency,waste_collection_area,79,3,512,0000100010010001000000100,0,5.159774196010765,5.159774196010764,5.627853609112281,6.095933022213803,2025-09-22 08:41:55
naive_adjacency,waste_collection_area,79,3,512,0010000010000011000001000,0,5.1597741960107655,5.159774196010764,5.627853609112281,6.095933022213803,2025-09-22 08:41:55
naive_adjacency,waste_collection_area,79,3,512,0010000001000101000001000,0,6.095933022213802,5.159774196010764,5.627853609112281,6.095933022213803,2025-09-22 08:41:55
naive_adjacency,waste_collection_area,79,3,512,0001000100000011000001000,0,5.159774196010764,5.159774196010764,5.627853609112281,6.095933022213803,2025-09-22 08:41:55
naive_adjacency,waste_collection_area,79,3,512,0000100100000101000001000,0,6.095933022213802,5.159774196010764,5.627853609112281,6.095933022213803,2025-09-22 08:41:55
naive_adjacency,waste_collection_area,79,3,512,0001000001001001000001000,0,5.966832643296446,5.159774196010764,5.627853609112281,6.095933022213803,2025-09-22 08:41:55
naive_adjacency,waste_collection_area,79,3,512,0000100010001001000001000,0,5.966832643296446,5.159774196010764,5.627853609112281,6.095933022213803,2025-09-22 08:41:55
naive_adjacency,waste_collection_area,79,3,512,0100000100000100000110000,0,5.1597741960107655,5.159774196010764,5.627853609112281,6.095933022213803,2025-09-22 08:41:55
naive_adjacency,waste_collection_area,79,3,512,0100000100000010001010000,0,5.1597741960107655,5.159774196010764,5.627853609112281,6.095933022213803,2025-09-22 08:41:55
naive_adjacency,waste_collection_area,79,3,512,0100000010001000000110000,0,6.095933022213802,5.159774196010764,5.627853609112281,6.095933022213803,2025-09-22 08:41:55
naive_adjacency,waste_collection_area,79,3,512,0100000001001000001010000,0,5.28887457492812,5.159774196010764,5.627853609112281,6.095933022213803,2025-09-22 08:41:55
naive_adjacency,waste_collection_area,79,3,512,0100000010000010010010000,0,6.095933022213802,5.159774196010764,5.627853609112281,6.095933022213803,2025-09-22 08:41:55
naive_adjacency,waste_collection_area,79,3,512,0100000001000100010010000,0,5.28887457492812,5.159774196010764,5.627853609112281,6.095933022213803,2025-09-22 08:41:55
naive_adjacency,waste_collection_area,79,3,512,0010001000000100000110000,0,5.159774196010765,5.159774196010764,5.627853609112281,6.095933022213803,2025-09-22 08:41:55
naive_adjacency,waste_collection_area,79,3,512,0010001000000010001010000,0,5.159774196010765,5.159774196010764,5.627853609112281,6.095933022213803,2025-09-22 08:41:55
naive_adjacency,waste_collection_area,79,3,512,0001001000001000000110000,0,6.095933022213802,5.159774196010764,5.627853609112281,6.095933022213803,2025-09-22 08:41:55
naive_adjacency,waste_collection_area,79,3,512,0000101000001000001010000,0,5.288874574928121,5.159774196010764,5.627853609112281,6.095933022213803,2025-09-22 08:41:55
naive_adjacency,waste_collection_area,79,3,512,0001001000000010010010000,0,6.095933022213801,5.159774196010764,5.627853609112281,6.095933022213803,2025-09-22 08:41:55
naive_adjacency,waste_collection_area,79,3,512,0000101000000100010010000,0,5.288874574928121,5.159774196010764,5.627853609112281,6.095933022213803,2025-09-22 08:41:55
naive_adjacency,waste_collection_area,79,3,512,0010000010010000000110000,0,5.9668326432964465,5.159774196010764,5.627853609112281,6.095933022213803,2025-09-22 08:41:55
naive_adjacency,waste_collection_area,79,3,512,0010000001010000001010000,0,6.095933022213802,5.159774196010764,5.627853609112281,6.095933022213803,2025-09-22 08:41:55
naive_adjacency,waste_collection_area,79,3,512,0001000100010000000110000,0,5.9668326432964465,5.159774196010764,5.627853609112281,6.095933022213803,2025-09-22 08:41:55
naive_adjacency,waste_collection_area,79,3,512,0000100100010000001010000,0,6.095933022213801,5.159774196010764,5.627853609112281,6.095933022213803,2025-09-22 08:41:55
naive_adjacency,waste_collection_area,79,3,512,0001000001010000010010000,0,5.159774196010765,5.159774196010764,5.627853609112281,6.095933022213803,2025-09-22 08:41:55
naive_adjacency,waste_collection_area,79,3,512,0000100010010000010010000,0,5.1597741960107655,5.159774196010764,5.627853609112281,6.095933022213803,2025-09-22 08:41:55
naive_adjacency,waste_collection_area,79,3,512,0010000010000010100010000,0,5.9668326432964465,5.159774196010764,5.627853609112281,6.095933022213803,2025-09-22 08:41:55
naive_adjacency,waste_collection_area,79,3,512,0010000001000100100010000,0,6.095933022213801,5.159774196010764,5.627853609112281,6.095933022213803,2025-09-22 08:41:55
naive_adjacency,waste_collection_area,79,3,512,0001000100000010100010000,0,5.966832643296446,5.159774196010764,5.627853609112281,6.095933022213803,2025-09-22 08:41:55
naive_adjacency,waste_collection_area,79,3,512,0000100100000100100010000,0,6.095933022213802,5.159774196010764,5.627853609112281,6.095933022213803,2025-09-22 08:41:55
naive_adjacency,waste_collection_area,79,3,512,0001000001001000100010000,0,5.159774196010765,5.159774196010764,5.627853609112281,6.095933022213803,2025-09-22 08:41:55
naive_adjacency,waste_collection_area,79,3,512,0000100010001000100010000,0,5.1597741960107655,5.159774196010764,5.627853609112281,6.095933022213803,2025-09-22 08:41:55
node_visit_time,waste_collection_area,79,3,512,000001010011,0,5.1597741960107655,5.159774196010765,5.627853609112283,6.095933022213803,2025-09-22 08:43:49
node_visit_time,waste_collection_area,79,3,512,000001011010,0,5.9668326432964465,5.159774196010765,5.627853609112283,6.095933022213803,2025-09-22 08:43:49
node_visit_time,waste_collection_area,79,3,512,000010001011,0,5.1597741960107655,5.159774196010765,5.627853609112283,6.095933022213803,2025-09-22 08:43:49
node_visit_time,waste_collection_area,79,3,512,000010011001,0,5.1597741960107655,5.159774196010765,5.627853609112283,6.095933022213803,2025-09-22 08:43:49
node_visit_time,waste_collection_area,79,3,512,000011001010,0,5.966832643296446,5.159774196010765,5.627853609112283,6.095933022213803,2025-09-22 08:43:49
node_visit_time,waste_collection_area,79,3,512,000011010001,0,5.1597741960107655,5.159774196010765,5.627853609112283,6.095933022213803,2025-09-22 08:43:49
node_visit_time,waste_collection_area,79,3,512,001000010011,0,6.095933022213803,5.159774196010765,5.627853609112283,6.095933022213803,2025-09-22 08:43:49
node_visit_time,waste_collection_area,79,3,512,001000011010,0,6.095933022213802,5.159774196010765,5.627853609112283,6.095933022213803,2025-09-22 08:43:49
node_visit_time,waste_collection_area,79,3,512,001010000011,0,6.095933022213803,5.159774196010765,5.627853609112283,6.095933022213803,2025-09-22 08:43:49
node_visit_time,waste_collection_area,79,3,512,001010011000,0,5.288874574928121,5.159774196010765,5.627853609112283,6.095933022213803,2025-09-22 08:43:49
node_visit_time,waste_collection_area,79,3,512,001011000010,0,6.095933022213802,5.159774196010765,5.627853609112283,6.095933022213803,2025-09-22 08:43:49
node_visit_time,waste_collection_area,79,3,512,001011010000,1,5.288874574928121,5.159774196010765,5.627853609112283,6.095933022213803,2025-09-22 08:43:49
node_visit_time,waste_collection_area,79,3,512,010000001011,0,5.288874574928121,5.159774196010765,5.627853609112283,6.095933022213803,2025-09-22 08:43:49
node_visit_time,waste_collection_area,79,3,512,010000011001,0,6.095933022213801,5.159774196010765,5.627853609112283,6.095933022213803,2025-09-22 08:43:49
node_visit_time,waste_collection_area,79,3,512,010001000011,0,5.288874574928122,5.159774196010765,5.627853609112283,6.095933022213803,2025-09-22 08:43:49
node_visit_time,waste_collection_area,79,3,512,010001011000,0,6.095933022213802,5.159774196010765,5.627853609112283,6.095933022213803,2025-09-22 08:43:49
node_visit_time,waste_collection_area,79,3,512,010011000001,0,6.095933022213803,5.159774196010765,5.627853609112283,6.095933022213803,2025-09-22 08:43:49
node_visit_time,waste_collection_area,79,3,512,010011001000,0,6.095933022213801,5.159774196010765,5.627853609112283,6.095933022213803,2025-09-22 08:43:49
node_visit_time,waste_collection_area,79,3,512,011000001010,2,5.159774196010765,5.159774196010765,5.627853609112283,6.095933022213803,2025-09-22 08:43:49
node_visit_time,waste_collection_area,79,3,512,011000010001,0,5.966832643296446,5.159774196010765,5.627853609112283,6.095933022213803,2025-09-22 08:43:49
node_visit_time,waste_collection_area,79,3,512,011001000010,0,5.1597741960107655,5.159774196010765,5.627853609112283,6.095933022213803,2025-09-22 08:43:49
node_visit_time,waste_collection_area,79,3,512,011001010000,0,5.1597741960107655,5.159774196010765,5.627853609112283,6.095933022213803,2025-09-22 08:43:49
node_visit_time,waste_collection_area,79,3,512,011010000001,0,5.9668326432964465,5.159774196010765,5.627853609112283,6.095933022213803,2025-09-22 08:43:49
node_visit_time,waste_collection_area,79,3,512,011010001000,0,5.1597741960107655,5.159774196010765,5.627853609112283,6.095933022213803,2025-09-22 08:43:49
naive_adjacency,waste_collection_area,45,3,512,1000001000001000001000001,0,2023.9841224629004,2016.9120775419858,2026.9161663507705,2036.9202551595563,2025-09-22 08:44:49
naive_adjacency,waste_collection_area,45,3,512,1000001000001000000100010,0,2023.9963550710047,2016.9120775419858,2026.9161663507705,2036.9202551595563,2025-09-22 08:44:49
naive_adjacency,waste_collection_area,45,3,512,1000001000000100010000001,0,2032.8986956644644,2016.9120775419858,2026.9161663507705,2036.9202551595563,2025-09-22 08:44:49
naive_adjacency,waste_collection_area,45,3,512,1000001000000010010000010,0,2017.1291655031703,2016.9120775419858,2026.9161663507705,2036.9202551595563,2025-09-22 08:44:49
naive_adjacency,waste_collection_area,45,3,512,1000001000000100000100100,0,2032.6938403113843,2016.9120775419858,2026.9161663507705,2036.9202551595563,2025-09-22 08:44:49
naive_adjacency,waste_collection_area,45,3,512,1000001000000010001000100,0,2016.9120775419858,2016.9120775419858,2026.9161663507705,2036.9202551595563,2025-09-22 08:44:49
naive_adjacency,waste_collection_area,45,3,512,1000000100010000001000001,0,2021.1384923901576,2016.9120775419858,2026.9161663507705,2036.9202551595563,2025-09-22 08:44:49
naive_adjacency,waste_collection_area,45,3,512,1000000100010000000100010,0,2020.9336370370775,2016.9120775419858,2026.9161663507705,2036.9202551595563,2025-09-22 08:44:49
naive_adjacency,waste_collection_area,45,3,512,1000000010010000010000001,0,2029.8359776305374,2016.9120775419858,2026.9161663507705,2036.9202551595563,2025-09-22 08:44:49
naive_adjacency,waste_collection_area,45,3,512,1000000001010000010000010,0,2016.9120775419858,2016.9120775419858,2026.9161663507705,2036.9202551595563,2025-09-22 08:44:49
naive_adjacency,waste_collection_area,45,3,512,1000000010010000000100100,0,2029.8482102386417,2016.9120775419858,2026.9161663507705,2036.9202551595563,2025-09-22 08:44:49
naive_adjacency,waste_collection_area,45,3,512,1000000001010000001000100,0,2017.1291655031703,2016.9120775419858,2026.9161663507705,2036.9202551595563,2025-09-22 08:44:49
naive_adjacency,waste_collection_area,45,3,512,1000000100000100100000001,0,2036.920255159556,2016.9120775419858,2026.9161663507705,2036.9202551595563,2025-09-22 08:44:49
naive_adjacency,waste_collection_area,45,3,512,1000000100000010100000010,0,2029.8482102386417,2016.9120775419858,2026.9161663507705,2036.9202551595563,2025-09-22 08:44:49
naive_adjacency,waste_collection_area,45,3,512,1000000010001000100000001,0,2036.7031671983718,2016.9120775419858,2026.9161663507705,2036.9202551595563,2025-09-22 08:44:49
naive_adjacency,waste_collection_area,45,3,512,1000000001001000100000010,0,2032.6938403113843,2016.9120775419858,2026.9161663507705,2036.9202551595563,2025-09-22 08:44:49
naive_adjacency,waste_collection_area,45,3,512,1000000010000010100000100,0,2020.9336370370775,2016.9120775419858,2026.9161663507705,2036.9202551595563,2025-09-22 08:44:49
naive_adjacency,waste_collection_area,45,3,512,1000000001000100100000100,0,2023.9963550710047,2016.9120775419858,2026.9161663507705,2036.9202551595563,2025-09-22 08:44:49
naive_adjacency,waste_collection_area,45,3,512,1000000100000100000101000,0,2036.7031671983718,2016.9120775419858,2026.9161663507705,2036.9202551595563,2025-09-22 08:44:49
naive_adjacency,waste_collection_area,45,3,512,1000000100000010001001000,0,2029.8359776305374,2016.9120775419858,2026.9161663507705,2036.9202551595563,2025-09-22 08:44:49
naive_adjacency,waste_collection_area,45,3,512,1000000010001000000101000,0,2036.920255159556,2016.9120775419858,2026.9161663507705,2036.9202551595563,2025-09-22 08:44:49
naive_adjacency,waste_collection_area,45,3,512,1000000001001000001001000,0,2032.8986956644644,2016.9120775419858,2026.9161663507705,2036.9202551595563,2025-09-22 08:44:49
naive_adjacency,waste_collection_area,45,3,512,1000000010000010010001000,0,2021.1384923901576,2016.9120775419858,2026.9161663507705,2036.9202551595563,2025-09-22 08:44:49
naive_adjacency,waste_collection_area,45,3,512,1000000001000100010001000,0,2023.9841224629004,2016.9120775419858,2026.9161663507705,2036.9202551595563,2025-09-22 08:44:49
naive_adjacency,waste_collection_area,45,3,512,0100010000001000001000001,0,2016.9120775419858,2016.9120775419858,2026.9161663507705,2036.9202551595563,2025-09-22 08:44:49
naive_adjacency,waste_collection_area,45,3,512,0100010000001000000100010,0,2017.1291655031703,2016.9120775419858,2026.9161663507705,2036.9202551595563,2025-09-22 08:44:49
naive_adjacency,waste_collection_area,45,3,512,0100010000000100010000001,0,2032.6938403113843,2016.9120775419858,2026.9161663507705,2036.9202551595563,2025-09-22 08:44:49
naive_adjacency,waste_collection_area,45,3,512,0100010000000010010000010,0,2023.9963550710047,2016.9120775419858,2026.9161663507705,2036.9202551595563,2025-09-22 08:44:49
naive_adjacency,waste_collection_area,45,3,512,0100010000000100000100100,0,2032.8986956644644,2016.9120775419858,2026.9161663507705,2036.9202551595563,2025-09-22 08:44:49
naive_adjacency,waste_collection_area,45,3,512,0100010000000010001000100,0,2023.9841224629004,2016.9120775419858,2026.9161663507705,2036.9202551595563,2025-09-22 08:44:49
naive_adjacency,waste_collection_area,45,3,512,0010010000010000001000001,0,2020.9336370370775,2016.9120775419858,2026.9161663507705,2036.9202551595563,2025-09-22 08:44:49
naive_adjacency,waste_collection_area,45,3,512,0010010000010000000100010,0,2021.1384923901576,2016.9120775419858,2026.9161663507705,2036.9202551595563,2025-09-22 08:44:49
naive_adjacency,waste_collection_area,45,3,512,0001010000010000010000001,0,2036.7031671983718,2016.9120775419858,2026.9161663507705,2036.9202551595563,2025-09-22 08:44:49
naive_adjacency,waste_collection_area,45,3,512,0000110000010000010000010,0,2023.9841224629004,2016.9120775419858,2026.9161663507705,2036.9202551595563,2025-09-22 08:44:49
naive_adjacency,waste_collection_area,45,3,512,0001010000010000000100100,0,2036.920255159556,2016.9120775419858,2026.9161663507705,2036.9202551595563,2025-09-22 08:44:49
naive_adjacency,waste_collection_area,45,3,512,0000110000010000001000100,0,2023.9963550710047,2016.9120775419858,2026.9161663507705,2036.9202551595563,2025-09-22 08:44:49
naive_adjacency,waste_collection_area,45,3,512,0010010000000100100000001,0,2029.8482102386417,2016.9120775419858,2026.9161663507705,2036.9202551595563,2025-09-22 08:44:49
naive_adjacency,waste_collection_area,45,3,512,0010010000000010100000010,0,2036.9202551595563,2016.9120775419858,2026.9161663507705,2036.9202551595563,2025-09-22 08:44:49
naive_adjacency,waste_collection_area,45,3,512,0001010000001000100000001,0,2029.8359776305374,2016.9120775419858,2026.9161663507705,2036.9202551595563,2025-09-22 08:44:49
naive_adjacency,waste_collection_area,45,3,512,0000110000001000100000010,0,2032.8986956644644,2016.9120775419858,2026.9161663507705,2036.9202551595563,2025-09-22 08:44:49
naive_adjacency,waste_collection_area,45,3,512,0001010000000010100000100,0,2021.1384923901576,2016.9120775419858,2026.9161663507705,2036.9202551595563,2025-09-22 08:44:49
naive_adjacency,waste_collection_area,45,3,512,0000110000000100100000100,0,2017.1291655031703,2016.9120775419858,2026.9161663507705,2036.9202551595563,2025-09-22 08:44:49
naive_adjacency,waste_collection_area,45,3,512,0010010000000100000101000,0,2029.8359776305374,2016.9120775419858,2026.9161663507705,2036.9202551595563,2025-09-22 08:44:49
naive_adjacency,waste_collection_area,45,3,512,0010010000000010001001000,0,2036.7031671983718,2016.9120775419858,2026.9161663507705,2036.9202551595563,2025-09-22 08:44:49
naive_adjacency,waste_collection_area,45,3,512,0001010000001000000101000,0,2029.8482102386417,2016.9120775419858,2026.9161663507705,2036.9202551595563,2025-09-22 08:44:49
naive_adjacency,waste_collection_area,45,3,512,0000110000001000001001000,0,2032.6938403113843,2016.9120775419858,2026.9161663507705,2036.9202551595563,2025-09-22 08:44:49
naive_adjacency,waste_collection_area,45,3,512,0001010000000010010001000,0,2020.9336370370775,2016.9120775419858,2026.9161663507705,2036.9202551595563,2025-09-22 08:44:49
naive_adjacency,waste_collection_area,45,3,512,0000110000000100010001000,0,2016.9120775419858,2016.9120775419858,2026.9161663507705,2036.9202551595563,2025-09-22 08:44:49
naive_adjacency,waste_collection_area,45,3,512,0100000100100000001000001,0,2017.1291655031703,2016.9120775419858,2026.9161663507705,2036.9202551595563,2025-09-22 08:44:49
naive_adjacency,waste_collection_area,45,3,512,0100000100100000000100010,0,2016.9120775419858,2016.9120775419858,2026.9161663507705,2036.9202551595563,2025-09-22 08:44:49
naive_adjacency,waste_collection_area,45,3,512,0100000010100000010000001,0,2029.8482102386417,2016.9120775419858,2026.9161663507705,2036.9202551595563,2025-09-22 08:44:49
naive_adjacency,waste_collection_area,45,3,512,0100000001100000010000010,0,2020.9336370370775,2016.9120775419858,2026.9161663507705,2036.9202551595563,2025-09-22 08:44:49
naive_adjacency,waste_collection_area,45,3,512,0100000010100000000100100,0,2029.8359776305374,2016.9120775419858,2026.9161663507705,2036.9202551595563,2025-09-22 08:44:49
naive_adjacency,waste_collection_area,45,3,512,0100000001100000001000100,0,2021.1384923901576,2016.9120775419858,2026.9161663507705,2036.9202551595563,2025-09-22 08:44:49
naive_adjacency,waste_collection_area,45,3,512,0010001000100000001000001,0,2023.9963550710047,2016.9120775419858,2026.9161663507705,2036.9202551595563,2025-09-22 08:44:49
naive_adjacency,waste_collection_area,45,3,512,0010001000100000000100010,0,2023.9841224629004,2016.9120775419858,2026.9161663507705,2036.9202551595563,2025-09-22 08:44:49
naive_adjacency,waste_collection_area,45,3,512,0001001000100000010000001,0,2036.9202551595563,2016.9120775419858,2026.9161663507705,2036.9202551595563,2025-09-22 08:44:49
naive_adjacency,waste_collection_area,45,3,512,0000101000100000010000010,0,2021.1384923901576,2016.9120775419858,2026.9161663507705,2036.9202551595563,2025-09-22 08:44:49
naive_adjacency,waste_collection_area,45,3,512,0001001000100000000100100,0,2036.7031671983718,2016.9120775419858,2026.9161663507705,2036.9202551595563,2025-09-22 08:44:49
naive_adjacency,waste_collection_area,45,3,512,0000101000100000001000100,0,2020.9336370370775,2016.9120775419858,2026.9161663507705,2036.9202551595563,2025-09-22 08:44:49
naive_adjacency,waste_collection_area,45,3,512,0010000010100000100000001,0,2032.6938403113843,2016.9120775419858,2026.9161663507705,2036.9202551595563,2025-09-22 08:44:49
naive_adjacency,waste_collection_area,45,3,512,0010000001100000100000010,0,2036.7031671983718,2016.9120775419858,2026.9161663507705,2036.9202551595563,2025-09-22 08:44:49
naive_adjacency,waste_collection_area,45,3,512,0001000100100000100000001,0,2032.8986956644644,2016.9120775419858,2026.9161663507705,2036.9202551595563,2025-09-22 08:44:49
naive_adjacency,waste_collection_area,45,3,512,0000100100100000100000010,0,2029.8359776305374,2016.9120775419858,2026.9161663507705,2036.9202551595563,2025-09-22 08:44:49
naive_adjacency,waste_collection_area,45,3,512,0001000001100000100000100,0,2023.9841224629004,2016.9120775419858,2026.9161663507705,2036.9202551595563,2025-09-22 08:44:49
naive_adjacency,waste_collection_area,45,3,512,0000100010100000100000100,0,2016.9120775419858,2016.9120775419858,2026.9161663507705,2036.9202551595563,2025-09-22 08:44:49
naive_adjacency,waste_collection_area,45,3,512,0010000010100000000101000,0,2032.8986956644644,2016.9120775419858,2026.9161663507705,2036.9202551595563,2025-09-22 08:44:49
naive_adjacency,waste_collection_area,45,3,512,0010000001100000001001000,0,2036.920255159556,2016.9120775419858,2026.9161663507705,2036.9202551595563,2025-09-22 08:44:49
naive_adjacency,waste_collection_area,45,3,512,0001000100100000000101000,0,2032.6938403113843,2016.9120775419858,2026.9161663507705,2036.9202551595563,2025-09-22 08:44:49
naive_adjacency,waste_collection_area,45,3,512,0000100100100000001001000,0,2029.8482102386417,2016.9120775419858,2026.9161663507705,2036.9202551595563,2025-09-22 08:44:49
naive_adjacency,waste_collection_area,45,3,512,0001000001100000010001000,0,2023.9963550710047,2016.9120775419858,2026.9161663507705,2036.9202551595563,2025-09-22 08:44:49
naive_adjacency,waste_collection_area,45,3,512,0000100010100000010001000,0,2017.1291655031703,2016.9120775419858,2026.9161663507705,2036.9202551595563,2025-09-22 08:44:49
naive_adjacency,waste_collection_area,45,3,512,0100000100000101000000001,0,2023.9963550710047,2016.9120775419858,2026.9161663507705,2036.9202551595563,2025-09-22 08:44:49
naive_adjacency,waste_collection_area,45,3,512,0100000100000011000000010,0,2032.6938403113843,2016.9120775419858,2026.9161663507705,2036.9202551595563,2025-09-22 08:44:49
naive_adjacency,waste_collection_area,45,3,512,0100000010001001000000001,0,2020.9336370370775,2016.9120775419858,2026.9161663507705,2036.9202551595563,2025-09-22 08:44:49
naive_adjacency,waste_collection_area,45,3,512,0100000001001001000000010,0,2029.8482102386417,2016.9120775419858,2026.9161663507705,2036.9202551595563,2025-09-22 08:44:49
naive_adjacency,waste_collection_area,45,3,512,0100000010000011000000100,0,2036.7031671983718,2016.9120775419858,2026.9161663507705,2036.9202551595563,2025-09-22 08:44:49
naive_adjacency,waste_collection_area,45,3,512,0100000001000101000000100,0,2036.9202551595563,2016.9120775419858,2026.9161663507705,2036.9202551595563,2025-09-22 08:44:49
naive_adjacency,waste_collection_area,45,3,512,0010001000000101000000001,0,2017.1291655031703,2016.9120775419858,2026.9161663507705,2036.9202551595563,2025-09-22 08:44:49
naive_adjacency,waste_collection_area,45,3,512,0010001000000011000000010,0,2032.8986956644644,2016.9120775419858,2026.9161663507705,2036.9202551595563,2025-09-22 08:44:49
naive_adjacency,waste_collection_area,45,3,512,0001001000001001000000001,0,2021.1384923901576,2016.9120775419858,2026.9161663507705,2036.9202551595563,2025-09-22 08:44:49
naive_adjacency,waste_collection_area,45,3,512,0000101000001001000000010,0,2036.920255159556,2016.9120775419858,2026.9161663507705,2036.9202551595563,2025-09-22 08:44:49
naive_adjacency,waste_collection_area,45,3,512,0001001000000011000000100,0,2029.8359776305374,2016.9120775419858,2026.9161663507705,2036.9202551595563,2025-09-22 08:44:49
naive_adjacency,waste_collection_area,45,3,512,0000101000000101000000100,0,2029.8482102386417,2016.9120775419858,2026.9161663507705,2036.9202551595563,2025-09-22 08:44:49
naive_adjacency,waste_collection_area,45,3,512,0010000010010001000000001,0,2016.9120775419858,2016.9120775419858,2026.9161663507705,2036.9202551595563,2025-09-22 08:44:49
naive_adjacency,waste_collection_area,45,3,512,0010000001010001000000010,0,2029.8359776305374,2016.9120775419858,2026.9161663507705,2036.9202551595563,2025-09-22 08:44:49
naive_adjacency,waste_collection_area,45,3,512,0001000100010001000000001,0,2023.9841224629004,2016.9120775419858,2026.9161663507705,2036.9202551595563,2025-09-22 08:44:49
naive_adjacency,waste_collection_area,45,3,512,0000100100010001000000010,0,2036.7031671983718,2016.9120775419858,2026.9161663507705,2036.9202551595563,2025-09-22 08:44:49
naive_adjacency,waste_collection_area,45,3,512,0001000001010001000000100,0,2032.8986956644644,2016.9120775419858,2026.9161663507705,2036.9202551595563,2025-09-22 08:44:49
naive_adjacency,waste_collection_area,45,3,512,0000100010010001000000100,0,2032.6938403113843,2016.9120775419858,2026.9161663507705,2036.9202551595563,2025-09-22 08:44:49
naive_adjacency,waste_collection_area,45,3,512,0010000010000011000001000,0,2023.9841224629004,2016.9120775419858,2026.9161663507705,2036.9202551595563,2025-09-22 08:44:49
naive_adjacency,waste_collection_area,45,3,512,0010000001000101000001000,0,2021.1384923901576,2016.9120775419858,2026.9161663507705,2036.9202551595563,2025-09-22 08:44:49
naive_adjacency,waste_collection_area,45,3,512,0001000100000011000001000,0,2016.9120775419858,2016.9120775419858,2026.9161663507705,2036.9202551595563,2025-09-22 08:44:49
naive_adjacency,waste_collection_area,45,3,512,0000100100000101000001000,0,2020.9336370370775,2016.9120775419858,2026.9161663507705,2036.9202551595563,2025-09-22 08:44:49
naive_adjacency,waste_collection_area,45,3,512,0001000001001001000001000,0,2017.1291655031703,2016.9120775419858,2026.9161663507705,2036.9202551595563,2025-09-22 08:44:49
naive_adjacency,waste_collection_area,45,3,512,0000100010001001000001000,0,2023.9963550710047,2016.9120775419858,2026.9161663507705,2036.9202551595563,2025-09-22 08:44:49
naive_adjacency,waste_collection_area,45,3,512,0100000100000100000110000,0,2023.9841224629004,2016.9120775419858,2026.9161663507705,2036.9202551595563,2025-09-22 08:44:49
naive_adjacency,waste_collection_area,45,3,512,0100000100000010001010000,0,2032.8986956644644,2016.9120775419858,2026.9161663507705,2036.9202551595563,2025-09-22 08:44:49
naive_adjacency,waste_collection_area,45,3,512,0100000010001000000110000,0,2021.1384923901576,2016.9120775419858,2026.9161663507705,2036.9202551595563,2025-09-22 08:44:49
naive_adjacency,waste_collection_area,45,3,512,0100000001001000001010000,0,2029.8359776305374,2016.9120775419858,2026.9161663507705,2036.9202551595563,2025-09-22 08:44:49
naive_adjacency,waste_collection_area,45,3,512,0100000010000010010010000,0,2036.920255159556,2016.9120775419858,2026.9161663507705,2036.9202551595563,2025-09-22 08:44:49
naive_adjacency,waste_collection_area,45,3,512,0100000001000100010010000,0,2036.7031671983718,2016.9120775419858,2026.9161663507705,2036.9202551595563,2025-09-22 08:44:49
naive_adjacency,waste_collection_area,45,3,512,0010001000000100000110000,0,2016.9120775419858,2016.9120775419858,2026.9161663507705,2036.9202551595563,2025-09-22 08:44:49
naive_adjacency,waste_collection_area,45,3,512,0010001000000010001010000,0,2032.6938403113843,2016.9120775419858,2026.9161663507705,2036.9202551595563,2025-09-22 08:44:49
naive_adjacency,waste_collection_area,45,3,512,0001001000001000000110000,0,2020.9336370370775,2016.9120775419858,2026.9161663507705,2036.9202551595563,2025-09-22 08:44:49
naive_adjacency,waste_collection_area,45,3,512,0000101000001000001010000,0,2036.7031671983718,2016.9120775419858,2026.9161663507705,2036.9202551595563,2025-09-22 08:44:49
naive_adjacency,waste_collection_area,45,3,512,0001001000000010010010000,0,2029.8482102386417,2016.9120775419858,2026.9161663507705,2036.9202551595563,2025-09-22 08:44:49
naive_adjacency,waste_collection_area,45,3,512,0000101000000100010010000,0,2029.8359776305374,2016.9120775419858,2026.9161663507705,2036.9202551595563,2025-09-22 08:44:49
naive_adjacency,waste_collection_area,45,3,512,0010000010010000000110000,0,2017.1291655031703,2016.9120775419858,2026.9161663507705,2036.9202551595563,2025-09-22 08:44:49
naive_adjacency,waste_collection_area,45,3,512,0010000001010000001010000,0,2029.8482102386417,2016.9120775419858,2026.9161663507705,2036.9202551595563,2025-09-22 08:44:49
naive_adjacency,waste_collection_area,45,3,512,0001000100010000000110000,0,2023.9963550710047,2016.9120775419858,2026.9161663507705,2036.9202551595563,2025-09-22 08:44:49
naive_adjacency,waste_collection_area,45,3,512,0000100100010000001010000,0,2036.920255159556,2016.9120775419858,2026.9161663507705,2036.9202551595563,2025-09-22 08:44:49
naive_adjacency,waste_collection_area,45,3,512,0001000001010000010010000,0,2032.6938403113843,2016.9120775419858,2026.9161663507705,2036.9202551595563,2025-09-22 08:44:49
naive_adjacency,waste_collection_area,45,3,512,0000100010010000010010000,0,2032.8986956644644,2016.9120775419858,2026.9161663507705,2036.9202551595563,2025-09-22 08:44:49
naive_adjacency,waste_collection_area,45,3,512,0010000010000010100010000,0,2023.9963550710047,2016.9120775419858,2026.9161663507705,2036.9202551595563,2025-09-22 08:44:49
naive_adjacency,waste_collection_area,45,3,512,0010000001000100100010000,0,2020.9336370370775,2016.9120775419858,2026.9161663507705,2036.9202551595563,2025-09-22 08:44:49
naive_adjacency,waste_collection_area,45,3,512,0001000100000010100010000,0,2017.1291655031703,2016.9120775419858,2026.9161663507705,2036.9202551595563,2025-09-22 08:44:49
naive_adjacency,waste_collection_area,45,3,512,0000100100000100100010000,0,2021.1384923901576,2016.9120775419858,2026.9161663507705,2036.9202551595563,2025-09-22 08:44:49
naive_adjacency,waste_collection_area,45,3,512,0001000001001000100010000,0,2016.9120775419858,2016.9120775419858,2026.9161663507705,2036.9202551595563,2025-09-22 08:44:49
naive_adjacency,waste_collection_area,45,3,512,0000100010001000100010000,0,2023.9841224629004,2016.9120775419858,2026.9161663507705,2036.9202551595563,2025-09-22 08:44:49
node_visit_time,waste_collection_area,45,3,512,000001010011,0,inf,inf,0.0,inf,2025-09-22 08:46:11
node_visit_time,waste_collection_area,45,3,512,000001011010,0,inf,inf,0.0,inf,2025-09-22 08:46:11
node_visit_time,waste_collection_area,45,3,512,000010001011,0,inf,inf,0.0,inf,2025-09-22 08:46:11
node_visit_time,waste_collection_area,45,3,512,000010011001,0,inf,inf,0.0,inf,2025-09-22 08:46:11
node_visit_time,waste_collection_area,45,3,512,000011001010,1,inf,inf,0.0,inf,2025-09-22 08:46:11
node_visit_time,waste_collection_area,45,3,512,000011010001,0,inf,inf,0.0,inf,2025-09-22 08:46:11
node_visit_time,waste_collection_area,45,3,512,001000010011,0,inf,inf,0.0,inf,2025-09-22 08:46:11
node_visit_time,waste_collection_area,45,3,512,001000011010,0,inf,inf,0.0,inf,2025-09-22 08:46:11
node_visit_time,waste_collection_area,45,3,512,001010000011,0,inf,inf,0.0,inf,2025-09-22 08:46:11
node_visit_time,waste_collection_area,45,3,512,001010011000,0,inf,inf,0.0,inf,2025-09-22 08:46:11
node_visit_time,waste_collection_area,45,3,512,001011000010,0,inf,inf,0.0,inf,2025-09-22 08:46:11
node_visit_time,waste_collection_area,45,3,512,001011010000,0,inf,inf,0.0,inf,2025-09-22 08:46:11
node_visit_time,waste_collection_area,45,3,512,010000001011,0,inf,inf,0.0,inf,2025-09-22 08:46:11
node_visit_time,waste_collection_area,45,3,512,010000011001,1,inf,inf,0.0,inf,2025-09-22 08:46:11
node_visit_time,waste_collection_area,45,3,512,010001000011,0,inf,inf,0.0,inf,2025-09-22 08:46:11
node_visit_time,waste_collection_area,45,3,512,010001011000,0,inf,inf,0.0,inf,2025-09-22 08:46:11
node_visit_time,waste_collection_area,45,3,512,010011000001,0,inf,inf,0.0,inf,2025-09-22 08:46:11
node_visit_time,waste_collection_area,45,3,512,010011001000,0,inf,inf,0.0,inf,2025-09-22 08:46:11
node_visit_time,waste_collection_area,45,3,512,011000001010,0,inf,inf,0.0,inf,2025-09-22 08:46:11
node_visit_time,waste_collection_area,45,3,512,011000010001,0,inf,inf,0.0,inf,2025-09-22 08:46:11
node_visit_time,waste_collection_area,45,3,512,011001000010,0,inf,inf,0.0,inf,2025-09-22 08:46:11
node_visit_time,waste_collection_area,45,3,512,011001010000,0,inf,inf,0.0,inf,2025-09-22 08:46:11
node_visit_time,waste_collection_area,45,3,512,011010000001,1,inf,inf,0.0,inf,2025-09-22 08:46:11
node_visit_time,waste_collection_area,45,3,512,011010001000,0,inf,inf,0.0,inf,2025-09-22 08:46:11
naive_adjacency,waste_collection_area,81,3,512,100000010000001000000100000010000001,0,7.636516190939824,6.669027745075179,7.9342168456433395,9.256250031019206,2025-09-22 08:47:17
naive_adjacency,waste_collection_area,81,3,512,100000010000001000000100000001000010,0,8.5252743298487,6.669027745075179,7.9342168456433395,9.256250031019206,2025-09-22 08:47:17
naive_adjacency,waste_collection_area,81,3,512,100000010000001000000010000100000001,0,7.534782081143273,6.669027745075179,7.9342168456433395,9.256250031019206,2025-09-22 08:47:17
naive_adjacency,waste_collection_area,81,3,512,100000010000001000000001000100000010,0,8.853476595887928,6.669027745075179,7.9342168456433395,9.256250031019206,2025-09-22 08:47:17
naive_adjacency,waste_collection_area,81,3,512,100000010000001000000010000001000100,0,8.15050330835723,6.669027745075179,7.9342168456433395,9.256250031019206,2025-09-22 08:47:17
naive_adjacency,waste_collection_area,81,3,512,100000010000001000000001000010000100,0,8.580439684193003,6.669027745075179,7.9342168456433395,9.256250031019206,2025-09-22 08:47:17
naive_adjacency,waste_collection_area,81,3,512,100000010000000100001000000010000001,0,7.4296675159020245,6.669027745075179,7.9342168456433395,9.256250031019206,2025-09-22 08:47:17
naive_adjacency,waste_collection_area,81,3,512,100000010000000100001000000001000010,0,8.045388743115979,6.669027745075179,7.9342168456433395,9.256250031019206,2025-09-22 08:47:17
naive_adjacency,waste_collection_area,81,3,512,100000010000000010001000000100000001,0,7.054896494410553,6.669027745075179,7.9342168456433395,9.256250031019206,2025-09-22 08:47:17
naive_adjacency,waste_collection_area,81,3,512,100000010000000001001000000100000010,0,7.670617721624508,6.669027745075179,7.9342168456433395,9.256250031019206,2025-09-22 08:47:17
naive_adjacency,waste_collection_area,81,3,512,100000010000000010001000000001000100,0,7.943654633319429,6.669027745075179,7.9342168456433395,9.256250031019206,2025-09-22 08:47:17
naive_adjacency,waste_collection_area,81,3,512,100000010000000001001000000010000100,0,7.943654633319429,6.669027745075179,7.9342168456433395,9.256250031019206,2025-09-22 08:47:17
naive_adjacency,waste_collection_area,81,3,512,100000010000000100000010001000000001,0,7.800981705290269,6.669027745075179,7.9342168456433395,9.256250031019206,2025-09-22 08:47:17
naive_adjacency,waste_collection_area,81,3,512,100000010000000100000001001000000010,0,8.744905198543451,6.669027745075179,7.9342168456433395,9.256250031019206,2025-09-22 08:47:17
naive_adjacency,waste_collection_area,81,3,512,100000010000000010000100001000000001,0,7.527944793595344,6.669027745075179,7.9342168456433395,9.256250031019206,2025-09-22 08:47:17
naive_adjacency,waste_collection_area,81,3,512,100000010000000001000100001000000010,0,8.041931911012751,6.669027745075179,7.9342168456433395,9.256250031019206,2025-09-22 08:47:17
naive_adjacency,waste_collection_area,81,3,512,100000010000000010000001001000000100,0,8.84663930834,6.669027745075179,7.9342168456433395,9.256250031019206,2025-09-22 08:47:17
naive_adjacency,waste_collection_area,81,3,512,100000010000000001000010001000000100,0,8.416702932504224,6.669027745075179,7.9342168456433395,9.256250031019206,2025-09-22 08:47:17
naive_adjacency,waste_collection_area,81,3,512,100000010000000100000010000001001000,0,8.553276743488507,6.669027745075179,7.9342168456433395,9.256250031019206,2025-09-22 08:47:17
naive_adjacency,waste_collection_area,81,3,512,100000010000000100000001000010001000,0,8.881479009527732,6.669027745075179,7.9342168456433395,9.256250031019206,2025-09-22 08:47:17
naive_adjacency,waste_collection_area,81,3,512,100000010000000010000100000001001000,0,8.826313655183428,6.669027745075179,7.9342168456433395,9.256250031019206,2025-09-22 08:47:17
naive_adjacency,waste_collection_area,81,3,512,100000010000000001000100000010001000,0,8.451542633691956,6.669027745075179,7.9342168456433395,9.256250031019206,2025-09-22 08:47:17
naive_adjacency,waste_collection_area,81,3,512,100000010000000010000001000100001000,0,9.256250031019205,6.669027745075179,7.9342168456433395,9.256250031019206,2025-09-22 08:47:17
naive_adjacency,waste_collection_area,81,3,512,100000010000000001000010000100001000,0,8.553276743488503,6.669027745075179,7.9342168456433395,9.256250031019206,2025-09-22 08:47:17
naive_adjacency,waste_collection_area,81,3,512,100000001000010000000100000010000001,0,6.66902774507518,6.669027745075179,7.9342168456433395,9.256250031019206,2025-09-22 08:47:17
naive_adjacency,waste_collection_area,81,3,512,100000001000010000000100000001000010,0,7.557785883984057,6.669027745075179,7.9342168456433395,9.256250031019206,2025-09-22 08:47:17
naive_adjacency,waste_collection_area,81,3,512,100000001000010000000010000100000001,0,7.040341934463423,6.669027745075179,7.9342168456433395,9.256250031019206,2025-09-22 08:47:17
naive_adjacency,waste_collection_area,81,3,512,100000001000010000000001000100000010,0,8.359036449208078,6.669027745075179,7.9342168456433395,9.256250031019206,2025-09-22 08:47:17
naive_adjacency,waste_collection_area,81,3,512,100000001000010000000010000001000100,0,8.065673884356585,6.669027745075179,7.9342168456433395,9.256250031019206,2025-09-22 08:47:17
naive_adjacency,waste_collection_area,81,3,512,100000001000010000000001000010000100,0,8.495610260192358,6.669027745075179,7.9342168456433395,9.256250031019206,2025-09-22 08:47:17
naive_adjacency,waste_collection_area,81,3,512,100000000100010000001000000010000001,0,6.935227369222176,6.669027745075179,7.9342168456433395,9.256250031019206,2025-09-22 08:47:17
naive_adjacency,waste_collection_area,81,3,512,100000000100010000001000000001000010,0,7.960559319115334,6.669027745075179,7.9342168456433395,9.256250031019206,2025-09-22 08:47:17
naive_adjacency,waste_collection_area,81,3,512,100000000010010000001000000100000001,0,7.443115369594701,6.669027745075179,7.9342168456433395,9.256250031019206,2025-09-22 08:47:17
naive_adjacency,waste_collection_area,81,3,512,100000000001010000001000000100000010,0,8.553276743488507,6.669027745075179,7.9342168456433395,9.256250031019206,2025-09-22 08:47:17
naive_adjacency,waste_collection_area,81,3,512,100000000010010000001000000001000100,0,8.33187350850358,6.669027745075179,7.9342168456433395,9.256250031019206,2025-09-22 08:47:17
naive_adjacency,waste_collection_area,81,3,512,100000000001010000001000000010000100,0,8.416702932504224,6.669027745075179,7.9342168456433395,9.256250031019206,2025-09-22 08:47:17
naive_adjacency,waste_collection_area,81,3,512,100000000100010000000010001000000001,0,6.833493259425626,6.669027745075179,7.9342168456433395,9.256250031019206,2025-09-22 08:47:17
naive_adjacency,waste_collection_area,81,3,512,100000000100010000000001001000000010,0,8.660075774542806,6.669027745075179,7.9342168456433395,9.256250031019206,2025-09-22 08:47:17
naive_adjacency,waste_collection_area,81,3,512,100000000010010000000100001000000001,0,6.970067070409907,6.669027745075179,7.9342168456433395,9.256250031019206,2025-09-22 08:47:17
naive_adjacency,waste_collection_area,81,3,512,100000000001010000000100001000000010,0,8.451542633691956,6.669027745075179,7.9342168456433395,9.256250031019206,2025-09-22 08:47:17
naive_adjacency,waste_collection_area,81,3,512,100000000010010000000001001000000100,0,8.288761585154562,6.669027745075179,7.9342168456433395,9.256250031019206,2025-09-22 08:47:17
naive_adjacency,waste_collection_area,81,3,512,100000000001010000000010001000000100,0,7.943654633319431,6.669027745075179,7.9342168456433395,9.256250031019206,2025-09-22 08:47:17
naive_adjacency,waste_collection_area,81,3,512,100000000100010000000010000001001000,0,7.585788297623862,6.669027745075179,7.9342168456433395,9.256250031019206,2025-09-22 08:47:17
naive_adjacency,waste_collection_area,81,3,512,100000000100010000000001000010001000,0,8.387038862847882,6.669027745075179,7.9342168456433395,9.256250031019206,2025-09-22 08:47:17
naive_adjacency,waste_collection_area,81,3,512,100000000010010000000100000001001000,0,7.4492144866395815,6.669027745075179,7.9342168456433395,9.256250031019206,2025-09-22 08:47:17
naive_adjacency,waste_collection_area,81,3,512,100000000001010000000100000010001000,0,8.041931911012753,6.669027745075179,7.9342168456433395,9.256250031019206,2025-09-22 08:47:17
naive_adjacency,waste_collection_area,81,3,512,100000000010010000000001000100001000,0,7.879150862475356,6.669027745075179,7.9342168456433395,9.256250031019206,2025-09-22 08:47:17
naive_adjacency,waste_collection_area,81,3,512,100000000001010000000010000100001000,0,7.670617721624506,6.669027745075179,7.9342168456433395,9.256250031019206,2025-09-22 08:47:17
naive_adjacency,waste_collection_area,81,3,512,100000001000000100010000000010000001,0,7.372001032605881,6.669027745075179,7.9342168456433395,9.256250031019206,2025-09-22 08:47:17
naive_adjacency,waste_collection_area,81,3,512,100000001000000100010000000001000010,0,7.987722259819835,6.669027745075179,7.9342168456433395,9.256250031019206,2025-09-22 08:47:17
naive_adjacency,waste_collection_area,81,3,512,100000001000000010010000000100000001,0,7.263429635261403,6.669027745075179,7.9342168456433395,9.256250031019206,2025-09-22 08:47:17
naive_adjacency,waste_collection_area,81,3,512,100000001000000001010000000100000010,0,7.87915086247536,6.669027745075179,7.9342168456433395,9.256250031019206,2025-09-22 08:47:17
naive_adjacency,waste_collection_area,81,3,512,100000001000000010010000000001000100,0,8.288761585154562,6.669027745075179,7.9342168456433395,9.256250031019206,2025-09-22 08:47:17
naive_adjacency,waste_collection_area,81,3,512,100000001000000001010000000010000100,0,8.288761585154562,6.669027745075179,7.9342168456433395,9.256250031019206,2025-09-22 08:47:17
naive_adjacency,waste_collection_area,81,3,512,100000000100001000010000000010000001,0,7.845049331790673,6.669027745075179,7.9342168456433395,9.256250031019206,2025-09-22 08:47:17
naive_adjacency,waste_collection_area,81,3,512,100000000100001000010000000001000010,0,8.870381281683832,6.669027745075179,7.9342168456433395,9.256250031019206,2025-09-22 08:47:17
naive_adjacency,waste_collection_area,81,3,512,100000000010001000010000000100000001,0,8.1460886571254,6.669027745075179,7.9342168456433395,9.256250031019206,2025-09-22 08:47:17
naive_adjacency,waste_collection_area,81,3,512,100000000001001000010000000100000010,0,9.256250031019205,6.669027745075179,7.9342168456433395,9.256250031019206,2025-09-22 08:47:17
naive_adjacency,waste_collection_area,81,3,512,100000000010001000010000000001000100,0,8.761809884339357,6.669027745075179,7.9342168456433395,9.256250031019206,2025-09-22 08:47:17
naive_adjacency,waste_collection_area,81,3,512,100000000001001000010000000010000100,0,8.84663930834,6.669027745075179,7.9342168456433395,9.256250031019206,2025-09-22 08:47:17
naive_adjacency,waste_collection_area,81,3,512,100000000100000010010000001000000001,0,7.470278310299202,6.669027745075179,7.9342168456433395,9.256250031019206,2025-09-22 08:47:17
naive_adjacency,waste_collection_area,81,3,512,100000000100000001010000001000000010,0,8.387038862847884,6.669027745075179,7.9342168456433395,9.256250031019206,2025-09-22 08:47:17
naive_adjacency,waste_collection_area,81,3,512,100000000010000100010000001000000001,0,7.879889032978405,6.669027745075179,7.9342168456433395,9.256250031019206,2025-09-22 08:47:17
naive_adjacency,waste_collection_area,81,3,512,100000000001000100010000001000000010,0,8.881479009527734,6.669027745075179,7.9342168456433395,9.256250031019206,2025-09-22 08:47:17
naive_adjacency,waste_collection_area,81,3,512,100000000010000001010000001000000100,0,8.495610260192361,6.669027745075179,7.9342168456433395,9.256250031019206,2025-09-22 08:47:17
naive_adjacency,waste_collection_area,81,3,512,100000000001000010010000001000000100,0,8.580439684193006,6.669027745075179,7.9342168456433395,9.256250031019206,2025-09-22 08:47:17
naive_adjacency,waste_collection_area,81,3,512,100000000100000010010000000001001000,0,8.768647171887284,6.669027745075179,7.9342168456433395,9.256250031019206,2025-09-22 08:47:17
naive_adjacency,waste_collection_area,81,3,512,100000000100000001010000000010001000,0,8.660075774542806,6.669027745075179,7.9342168456433395,9.256250031019206,2025-09-22 08:47:17
naive_adjacency,waste_collection_area,81,3,512,100000000010000100010000000001001000,0,8.35903644920808,6.669027745075179,7.9342168456433395,9.256250031019206,2025-09-22 08:47:17
naive_adjacency,waste_collection_area,81,3,512,100000000001000100010000000010001000,0,8.744905198543453,6.669027745075179,7.9342168456433395,9.256250031019206,2025-09-22 08:47:17
naive_adjacency,waste_collection_area,81,3,512,100000000010000001010000000100001000,0,8.359036449208078,6.669027745075179,7.9342168456433395,9.256250031019206,2025-09-22 08:47:17
naive_adjacency,waste_collection_area,81,3,512,100000000001000010010000000100001000,0,8.853476595887928,6.669027745075179,7.9342168456433395,9.256250031019206,2025-09-22 08:47:17
naive_adjacency,waste_collection_area,81,3,512,100000001000000100000010010000000001,0,7.415112955954897,6.669027745075179,7.9342168456433395,9.256250031019206,2025-09-22 08:47:17
naive_adjacency,waste_collection_area,81,3,512,100000001000000100000001010000000010,0,8.359036449208078,6.669027745075179,7.9342168456433395,9.256250031019206,2025-09-22 08:47:17
naive_adjacency,waste_collection_area,81,3,512,100000001000000010000100010000000001,0,6.935227369222174,6.669027745075179,7.9342168456433395,9.256250031019206,2025-09-22 08:47:17
naive_adjacency,waste_collection_area,81,3,512,100000001000000001000100010000000010,0,7.4492144866395815,6.669027745075179,7.9342168456433395,9.256250031019206,2025-09-22 08:47:17
naive_adjacency,waste_collection_area,81,3,512,100000001000000010000001010000000100,0,8.761809884339355,6.669027745075179,7.9342168456433395,9.256250031019206,2025-09-22 08:47:17
naive_adjacency,waste_collection_area,81,3,512,100000001000000001000010010000000100,0,8.331873508503579,6.669027745075179,7.9342168456433395,9.256250031019206,2025-09-22 08:47:17
naive_adjacency,waste_collection_area,81,3,512,100000000100001000000010010000000001,0,6.942064656770102,6.669027745075179,7.9342168456433395,9.256250031019206,2025-09-22 08:47:17
naive_adjacency,waste_collection_area,81,3,512,100000000100001000000001010000000010,0,8.768647171887283,6.669027745075179,7.9342168456433395,9.256250031019206,2025-09-22 08:47:17
naive_adjacency,waste_collection_area,81,3,512,100000000010001000000100010000000001,0,7.34483809190138,6.669027745075179,7.9342168456433395,9.256250031019206,2025-09-22 08:47:17
naive_adjacency,waste_collection_area,81,3,512,100000000001001000000100010000000010,0,8.826313655183428,6.669027745075179,7.9342168456433395,9.256250031019206,2025-09-22 08:47:17
naive_adjacency,waste_collection_area,81,3,512,100000000010001000000001010000000100,0,8.288761585154562,6.669027745075179,7.9342168456433395,9.256250031019206,2025-09-22 08:47:17
naive_adjacency,waste_collection_area,81,3,512,100000000001001000000010010000000100,0,7.943654633319431,6.669027745075179,7.9342168456433395,9.256250031019206,2025-09-22 08:47:17
naive_adjacency,waste_collection_area,81,3,512,100000000100000010001000010000000001,0,6.66902774507518,6.669027745075179,7.9342168456433395,9.256250031019206,2025-09-22 08:47:17
naive_adjacency,waste_collection_area,81,3,512,100000000100000001001000010000000010,0,7.585788297623862,6.669027745075179,7.9342168456433395,9.256250031019206,2025-09-22 08:47:17
naive_adjacency,waste_collection_area,81,3,512,100000000010000100001000010000000001,0,7.551686766939176,6.669027745075179,7.9342168456433395,9.256250031019206,2025-09-22 08:47:17
naive_adjacency,waste_collection_area,81,3,512,100000000001000100001000010000000010,0,8.553276743488505,6.669027745075179,7.9342168456433395,9.256250031019206,2025-09-22 08:47:17
naive_adjacency,waste_collection_area,81,3,512,100000000010000001001000010000000100,0,8.065673884356583,6.669027745075179,7.9342168456433395,9.256250031019206,2025-09-22 08:47:17
naive_adjacency,waste_collection_area,81,3,512,100000000001000010001000010000000100,0,8.150503308357226,6.669027745075179,7.9342168456433395,9.256250031019206,2025-09-22 08:47:17
naive_adjacency,waste_collection_area,81,3,512,100000000100000010000001010000001000,0,8.870381281683834,6.669027745075179,7.9342168456433395,9.256250031019206,2025-09-22 08:47:17
naive_adjacency,waste_collection_area,81,3,512,100000000100000001000010010000001000,0,7.960559319115335,6.669027745075179,7.9342168456433395,9.256250031019206,2025-09-22 08:47:17
naive_adjacency,waste_collection_area,81,3,512,100000000010000100000001010000001000,0,7.987722259819835,6.669027745075179,7.9342168456433395,9.256250031019206,2025-09-22 08:47:17
naive_adjacency,waste_collection_area,81,3,512,100000000001000100000010010000001000,0,8.045388743115982,6.669027745075179,7.9342168456433395,9.256250031019206,2025-09-22 08:47:17
naive_adjacency,waste_collection_area,81,3,512,100000000010000001000100010000001000,0,7.557785883984059,6.669027745075179,7.9342168456433395,9.256250031019206,2025-09-22 08:47:17
naive_adjacency,waste_collection_area,81,3,512,100000000001000010000100010000001000,0,8.5252743298487,6.669027745075179,7.9342168456433395,9.256250031019206,2025-09-22 08:47:17
naive_adjacency,waste_collection_area,81,3,512,100000001000000100000010000001010000,0,7.551686766939181,6.669027745075179,7.9342168456433395,9.256250031019206,2025-09-22 08:47:17
naive_adjacency,waste_collection_area,81,3,512,100000001000000100000001000010010000,0,7.879889032978406,6.669027745075179,7.9342168456433395,9.256250031019206,2025-09-22 08:47:17
naive_adjacency,waste_collection_area,81,3,512,100000001000000010000100000001010000,0,7.34483809190138,6.669027745075179,7.9342168456433395,9.256250031019206,2025-09-22 08:47:17
naive_adjacency,waste_collection_area,81,3,512,100000001000000001000100000010010000,0,6.970067070409908,6.669027745075179,7.9342168456433395,9.256250031019206,2025-09-22 08:47:17
naive_adjacency,waste_collection_area,81,3,512,100000001000000010000001000100010000,0,8.146088657125402,6.669027745075179,7.9342168456433395,9.256250031019206,2025-09-22 08:47:17
naive_adjacency,waste_collection_area,81,3,512,100000001000000001000010000100010000,0,7.443115369594702,6.669027745075179,7.9342168456433395,9.256250031019206,2025-09-22 08:47:17
naive_adjacency,waste_collection_area,81,3,512,100000000100001000000010000001010000,0,6.669027745075181,6.669027745075179,7.9342168456433395,9.256250031019206,2025-09-22 08:47:17
naive_adjacency,waste_collection_area,81,3,512,100000000100001000000001000010010000,0,7.4702783102992,6.669027745075179,7.9342168456433395,9.256250031019206,2025-09-22 08:47:17
naive_adjacency,waste_collection_area,81,3,512,100000000010001000000100000001010000,0,6.9352273692221775,6.669027745075179,7.9342168456433395,9.256250031019206,2025-09-22 08:47:17
naive_adjacency,waste_collection_area,81,3,512,100000000001001000000100000010010000,0,7.527944793595349,6.669027745075179,7.9342168456433395,9.256250031019206,2025-09-22 08:47:17
naive_adjacency,waste_collection_area,81,3,512,100000000010001000000001000100010000,0,7.263429635261403,6.669027745075179,7.9342168456433395,9.256250031019206,2025-09-22 08:47:17
naive_adjacency,waste_collection_area,81,3,512,100000000001001000000010000100010000,0,7.054896494410553,6.669027745075179,7.9342168456433395,9.256250031019206,2025-09-22 08:47:17
naive_adjacency,waste_collection_area,81,3,512,100000000100000010001000000001010000,0,6.942064656770104,6.669027745075179,7.9342168456433395,9.256250031019206,2025-09-22 08:47:17
naive_adjacency,waste_collection_area,81,3,512,100000000100000001001000000010010000,0,6.8334932594256275,6.669027745075179,7.9342168456433395,9.256250031019206,2025-09-22 08:47:17
naive_adjacency,waste_collection_area,81,3,512,100000000010000100001000000001010000,0,7.415112955954897,6.669027745075179,7.9342168456433395,9.256250031019206,2025-09-22 08:47:17
naive_adjacency,waste_collection_area,81,3,512,100000000001000100001000000010010000,0,7.800981705290271,6.669027745075179,7.9342168456433395,9.256250031019206,2025-09-22 08:47:17
naive_adjacency,waste_collection_area,81,3,512,100000000010000001001000000100010000,0,7.040341934463426,6.669027745075179,7.9342168456433395,9.256250031019206,2025-09-22 08:47:17
naive_adjacency,waste_collection_area,81,3,512,100000000001000010001000000100010000,0,7.534782081143275,6.669027745075179,7.9342168456433395,9.256250031019206,2025-09-22 08:47:17
naive_adjacency,waste_collection_area,81,3,512,100000000100000010000001001000010000,0,7.845049331790674,6.669027745075179,7.9342168456433395,9.256250031019206,2025-09-22 08:47:17
naive_adjacency,waste_collection_area,81,3,512,100000000100000001000010001000010000,0,6.935227369222176,6.669027745075179,7.9342168456433395,9.256250031019206,2025-09-22 08:47:17
naive_adjacency,waste_collection_area,81,3,512,100000000010000100000001001000010000,0,7.372001032605878,6.669027745075179,7.9342168456433395,9.256250031019206,2025-09-22 08:47:17
naive_adjacency,waste_collection_area,81,3,512,100000000001000100000010001000010000,0,7.429667515902025,6.669027745075179,7.9342168456433395,9.256250031019206,2025-09-22 08:47:17
naive_adjacency,waste_collection_area,81,3,512,100000000010000001000100001000010000,0,6.66902774507518,6.669027745075179,7.9342168456433395,9.256250031019206,2025-09-22 08:47:17
naive_adjacency,waste_collection_area,81,3,512,100000000001000010000100001000010000,0,7.636516190939821,6.669027745075179,7.9342168456433395,9.256250031019206,2025-09-22 08:47:17
naive_adjacency,waste_collection_area,81,3,512,010000100000001000000100000010000001,0,8.553276743488507,6.669027745075179,7.9342168456433395,9.256250031019206,2025-09-22 08:47:17
naive_adjacency,waste_collection_area,81,3,512,010000100000001000000100000001000010,0,8.416702932504224,6.669027745075179,7.9342168456433395,9.256250031019206,2025-09-22 08:47:17
naive_adjacency,waste_collection_area,81,3,512,010000100000001000000010000100000001,0,8.451542633691956,6.669027745075179,7.9342168456433395,9.256250031019206,2025-09-22 08:47:17
naive_adjacency,waste_collection_area,81,3,512,010000100000001000000001000100000010,0,7.943654633319431,6.669027745075179,7.9342168456433395,9.256250031019206,2025-09-22 08:47:17
naive_adjacency,waste_collection_area,81,3,512,010000100000001000000010000001000100,0,8.041931911012753,6.669027745075179,7.9342168456433395,9.256250031019206,2025-09-22 08:47:17
naive_adjacency,waste_collection_area,81,3,512,010000100000001000000001000010000100,0,7.670617721624507,6.669027745075179,7.9342168456433395,9.256250031019206,2025-09-22 08:47:17
naive_adjacency,waste_collection_area,81,3,512,010000100000000100001000000010000001,0,9.256250031019206,6.669027745075179,7.9342168456433395,9.256250031019206,2025-09-22 08:47:17
naive_adjacency,waste_collection_area,81,3,512,010000100000000100001000000001000010,0,8.846639308340002,6.669027745075179,7.9342168456433395,9.256250031019206,2025-09-22 08:47:17
naive_adjacency,waste_collection_area,81,3,512,010000100000000010001000000100000001,0,8.881479009527736,6.669027745075179,7.9342168456433395,9.256250031019206,2025-09-22 08:47:17
naive_adjacency,waste_collection_area,81,3,512,010000100000000001001000000100000010,0,8.580439684193006,6.669027745075179,7.9342168456433395,9.256250031019206,2025-09-22 08:47:17
naive_adjacency,waste_collection_area,81,3,512,010000100000000010001000000001000100,0,8.744905198543453,6.669027745075179,7.9342168456433395,9.256250031019206,2025-09-22 08:47:17
naive_adjacency,waste_collection_area,81,3,512,010000100000000001001000000010000100,0,8.853476595887928,6.669027745075179,7.9342168456433395,9.256250031019206,2025-09-22 08:47:17
naive_adjacency,waste_collection_area,81,3,512,010000100000000100000010001000000001,0,8.826313655183428,6.669027745075179,7.9342168456433395,9.256250031019206,2025-09-22 08:47:17
naive_adjacency,waste_collection_area,81,3,512,010000100000000100000001001000000010,0,7.943654633319431,6.669027745075179,7.9342168456433395,9.256250031019206,2025-09-22 08:47:17
naive_adjacency,waste_collection_area,81,3,512,010000100000000010000100001000000001,0,8.553276743488505,6.669027745075179,7.9342168456433395,9.256250031019206,2025-09-22 08:47:17
naive_adjacency,waste_collection_area,81,3,512,010000100000000001000100001000000010,0,8.150503308357228,6.669027745075179,7.9342168456433395,9.256250031019206,2025-09-22 08:47:17
naive_adjacency,waste_collection_area,81,3,512,010000100000000010000001001000000100,0,8.045388743115982,6.669027745075179,7.9342168456433395,9.256250031019206,2025-09-22 08:47:17
naive_adjacency,waste_collection_area,81,3,512,010000100000000001000010001000000100,0,8.5252743298487,6.669027745075179,7.9342168456433395,9.256250031019206,2025-09-22 08:47:17
naive_adjacency,waste_collection_area,81,3,512,010000100000000100000010000001001000,0,7.527944793595348,6.669027745075179,7.9342168456433395,9.256250031019206,2025-09-22 08:47:17
naive_adjacency,waste_collection_area,81,3,512,010000100000000100000001000010001000,0,7.054896494410554,6.669027745075179,7.9342168456433395,9.256250031019206,2025-09-22 08:47:17
naive_adjacency,waste_collection_area,81,3,512,010000100000000010000100000001001000,0,7.80098170529027,6.669027745075179,7.9342168456433395,9.256250031019206,2025-09-22 08:47:17
naive_adjacency,waste_collection_area,81,3,512,010000100000000001000100000010001000,0,7.534782081143275,6.669027745075179,7.9342168456433395,9.256250031019206,2025-09-22 08:47:17
naive_adjacency,waste_collection_area,81,3,512,010000100000000010000001000100001000,0,7.429667515902026,6.669027745075179,7.9342168456433395,9.256250031019206,2025-09-22 08:47:17
naive_adjacency,waste_collection_area,81,3,512,010000100000000001000010000100001000,0,7.6365161909398225,6.669027745075179,7.9342168456433395,9.256250031019206,2025-09-22 08:47:17
naive_adjacency,waste_collection_area,81,3,512,001000100000010000000100000010000001,0,8.495610260192363,6.669027745075179,7.9342168456433395,9.256250031019206,2025-09-22 08:47:17
naive_adjacency,waste_collection_area,81,3,512,001000100000010000000100000001000010,0,8.35903644920808,6.669027745075179,7.9342168456433395,9.256250031019206,2025-09-22 08:47:17
naive_adjacency,waste_collection_area,81,3,512,001000100000010000000010000100000001,0,8.065673884356583,6.669027745075179,7.9342168456433395,9.256250031019206,2025-09-22 08:47:17
naive_adjacency,waste_collection_area,81,3,512,001000100000010000000001000100000010,0,7.557785883984058,6.669027745075179,7.9342168456433395,9.256250031019206,2025-09-22 08:47:17
naive_adjacency,waste_collection_area,81,3,512,001000100000010000000010000001000100,0,7.040341934463426,6.669027745075179,7.9342168456433395,9.256250031019206,2025-09-22 08:47:17
naive_adjacency,waste_collection_area,81,3,512,001000100000010000000001000010000100,0,6.66902774507518,6.669027745075179,7.9342168456433395,9.256250031019206,2025-09-22 08:47:17
naive_adjacency,waste_collection_area,81,3,512,000100100000010000001000000010000001,0,8.870381281683834,6.669027745075179,7.9342168456433395,9.256250031019206,2025-09-22 08:47:17
naive_adjacency,waste_collection_area,81,3,512,000100100000010000001000000001000010,0,7.845049331790674,6.669027745075179,7.9342168456433395,9.256250031019206,2025-09-22 08:47:17
naive_adjacency,waste_collection_area,81,3,512,000010100000010000001000000100000001,0,7.551686766939181,6.669027745075179,7.9342168456433395,9.256250031019206,2025-09-22 08:47:17
naive_adjacency,waste_collection_area,81,3,512,000001100000010000001000000100000010,0,7.636516190939824,6.669027745075179,7.9342168456433395,9.256250031019206,2025-09-22 08:47:17
naive_adjacency,waste_collection_area,81,3,512,000010100000010000001000000001000100,0,7.415112955954897,6.669027745075179,7.9342168456433395,9.256250031019206,2025-09-22 08:47:17
naive_adjacency,waste_collection_area,81,3,512,000001100000010000001000000010000100,0,8.5252743298487,6.669027745075179,7.9342168456433395,9.256250031019206,2025-09-22 08:47:17
naive_adjacency,waste_collection_area,81,3,512,000100100000010000000010001000000001,0,8.768647171887284,6.669027745075179,7.9342168456433395,9.256250031019206,2025-09-22 08:47:17
naive_adjacency,waste_collection_area,81,3,512,000100100000010000000001001000000010,0,6.942064656770104,6.669027745075179,7.9342168456433395,9.256250031019206,2025-09-22 08:47:17
naive_adjacency,waste_collection_area,81,3,512,000010100000010000000100001000000001,0,7.879889032978406,6.669027745075179,7.9342168456433395,9.256250031019206,2025-09-22 08:47:17
naive_adjacency,waste_collection_area,81,3,512,000001100000010000000100001000000010,0,7.534782081143273,6.669027745075179,7.9342168456433395,9.256250031019206,2025-09-22 08:47:17
naive_adjacency,waste_collection_area,81,3,512,000010100000010000000001001000000100,0,7.372001032605881,6.669027745075179,7.9342168456433395,9.256250031019206,2025-09-22 08:47:17
naive_adjacency,waste_collection_area,81,3,512,000001100000010000000010001000000100,0,8.853476595887928,6.669027745075179,7.9342168456433395,9.256250031019206,2025-09-22 08:47:17
naive_adjacency,waste_collection_area,81,3,512,000100100000010000000010000001001000,0,7.470278310299203,6.669027745075179,7.9342168456433395,9.256250031019206,2025-09-22 08:47:17
naive_adjacency,waste_collection_area,81,3,512,000100100000010000000001000010001000,0,6.66902774507518,6.669027745075179,7.9342168456433395,9.256250031019206,2025-09-22 08:47:17
naive_adjacency,waste_collection_area,81,3,512,000010100000010000000100000001001000,0,8.35903644920808,6.669027745075179,7.9342168456433395,9.256250031019206,2025-09-22 08:47:17
naive_adjacency,waste_collection_area,81,3,512,000001100000010000000100000010001000,0,8.15050330835723,6.669027745075179,7.9342168456433395,9.256250031019206,2025-09-22 08:47:17
naive_adjacency,waste_collection_area,81,3,512,000010100000010000000001000100001000,0,7.987722259819836,6.669027745075179,7.9342168456433395,9.256250031019206,2025-09-22 08:47:17
naive_adjacency,waste_collection_area,81,3,512,000001100000010000000010000100001000,0,8.580439684193005,6.669027745075179,7.9342168456433395,9.256250031019206,2025-09-22 08:47:17
naive_adjacency,waste_collection_area,81,3,512,001000100000000100010000000010000001,0,8.288761585154562,6.669027745075179,7.9342168456433395,9.256250031019206,2025-09-22 08:47:17
naive_adjacency,waste_collection_area,81,3,512,001000100000000100010000000001000010,0,7.879150862475357,6.669027745075179,7.9342168456433395,9.256250031019206,2025-09-22 08:47:17
naive_adjacency,waste_collection_area,81,3,512,001000100000000010010000000100000001,0,8.288761585154562,6.669027745075179,7.9342168456433395,9.256250031019206,2025-09-22 08:47:17
naive_adjacency,waste_collection_area,81,3,512,001000100000000001010000000100000010,0,7.987722259819833,6.669027745075179,7.9342168456433395,9.256250031019206,2025-09-22 08:47:17
naive_adjacency,waste_collection_area,81,3,512,001000100000000010010000000001000100,0,7.263429635261402,6.669027745075179,7.9342168456433395,9.256250031019206,2025-09-22 08:47:17
naive_adjacency,waste_collection_area,81,3,512,001000100000000001010000000010000100,0,7.372001032605878,6.669027745075179,7.9342168456433395,9.256250031019206,2025-09-22 08:47:17
naive_adjacency,waste_collection_area,81,3,512,000100100000001000010000000010000001,0,7.960559319115335,6.669027745075179,7.9342168456433395,9.256250031019206,2025-09-22 08:47:17
naive_adjacency,waste_collection_area,81,3,512,000100100000001000010000000001000010,0,6.935227369222175,6.669027745075179,7.9342168456433395,9.256250031019206,2025-09-22 08:47:17
naive_adjacency,waste_collection_area,81,3,512,000010100000001000010000000100000001,0,7.34483809190138,6.669027745075179,7.9342168456433395,9.256250031019206,2025-09-22 08:47:17
naive_adjacency,waste_collection_area,81,3,512,000001100000001000010000000100000010,0,7.4296675159020245,6.669027745075179,7.9342168456433395,9.256250031019206,2025-09-22 08:47:17
naive_adjacency,waste_collection_area,81,3,512,000010100000001000010000000001000100,0,6.935227369222175,6.669027745075179,7.9342168456433395,9.256250031019206,2025-09-22 08:47:17
naive_adjacency,waste_collection_area,81,3,512,000001100000001000010000000010000100,0,8.045388743115979,6.669027745075179,7.9342168456433395,9.256250031019206,2025-09-22 08:47:17
naive_adjacency,waste_collection_area,81,3,512,000100100000000010010000001000000001,0,7.585788297623864,6.669027745075179,7.9342168456433395,9.256250031019206,2025-09-22 08:47:17
naive_adjacency,waste_collection_area,81,3,512,000100100000000001010000001000000010,0,6.66902774507518,6.669027745075179,7.9342168456433395,9.256250031019206,2025-09-22 08:47:17
naive_adjacency,waste_collection_area,81,3,512,000010100000000100010000001000000001,0,6.970067070409909,6.669027745075179,7.9342168456433395,9.256250031019206,2025-09-22 08:47:17
naive_adjacency,waste_collection_area,81,3,512,000001100000000100010000001000000010,0,7.054896494410553,6.669027745075179,7.9342168456433395,9.256250031019206,2025-09-22 08:47:17
naive_adjacency,waste_collection_area,81,3,512,000010100000000001010000001000000100,0,6.66902774507518,6.669027745075179,7.9342168456433395,9.256250031019206,2025-09-22 08:47:17
naive_adjacency,waste_collection_area,81,3,512,000001100000000010010000001000000100,0,7.670617721624508,6.669027745075179,7.9342168456433395,9.256250031019206,2025-09-22 08:47:17
naive_adjacency,waste_collection_area,81,3,512,000100100000000010010000000001001000,0,6.833493259425626,6.669027745075179,7.9342168456433395,9.256250031019206,2025-09-22 08:47:17
naive_adjacency,waste_collection_area,81,3,512,000100100000000001010000000010001000,0,6.942064656770102,6.669027745075179,7.9342168456433395,9.256250031019206,2025-09-22 08:47:17
naive_adjacency,waste_collection_area,81,3,512,000010100000000100010000000001001000,0,7.449214486639581,6.669027745075179,7.9342168456433395,9.256250031019206,2025-09-22 08:47:17
naive_adjacency,waste_collection_area,81,3,512,000001100000000100010000000010001000,0,7.943654633319429,6.669027745075179,7.9342168456433395,9.256250031019206,2025-09-22 08:47:17
naive_adjacency,waste_collection_area,81,3,512,000010100000000001010000000100001000,0,7.557785883984057,6.669027745075179,7.9342168456433395,9.256250031019206,2025-09-22 08:47:17
naive_adjacency,waste_collection_area,81,3,512,000001100000000010010000000100001000,0,7.943654633319429,6.669027745075179,7.9342168456433395,9.256250031019206,2025-09-22 08:47:17
naive_adjacency,waste_collection_area,81,3,512,001000100000000100000010010000000001,0,8.33187350850358,6.669027745075179,7.9342168456433395,9.256250031019206,2025-09-22 08:47:17
naive_adjacency,waste_collection_area,81,3,512,001000100000000100000001010000000010,0,7.449214486639582,6.669027745075179,7.9342168456433395,9.256250031019206,2025-09-22 08:47:17
naive_adjacency,waste_collection_area,81,3,512,001000100000000010000100010000000001,0,8.761809884339357,6.669027745075179,7.9342168456433395,9.256250031019206,2025-09-22 08:47:17
naive_adjacency,waste_collection_area,81,3,512,001000100000000001000100010000000010,0,8.359036449208078,6.669027745075179,7.9342168456433395,9.256250031019206,2025-09-22 08:47:17
naive_adjacency,waste_collection_area,81,3,512,001000100000000010000001010000000100,0,6.9352273692221775,6.669027745075179,7.9342168456433395,9.256250031019206,2025-09-22 08:47:17
naive_adjacency,waste_collection_area,81,3,512,001000100000000001000010010000000100,0,7.415112955954896,6.669027745075179,7.9342168456433395,9.256250031019206,2025-09-22 08:47:17
naive_adjacency,waste_collection_area,81,3,512,000100100000001000000010010000000001,0,8.660075774542808,6.669027745075179,7.9342168456433395,9.256250031019206,2025-09-22 08:47:17
naive_adjacency,waste_collection_area,81,3,512,000100100000001000000001010000000010,0,6.8334932594256275,6.669027745075179,7.9342168456433395,9.256250031019206,2025-09-22 08:47:17
naive_adjacency,waste_collection_area,81,3,512,000010100000001000000100010000000001,0,8.146088657125402,6.669027745075179,7.9342168456433395,9.256250031019206,2025-09-22 08:47:17
naive_adjacency,waste_collection_area,81,3,512,000001100000001000000100010000000010,0,7.800981705290269,6.669027745075179,7.9342168456433395,9.256250031019206,2025-09-22 08:47:17
naive_adjacency,waste_collection_area,81,3,512,000010100000001000000001010000000100,0,7.263429635261404,6.669027745075179,7.9342168456433395,9.256250031019206,2025-09-22 08:47:17
naive_adjacency,waste_collection_area,81,3,512,000001100000001000000010010000000100,0,8.744905198543451,6.669027745075179,7.9342168456433395,9.256250031019206,2025-09-22 08:47:17
naive_adjacency,waste_collection_area,81,3,512,000100100000000010001000010000000001,0,8.387038862847884,6.669027745075179,7.9342168456433395,9.256250031019206,2025-09-22 08:47:17
naive_adjacency,waste_collection_area,81,3,512,000100100000000001001000010000000010,0,7.4702783102992,6.669027745075179,7.9342168456433395,9.256250031019206,2025-09-22 08:47:17
naive_adjacency,waste_collection_area,81,3,512,000010100000000100001000010000000001,0,7.443115369594702,6.669027745075179,7.9342168456433395,9.256250031019206,2025-09-22 08:47:17
naive_adjacency,waste_collection_area,81,3,512,000001100000000100001000010000000010,0,7.527944793595346,6.669027745075179,7.9342168456433395,9.256250031019206,2025-09-22 08:47:17
naive_adjacency,waste_collection_area,81,3,512,000010100000000001001000010000000100,0,7.040341934463424,6.669027745075179,7.9342168456433395,9.256250031019206,2025-09-22 08:47:17
naive_adjacency,waste_collection_area,81,3,512,000001100000000010001000010000000100,0,8.041931911012751,6.669027745075179,7.9342168456433395,9.256250031019206,2025-09-22 08:47:17
naive_adjacency,waste_collection_area,81,3,512,000100100000000010000001010000001000,0,6.935227369222177,6.669027745075179,7.9342168456433395,9.256250031019206,2025-09-22 08:47:17
naive_adjacency,waste_collection_area,81,3,512,000100100000000001000010010000001000,0,7.845049331790673,6.669027745075179,7.9342168456433395,9.256250031019206,2025-09-22 08:47:17
naive_adjacency,waste_collection_area,81,3,512,000010100000000100000001010000001000,0,7.879150862475359,6.669027745075179,7.9342168456433395,9.256250031019206,2025-09-22 08:47:17
naive_adjacency,waste_collection_area,81,3,512,000001100000000100000010010000001000,0,8.84663930834,6.669027745075179,7.9342168456433395,9.256250031019206,2025-09-22 08:47:17
naive_adjacency,waste_collection_area,81,3,512,000010100000000001000100010000001000,0,8.359036449208078,6.669027745075179,7.9342168456433395,9.256250031019206,2025-09-22 08:47:17
naive_adjacency,waste_collection_area,81,3,512,000001100000000010000100010000001000,0,8.416702932504224,6.669027745075179,7.9342168456433395,9.256250031019206,2025-09-22 08:47:17
naive_adjacency,waste_collection_area,81,3,512,001000100000000100000010000001010000,0,7.443115369594702,6.669027745075179,7.9342168456433395,9.256250031019206,2025-09-22 08:47:17
naive_adjacency,waste_collection_area,81,3,512,001000100000000100000001000010010000,0,6.9700670704099075,6.669027745075179,7.9342168456433395,9.256250031019206,2025-09-22 08:47:17
naive_adjacency,waste_collection_area,81,3,512,001000100000000010000100000001010000,0,8.146088657125402,6.669027745075179,7.9342168456433395,9.256250031019206,2025-09-22 08:47:17
naive_adjacency,waste_collection_area,81,3,512,001000100000000001000100000010010000,0,7.879889032978406,6.669027745075179,7.9342168456433395,9.256250031019206,2025-09-22 08:47:17
naive_adjacency,waste_collection_area,81,3,512,001000100000000010000001000100010000,0,7.344838091901381,6.669027745075179,7.9342168456433395,9.256250031019206,2025-09-22 08:47:17
naive_adjacency,waste_collection_area,81,3,512,001000100000000001000010000100010000,0,7.551686766939177,6.669027745075179,7.9342168456433395,9.256250031019206,2025-09-22 08:47:17
naive_adjacency,waste_collection_area,81,3,512,000100100000001000000010000001010000,0,8.387038862847886,6.669027745075179,7.9342168456433395,9.256250031019206,2025-09-22 08:47:17
naive_adjacency,waste_collection_area,81,3,512,000100100000001000000001000010010000,0,7.585788297623862,6.669027745075179,7.9342168456433395,9.256250031019206,2025-09-22 08:47:17
naive_adjacency,waste_collection_area,81,3,512,000010100000001000000100000001010000,0,8.761809884339357,6.669027745075179,7.9342168456433395,9.256250031019206,2025-09-22 08:47:17
naive_adjacency,waste_collection_area,81,3,512,000001100000001000000100000010010000,0,8.553276743488507,6.669027745075179,7.9342168456433395,9.256250031019206,2025-09-22 08:47:17
naive_adjacency,waste_collection_area,81,3,512,000010100000001000000001000100010000,0,8.288761585154564,6.669027745075179,7.9342168456433395,9.256250031019206,2025-09-22 08:47:17
naive_adjacency,waste_collection_area,81,3,512,000001100000001000000010000100010000,0,8.881479009527732,6.669027745075179,7.9342168456433395,9.256250031019206,2025-09-22 08:47:17
naive_adjacency,waste_collection_area,81,3,512,000100100000000010001000000001010000,0,8.660075774542808,6.669027745075179,7.9342168456433395,9.256250031019206,2025-09-22 08:47:17
naive_adjacency,waste_collection_area,81,3,512,000100100000000001001000000010010000,0,8.768647171887283,6.669027745075179,7.9342168456433395,9.256250031019206,2025-09-22 08:47:17
naive_adjacency,waste_collection_area,81,3,512,000010100000000100001000000001010000,0,8.33187350850358,6.669027745075179,7.9342168456433395,9.256250031019206,2025-09-22 08:47:17
naive_adjacency,waste_collection_area,81,3,512,000001100000000100001000000010010000,0,8.826313655183428,6.669027745075179,7.9342168456433395,9.256250031019206,2025-09-22 08:47:17
naive_adjacency,waste_collection_area,81,3,512,000010100000000001001000000100010000,0,8.065673884356585,6.669027745075179,7.9342168456433395,9.256250031019206,2025-09-22 08:47:17
naive_adjacency,waste_collection_area,81,3,512,000001100000000010001000000100010000,0,8.451542633691957,6.669027745075179,7.9342168456433395,9.256250031019206,2025-09-22 08:47:17
naive_adjacency,waste_collection_area,81,3,512,000100100000000010000001001000010000,0,7.960559319115335,6.669027745075179,7.9342168456433395,9.256250031019206,2025-09-22 08:47:17
naive_adjacency,waste_collection_area,81,3,512,000100100000000001000010001000010000,0,8.870381281683832,6.669027745075179,7.9342168456433395,9.256250031019206,2025-09-22 08:47:17
naive_adjacency,waste_collection_area,81,3,512,000010100000000100000001001000010000,0,8.288761585154562,6.669027745075179,7.9342168456433395,9.256250031019206,2025-09-22 08:47:17
naive_adjacency,waste_collection_area,81,3,512,000001100000000100000010001000010000,0,9.256250031019205,6.669027745075179,7.9342168456433395,9.256250031019206,2025-09-22 08:47:17
naive_adjacency,waste_collection_area,81,3,512,000010100000000001000100001000010000,0,8.495610260192358,6.669027745075179,7.9342168456433395,9.256250031019206,2025-09-22 08:47:17
naive_adjacency,waste_collection_area,81,3,512,000001100000000010000100001000010000,0,8.553276743488503,6.669027745075179,7.9342168456433395,9.256250031019206,2025-09-22 08:47:17
naive_adjacency,waste_collection_area,81,3,512,010000001000100000000100000010000001,0,7.670617721624508,6.669027745075179,7.9342168456433395,9.256250031019206,2025-09-22 08:47:17
naive_adjacency,waste_collection_area,81,3,512,010000001000100000000100000001000010,0,7.943654633319429,6.669027745075179,7.9342168456433395,9.256250031019206,2025-09-22 08:47:17
naive_adjacency,waste_collection_area,81,3,512,010000001000100000000010000100000001,0,8.041931911012751,6.669027745075179,7.9342168456433395,9.256250031019206,2025-09-22 08:47:17
naive_adjacency,waste_collection_area,81,3,512,010000001000100000000001000100000010,0,8.416702932504224,6.669027745075179,7.9342168456433395,9.256250031019206,2025-09-22 08:47:17
naive_adjacency,waste_collection_area,81,3,512,010000001000100000000010000001000100,0,8.451542633691957,6.669027745075179,7.9342168456433395,9.256250031019206,2025-09-22 08:47:17
naive_adjacency,waste_collection_area,81,3,512,010000001000100000000001000010000100,0,8.553276743488503,6.669027745075179,7.9342168456433395,9.256250031019206,2025-09-22 08:47:17
naive_adjacency,waste_collection_area,81,3,512,010000000100100000001000000010000001,0,7.87915086247536,6.669027745075179,7.9342168456433395,9.256250031019206,2025-09-22 08:47:17
naive_adjacency,waste_collection_area,81,3,512,010000000100100000001000000001000010,0,8.288761585154562,6.669027745075179,7.9342168456433395,9.256250031019206,2025-09-22 08:47:17
naive_adjacency,waste_collection_area,81,3,512,010000000010100000001000000100000001,0,8.387038862847884,6.669027745075179,7.9342168456433395,9.256250031019206,2025-09-22 08:47:17
naive_adjacency,waste_collection_area,81,3,512,010000000001100000001000000100000010,0,8.495610260192361,6.669027745075179,7.9342168456433395,9.256250031019206,2025-09-22 08:47:17
naive_adjacency,waste_collection_area,81,3,512,010000000010100000001000000001000100,0,8.660075774542808,6.669027745075179,7.9342168456433395,9.256250031019206,2025-09-22 08:47:17
naive_adjacency,waste_collection_area,81,3,512,010000000001100000001000000010000100,0,8.359036449208078,6.669027745075179,7.9342168456433395,9.256250031019206,2025-09-22 08:47:17
naive_adjacency,waste_collection_area,81,3,512,010000000100100000000010001000000001,0,7.4492144866395815,6.669027745075179,7.9342168456433395,9.256250031019206,2025-09-22 08:47:17
naive_adjacency,waste_collection_area,81,3,512,010000000100100000000001001000000010,0,8.331873508503579,6.669027745075179,7.9342168456433395,9.256250031019206,2025-09-22 08:47:17
naive_adjacency,waste_collection_area,81,3,512,010000000010100000000100001000000001,0,7.585788297623862,6.669027745075179,7.9342168456433395,9.256250031019206,2025-09-22 08:47:17
naive_adjacency,waste_collection_area,81,3,512,010000000001100000000100001000000010,0,8.065673884356583,6.669027745075179,7.9342168456433395,9.256250031019206,2025-09-22 08:47:17
naive_adjacency,waste_collection_area,81,3,512,010000000010100000000001001000000100,0,7.960559319115335,6.669027745075179,7.9342168456433395,9.256250031019206,2025-09-22 08:47:17
naive_adjacency,waste_collection_area,81,3,512,010000000001100000000010001000000100,0,7.557785883984058,6.669027745075179,7.9342168456433395,9.256250031019206,2025-09-22 08:47:17
naive_adjacency,waste_collection_area,81,3,512,010000000100100000000010000001001000,0,6.970067070409908,6.669027745075179,7.9342168456433395,9.256250031019206,2025-09-22 08:47:17
naive_adjacency,waste_collection_area,81,3,512,010000000100100000000001000010001000,0,7.4431153695947,6.669027745075179,7.9342168456433395,9.256250031019206,2025-09-22 08:47:17
naive_adjacency,waste_collection_area,81,3,512,010000000010100000000100000001001000,0,6.8334932594256275,6.669027745075179,7.9342168456433395,9.256250031019206,2025-09-22 08:47:17
naive_adjacency,waste_collection_area,81,3,512,010000000001100000000100000010001000,0,7.040341934463426,6.669027745075179,7.9342168456433395,9.256250031019206,2025-09-22 08:47:17
naive_adjacency,waste_collection_area,81,3,512,010000000010100000000001000100001000,0,6.935227369222174,6.669027745075179,7.9342168456433395,9.256250031019206,2025-09-22 08:47:17
naive_adjacency,waste_collection_area,81,3,512,010000000001100000000010000100001000,0,6.66902774507518,6.669027745075179,7.9342168456433395,9.256250031019206,2025-09-22 08:47:17
naive_adjacency,waste_collection_area,81,3,512,001000010000100000000100000010000001,0,8.580439684193006,6.669027745075179,7.9342168456433395,9.256250031019206,2025-09-22 08:47:17
naive_adjacency,waste_collection_area,81,3,512,001000010000100000000100000001000010,0,8.853476595887928,6.669027745075179,7.9342168456433395,9.256250031019206,2025-09-22 08:47:17
naive_adjacency,waste_collection_area,81,3,512,001000010000100000000010000100000001,0,8.150503308357228,6.669027745075179,7.9342168456433395,9.256250031019206,2025-09-22 08:47:17
naive_adjacency,waste_collection_area,81,3,512,001000010000100000000001000100000010,0,8.5252743298487,6.669027745075179,7.9342168456433395,9.256250031019206,2025-09-22 08:47:17
naive_adjacency,waste_collection_area,81,3,512,001000010000100000000010000001000100,0,7.534782081143275,6.669027745075179,7.9342168456433395,9.256250031019206,2025-09-22 08:47:17
naive_adjacency,waste_collection_area,81,3,512,001000010000100000000001000010000100,0,7.6365161909398225,6.669027745075179,7.9342168456433395,9.256250031019206,2025-09-22 08:47:17
naive_adjacency,waste_collection_area,81,3,512,000100010000100000001000000010000001,0,7.987722259819835,6.669027745075179,7.9342168456433395,9.256250031019206,2025-09-22 08:47:17
naive_adjacency,waste_collection_area,81,3,512,000100010000100000001000000001000010,0,7.372001032605879,6.669027745075179,7.9342168456433395,9.256250031019206,2025-09-22 08:47:17
naive_adjacency,waste_collection_area,81,3,512,000010010000100000001000000100000001,0,6.669027745075182,6.669027745075179,7.9342168456433395,9.256250031019206,2025-09-22 08:47:17
naive_adjacency,waste_collection_area,81,3,512,000001010000100000001000000100000010,0,6.66902774507518,6.669027745075179,7.9342168456433395,9.256250031019206,2025-09-22 08:47:17
naive_adjacency,waste_collection_area,81,3,512,000010010000100000001000000001000100,0,6.942064656770102,6.669027745075179,7.9342168456433395,9.256250031019206,2025-09-22 08:47:17
naive_adjacency,waste_collection_area,81,3,512,000001010000100000001000000010000100,0,7.557785883984057,6.669027745075179,7.9342168456433395,9.256250031019206,2025-09-22 08:47:17
naive_adjacency,waste_collection_area,81,3,512,000100010000100000000010001000000001,0,8.35903644920808,6.669027745075179,7.9342168456433395,9.256250031019206,2025-09-22 08:47:17
naive_adjacency,waste_collection_area,81,3,512,000100010000100000000001001000000010,0,7.415112955954898,6.669027745075179,7.9342168456433395,9.256250031019206,2025-09-22 08:47:17
naive_adjacency,waste_collection_area,81,3,512,000010010000100000000100001000000001,0,7.470278310299202,6.669027745075179,7.9342168456433395,9.256250031019206,2025-09-22 08:47:17
naive_adjacency,waste_collection_area,81,3,512,000001010000100000000100001000000010,0,7.040341934463424,6.669027745075179,7.9342168456433395,9.256250031019206,2025-09-22 08:47:17
naive_adjacency,waste_collection_area,81,3,512,000010010000100000000001001000000100,0,7.845049331790673,6.669027745075179,7.9342168456433395,9.256250031019206,2025-09-22 08:47:17
naive_adjacency,waste_collection_area,81,3,512,000001010000100000000010001000000100,0,8.359036449208078,6.669027745075179,7.9342168456433395,9.256250031019206,2025-09-22 08:47:17
naive_adjacency,waste_collection_area,81,3,512,000100010000100000000010000001001000,0,7.879889032978406,6.669027745075179,7.9342168456433395,9.256250031019206,2025-09-22 08:47:17
naive_adjacency,waste_collection_area,81,3,512,000100010000100000000001000010001000,0,7.551686766939177,6.669027745075179,7.9342168456433395,9.256250031019206,2025-09-22 08:47:17
naive_adjacency,waste_collection_area,81,3,512,000010010000100000000100000001001000,0,8.768647171887283,6.669027745075179,7.9342168456433395,9.256250031019206,2025-09-22 08:47:17
naive_adjacency,waste_collection_area,81,3,512,000001010000100000000100000010001000,0,8.065673884356585,6.669027745075179,7.9342168456433395,9.256250031019206,2025-09-22 08:47:17
naive_adjacency,waste_collection_area,81,3,512,000010010000100000000001000100001000,0,8.870381281683832,6.669027745075179,7.9342168456433395,9.256250031019206,2025-09-22 08:47:17
naive_adjacency,waste_collection_area,81,3,512,000001010000100000000010000100001000,0,8.49561026019236,6.669027745075179,7.9342168456433395,9.256250031019206,2025-09-22 08:47:17
naive_adjacency,waste_collection_area,81,3,512,001000000100100000010000000010000001,0,8.84663930834,6.669027745075179,7.9342168456433395,9.256250031019206,2025-09-22 08:47:17
naive_adjacency,waste_collection_area,81,3,512,001000000100100000010000000001000010,0,9.256250031019205,6.669027745075179,7.9342168456433395,9.256250031019206,2025-09-22 08:47:17
naive_adjacency,waste_collection_area,81,3,512,001000000010100000010000000100000001,0,8.761809884339355,6.669027745075179,7.9342168456433395,9.256250031019206,2025-09-22 08:47:17
naive_adjacency,waste_collection_area,81,3,512,001000000001100000010000000100000010,0,8.870381281683832,6.669027745075179,7.9342168456433395,9.256250031019206,2025-09-22 08:47:17
naive_adjacency,waste_collection_area,81,3,512,001000000010100000010000000001000100,0,8.146088657125402,6.669027745075179,7.9342168456433395,9.256250031019206,2025-09-22 08:47:17
naive_adjacency,waste_collection_area,81,3,512,001000000001100000010000000010000100,0,7.8450493317906735,6.669027745075179,7.9342168456433395,9.256250031019206,2025-09-22 08:47:17
naive_adjacency,waste_collection_area,81,3,512,000100001000100000010000000010000001,0,8.045388743115982,6.669027745075179,7.9342168456433395,9.256250031019206,2025-09-22 08:47:17
naive_adjacency,waste_collection_area,81,3,512,000100001000100000010000000001000010,0,7.429667515902026,6.669027745075179,7.9342168456433395,9.256250031019206,2025-09-22 08:47:17
naive_adjacency,waste_collection_area,81,3,512,000010001000100000010000000100000001,0,6.9352273692221775,6.669027745075179,7.9342168456433395,9.256250031019206,2025-09-22 08:47:17
naive_adjacency,waste_collection_area,81,3,512,000001001000100000010000000100000010,0,6.935227369222177,6.669027745075179,7.9342168456433395,9.256250031019206,2025-09-22 08:47:17
naive_adjacency,waste_collection_area,81,3,512,000010001000100000010000000001000100,0,7.34483809190138,6.669027745075179,7.9342168456433395,9.256250031019206,2025-09-22 08:47:17
naive_adjacency,waste_collection_area,81,3,512,000001001000100000010000000010000100,0,7.960559319115335,6.669027745075179,7.9342168456433395,9.256250031019206,2025-09-22 08:47:17
naive_adjacency,waste_collection_area,81,3,512,000100000010100000010000001000000001,0,8.553276743488507,6.669027745075179,7.9342168456433395,9.256250031019206,2025-09-22 08:47:17
naive_adjacency,waste_collection_area,81,3,512,000100000001100000010000001000000010,0,7.55168676693918,6.669027745075179,7.9342168456433395,9.256250031019206,2025-09-22 08:47:17
naive_adjacency,waste_collection_area,81,3,512,000010000100100000010000001000000001,0,7.527944793595349,6.669027745075179,7.9342168456433395,9.256250031019206,2025-09-22 08:47:17
naive_adjacency,waste_collection_area,81,3,512,000001000100100000010000001000000010,0,7.443115369594702,6.669027745075179,7.9342168456433395,9.256250031019206,2025-09-22 08:47:17
naive_adjacency,waste_collection_area,81,3,512,000010000001100000010000001000000100,0,7.636516190939824,6.669027745075179,7.9342168456433395,9.256250031019206,2025-09-22 08:47:17
naive_adjacency,waste_collection_area,81,3,512,000001000010100000010000001000000100,0,8.553276743488507,6.669027745075179,7.9342168456433395,9.256250031019206,2025-09-22 08:47:17
naive_adjacency,waste_collection_area,81,3,512,000100000010100000010000000001001000,0,7.800981705290269,6.669027745075179,7.9342168456433395,9.256250031019206,2025-09-22 08:47:17
naive_adjacency,waste_collection_area,81,3,512,000100000001100000010000000010001000,0,7.415112955954897,6.669027745075179,7.9342168456433395,9.256250031019206,2025-09-22 08:47:17
naive_adjacency,waste_collection_area,81,3,512,000010000100100000010000000001001000,0,8.826313655183428,6.669027745075179,7.9342168456433395,9.256250031019206,2025-09-22 08:47:17
naive_adjacency,waste_collection_area,81,3,512,000001000100100000010000000010001000,0,8.331873508503579,6.669027745075179,7.9342168456433395,9.256250031019206,2025-09-22 08:47:17
naive_adjacency,waste_collection_area,81,3,512,000010000001100000010000000100001000,0,8.5252743298487,6.669027745075179,7.9342168456433395,9.256250031019206,2025-09-22 08:47:17
naive_adjacency,waste_collection_area,81,3,512,000001000010100000010000000100001000,0,8.416702932504224,6.669027745075179,7.9342168456433395,9.256250031019206,2025-09-22 08:47:17
naive_adjacency,waste_collection_area,81,3,512,001000000100100000000010010000000001,0,7.943654633319431,6.669027745075179,7.9342168456433395,9.256250031019206,2025-09-22 08:47:17
naive_adjacency,waste_collection_area,81,3,512,001000000100100000000001010000000010,0,8.826313655183428,6.669027745075179,7.9342168456433395,9.256250031019206,2025-09-22 08:47:17
naive_adjacency,waste_collection_area,81,3,512,001000000010100000000100010000000001,0,8.288761585154562,6.669027745075179,7.9342168456433395,9.256250031019206,2025-09-22 08:47:17
naive_adjacency,waste_collection_area,81,3,512,001000000001100000000100010000000010,0,8.768647171887283,6.669027745075179,7.9342168456433395,9.256250031019206,2025-09-22 08:47:17
naive_adjacency,waste_collection_area,81,3,512,001000000010100000000001010000000100,0,7.34483809190138,6.669027745075179,7.9342168456433395,9.256250031019206,2025-09-22 08:47:17
naive_adjacency,waste_collection_area,81,3,512,001000000001100000000010010000000100,0,6.942064656770105,6.669027745075179,7.9342168456433395,9.256250031019206,2025-09-22 08:47:17
naive_adjacency,waste_collection_area,81,3,512,000100001000100000000010010000000001,0,8.744905198543453,6.669027745075179,7.9342168456433395,9.256250031019206,2025-09-22 08:47:17
naive_adjacency,waste_collection_area,81,3,512,000100001000100000000001010000000010,0,7.800981705290271,6.669027745075179,7.9342168456433395,9.256250031019206,2025-09-22 08:47:17
naive_adjacency,waste_collection_area,81,3,512,000010001000100000000100010000000001,0,7.263429635261403,6.669027745075179,7.9342168456433395,9.256250031019206,2025-09-22 08:47:17
naive_adjacency,waste_collection_area,81,3,512,000001001000100000000100010000000010,0,6.833493259425627,6.669027745075179,7.9342168456433395,9.256250031019206,2025-09-22 08:47:17
naive_adjacency,waste_collection_area,81,3,512,000010001000100000000001010000000100,0,8.146088657125402,6.669027745075179,7.9342168456433395,9.256250031019206,2025-09-22 08:47:17
naive_adjacency,waste_collection_area,81,3,512,000001001000100000000010010000000100,0,8.660075774542808,6.669027745075179,7.9342168456433395,9.256250031019206,2025-09-22 08:47:17
naive_adjacency,waste_collection_area,81,3,512,000100000010100000001000010000000001,0,8.881479009527732,6.669027745075179,7.9342168456433395,9.256250031019206,2025-09-22 08:47:17
naive_adjacency,waste_collection_area,81,3,512,000100000001100000001000010000000010,0,7.879889032978405,6.669027745075179,7.9342168456433395,9.256250031019206,2025-09-22 08:47:17
naive_adjacency,waste_collection_area,81,3,512,000010000100100000001000010000000001,0,7.054896494410553,6.669027745075179,7.9342168456433395,9.256250031019206,2025-09-22 08:47:17
naive_adjacency,waste_collection_area,81,3,512,000001000100100000001000010000000010,0,6.970067070409907,6.669027745075179,7.9342168456433395,9.256250031019206,2025-09-22 08:47:17
naive_adjacency,waste_collection_area,81,3,512,000010000001100000001000010000000100,0,7.534782081143272,6.669027745075179,7.9342168456433395,9.256250031019206,2025-09-22 08:47:17
naive_adjacency,waste_collection_area,81,3,512,000001000010100000001000010000000100,0,8.451542633691956,6.669027745075179,7.9342168456433395,9.256250031019206,2025-09-22 08:47:17
naive_adjacency,waste_collection_area,81,3,512,000100000010100000000001010000001000,0,7.429667515902024,6.669027745075179,7.9342168456433395,9.256250031019206,2025-09-22 08:47:17
naive_adjacency,waste_collection_area,81,3,512,000100000001100000000010010000001000,0,7.372001032605882,6.669027745075179,7.9342168456433395,9.256250031019206,2025-09-22 08:47:17
naive_adjacency,waste_collection_area,81,3,512,000010000100100000000001010000001000,0,9.256250031019206,6.669027745075179,7.9342168456433395,9.256250031019206,2025-09-22 08:47:17
naive_adjacency,waste_collection_area,81,3,512,000001000100100000000010010000001000,0,8.288761585154562,6.669027745075179,7.9342168456433395,9.256250031019206,2025-09-22 08:47:17
naive_adjacency,waste_collection_area,81,3,512,000010000001100000000100010000001000,0,8.853476595887928,6.669027745075179,7.9342168456433395,9.256250031019206,2025-09-22 08:47:17
naive_adjacency,waste_collection_area,81,3,512,000001000010100000000100010000001000,0,7.943654633319431,6.669027745075179,7.9342168456433395,9.256250031019206,2025-09-22 08:47:17
naive_adjacency,waste_collection_area,81,3,512,001000000100100000000010000001010000,0,7.054896494410553,6.669027745075179,7.9342168456433395,9.256250031019206,2025-09-22 08:47:17
naive_adjacency,waste_collection_area,81,3,512,001000000100100000000001000010010000,0,7.527944793595346,6.669027745075179,7.9342168456433395,9.256250031019206,2025-09-22 08:47:17
naive_adjacency,waste_collection_area,81,3,512,001000000010100000000100000001010000,0,7.263429635261404,6.669027745075179,7.9342168456433395,9.256250031019206,2025-09-22 08:47:17
naive_adjacency,waste_collection_area,81,3,512,001000000001100000000100000010010000,0,7.470278310299203,6.669027745075179,7.9342168456433395,9.256250031019206,2025-09-22 08:47:17
naive_adjacency,waste_collection_area,81,3,512,001000000010100000000001000100010000,0,6.935227369222176,6.669027745075179,7.9342168456433395,9.256250031019206,2025-09-22 08:47:17
naive_adjacency,waste_collection_area,81,3,512,001000000001100000000010000100010000,0,6.66902774507518,6.669027745075179,7.9342168456433395,9.256250031019206,2025-09-22 08:47:17
naive_adjacency,waste_collection_area,81,3,512,000100001000100000000010000001010000,0,8.881479009527734,6.669027745075179,7.9342168456433395,9.256250031019206,2025-09-22 08:47:17
naive_adjacency,waste_collection_area,81,3,512,000100001000100000000001000010010000,0,8.553276743488505,6.669027745075179,7.9342168456433395,9.256250031019206,2025-09-22 08:47:17
naive_adjacency,waste_collection_area,81,3,512,000010001000100000000100000001010000,0,8.288761585154562,6.669027745075179,7.9342168456433395,9.256250031019206,2025-09-22 08:47:17
naive_adjacency,waste_collection_area,81,3,512,000001001000100000000100000010010000,0,7.585788297623863,6.669027745075179,7.9342168456433395,9.256250031019206,2025-09-22 08:47:17
naive_adjacency,waste_collection_area,81,3,512,000010001000100000000001000100010000,0,8.761809884339357,6.669027745075179,7.9342168456433395,9.256250031019206,2025-09-22 08:47:17
naive_adjacency,waste_collection_area,81,3,512,000001001000100000000010000100010000,0,8.387038862847882,6.669027745075179,7.9342168456433395,9.256250031019206,2025-09-22 08:47:17
naive_adjacency,waste_collection_area,81,3,512,000100000010100000001000000001010000,0,8.744905198543451,6.669027745075179,7.9342168456433395,9.256250031019206,2025-09-22 08:47:17
naive_adjacency,waste_collection_area,81,3,512,000100000001100000001000000010010000,0,8.359036449208078,6.669027745075179,7.9342168456433395,9.256250031019206,2025-09-22 08:47:17
naive_adjacency,waste_collection_area,81,3,512,000010000100100000001000000001010000,0,7.943654633319431,6.669027745075179,7.9342168456433395,9.256250031019206,2025-09-22 08:47:17
naive_adjacency,waste_collection_area,81,3,512,000001000100100000001000000010010000,0,7.449214486639582,6.669027745075179,7.9342168456433395,9.256250031019206,2025-09-22 08:47:17
naive_adjacency,waste_collection_area,81,3,512,000010000001100000001000000100010000,0,8.15050330835723,6.669027745075179,7.9342168456433395,9.256250031019206,2025-09-22 08:47:17
naive_adjacency,waste_collection_area,81,3,512,000001000010100000001000000100010000,0,8.041931911012753,6.669027745075179,7.9342168456433395,9.256250031019206,2025-09-22 08:47:17
naive_adjacency,waste_collection_area,81,3,512,000100000010100000000001001000010000,0,8.045388743115979,6.669027745075179,7.9342168456433395,9.256250031019206,2025-09-22 08:47:17
naive_adjacency,waste_collection_area,81,3,512,000100000001100000000010001000010000,0,7.987722259819836,6.669027745075179,7.9342168456433395,9.256250031019206,2025-09-22 08:47:17
naive_adjacency,waste_collection_area,81,3,512,000010000100100000000001001000010000,0,8.84663930834,6.669027745075179,7.9342168456433395,9.256250031019206,2025-09-22 08:47:17
naive_adjacency,waste_collection_area,81,3,512,000001000100100000000010001000010000,0,7.879150862475356,6.669027745075179,7.9342168456433395,9.256250031019206,2025-09-22 08:47:17
naive_adjacency,waste_collection_area,81,3,512,000010000001100000000100001000010000,0,8.580439684193003,6.669027745075179,7.9342168456433395,9.256250031019206,2025-09-22 08:47:17
naive_adjacency,waste_collection_area,81,3,512,000001000010100000000100001000010000,0,7.670617721624508,6.669027745075179,7.9342168456433395,9.256250031019206,2025-09-22 08:47:17
naive_adjacency,waste_collection_area,81,3,512,010000001000000100100000000010000001,0,8.853476595887928,6.669027745075179,7.9342168456433395,9.256250031019206,2025-09-22 08:47:17
naive_adjacency,waste_collection_area,81,3,512,010000001000000100100000000001000010,0,8.580439684193005,6.669027745075179,7.9342168456433395,9.256250031019206,2025-09-22 08:47:17
naive_adjacency,waste_collection_area,81,3,512,010000001000000010100000000100000001,0,8.744905198543451,6.669027745075179,7.9342168456433395,9.256250031019206,2025-09-22 08:47:17
naive_adjacency,waste_collection_area,81,3,512,010000001000000001100000000100000010,0,8.846639308340002,6.669027745075179,7.9342168456433395,9.256250031019206,2025-09-22 08:47:17
naive_adjacency,waste_collection_area,81,3,512,010000001000000010100000000001000100,0,8.881479009527732,6.669027745075179,7.9342168456433395,9.256250031019206,2025-09-22 08:47:17
naive_adjacency,waste_collection_area,81,3,512,010000001000000001100000000010000100,0,9.256250031019205,6.669027745075179,7.9342168456433395,9.256250031019206,2025-09-22 08:47:17
naive_adjacency,waste_collection_area,81,3,512,010000000100001000100000000010000001,0,8.35903644920808,6.669027745075179,7.9342168456433395,9.256250031019206,2025-09-22 08:47:17
naive_adjacency,waste_collection_area,81,3,512,010000000100001000100000000001000010,0,8.49561026019236,6.669027745075179,7.9342168456433395,9.256250031019206,2025-09-22 08:47:17
naive_adjacency,waste_collection_area,81,3,512,010000000010001000100000000100000001,0,8.660075774542806,6.669027745075179,7.9342168456433395,9.256250031019206,2025-09-22 08:47:17
naive_adjacency,waste_collection_area,81,3,512,010000000001001000100000000100000010,0,8.28876158515456,6.669027745075179,7.9342168456433395,9.256250031019206,2025-09-22 08:47:17
naive_adjacency,waste_collection_area,81,3,512,010000000010001000100000000001000100,0,8.387038862847882,6.669027745075179,7.9342168456433395,9.256250031019206,2025-09-22 08:47:17
naive_adjacency,waste_collection_area,81,3,512,010000000001001000100000000010000100,0,7.879150862475356,6.669027745075179,7.9342168456433395,9.256250031019206,2025-09-22 08:47:17
naive_adjacency,waste_collection_area,81,3,512,010000000100000010100000001000000001,0,8.359036449208078,6.669027745075179,7.9342168456433395,9.256250031019206,2025-09-22 08:47:17
naive_adjacency,waste_collection_area,81,3,512,010000000100000001100000001000000010,0,8.761809884339357,6.669027745075179,7.9342168456433395,9.256250031019206,2025-09-22 08:47:17
naive_adjacency,waste_collection_area,81,3,512,010000000010000100100000001000000001,0,8.768647171887284,6.669027745075179,7.9342168456433395,9.256250031019206,2025-09-22 08:47:17
naive_adjacency,waste_collection_area,81,3,512,010000000001000100100000001000000010,0,8.288761585154564,6.669027745075179,7.9342168456433395,9.256250031019206,2025-09-22 08:47:17
naive_adjacency,waste_collection_area,81,3,512,010000000010000001100000001000000100,0,8.870381281683834,6.669027745075179,7.9342168456433395,9.256250031019206,2025-09-22 08:47:17
naive_adjacency,waste_collection_area,81,3,512,010000000001000010100000001000000100,0,7.987722259819834,6.669027745075179,7.9342168456433395,9.256250031019206,2025-09-22 08:47:17
naive_adjacency,waste_collection_area,81,3,512,010000000100000010100000000001001000,0,7.879889032978405,6.669027745075179,7.9342168456433395,9.256250031019206,2025-09-22 08:47:17
naive_adjacency,waste_collection_area,81,3,512,010000000100000001100000000010001000,0,8.146088657125402,6.669027745075179,7.9342168456433395,9.256250031019206,2025-09-22 08:47:17
naive_adjacency,waste_collection_area,81,3,512,010000000010000100100000000001001000,0,7.4702783102992,6.669027745075179,7.9342168456433395,9.256250031019206,2025-09-22 08:47:17
naive_adjacency,waste_collection_area,81,3,512,010000000001000100100000000010001000,0,7.263429635261403,6.669027745075179,7.9342168456433395,9.256250031019206,2025-09-22 08:47:17
naive_adjacency,waste_collection_area,81,3,512,010000000010000001100000000100001000,0,7.8450493317906735,6.669027745075179,7.9342168456433395,9.256250031019206,2025-09-22 08:47:17
naive_adjacency,waste_collection_area,81,3,512,010000000001000010100000000100001000,0,7.372001032605879,6.669027745075179,7.9342168456433395,9.256250031019206,2025-09-22 08:47:17
naive_adjacency,waste_collection_area,81,3,512,001000010000000100100000000010000001,0,7.943654633319431,6.669027745075179,7.9342168456433395,9.256250031019206,2025-09-22 08:47:17
naive_adjacency,waste_collection_area,81,3,512,001000010000000100100000000001000010,0,7.670617721624507,6.669027745075179,7.9342168456433395,9.256250031019206,2025-09-22 08:47:17
naive_adjacency,waste_collection_area,81,3,512,001000010000000010100000000100000001,0,7.943654633319431,6.669027745075179,7.9342168456433395,9.256250031019206,2025-09-22 08:47:17
naive_adjacency,waste_collection_area,81,3,512,001000010000000001100000000100000010,0,8.04538874311598,6.669027745075179,7.9342168456433395,9.256250031019206,2025-09-22 08:47:17
naive_adjacency,waste_collection_area,81,3,512,001000010000000010100000000001000100,0,7.054896494410553,6.669027745075179,7.9342168456433395,9.256250031019206,2025-09-22 08:47:17
naive_adjacency,waste_collection_area,81,3,512,001000010000000001100000000010000100,0,7.429667515902026,6.669027745075179,7.9342168456433395,9.256250031019206,2025-09-22 08:47:17
naive_adjacency,waste_collection_area,81,3,512,000100010000001000100000000010000001,0,7.557785883984059,6.669027745075179,7.9342168456433395,9.256250031019206,2025-09-22 08:47:17
naive_adjacency,waste_collection_area,81,3,512,000100010000001000100000000001000010,0,6.66902774507518,6.669027745075179,7.9342168456433395,9.256250031019206,2025-09-22 08:47:17
naive_adjacency,waste_collection_area,81,3,512,000010010000001000100000000100000001,0,6.942064656770105,6.669027745075179,7.9342168456433395,9.256250031019206,2025-09-22 08:47:17
naive_adjacency,waste_collection_area,81,3,512,000001010000001000100000000100000010,0,7.372001032605881,6.669027745075179,7.9342168456433395,9.256250031019206,2025-09-22 08:47:17
naive_adjacency,waste_collection_area,81,3,512,000010010000001000100000000001000100,0,6.66902774507518,6.669027745075179,7.9342168456433395,9.256250031019206,2025-09-22 08:47:17
naive_adjacency,waste_collection_area,81,3,512,000001010000001000100000000010000100,0,7.987722259819836,6.669027745075179,7.9342168456433395,9.256250031019206,2025-09-22 08:47:17
naive_adjacency,waste_collection_area,81,3,512,000100010000000010100000001000000001,0,7.4492144866395815,6.669027745075179,7.9342168456433395,9.256250031019206,2025-09-22 08:47:17
naive_adjacency,waste_collection_area,81,3,512,000100010000000001100000001000000010,0,6.9352273692221775,6.669027745075179,7.9342168456433395,9.256250031019206,2025-09-22 08:47:17
naive_adjacency,waste_collection_area,81,3,512,000010010000000100100000001000000001,0,6.8334932594256275,6.669027745075179,7.9342168456433395,9.256250031019206,2025-09-22 08:47:17
naive_adjacency,waste_collection_area,81,3,512,000001010000000100100000001000000010,0,7.263429635261403,6.669027745075179,7.9342168456433395,9.256250031019206,2025-09-22 08:47:17
naive_adjacency,waste_collection_area,81,3,512,000010010000000001100000001000000100,0,6.935227369222177,6.669027745075179,7.9342168456433395,9.256250031019206,2025-09-22 08:47:17
naive_adjacency,waste_collection_area,81,3,512,000001010000000010100000001000000100,0,7.87915086247536,6.669027745075179,7.9342168456433395,9.256250031019206,2025-09-22 08:47:17
naive_adjacency,waste_collection_area,81,3,512,000100010000000010100000000001001000,0,6.970067070409907,6.669027745075179,7.9342168456433395,9.256250031019206,2025-09-22 08:47:17
naive_adjacency,waste_collection_area,81,3,512,000100010000000001100000000010001000,0,7.344838091901381,6.669027745075179,7.9342168456433395,9.256250031019206,2025-09-22 08:47:17
naive_adjacency,waste_collection_area,81,3,512,000010010000000100100000000001001000,0,7.5857882976238615,6.669027745075179,7.9342168456433395,9.256250031019206,2025-09-22 08:47:17
naive_adjacency,waste_collection_area,81,3,512,000001010000000100100000000010001000,0,8.288761585154562,6.669027745075179,7.9342168456433395,9.256250031019206,2025-09-22 08:47:17
naive_adjacency,waste_collection_area,81,3,512,000010010000000001100000000100001000,0,7.960559319115335,6.669027745075179,7.9342168456433395,9.256250031019206,2025-09-22 08:47:17
naive_adjacency,waste_collection_area,81,3,512,000001010000000010100000000100001000,0,8.288761585154562,6.669027745075179,7.9342168456433395,9.256250031019206,2025-09-22 08:47:17
naive_adjacency,waste_collection_area,81,3,512,001000000100010000100000000010000001,0,8.416702932504224,6.669027745075179,7.9342168456433395,9.256250031019206,2025-09-22 08:47:17
naive_adjacency,waste_collection_area,81,3,512,001000000100010000100000000001000010,0,8.553276743488503,6.669027745075179,7.9342168456433395,9.256250031019206,2025-09-22 08:47:17
naive_adjacency,waste_collection_area,81,3,512,001000000010010000100000000100000001,0,8.331873508503579,6.669027745075179,7.9342168456433395,9.256250031019206,2025-09-22 08:47:17
naive_adjacency,waste_collection_area,81,3,512,001000000001010000100000000100000010,0,7.960559319115334,6.669027745075179,7.9342168456433395,9.256250031019206,2025-09-22 08:47:17
naive_adjacency,waste_collection_area,81,3,512,001000000010010000100000000001000100,0,7.4431153695947,6.669027745075179,7.9342168456433395,9.256250031019206,2025-09-22 08:47:17
naive_adjacency,waste_collection_area,81,3,512,001000000001010000100000000010000100,0,6.935227369222175,6.669027745075179,7.9342168456433395,9.256250031019206,2025-09-22 08:47:17
naive_adjacency,waste_collection_area,81,3,512,000100001000010000100000000010000001,0,8.5252743298487,6.669027745075179,7.9342168456433395,9.256250031019206,2025-09-22 08:47:17
naive_adjacency,waste_collection_area,81,3,512,000100001000010000100000000001000010,0,7.636516190939822,6.669027745075179,7.9342168456433395,9.256250031019206,2025-09-22 08:47:17
naive_adjacency,waste_collection_area,81,3,512,000010001000010000100000000100000001,0,7.415112955954897,6.669027745075179,7.9342168456433395,9.256250031019206,2025-09-22 08:47:17
naive_adjacency,waste_collection_area,81,3,512,000001001000010000100000000100000010,0,7.8450493317906735,6.669027745075179,7.9342168456433395,9.256250031019206,2025-09-22 08:47:17
naive_adjacency,waste_collection_area,81,3,512,000010001000010000100000000001000100,0,7.551686766939176,6.669027745075179,7.9342168456433395,9.256250031019206,2025-09-22 08:47:17
naive_adjacency,waste_collection_area,81,3,512,000001001000010000100000000010000100,0,8.870381281683832,6.669027745075179,7.9342168456433395,9.256250031019206,2025-09-22 08:47:17
naive_adjacency,waste_collection_area,81,3,512,000100000010010000100000001000000001,0,8.826313655183428,6.669027745075179,7.9342168456433395,9.256250031019206,2025-09-22 08:47:17
naive_adjacency,waste_collection_area,81,3,512,000100000001010000100000001000000010,0,7.344838091901381,6.669027745075179,7.9342168456433395,9.256250031019206,2025-09-22 08:47:17
naive_adjacency,waste_collection_area,81,3,512,000010000100010000100000001000000001,0,7.80098170529027,6.669027745075179,7.9342168456433395,9.256250031019206,2025-09-22 08:47:17
naive_adjacency,waste_collection_area,81,3,512,000001000100010000100000001000000010,0,8.1460886571254,6.669027745075179,7.9342168456433395,9.256250031019206,2025-09-22 08:47:17
naive_adjacency,waste_collection_area,81,3,512,000010000001010000100000001000000100,0,7.4296675159020245,6.669027745075179,7.9342168456433395,9.256250031019206,2025-09-22 08:47:17
naive_adjacency,waste_collection_area,81,3,512,000001000010010000100000001000000100,0,9.256250031019206,6.669027745075179,7.9342168456433395,9.256250031019206,2025-09-22 08:47:17
naive_adjacency,waste_collection_area,81,3,512,000100000010010000100000000001001000,0,7.527944793595345,6.669027745075179,7.9342168456433395,9.256250031019206,2025-09-22 08:47:17
naive_adjacency,waste_collection_area,81,3,512,000100000001010000100000000010001000,0,6.935227369222175,6.669027745075179,7.9342168456433395,9.256250031019206,2025-09-22 08:47:17
naive_adjacency,waste_collection_area,81,3,512,000010000100010000100000000001001000,0,8.553276743488505,6.669027745075179,7.9342168456433395,9.256250031019206,2025-09-22 08:47:17
naive_adjacency,waste_collection_area,81,3,512,000001000100010000100000000010001000,0,8.761809884339357,6.669027745075179,7.9342168456433395,9.256250031019206,2025-09-22 08:47:17
naive_adjacency,waste_collection_area,81,3,512,000010000001010000100000000100001000,0,8.045388743115979,6.669027745075179,7.9342168456433395,9.256250031019206,2025-09-22 08:47:17
naive_adjacency,waste_collection_area,81,3,512,000001000010010000100000000100001000,0,8.84663930834,6.669027745075179,7.9342168456433395,9.256250031019206,2025-09-22 08:47:17
naive_adjacency,waste_collection_area,81,3,512,001000000100000010100000010000000001,0,8.15050330835723,6.669027745075179,7.9342168456433395,9.256250031019206,2025-09-22 08:47:17
naive_adjacency,waste_collection_area,81,3,512,001000000100000001100000010000000010,0,8.553276743488507,6.669027745075179,7.9342168456433395,9.256250031019206,2025-09-22 08:47:17
naive_adjacency,waste_collection_area,81,3,512,001000000010000100100000010000000001,0,8.065673884356585,6.669027745075179,7.9342168456433395,9.256250031019206,2025-09-22 08:47:17
naive_adjacency,waste_collection_area,81,3,512,001000000001000100100000010000000010,0,7.585788297623863,6.669027745075179,7.9342168456433395,9.256250031019206,2025-09-22 08:47:17
naive_adjacency,waste_collection_area,81,3,512,001000000010000001100000010000000100,0,7.55168676693918,6.669027745075179,7.9342168456433395,9.256250031019206,2025-09-22 08:47:17
naive_adjacency,waste_collection_area,81,3,512,001000000001000010100000010000000100,0,6.669027745075181,6.669027745075179,7.9342168456433395,9.256250031019206,2025-09-22 08:47:17
naive_adjacency,waste_collection_area,81,3,512,000100001000000010100000010000000001,0,8.041931911012753,6.669027745075179,7.9342168456433395,9.256250031019206,2025-09-22 08:47:17
naive_adjacency,waste_collection_area,81,3,512,000100001000000001100000010000000010,0,7.527944793595347,6.669027745075179,7.9342168456433395,9.256250031019206,2025-09-22 08:47:17
naive_adjacency,waste_collection_area,81,3,512,000010001000000100100000010000000001,0,7.040341934463426,6.669027745075179,7.9342168456433395,9.256250031019206,2025-09-22 08:47:17
naive_adjacency,waste_collection_area,81,3,512,000001001000000100100000010000000010,0,7.470278310299202,6.669027745075179,7.9342168456433395,9.256250031019206,2025-09-22 08:47:17
naive_adjacency,waste_collection_area,81,3,512,000010001000000001100000010000000100,0,7.443115369594702,6.669027745075179,7.9342168456433395,9.256250031019206,2025-09-22 08:47:17
naive_adjacency,waste_collection_area,81,3,512,000001001000000010100000010000000100,0,8.387038862847884,6.669027745075179,7.9342168456433395,9.256250031019206,2025-09-22 08:47:17
naive_adjacency,waste_collection_area,81,3,512,000100000010001000100000010000000001,0,8.451542633691957,6.669027745075179,7.9342168456433395,9.256250031019206,2025-09-22 08:47:17
naive_adjacency,waste_collection_area,81,3,512,000100000001001000100000010000000010,0,6.970067070409908,6.669027745075179,7.9342168456433395,9.256250031019206,2025-09-22 08:47:17
naive_adjacency,waste_collection_area,81,3,512,000010000100001000100000010000000001,0,7.534782081143275,6.669027745075179,7.9342168456433395,9.256250031019206,2025-09-22 08:47:17
naive_adjacency,waste_collection_area,81,3,512,000001000100001000100000010000000010,0,7.879889032978406,6.669027745075179,7.9342168456433395,9.256250031019206,2025-09-22 08:47:17
naive_adjacency,waste_collection_area,81,3,512,000010000001001000100000010000000100,0,7.054896494410553,6.669027745075179,7.9342168456433395,9.256250031019206,2025-09-22 08:47:17
naive_adjacency,waste_collection_area,81,3,512,000001000010001000100000010000000100,0,8.881479009527734,6.669027745075179,7.9342168456433395,9.256250031019206,2025-09-22 08:47:17
naive_adjacency,waste_collection_area,81,3,512,000100000010000001100000010000001000,0,7.636516190939825,6.669027745075179,7.9342168456433395,9.256250031019206,2025-09-22 08:47:17
naive_adjacency,waste_collection_area,81,3,512,000100000001000010100000010000001000,0,6.669027745075181,6.669027745075179,7.9342168456433395,9.256250031019206,2025-09-22 08:47:17
naive_adjacency,waste_collection_area,81,3,512,000010000100000001100000010000001000,0,8.553276743488507,6.669027745075179,7.9342168456433395,9.256250031019206,2025-09-22 08:47:17
naive_adjacency,waste_collection_area,81,3,512,000001000100000010100000010000001000,0,8.495610260192361,6.669027745075179,7.9342168456433395,9.256250031019206,2025-09-22 08:47:17
naive_adjacency,waste_collection_area,81,3,512,000010000001000100100000010000001000,0,7.670617721624509,6.669027745075179,7.9342168456433395,9.256250031019206,2025-09-22 08:47:17
naive_adjacency,waste_collection_area,81,3,512,000001000010000100100000010000001000,0,8.580439684193006,6.669027745075179,7.9342168456433395,9.256250031019206,2025-09-22 08:47:17
naive_adjacency,waste_collection_area,81,3,512,001000000100000010100000000001010000,0,7.534782081143273,6.669027745075179,7.9342168456433395,9.256250031019206,2025-09-22 08:47:17
naive_adjacency,waste_collection_area,81,3,512,001000000100000001100000000010010000,0,7.80098170529027,6.669027745075179,7.9342168456433395,9.256250031019206,2025-09-22 08:47:17
naive_adjacency,waste_collection_area,81,3,512,001000000010000100100000000001010000,0,7.040341934463424,6.669027745075179,7.9342168456433395,9.256250031019206,2025-09-22 08:47:17
naive_adjacency,waste_collection_area,81,3,512,001000000001000100100000000010010000,0,6.833493259425626,6.669027745075179,7.9342168456433395,9.256250031019206,2025-09-22 08:47:17
naive_adjacency,waste_collection_area,81,3,512,001000000010000001100000000100010000,0,7.415112955954898,6.669027745075179,7.9342168456433395,9.256250031019206,2025-09-22 08:47:17
naive_adjacency,waste_collection_area,81,3,512,001000000001000010100000000100010000,0,6.9420646567701025,6.669027745075179,7.9342168456433395,9.256250031019206,2025-09-22 08:47:17
naive_adjacency,waste_collection_area,81,3,512,000100001000000010100000000001010000,0,8.451542633691956,6.669027745075179,7.9342168456433395,9.256250031019206,2025-09-22 08:47:17
naive_adjacency,waste_collection_area,81,3,512,000100001000000001100000000010010000,0,8.82631365518343,6.669027745075179,7.9342168456433395,9.256250031019206,2025-09-22 08:47:17
naive_adjacency,waste_collection_area,81,3,512,000010001000000100100000000001010000,0,8.065673884356583,6.669027745075179,7.9342168456433395,9.256250031019206,2025-09-22 08:47:17
naive_adjacency,waste_collection_area,81,3,512,000001001000000100100000000010010000,0,8.768647171887284,6.669027745075179,7.9342168456433395,9.256250031019206,2025-09-22 08:47:17
naive_adjacency,waste_collection_area,81,3,512,000010001000000001100000000100010000,0,8.33187350850358,6.669027745075179,7.9342168456433395,9.256250031019206,2025-09-22 08:47:17
naive_adjacency,waste_collection_area,81,3,512,000001001000000010100000000100010000,0,8.660075774542808,6.669027745075179,7.9342168456433395,9.256250031019206,2025-09-22 08:47:17
naive_adjacency,waste_collection_area,81,3,512,000100000010001000100000000001010000,0,8.041931911012751,6.669027745075179,7.9342168456433395,9.256250031019206,2025-09-22 08:47:17
naive_adjacency,waste_collection_area,81,3,512,000100000001001000100000000010010000,0,7.449214486639581,6.669027745075179,7.9342168456433395,9.256250031019206,2025-09-22 08:47:17
naive_adjacency,waste_collection_area,81,3,512,000010000100001000100000000001010000,0,8.150503308357228,6.669027745075179,7.9342168456433395,9.256250031019206,2025-09-22 08:47:17
naive_adjacency,waste_collection_area,81,3,512,000001000100001000100000000010010000,0,8.35903644920808,6.669027745075179,7.9342168456433395,9.256250031019206,2025-09-22 08:47:17
naive_adjacency,waste_collection_area,81,3,512,000010000001001000100000000100010000,0,7.94365463331943,6.669027745075179,7.9342168456433395,9.256250031019206,2025-09-22 08:47:17
naive_adjacency,waste_collection_area,81,3,512,000001000010001000100000000100010000,0,8.744905198543453,6.669027745075179,7.9342168456433395,9.256250031019206,2025-09-22 08:47:17
naive_adjacency,waste_collection_area,81,3,512,000100000010000001100000001000010000,0,8.5252743298487,6.669027745075179,7.9342168456433395,9.256250031019206,2025-09-22 08:47:17
naive_adjacency,waste_collection_area,81,3,512,000100000001000010100000001000010000,0,7.5577858839840575,6.669027745075179,7.9342168456433395,9.256250031019206,2025-09-22 08:47:17
naive_adjacency,waste_collection_area,81,3,512,000010000100000001100000001000010000,0,8.416702932504224,6.669027745075179,7.9342168456433395,9.256250031019206,2025-09-22 08:47:17
naive_adjacency,waste_collection_area,81,3,512,000001000100000010100000001000010000,0,8.35903644920808,6.669027745075179,7.9342168456433395,9.256250031019206,2025-09-22 08:47:17
naive_adjacency,waste_collection_area,81,3,512,000010000001000100100000001000010000,0,7.943654633319429,6.669027745075179,7.9342168456433395,9.256250031019206,2025-09-22 08:47:17
naive_adjacency,waste_collection_area,81,3,512,000001000010000100100000001000010000,0,8.853476595887928,6.669027745075179,7.9342168456433395,9.256250031019206,2025-09-22 08:47:17
naive_adjacency,waste_collection_area,81,3,512,010000001000000100000010100000000001,0,8.5252743298487,6.669027745075179,7.9342168456433395,9.256250031019206,2025-09-22 08:47:17
naive_adjacency,waste_collection_area,81,3,512,010000001000000100000001100000000010,0,8.15050330835723,6.669027745075179,7.9342168456433395,9.256250031019206,2025-09-22 08:47:17
naive_adjacency,waste_collection_area,81,3,512,010000001000000010000100100000000001,0,8.045388743115979,6.669027745075179,7.9342168456433395,9.256250031019206,2025-09-22 08:47:17
naive_adjacency,waste_collection_area,81,3,512,010000001000000001000100100000000010,0,7.94365463331943,6.669027745075179,7.9342168456433395,9.256250031019206,2025-09-22 08:47:17
naive_adjacency,waste_collection_area,81,3,512,010000001000000010000001100000000100,0,8.553276743488507,6.669027745075179,7.9342168456433395,9.256250031019206,2025-09-22 08:47:17
naive_adjacency,waste_collection_area,81,3,512,010000001000000001000010100000000100,0,8.826313655183428,6.669027745075179,7.9342168456433395,9.256250031019206,2025-09-22 08:47:17
naive_adjacency,waste_collection_area,81,3,512,010000000100001000000010100000000001,0,7.5577858839840575,6.669027745075179,7.9342168456433395,9.256250031019206,2025-09-22 08:47:17
naive_adjacency,waste_collection_area,81,3,512,010000000100001000000001100000000010,0,8.065673884356585,6.669027745075179,7.9342168456433395,9.256250031019206,2025-09-22 08:47:17
naive_adjacency,waste_collection_area,81,3,512,010000000010001000000100100000000001,0,7.960559319115335,6.669027745075179,7.9342168456433395,9.256250031019206,2025-09-22 08:47:17
naive_adjacency,waste_collection_area,81,3,512,010000000001001000000100100000000010,0,8.33187350850358,6.669027745075179,7.9342168456433395,9.256250031019206,2025-09-22 08:47:17
naive_adjacency,waste_collection_area,81,3,512,010000000010001000000001100000000100,0,7.585788297623863,6.669027745075179,7.9342168456433395,9.256250031019206,2025-09-22 08:47:17
naive_adjacency,waste_collection_area,81,3,512,010000000001001000000010100000000100,0,7.449214486639582,6.669027745075179,7.9342168456433395,9.256250031019206,2025-09-22 08:47:17
naive_adjacency,waste_collection_area,81,3,512,010000000100000010001000100000000001,0,7.987722259819836,6.669027745075179,7.9342168456433395,9.256250031019206,2025-09-22 08:47:17
naive_adjacency,waste_collection_area,81,3,512,010000000100000001001000100000000010,0,8.288761585154564,6.669027745075179,7.9342168456433395,9.256250031019206,2025-09-22 08:47:17
naive_adjacency,waste_collection_area,81,3,512,010000000010000100001000100000000001,0,8.870381281683832,6.669027745075179,7.9342168456433395,9.256250031019206,2025-09-22 08:47:17
naive_adjacency,waste_collection_area,81,3,512,010000000001000100001000100000000010,0,8.761809884339357,6.669027745075179,7.9342168456433395,9.256250031019206,2025-09-22 08:47:17
naive_adjacency,waste_collection_area,81,3,512,010000000010000001001000100000000100,0,8.768647171887284,6.669027745075179,7.9342168456433395,9.256250031019206,2025-09-22 08:47:17
naive_adjacency,waste_collection_area,81,3,512,010000000001000010001000100000000100,0,8.359036449208078,6.669027745075179,7.9342168456433395,9.256250031019206,2025-09-22 08:47:17
naive_adjacency,waste_collection_area,81,3,512,010000000100000010000001100000001000,0,7.55168676693918,6.669027745075179,7.9342168456433395,9.256250031019206,2025-09-22 08:47:17
naive_adjacency,waste_collection_area,81,3,512,010000000100000001000010100000001000,0,7.344838091901379,6.669027745075179,7.9342168456433395,9.256250031019206,2025-09-22 08:47:17
naive_adjacency,waste_collection_area,81,3,512,010000000010000100000001100000001000,0,6.669027745075181,6.669027745075179,7.9342168456433395,9.256250031019206,2025-09-22 08:47:17
naive_adjacency,waste_collection_area,81,3,512,010000000001000100000010100000001000,0,6.935227369222177,6.669027745075179,7.9342168456433395,9.256250031019206,2025-09-22 08:47:17
naive_adjacency,waste_collection_area,81,3,512,010000000010000001000100100000001000,0,6.942064656770104,6.669027745075179,7.9342168456433395,9.256250031019206,2025-09-22 08:47:17
naive_adjacency,waste_collection_area,81,3,512,010000000001000010000100100000001000,0,7.415112955954896,6.669027745075179,7.9342168456433395,9.256250031019206,2025-09-22 08:47:17
naive_adjacency,waste_collection_area,81,3,512,001000010000000100000010100000000001,0,8.416702932504224,6.669027745075179,7.9342168456433395,9.256250031019206,2025-09-22 08:47:17
naive_adjacency,waste_collection_area,81,3,512,001000010000000100000001100000000010,0,8.041931911012753,6.669027745075179,7.9342168456433395,9.256250031019206,2025-09-22 08:47:17
naive_adjacency,waste_collection_area,81,3,512,001000010000000010000100100000000001,0,8.846639308339999,6.669027745075179,7.9342168456433395,9.256250031019206,2025-09-22 08:47:17
naive_adjacency,waste_collection_area,81,3,512,001000010000000001000100100000000010,0,8.744905198543453,6.669027745075179,7.9342168456433395,9.256250031019206,2025-09-22 08:47:17
naive_adjacency,waste_collection_area,81,3,512,001000010000000010000001100000000100,0,7.527944793595348,6.669027745075179,7.9342168456433395,9.256250031019206,2025-09-22 08:47:17
naive_adjacency,waste_collection_area,81,3,512,001000010000000001000010100000000100,0,7.80098170529027,6.669027745075179,7.9342168456433395,9.256250031019206,2025-09-22 08:47:17
naive_adjacency,waste_collection_area,81,3,512,000100010000001000000010100000000001,0,8.35903644920808,6.669027745075179,7.9342168456433395,9.256250031019206,2025-09-22 08:47:17
naive_adjacency,waste_collection_area,81,3,512,000100010000001000000001100000000010,0,7.040341934463426,6.669027745075179,7.9342168456433395,9.256250031019206,2025-09-22 08:47:17
naive_adjacency,waste_collection_area,81,3,512,000010010000001000000100100000000001,0,7.845049331790674,6.669027745075179,7.9342168456433395,9.256250031019206,2025-09-22 08:47:17
naive_adjacency,waste_collection_area,81,3,512,000001010000001000000100100000000010,0,7.415112955954897,6.669027745075179,7.9342168456433395,9.256250031019206,2025-09-22 08:47:17
naive_adjacency,waste_collection_area,81,3,512,000010010000001000000001100000000100,0,7.470278310299203,6.669027745075179,7.9342168456433395,9.256250031019206,2025-09-22 08:47:17
naive_adjacency,waste_collection_area,81,3,512,000001010000001000000010100000000100,0,8.35903644920808,6.669027745075179,7.9342168456433395,9.256250031019206,2025-09-22 08:47:17
naive_adjacency,waste_collection_area,81,3,512,000100010000000010001000100000000001,0,7.879150862475357,6.669027745075179,7.9342168456433395,9.256250031019206,2025-09-22 08:47:17
naive_adjacency,waste_collection_area,81,3,512,000100010000000001001000100000000010,0,7.263429635261404,6.669027745075179,7.9342168456433395,9.256250031019206,2025-09-22 08:47:17
naive_adjacency,waste_collection_area,81,3,512,000010010000000100001000100000000001,0,6.935227369222176,6.669027745075179,7.9342168456433395,9.256250031019206,2025-09-22 08:47:17
naive_adjacency,waste_collection_area,81,3,512,000001010000000100001000100000000010,0,6.935227369222175,6.669027745075179,7.9342168456433395,9.256250031019206,2025-09-22 08:47:17
naive_adjacency,waste_collection_area,81,3,512,000010010000000001001000100000000100,0,6.833493259425626,6.669027745075179,7.9342168456433395,9.256250031019206,2025-09-22 08:47:17
naive_adjacency,waste_collection_area,81,3,512,000001010000000010001000100000000100,0,7.449214486639581,6.669027745075179,7.9342168456433395,9.256250031019206,2025-09-22 08:47:17
naive_adjacency,waste_collection_area,81,3,512,000100010000000010000001100000001000,0,7.443115369594703,6.669027745075179,7.9342168456433395,9.256250031019206,2025-09-22 08:47:17
naive_adjacency,waste_collection_area,81,3,512,000100010000000001000010100000001000,0,8.146088657125402,6.669027745075179,7.9342168456433395,9.256250031019206,2025-09-22 08:47:17
naive_adjacency,waste_collection_area,81,3,512,000010010000000100000001100000001000,0,8.387038862847884,6.669027745075179,7.9342168456433395,9.256250031019206,2025-09-22 08:47:17
naive_adjacency,waste_collection_area,81,3,512,000001010000000100000010100000001000,0,8.761809884339357,6.669027745075179,7.9342168456433395,9.256250031019206,2025-09-22 08:47:17
naive_adjacency,waste_collection_area,81,3,512,000010010000000001000100100000001000,0,8.660075774542808,6.669027745075179,7.9342168456433395,9.256250031019206,2025-09-22 08:47:17
naive_adjacency,waste_collection_area,81,3,512,000001010000000010000100100000001000,0,8.33187350850358,6.669027745075179,7.9342168456433395,9.256250031019206,2025-09-22 08:47:17
naive_adjacency,waste_collection_area,81,3,512,001000000100010000000010100000000001,0,7.943654633319429,6.669027745075179,7.9342168456433395,9.256250031019206,2025-09-22 08:47:17
naive_adjacency,waste_collection_area,81,3,512,001000000100010000000001100000000010,0,8.451542633691957,6.669027745075179,7.9342168456433395,9.256250031019206,2025-09-22 08:47:17
naive_adjacency,waste_collection_area,81,3,512,001000000010010000000100100000000001,0,8.288761585154562,6.669027745075179,7.9342168456433395,9.256250031019206,2025-09-22 08:47:17
naive_adjacency,waste_collection_area,81,3,512,001000000001010000000100100000000010,0,8.660075774542808,6.669027745075179,7.9342168456433395,9.256250031019206,2025-09-22 08:47:17
naive_adjacency,waste_collection_area,81,3,512,001000000010010000000001100000000100,0,6.970067070409908,6.669027745075179,7.9342168456433395,9.256250031019206,2025-09-22 08:47:17
naive_adjacency,waste_collection_area,81,3,512,001000000001010000000010100000000100,0,6.8334932594256275,6.669027745075179,7.9342168456433395,9.256250031019206,2025-09-22 08:47:17
naive_adjacency,waste_collection_area,81,3,512,000100001000010000000010100000000001,0,8.853476595887928,6.669027745075179,7.9342168456433395,9.256250031019206,2025-09-22 08:47:17
naive_adjacency,waste_collection_area,81,3,512,000100001000010000000001100000000010,0,7.534782081143275,6.669027745075179,7.9342168456433395,9.256250031019206,2025-09-22 08:47:17
naive_adjacency,waste_collection_area,81,3,512,000010001000010000000100100000000001,0,7.372001032605879,6.669027745075179,7.9342168456433395,9.256250031019206,2025-09-22 08:47:17
naive_adjacency,waste_collection_area,81,3,512,000001001000010000000100100000000010,0,6.9420646567701025,6.669027745075179,7.9342168456433395,9.256250031019206,2025-09-22 08:47:17
naive_adjacency,waste_collection_area,81,3,512,000010001000010000000001100000000100,0,7.879889032978407,6.669027745075179,7.9342168456433395,9.256250031019206,2025-09-22 08:47:17
naive_adjacency,waste_collection_area,81,3,512,000001001000010000000010100000000100,0,8.768647171887284,6.669027745075179,7.9342168456433395,9.256250031019206,2025-09-22 08:47:17
naive_adjacency,waste_collection_area,81,3,512,000100000010010000001000100000000001,0,9.256250031019205,6.669027745075179,7.9342168456433395,9.256250031019206,2025-09-22 08:47:17
naive_adjacency,waste_collection_area,81,3,512,000100000001010000001000100000000010,0,8.146088657125402,6.669027745075179,7.9342168456433395,9.256250031019206,2025-09-22 08:47:17
naive_adjacency,waste_collection_area,81,3,512,000010000100010000001000100000000001,0,7.429667515902025,6.669027745075179,7.9342168456433395,9.256250031019206,2025-09-22 08:47:17
naive_adjacency,waste_collection_area,81,3,512,000001000100010000001000100000000010,0,7.34483809190138,6.669027745075179,7.9342168456433395,9.256250031019206,2025-09-22 08:47:17
naive_adjacency,waste_collection_area,81,3,512,000010000001010000001000100000000100,0,7.800981705290269,6.669027745075179,7.9342168456433395,9.256250031019206,2025-09-22 08:47:17
naive_adjacency,waste_collection_area,81,3,512,000001000010010000001000100000000100,0,8.82631365518343,6.669027745075179,7.9342168456433395,9.256250031019206,2025-09-22 08:47:17
naive_adjacency,waste_collection_area,81,3,512,000100000010010000000001100000001000,0,7.054896494410553,6.669027745075179,7.9342168456433395,9.256250031019206,2025-09-22 08:47:17
naive_adjacency,waste_collection_area,81,3,512,000100000001010000000010100000001000,0,7.263429635261404,6.669027745075179,7.9342168456433395,9.256250031019206,2025-09-22 08:47:17
naive_adjacency,waste_collection_area,81,3,512,000010000100010000000001100000001000,0,8.881479009527734,6.669027745075179,7.9342168456433395,9.256250031019206,2025-09-22 08:47:17
naive_adjacency,waste_collection_area,81,3,512,000001000100010000000010100000001000,0,8.28876158515456,6.669027745075179,7.9342168456433395,9.256250031019206,2025-09-22 08:47:17
naive_adjacency,waste_collection_area,81,3,512,000010000001010000000100100000001000,0,8.744905198543451,6.669027745075179,7.9342168456433395,9.256250031019206,2025-09-22 08:47:17
naive_adjacency,waste_collection_area,81,3,512,000001000010010000000100100000001000,0,7.943654633319432,6.669027745075179,7.9342168456433395,9.256250031019206,2025-09-22 08:47:17
naive_adjacency,waste_collection_area,81,3,512,001000000100000010010000100000000001,0,8.580439684193003,6.669027745075179,7.9342168456433395,9.256250031019206,2025-09-22 08:47:17
naive_adjacency,waste_collection_area,81,3,512,001000000100000001010000100000000010,0,8.881479009527732,6.669027745075179,7.9342168456433395,9.256250031019206,2025-09-22 08:47:17
naive_adjacency,waste_collection_area,81,3,512,001000000010000100010000100000000001,0,8.49561026019236,6.669027745075179,7.9342168456433395,9.256250031019206,2025-09-22 08:47:17
naive_adjacency,waste_collection_area,81,3,512,001000000001000100010000100000000010,0,8.387038862847884,6.669027745075179,7.9342168456433395,9.256250031019206,2025-09-22 08:47:17
naive_adjacency,waste_collection_area,81,3,512,001000000010000001010000100000000100,0,7.879889032978406,6.669027745075179,7.9342168456433395,9.256250031019206,2025-09-22 08:47:17
naive_adjacency,waste_collection_area,81,3,512,001000000001000010010000100000000100,0,7.4702783102992,6.669027745075179,7.9342168456433395,9.256250031019206,2025-09-22 08:47:17
naive_adjacency,waste_collection_area,81,3,512,000100001000000010010000100000000001,0,7.670617721624507,6.669027745075179,7.9342168456433395,9.256250031019206,2025-09-22 08:47:17
naive_adjacency,waste_collection_area,81,3,512,000100001000000001010000100000000010,0,7.054896494410554,6.669027745075179,7.9342168456433395,9.256250031019206,2025-09-22 08:47:17
naive_adjacency,waste_collection_area,81,3,512,000010001000000100010000100000000001,0,6.66902774507518,6.669027745075179,7.9342168456433395,9.256250031019206,2025-09-22 08:47:17
naive_adjacency,waste_collection_area,81,3,512,000001001000000100010000100000000010,0,6.669027745075179,6.669027745075179,7.9342168456433395,9.256250031019206,2025-09-22 08:47:17
naive_adjacency,waste_collection_area,81,3,512,000010001000000001010000100000000100,0,6.970067070409907,6.669027745075179,7.9342168456433395,9.256250031019206,2025-09-22 08:47:17
naive_adjacency,waste_collection_area,81,3,512,000001001000000010010000100000000100,0,7.5857882976238615,6.669027745075179,7.9342168456433395,9.256250031019206,2025-09-22 08:47:17
naive_adjacency,waste_collection_area,81,3,512,000100000010001000010000100000000001,0,8.553276743488503,6.669027745075179,7.9342168456433395,9.256250031019206,2025-09-22 08:47:17
naive_adjacency,waste_collection_area,81,3,512,000100000001001000010000100000000010,0,7.443115369594702,6.669027745075179,7.9342168456433395,9.256250031019206,2025-09-22 08:47:17
naive_adjacency,waste_collection_area,81,3,512,000010000100001000010000100000000001,0,7.6365161909398225,6.669027745075179,7.9342168456433395,9.256250031019206,2025-09-22 08:47:17
naive_adjacency,waste_collection_area,81,3,512,000001000100001000010000100000000010,0,7.551686766939177,6.669027745075179,7.9342168456433395,9.256250031019206,2025-09-22 08:47:17
naive_adjacency,waste_collection_area,81,3,512,000010000001001000010000100000000100,0,7.527944793595346,6.669027745075179,7.9342168456433395,9.256250031019206,2025-09-22 08:47:17
naive_adjacency,waste_collection_area,81,3,512,000001000010001000010000100000000100,0,8.553276743488507,6.669027745075179,7.9342168456433395,9.256250031019206,2025-09-22 08:47:17
naive_adjacency,waste_collection_area,81,3,512,000100000010000001010000100000001000,0,7.534782081143272,6.669027745075179,7.9342168456433395,9.256250031019206,2025-09-22 08:47:17
naive_adjacency,waste_collection_area,81,3,512,000100000001000010010000100000001000,0,7.040341934463424,6.669027745075179,7.9342168456433395,9.256250031019206,2025-09-22 08:47:17
naive_adjacency,waste_collection_area,81,3,512,000010000100000001010000100000001000,0,8.451542633691956,6.669027745075179,7.9342168456433395,9.256250031019206,2025-09-22 08:47:17
naive_adjacency,waste_collection_area,81,3,512,000001000100000010010000100000001000,0,8.065673884356583,6.669027745075179,7.9342168456433395,9.256250031019206,2025-09-22 08:47:17
naive_adjacency,waste_collection_area,81,3,512,000010000001000100010000100000001000,0,8.041931911012751,6.669027745075179,7.9342168456433395,9.256250031019206,2025-09-22 08:47:17
naive_adjacency,waste_collection_area,81,3,512,000001000010000100010000100000001000,0,8.150503308357226,6.669027745075179,7.9342168456433395,9.256250031019206,2025-09-22 08:47:17
naive_adjacency,waste_collection_area,81,3,512,001000000100000010000001100000010000,0,7.636516190939824,6.669027745075179,7.9342168456433395,9.256250031019206,2025-09-22 08:47:17
naive_adjacency,waste_collection_area,81,3,512,001000000100000001000010100000010000,0,7.4296675159020245,6.669027745075179,7.9342168456433395,9.256250031019206,2025-09-22 08:47:17
naive_adjacency,waste_collection_area,81,3,512,001000000010000100000001100000010000,0,6.66902774507518,6.669027745075179,7.9342168456433395,9.256250031019206,2025-09-22 08:47:17
naive_adjacency,waste_collection_area,81,3,512,001000000001000100000010100000010000,0,6.935227369222177,6.669027745075179,7.9342168456433395,9.256250031019206,2025-09-22 08:47:17
naive_adjacency,waste_collection_area,81,3,512,001000000010000001000100100000010000,0,7.372001032605881,6.669027745075179,7.9342168456433395,9.256250031019206,2025-09-22 08:47:17
naive_adjacency,waste_collection_area,81,3,512,001000000001000010000100100000010000,0,7.845049331790673,6.669027745075179,7.9342168456433395,9.256250031019206,2025-09-22 08:47:17
naive_adjacency,waste_collection_area,81,3,512,000100001000000010000001100000010000,0,8.553276743488507,6.669027745075179,7.9342168456433395,9.256250031019206,2025-09-22 08:47:17
naive_adjacency,waste_collection_area,81,3,512,000100001000000001000010100000010000,0,9.256250031019206,6.669027745075179,7.9342168456433395,9.256250031019206,2025-09-22 08:47:17
naive_adjacency,waste_collection_area,81,3,512,000010001000000100000001100000010000,0,8.495610260192361,6.669027745075179,7.9342168456433395,9.256250031019206,2025-09-22 08:47:17
naive_adjacency,waste_collection_area,81,3,512,000001001000000100000010100000010000,0,8.870381281683834,6.669027745075179,7.9342168456433395,9.256250031019206,2025-09-22 08:47:17
naive_adjacency,waste_collection_area,81,3,512,000010001000000001000100100000010000,0,8.288761585154562,6.669027745075179,7.9342168456433395,9.256250031019206,2025-09-22 08:47:17
naive_adjacency,waste_collection_area,81,3,512,000001001000000010000100100000010000,0,7.960559319115334,6.669027745075179,7.9342168456433395,9.256250031019206,2025-09-22 08:47:17
naive_adjacency,waste_collection_area,81,3,512,000100000010001000000001100000010000,0,7.670617721624508,6.669027745075179,7.9342168456433395,9.256250031019206,2025-09-22 08:47:17
naive_adjacency,waste_collection_area,81,3,512,000100000001001000000010100000010000,0,7.879150862475359,6.669027745075179,7.9342168456433395,9.256250031019206,2025-09-22 08:47:17
naive_adjacency,waste_collection_area,81,3,512,000010000100001000000001100000010000,0,8.580439684193006,6.669027745075179,7.9342168456433395,9.256250031019206,2025-09-22 08:47:17
naive_adjacency,waste_collection_area,81,3,512,000001000100001000000010100000010000,0,7.987722259819834,6.669027745075179,7.9342168456433395,9.256250031019206,2025-09-22 08:47:17
naive_adjacency,waste_collection_area,81,3,512,000010000001001000000100100000010000,0,8.84663930834,6.669027745075179,7.9342168456433395,9.256250031019206,2025-09-22 08:47:17
naive_adjacency,waste_collection_area,81,3,512,000001000010001000000100100000010000,0,8.045388743115982,6.669027745075179,7.9342168456433395,9.256250031019206,2025-09-22 08:47:17
naive_adjacency,waste_collection_area,81,3,512,000100000010000001001000100000010000,0,8.853476595887928,6.669027745075179,7.9342168456433395,9.256250031019206,2025-09-22 08:47:17
naive_adjacency,waste_collection_area,81,3,512,000100000001000010001000100000010000,0,8.359036449208078,6.669027745075179,7.9342168456433395,9.256250031019206,2025-09-22 08:47:17
naive_adjacency,waste_collection_area,81,3,512,000010000100000001001000100000010000,0,7.943654633319432,6.669027745075179,7.9342168456433395,9.256250031019206,2025-09-22 08:47:17
naive_adjacency,waste_collection_area,81,3,512,000001000100000010001000100000010000,0,7.557785883984059,6.669027745075179,7.9342168456433395,9.256250031019206,2025-09-22 08:47:17
naive_adjacency,waste_collection_area,81,3,512,000010000001000100001000100000010000,0,8.416702932504224,6.669027745075179,7.9342168456433395,9.256250031019206,2025-09-22 08:47:17
naive_adjacency,waste_collection_area,81,3,512,000001000010000100001000100000010000,0,8.525274329848699,6.669027745075179,7.9342168456433395,9.256250031019206,2025-09-22 08:47:17
naive_adjacency,waste_collection_area,81,3,512,010000001000000100000010000001100000,0,7.636516190939825,6.669027745075179,7.9342168456433395,9.256250031019206,2025-09-22 08:47:17
naive_adjacency,waste_collection_area,81,3,512,010000001000000100000001000010100000,0,7.534782081143273,6.669027745075179,7.9342168456433395,9.256250031019206,2025-09-22 08:47:17
naive_adjacency,waste_collection_area,81,3,512,010000001000000010000100000001100000,0,7.4296675159020245,6.669027745075179,7.9342168456433395,9.256250031019206,2025-09-22 08:47:17
naive_adjacency,waste_collection_area,81,3,512,010000001000000001000100000010100000,0,7.054896494410553,6.669027745075179,7.9342168456433395,9.256250031019206,2025-09-22 08:47:17
naive_adjacency,waste_collection_area,81,3,512,010000001000000010000001000100100000,0,7.80098170529027,6.669027745075179,7.9342168456433395,9.256250031019206,2025-09-22 08:47:17
naive_adjacency,waste_collection_area,81,3,512,010000001000000001000010000100100000,0,7.527944793595346,6.669027745075179,7.9342168456433395,9.256250031019206,2025-09-22 08:47:17
naive_adjacency,waste_collection_area,81,3,512,010000000100001000000010000001100000,0,6.66902774507518,6.669027745075179,7.9342168456433395,9.256250031019206,2025-09-22 08:47:17
naive_adjacency,waste_collection_area,81,3,512,010000000100001000000001000010100000,0,7.040341934463424,6.669027745075179,7.9342168456433395,9.256250031019206,2025-09-22 08:47:17
naive_adjacency,waste_collection_area,81,3,512,010000000010001000000100000001100000,0,6.935227369222177,6.669027745075179,7.9342168456433395,9.256250031019206,2025-09-22 08:47:17
naive_adjacency,waste_collection_area,81,3,512,010000000001001000000100000010100000,0,7.443115369594702,6.669027745075179,7.9342168456433395,9.256250031019206,2025-09-22 08:47:17
naive_adjacency,waste_collection_area,81,3,512,010000000010001000000001000100100000,0,6.833493259425626,6.669027745075179,7.9342168456433395,9.256250031019206,2025-09-22 08:47:17
naive_adjacency,waste_collection_area,81,3,512,010000000001001000000010000100100000,0,6.9700670704099075,6.669027745075179,7.9342168456433395,9.256250031019206,2025-09-22 08:47:17
naive_adjacency,waste_collection_area,81,3,512,010000000100000010001000000001100000,0,7.372001032605882,6.669027745075179,7.9342168456433395,9.256250031019206,2025-09-22 08:47:17
naive_adjacency,waste_collection_area,81,3,512,010000000100000001001000000010100000,0,7.263429635261405,6.669027745075179,7.9342168456433395,9.256250031019206,2025-09-22 08:47:17
naive_adjacency,waste_collection_area,81,3,512,010000000010000100001000000001100000,0,7.845049331790674,6.669027745075179,7.9342168456433395,9.256250031019206,2025-09-22 08:47:17
naive_adjacency,waste_collection_area,81,3,512,010000000001000100001000000010100000,0,8.146088657125402,6.669027745075179,7.9342168456433395,9.256250031019206,2025-09-22 08:47:17
naive_adjacency,waste_collection_area,81,3,512,010000000010000001001000000100100000,0,7.470278310299204,6.669027745075179,7.9342168456433395,9.256250031019206,2025-09-22 08:47:17
naive_adjacency,waste_collection_area,81,3,512,010000000001000010001000000100100000,0,7.879889032978407,6.669027745075179,7.9342168456433395,9.256250031019206,2025-09-22 08:47:17
naive_adjacency,waste_collection_area,81,3,512,010000000100000010000001001000100000,0,7.415112955954897,6.669027745075179,7.9342168456433395,9.256250031019206,2025-09-22 08:47:17
naive_adjacency,waste_collection_area,81,3,512,010000000100000001000010001000100000,0,6.935227369222176,6.669027745075179,7.9342168456433395,9.256250031019206,2025-09-22 08:47:17
naive_adjacency,waste_collection_area,81,3,512,010000000010000100000001001000100000,0,6.9420646567701025,6.669027745075179,7.9342168456433395,9.256250031019206,2025-09-22 08:47:17
naive_adjacency,waste_collection_area,81,3,512,010000000001000100000010001000100000,0,7.34483809190138,6.669027745075179,7.9342168456433395,9.256250031019206,2025-09-22 08:47:17
naive_adjacency,waste_collection_area,81,3,512,010000000010000001000100001000100000,0,6.66902774507518,6.669027745075179,7.9342168456433395,9.256250031019206,2025-09-22 08:47:17
naive_adjacency,waste_collection_area,81,3,512,010000000001000010000100001000100000,0,7.551686766939176,6.669027745075179,7.9342168456433395,9.256250031019206,2025-09-22 08:47:17
naive_adjacency,waste_collection_area,81,3,512,001000010000000100000010000001100000,0,8.553276743488507,6.669027745075179,7.9342168456433395,9.256250031019206,2025-09-22 08:47:17
naive_adjacency,waste_collection_area,81,3,512,001000010000000100000001000010100000,0,8.451542633691956,6.669027745075179,7.9342168456433395,9.256250031019206,2025-09-22 08:47:17
naive_adjacency,waste_collection_area,81,3,512,001000010000000010000100000001100000,0,9.256250031019205,6.669027745075179,7.9342168456433395,9.256250031019206,2025-09-22 08:47:17
naive_adjacency,waste_collection_area,81,3,512,001000010000000001000100000010100000,0,8.881479009527734,6.669027745075179,7.9342168456433395,9.256250031019206,2025-09-22 08:47:17
naive_adjacency,waste_collection_area,81,3,512,001000010000000010000001000100100000,0,8.82631365518343,6.669027745075179,7.9342168456433395,9.256250031019206,2025-09-22 08:47:17
naive_adjacency,waste_collection_area,81,3,512,001000010000000001000010000100100000,0,8.553276743488505,6.669027745075179,7.9342168456433395,9.256250031019206,2025-09-22 08:47:17
naive_adjacency,waste_collection_area,81,3,512,000100010000001000000010000001100000,0,8.495610260192361,6.669027745075179,7.9342168456433395,9.256250031019206,2025-09-22 08:47:17
naive_adjacency,waste_collection_area,81,3,512,000100010000001000000001000010100000,0,8.065673884356583,6.669027745075179,7.9342168456433395,9.256250031019206,2025-09-22 08:47:17
naive_adjacency,waste_collection_area,81,3,512,000010010000001000000100000001100000,0,8.870381281683832,6.669027745075179,7.9342168456433395,9.256250031019206,2025-09-22 08:47:17
naive_adjacency,waste_collection_area,81,3,512,000001010000001000000100000010100000,0,7.55168676693918,6.669027745075179,7.9342168456433395,9.256250031019206,2025-09-22 08:47:17
naive_adjacency,waste_collection_area,81,3,512,000010010000001000000001000100100000,0,8.768647171887284,6.669027745075179,7.9342168456433395,9.256250031019206,2025-09-22 08:47:17
naive_adjacency,waste_collection_area,81,3,512,000001010000001000000010000100100000,0,7.879889032978405,6.669027745075179,7.9342168456433395,9.256250031019206,2025-09-22 08:47:17
naive_adjacency,waste_collection_area,81,3,512,000100010000000010001000000001100000,0,8.288761585154562,6.669027745075179,7.9342168456433395,9.256250031019206,2025-09-22 08:47:17
naive_adjacency,waste_collection_area,81,3,512,000100010000000001001000000010100000,0,8.288761585154562,6.669027745075179,7.9342168456433395,9.256250031019206,2025-09-22 08:47:17
naive_adjacency,waste_collection_area,81,3,512,000010010000000100001000000001100000,0,7.960559319115335,6.669027745075179,7.9342168456433395,9.256250031019206,2025-09-22 08:47:17
naive_adjacency,waste_collection_area,81,3,512,000001010000000100001000000010100000,0,7.34483809190138,6.669027745075179,7.9342168456433395,9.256250031019206,2025-09-22 08:47:17
naive_adjacency,waste_collection_area,81,3,512,000010010000000001001000000100100000,0,7.585788297623864,6.669027745075179,7.9342168456433395,9.256250031019206,2025-09-22 08:47:17
naive_adjacency,waste_collection_area,81,3,512,000001010000000010001000000100100000,0,6.970067070409909,6.669027745075179,7.9342168456433395,9.256250031019206,2025-09-22 08:47:17
naive_adjacency,waste_collection_area,81,3,512,000100010000000010000001001000100000,0,8.33187350850358,6.669027745075179,7.9342168456433395,9.256250031019206,2025-09-22 08:47:17
naive_adjacency,waste_collection_area,81,3,512,000100010000000001000010001000100000,0,8.761809884339357,6.669027745075179,7.9342168456433395,9.256250031019206,2025-09-22 08:47:17
naive_adjacency,waste_collection_area,81,3,512,000010010000000100000001001000100000,0,8.660075774542808,6.669027745075179,7.9342168456433395,9.256250031019206,2025-09-22 08:47:17
naive_adjacency,waste_collection_area,81,3,512,000001010000000100000010001000100000,0,8.1460886571254,6.669027745075179,7.9342168456433395,9.256250031019206,2025-09-22 08:47:17
naive_adjacency,waste_collection_area,81,3,512,000010010000000001000100001000100000,0,8.387038862847882,6.669027745075179,7.9342168456433395,9.256250031019206,2025-09-22 08:47:17
naive_adjacency,waste_collection_area,81,3,512,000001010000000010000100001000100000,0,7.443115369594701,6.669027745075179,7.9342168456433395,9.256250031019206,2025-09-22 08:47:17
naive_adjacency,waste_collection_area,81,3,512,001000000100010000000010000001100000,0,7.670617721624508,6.669027745075179,7.9342168456433395,9.256250031019206,2025-09-22 08:47:17
naive_adjacency,waste_collection_area,81,3,512,001000000100010000000001000010100000,0,8.04193191101275,6.669027745075179,7.9342168456433395,9.256250031019206,2025-09-22 08:47:17
naive_adjacency,waste_collection_area,81,3,512,001000000010010000000100000001100000,0,7.879150862475359,6.669027745075179,7.9342168456433395,9.256250031019206,2025-09-22 08:47:17
naive_adjacency,waste_collection_area,81,3,512,001000000001010000000100000010100000,0,8.387038862847884,6.669027745075179,7.9342168456433395,9.256250031019206,2025-09-22 08:47:17
naive_adjacency,waste_collection_area,81,3,512,001000000010010000000001000100100000,0,7.449214486639581,6.669027745075179,7.9342168456433395,9.256250031019206,2025-09-22 08:47:17
naive_adjacency,waste_collection_area,81,3,512,001000000001010000000010000100100000,0,7.5857882976238615,6.669027745075179,7.9342168456433395,9.256250031019206,2025-09-22 08:47:17
naive_adjacency,waste_collection_area,81,3,512,000100001000010000000010000001100000,0,8.580439684193006,6.669027745075179,7.9342168456433395,9.256250031019206,2025-09-22 08:47:17
naive_adjacency,waste_collection_area,81,3,512,000100001000010000000001000010100000,0,8.150503308357228,6.669027745075179,7.9342168456433395,9.256250031019206,2025-09-22 08:47:17
naive_adjacency,waste_collection_area,81,3,512,000010001000010000000100000001100000,0,7.987722259819834,6.669027745075179,7.9342168456433395,9.256250031019206,2025-09-22 08:47:17
naive_adjacency,waste_collection_area,81,3,512,000001001000010000000100000010100000,0,6.669027745075181,6.669027745075179,7.9342168456433395,9.256250031019206,2025-09-22 08:47:17
naive_adjacency,waste_collection_area,81,3,512,000010001000010000000001000100100000,0,8.35903644920808,6.669027745075179,7.9342168456433395,9.256250031019206,2025-09-22 08:47:17
naive_adjacency,waste_collection_area,81,3,512,000001001000010000000010000100100000,0,7.470278310299201,6.669027745075179,7.9342168456433395,9.256250031019206,2025-09-22 08:47:17
naive_adjacency,waste_collection_area,81,3,512,000100000010010000001000000001100000,0,8.84663930834,6.669027745075179,7.9342168456433395,9.256250031019206,2025-09-22 08:47:17
naive_adjacency,waste_collection_area,81,3,512,000100000001010000001000000010100000,0,8.761809884339357,6.669027745075179,7.9342168456433395,9.256250031019206,2025-09-22 08:47:17
naive_adjacency,waste_collection_area,81,3,512,000010000100010000001000000001100000,0,8.04538874311598,6.669027745075179,7.9342168456433395,9.256250031019206,2025-09-22 08:47:17
naive_adjacency,waste_collection_area,81,3,512,000001000100010000001000000010100000,0,6.9352273692221775,6.669027745075179,7.9342168456433395,9.256250031019206,2025-09-22 08:47:17
naive_adjacency,waste_collection_area,81,3,512,000010000001010000001000000100100000,0,8.553276743488507,6.669027745075179,7.9342168456433395,9.256250031019206,2025-09-22 08:47:17
naive_adjacency,waste_collection_area,81,3,512,000001000010010000001000000100100000,0,7.527944793595348,6.669027745075179,7.9342168456433395,9.256250031019206,2025-09-22 08:47:17
naive_adjacency,waste_collection_area,81,3,512,000100000010010000000001001000100000,0,7.94365463331943,6.669027745075179,7.9342168456433395,9.256250031019206,2025-09-22 08:47:17
naive_adjacency,waste_collection_area,81,3,512,000100000001010000000010001000100000,0,8.288761585154564,6.669027745075179,7.9342168456433395,9.256250031019206,2025-09-22 08:47:17
naive_adjacency,waste_collection_area,81,3,512,000010000100010000000001001000100000,0,8.744905198543453,6.669027745075179,7.9342168456433395,9.256250031019206,2025-09-22 08:47:17
naive_adjacency,waste_collection_area,81,3,512,000001000100010000000010001000100000,0,7.263429635261404,6.669027745075179,7.9342168456433395,9.256250031019206,2025-09-22 08:47:17
naive_adjacency,waste_collection_area,81,3,512,000010000001010000000100001000100000,0,8.881479009527732,6.669027745075179,7.9342168456433395,9.256250031019206,2025-09-22 08:47:17
naive_adjacency,waste_collection_area,81,3,512,000001000010010000000100001000100000,0,7.054896494410554,6.669027745075179,7.9342168456433395,9.256250031019206,2025-09-22 08:47:17
naive_adjacency,waste_collection_area,81,3,512,001000000100000010010000000001100000,0,8.853476595887928,6.669027745075179,7.9342168456433395,9.256250031019206,2025-09-22 08:47:17
naive_adjacency,waste_collection_area,81,3,512,001000000100000001010000000010100000,0,8.744905198543451,6.669027745075179,7.9342168456433395,9.256250031019206,2025-09-22 08:47:17
naive_adjacency,waste_collection_area,81,3,512,001000000010000100010000000001100000,0,8.359036449208078,6.669027745075179,7.9342168456433395,9.256250031019206,2025-09-22 08:47:17
naive_adjacency,waste_collection_area,81,3,512,001000000001000100010000000010100000,0,8.660075774542806,6.669027745075179,7.9342168456433395,9.256250031019206,2025-09-22 08:47:17
naive_adjacency,waste_collection_area,81,3,512,001000000010000001010000000100100000,0,8.359036449208078,6.669027745075179,7.9342168456433395,9.256250031019206,2025-09-22 08:47:17
naive_adjacency,waste_collection_area,81,3,512,001000000001000010010000000100100000,0,8.768647171887283,6.669027745075179,7.9342168456433395,9.256250031019206,2025-09-22 08:47:17
naive_adjacency,waste_collection_area,81,3,512,000100001000000010010000000001100000,0,7.943654633319432,6.669027745075179,7.9342168456433395,9.256250031019206,2025-09-22 08:47:17
naive_adjacency,waste_collection_area,81,3,512,000100001000000001010000000010100000,0,7.943654633319431,6.669027745075179,7.9342168456433395,9.256250031019206,2025-09-22 08:47:17
naive_adjacency,waste_collection_area,81,3,512,000010001000000100010000000001100000,0,7.557785883984059,6.669027745075179,7.9342168456433395,9.256250031019206,2025-09-22 08:47:17
naive_adjacency,waste_collection_area,81,3,512,000001001000000100010000000010100000,0,6.942064656770104,6.669027745075179,7.9342168456433395,9.256250031019206,2025-09-22 08:47:17
naive_adjacency,waste_collection_area,81,3,512,000010001000000001010000000100100000,0,7.4492144866395815,6.669027745075179,7.9342168456433395,9.256250031019206,2025-09-22 08:47:17
naive_adjacency,waste_collection_area,81,3,512,000001001000000010010000000100100000,0,6.8334932594256275,6.669027745075179,7.9342168456433395,9.256250031019206,2025-09-22 08:47:17
naive_adjacency,waste_collection_area,81,3,512,000100000010001000010000000001100000,0,8.416702932504224,6.669027745075179,7.9342168456433395,9.256250031019206,2025-09-22 08:47:17
naive_adjacency,waste_collection_area,81,3,512,000100000001001000010000000010100000,0,8.331873508503579,6.669027745075179,7.9342168456433395,9.256250031019206,2025-09-22 08:47:17
naive_adjacency,waste_collection_area,81,3,512,000010000100001000010000000001100000,0,8.525274329848699,6.669027745075179,7.9342168456433395,9.256250031019206,2025-09-22 08:47:17
naive_adjacency,waste_collection_area,81,3,512,000001000100001000010000000010100000,0,7.415112955954896,6.669027745075179,7.9342168456433395,9.256250031019206,2025-09-22 08:47:17
naive_adjacency,waste_collection_area,81,3,512,000010000001001000010000000100100000,0,8.826313655183428,6.669027745075179,7.9342168456433395,9.256250031019206,2025-09-22 08:47:17
naive_adjacency,waste_collection_area,81,3,512,000001000010001000010000000100100000,0,7.80098170529027,6.669027745075179,7.9342168456433395,9.256250031019206,2025-09-22 08:47:17
naive_adjacency,waste_collection_area,81,3,512,000100000010000001010000001000100000,0,8.15050330835723,6.669027745075179,7.9342168456433395,9.256250031019206,2025-09-22 08:47:17
naive_adjacency,waste_collection_area,81,3,512,000100000001000010010000001000100000,0,8.065673884356585,6.669027745075179,7.9342168456433395,9.256250031019206,2025-09-22 08:47:17
naive_adjacency,waste_collection_area,81,3,512,000010000100000001010000001000100000,0,8.041931911012753,6.669027745075179,7.9342168456433395,9.256250031019206,2025-09-22 08:47:17
naive_adjacency,waste_collection_area,81,3,512,000001000100000010010000001000100000,0,7.040341934463426,6.669027745075179,7.9342168456433395,9.256250031019206,2025-09-22 08:47:17
naive_adjacency,waste_collection_area,81,3,512,000010000001000100010000001000100000,0,8.451542633691957,6.669027745075179,7.9342168456433395,9.256250031019206,2025-09-22 08:47:17
naive_adjacency,waste_collection_area,81,3,512,000001000010000100010000001000100000,0,7.534782081143274,6.669027745075179,7.9342168456433395,9.256250031019206,2025-09-22 08:47:17
naive_adjacency,waste_collection_area,81,3,512,001000000100000010000001010000100000,0,8.5252743298487,6.669027745075179,7.9342168456433395,9.256250031019206,2025-09-22 08:47:17
naive_adjacency,waste_collection_area,81,3,512,001000000100000001000010010000100000,0,8.045388743115979,6.669027745075179,7.9342168456433395,9.256250031019206,2025-09-22 08:47:17
naive_adjacency,waste_collection_area,81,3,512,001000000010000100000001010000100000,0,7.557785883984057,6.669027745075179,7.9342168456433395,9.256250031019206,2025-09-22 08:47:17
naive_adjacency,waste_collection_area,81,3,512,001000000001000100000010010000100000,0,7.960559319115335,6.669027745075179,7.9342168456433395,9.256250031019206,2025-09-22 08:47:17
naive_adjacency,waste_collection_area,81,3,512,001000000010000001000100010000100000,0,7.987722259819835,6.669027745075179,7.9342168456433395,9.256250031019206,2025-09-22 08:47:17
naive_adjacency,waste_collection_area,81,3,512,001000000001000010000100010000100000,0,8.870381281683832,6.669027745075179,7.9342168456433395,9.256250031019206,2025-09-22 08:47:17
naive_adjacency,waste_collection_area,81,3,512,000100001000000010000001010000100000,0,8.416702932504224,6.669027745075179,7.9342168456433395,9.256250031019206,2025-09-22 08:47:17
naive_adjacency,waste_collection_area,81,3,512,000100001000000001000010010000100000,0,8.84663930834,6.669027745075179,7.9342168456433395,9.256250031019206,2025-09-22 08:47:17
naive_adjacency,waste_collection_area,81,3,512,000010001000000100000001010000100000,0,8.35903644920808,6.669027745075179,7.9342168456433395,9.256250031019206,2025-09-22 08:47:17
naive_adjacency,waste_collection_area,81,3,512,000001001000000100000010010000100000,0,7.8450493317906735,6.669027745075179,7.9342168456433395,9.256250031019206,2025-09-22 08:47:17
naive_adjacency,waste_collection_area,81,3,512,000010001000000001000100010000100000,0,7.879150862475356,6.669027745075179,7.9342168456433395,9.256250031019206,2025-09-22 08:47:17
naive_adjacency,waste_collection_area,81,3,512,000001001000000010000100010000100000,0,6.935227369222175,6.669027745075179,7.9342168456433395,9.256250031019206,2025-09-22 08:47:17
naive_adjacency,waste_collection_area,81,3,512,000100000010001000000001010000100000,0,7.943654633319429,6.669027745075179,7.9342168456433395,9.256250031019206,2025-09-22 08:47:17
naive_adjacency,waste_collection_area,81,3,512,000100000001001000000010010000100000,0,8.288761585154562,6.669027745075179,7.9342168456433395,9.256250031019206,2025-09-22 08:47:17
naive_adjacency,waste_collection_area,81,3,512,000010000100001000000001010000100000,0,8.853476595887928,6.669027745075179,7.9342168456433395,9.256250031019206,2025-09-22 08:47:17
naive_adjacency,waste_collection_area,81,3,512,000001000100001000000010010000100000,0,7.372001032605879,6.669027745075179,7.9342168456433395,9.256250031019206,2025-09-22 08:47:17
naive_adjacency,waste_collection_area,81,3,512,000010000001001000000100010000100000,0,9.256250031019205,6.669027745075179,7.9342168456433395,9.256250031019206,2025-09-22 08:47:17
naive_adjacency,waste_collection_area,81,3,512,000001000010001000000100010000100000,0,7.429667515902026,6.669027745075179,7.9342168456433395,9.256250031019206,2025-09-22 08:47:17
naive_adjacency,waste_collection_area,81,3,512,000100000010000001001000010000100000,0,8.580439684193005,6.669027745075179,7.9342168456433395,9.256250031019206,2025-09-22 08:47:17
naive_adjacency,waste_collection_area,81,3,512,000100000001000010001000010000100000,0,8.49561026019236,6.669027745075179,7.9342168456433395,9.256250031019206,2025-09-22 08:47:17
naive_adjacency,waste_collection_area,81,3,512,000010000100000001001000010000100000,0,7.670617721624506,6.669027745075179,7.9342168456433395,9.256250031019206,2025-09-22 08:47:17
naive_adjacency,waste_collection_area,81,3,512,000001000100000010001000010000100000,0,6.66902774507518,6.669027745075179,7.9342168456433395,9.256250031019206,2025-09-22 08:47:17
naive_adjacency,waste_collection_area,81,3,512,000010000001000100001000010000100000,0,8.553276743488505,6.669027745075179,7.9342168456433395,9.256250031019206,2025-09-22 08:47:17
naive_adjacency,waste_collection_area,81,3,512,000001000010000100001000010000100000,0,7.636516190939822,6.669027745075179,7.9342168456433395,9.256250031019206,2025-09-22 08:47:17
node_visit_time,waste_collection_area,81,3,512,000001010011100,0,7.636516190939824,6.66902774507518,7.934216845643317,9.256250031019205,2025-09-22 08:49:09
node_visit_time,waste_collection_area,81,3,512,000001010100011,1,8.5252743298487,6.66902774507518,7.934216845643317,9.256250031019205,2025-09-22 08:49:09
node_visit_time,waste_collection_area,81,3,512,000001011010100,0,7.534782081143273,6.66902774507518,7.934216845643317,9.256250031019205,2025-09-22 08:49:09
node_visit_time,waste_collection_area,81,3,512,000001011100010,0,8.15050330835723,6.66902774507518,7.934216845643317,9.256250031019205,2025-09-22 08:49:09
node_visit_time,waste_collection_area,81,3,512,000001100010011,0,8.853476595887928,6.66902774507518,7.934216845643317,9.256250031019205,2025-09-22 08:49:09
node_visit_time,waste_collection_area,81,3,512,000001100011010,0,8.580439684193003,6.66902774507518,7.934216845643317,9.256250031019205,2025-09-22 08:49:09
node_visit_time,waste_collection_area,81,3,512,000010001011100,0,7.4296675159020245,6.66902774507518,7.934216845643317,9.256250031019205,2025-09-22 08:49:09
node_visit_time,waste_collection_area,81,3,512,000010001100011,0,8.045388743115979,6.66902774507518,7.934216845643317,9.256250031019205,2025-09-22 08:49:09
node_visit_time,waste_collection_area,81,3,512,000010011001100,0,7.800981705290269,6.66902774507518,7.934216845643317,9.256250031019205,2025-09-22 08:49:09
node_visit_time,waste_collection_area,81,3,512,000010011100001,0,8.553276743488507,6.66902774507518,7.934216845643317,9.256250031019205,2025-09-22 08:49:09
node_visit_time,waste_collection_area,81,3,512,000010100001011,0,8.744905198543451,6.66902774507518,7.934216845643317,9.256250031019205,2025-09-22 08:49:09
node_visit_time,waste_collection_area,81,3,512,000010100011001,0,8.881479009527732,6.66902774507518,7.934216845643317,9.256250031019205,2025-09-22 08:49:09
node_visit_time,waste_collection_area,81,3,512,000011001010100,0,7.054896494410553,6.66902774507518,7.934216845643317,9.256250031019205,2025-09-22 08:49:09
node_visit_time,waste_collection_area,81,3,512,000011001100010,0,7.943654633319429,6.66902774507518,7.934216845643317,9.256250031019205,2025-09-22 08:49:09
node_visit_time,waste_collection_area,81,3,512,000011010001100,0,7.527944793595344,6.66902774507518,7.934216845643317,9.256250031019205,2025-09-22 08:49:09
node_visit_time,waste_collection_area,81,3,512,000011010100001,0,8.826313655183428,6.66902774507518,7.934216845643317,9.256250031019205,2025-09-22 08:49:09
node_visit_time,waste_collection_area,81,3,512,000011100001010,0,8.84663930834,6.66902774507518,7.934216845643317,9.256250031019205,2025-09-22 08:49:09
node_visit_time,waste_collection_area,81,3,512,000011100010001,0,9.256250031019205,6.66902774507518,7.934216845643317,9.256250031019205,2025-09-22 08:49:09
node_visit_time,waste_collection_area,81,3,512,000100001010011,0,7.670617721624508,6.66902774507518,7.934216845643317,9.256250031019205,2025-09-22 08:49:09
node_visit_time,waste_collection_area,81,3,512,000100001011010,0,7.943654633319429,6.66902774507518,7.934216845643317,9.256250031019205,2025-09-22 08:49:09
node_visit_time,waste_collection_area,81,3,512,000100010001011,0,8.041931911012751,6.66902774507518,7.934216845643317,9.256250031019205,2025-09-22 08:49:09
node_visit_time,waste_collection_area,81,3,512,000100010011001,0,8.451542633691956,6.66902774507518,7.934216845643317,9.256250031019205,2025-09-22 08:49:09
node_visit_time,waste_collection_area,81,3,512,000100011001010,0,8.416702932504224,6.66902774507518,7.934216845643317,9.256250031019205,2025-09-22 08:49:09
node_visit_time,waste_collection_area,81,3,512,000100011010001,0,8.553276743488503,6.66902774507518,7.934216845643317,9.256250031019205,2025-09-22 08:49:09
node_visit_time,waste_collection_area,81,3,512,001000010011100,0,6.66902774507518,6.66902774507518,7.934216845643317,9.256250031019205,2025-09-22 08:49:09
node_visit_time,waste_collection_area,81,3,512,001000010100011,0,7.557785883984057,6.66902774507518,7.934216845643317,9.256250031019205,2025-09-22 08:49:09
node_visit_time,waste_collection_area,81,3,512,001000011010100,0,7.040341934463423,6.66902774507518,7.934216845643317,9.256250031019205,2025-09-22 08:49:09
node_visit_time,waste_collection_area,81,3,512,001000011100010,0,8.065673884356585,6.66902774507518,7.934216845643317,9.256250031019205,2025-09-22 08:49:09
node_visit_time,waste_collection_area,81,3,512,001000100010011,0,8.359036449208078,6.66902774507518,7.934216845643317,9.256250031019205,2025-09-22 08:49:09
node_visit_time,waste_collection_area,81,3,512,001000100011010,0,8.495610260192358,6.66902774507518,7.934216845643317,9.256250031019205,2025-09-22 08:49:09
node_visit_time,waste_collection_area,81,3,512,001010000011100,0,7.372001032605881,6.66902774507518,7.934216845643317,9.256250031019205,2025-09-22 08:49:09
node_visit_time,waste_collection_area,81,3,512,001010000100011,0,7.987722259819835,6.66902774507518,7.934216845643317,9.256250031019205,2025-09-22 08:49:09
node_visit_time,waste_collection_area,81,3,512,001010011000100,0,7.415112955954897,6.66902774507518,7.934216845643317,9.256250031019205,2025-09-22 08:49:09
node_visit_time,waste_collection_area,81,3,512,001010011100000,0,7.551686766939181,6.66902774507518,7.934216845643317,9.256250031019205,2025-09-22 08:49:09
node_visit_time,waste_collection_area,81,3,512,001010100000011,0,8.359036449208078,6.66902774507518,7.934216845643317,9.256250031019205,2025-09-22 08:49:09
node_visit_time,waste_collection_area,81,3,512,001010100011000,0,7.879889032978406,6.66902774507518,7.934216845643317,9.256250031019205,2025-09-22 08:49:09
node_visit_time,waste_collection_area,81,3,512,001011000010100,0,7.263429635261403,6.66902774507518,7.934216845643317,9.256250031019205,2025-09-22 08:49:09
node_visit_time,waste_collection_area,81,3,512,001011000100010,0,8.288761585154562,6.66902774507518,7.934216845643317,9.256250031019205,2025-09-22 08:49:09
node_visit_time,waste_collection_area,81,3,512,001011010000100,0,6.935227369222174,6.66902774507518,7.934216845643317,9.256250031019205,2025-09-22 08:49:09
node_visit_time,waste_collection_area,81,3,512,001011010100000,0,7.34483809190138,6.66902774507518,7.934216845643317,9.256250031019205,2025-09-22 08:49:09
node_visit_time,waste_collection_area,81,3,512,001011100000010,0,8.761809884339355,6.66902774507518,7.934216845643317,9.256250031019205,2025-09-22 08:49:09
node_visit_time,waste_collection_area,81,3,512,001011100010000,0,8.146088657125402,6.66902774507518,7.934216845643317,9.256250031019205,2025-09-22 08:49:09
node_visit_time,waste_collection_area,81,3,512,001100000010011,0,7.87915086247536,6.66902774507518,7.934216845643317,9.256250031019205,2025-09-22 08:49:09
node_visit_time,waste_collection_area,81,3,512,001100000011010,0,8.288761585154562,6.66902774507518,7.934216845643317,9.256250031019205,2025-09-22 08:49:09
node_visit_time,waste_collection_area,81,3,512,001100010000011,0,7.4492144866395815,6.66902774507518,7.934216845643317,9.256250031019205,2025-09-22 08:49:09
node_visit_time,waste_collection_area,81,3,512,001100010011000,0,6.970067070409908,6.66902774507518,7.934216845643317,9.256250031019205,2025-09-22 08:49:09
node_visit_time,waste_collection_area,81,3,512,001100011000010,0,8.331873508503579,6.66902774507518,7.934216845643317,9.256250031019205,2025-09-22 08:49:09
node_visit_time,waste_collection_area,81,3,512,001100011010000,0,7.443115369594702,6.66902774507518,7.934216845643317,9.256250031019205,2025-09-22 08:49:09
node_visit_time,waste_collection_area,81,3,512,010000001011100,0,6.935227369222176,6.66902774507518,7.934216845643317,9.256250031019205,2025-09-22 08:49:09
node_visit_time,waste_collection_area,81,3,512,010000001100011,0,7.960559319115334,6.66902774507518,7.934216845643317,9.256250031019205,2025-09-22 08:49:09
node_visit_time,waste_collection_area,81,3,512,010000011001100,0,6.833493259425626,6.66902774507518,7.934216845643317,9.256250031019205,2025-09-22 08:49:09
node_visit_time,waste_collection_area,81,3,512,010000011100001,0,7.585788297623862,6.66902774507518,7.934216845643317,9.256250031019205,2025-09-22 08:49:09
node_visit_time,waste_collection_area,81,3,512,010000100001011,0,8.660075774542806,6.66902774507518,7.934216845643317,9.256250031019205,2025-09-22 08:49:09
node_visit_time,waste_collection_area,81,3,512,010000100011001,0,8.387038862847882,6.66902774507518,7.934216845643317,9.256250031019205,2025-09-22 08:49:09
node_visit_time,waste_collection_area,81,3,512,010001000011100,0,7.845049331790673,6.66902774507518,7.934216845643317,9.256250031019205,2025-09-22 08:49:09
node_visit_time,waste_collection_area,81,3,512,010001000100011,0,8.870381281683832,6.66902774507518,7.934216845643317,9.256250031019205,2025-09-22 08:49:09
node_visit_time,waste_collection_area,81,3,512,010001011000100,0,6.942064656770102,6.66902774507518,7.934216845643317,9.256250031019205,2025-09-22 08:49:09
node_visit_time,waste_collection_area,81,3,512,010001011100000,0,6.669027745075181,6.66902774507518,7.934216845643317,9.256250031019205,2025-09-22 08:49:09
node_visit_time,waste_collection_area,81,3,512,010001100000011,0,8.768647171887283,6.66902774507518,7.934216845643317,9.256250031019205,2025-09-22 08:49:09
node_visit_time,waste_collection_area,81,3,512,010001100011000,0,7.4702783102992,6.66902774507518,7.934216845643317,9.256250031019205,2025-09-22 08:49:09
node_visit_time,waste_collection_area,81,3,512,010011000001100,0,7.470278310299202,6.66902774507518,7.934216845643317,9.256250031019205,2025-09-22 08:49:09
node_visit_time,waste_collection_area,81,3,512,010011000100001,0,8.768647171887284,6.66902774507518,7.934216845643317,9.256250031019205,2025-09-22 08:49:09
node_visit_time,waste_collection_area,81,3,512,010011001000100,0,6.66902774507518,6.66902774507518,7.934216845643317,9.256250031019205,2025-09-22 08:49:09
node_visit_time,waste_collection_area,81,3,512,010011001100000,0,6.942064656770104,6.66902774507518,7.934216845643317,9.256250031019205,2025-09-22 08:49:09
node_visit_time,waste_collection_area,81,3,512,010011100000001,0,8.870381281683834,6.66902774507518,7.934216845643317,9.256250031019205,2025-09-22 08:49:09
node_visit_time,waste_collection_area,81,3,512,010011100001000,0,7.845049331790674,6.66902774507518,7.934216845643317,9.256250031019205,2025-09-22 08:49:09
node_visit_time,waste_collection_area,81,3,512,010100000001011,0,8.387038862847884,6.66902774507518,7.934216845643317,9.256250031019205,2025-09-22 08:49:09
node_visit_time,waste_collection_area,81,3,512,010100000011001,0,8.660075774542806,6.66902774507518,7.934216845643317,9.256250031019205,2025-09-22 08:49:09
node_visit_time,waste_collection_area,81,3,512,010100001000011,0,7.585788297623862,6.66902774507518,7.934216845643317,9.256250031019205,2025-09-22 08:49:09
node_visit_time,waste_collection_area,81,3,512,010100001011000,0,6.8334932594256275,6.66902774507518,7.934216845643317,9.256250031019205,2025-09-22 08:49:09
node_visit_time,waste_collection_area,81,3,512,010100011000001,0,7.960559319115335,6.66902774507518,7.934216845643317,9.256250031019205,2025-09-22 08:49:09
node_visit_time,waste_collection_area,81,3,512,010100011001000,0,6.935227369222176,6.66902774507518,7.934216845643317,9.256250031019205,2025-09-22 08:49:09
node_visit_time,waste_collection_area,81,3,512,011000001010100,0,7.443115369594701,6.66902774507518,7.934216845643317,9.256250031019205,2025-09-22 08:49:09
node_visit_time,waste_collection_area,81,3,512,011000001100010,0,8.33187350850358,6.66902774507518,7.934216845643317,9.256250031019205,2025-09-22 08:49:09
node_visit_time,waste_collection_area,81,3,512,011000010001100,0,6.970067070409907,6.66902774507518,7.934216845643317,9.256250031019205,2025-09-22 08:49:09
node_visit_time,waste_collection_area,81,3,512,011000010100001,0,7.4492144866395815,6.66902774507518,7.934216845643317,9.256250031019205,2025-09-22 08:49:09
node_visit_time,waste_collection_area,81,3,512,011000100001010,0,8.288761585154562,6.66902774507518,7.934216845643317,9.256250031019205,2025-09-22 08:49:09
node_visit_time,waste_collection_area,81,3,512,011000100010001,0,7.879150862475356,6.66902774507518,7.934216845643317,9.256250031019205,2025-09-22 08:49:09
node_visit_time,waste_collection_area,81,3,512,011001000010100,0,8.1460886571254,6.66902774507518,7.934216845643317,9.256250031019205,2025-09-22 08:49:09
node_visit_time,waste_collection_area,81,3,512,011001000100010,1,8.761809884339357,6.66902774507518,7.934216845643317,9.256250031019205,2025-09-22 08:49:09
node_visit_time,waste_collection_area,81,3,512,011001010000100,0,7.34483809190138,6.66902774507518,7.934216845643317,9.256250031019205,2025-09-22 08:49:09
node_visit_time,waste_collection_area,81,3,512,011001010100000,0,6.9352273692221775,6.66902774507518,7.934216845643317,9.256250031019205,2025-09-22 08:49:09
node_visit_time,waste_collection_area,81,3,512,011001100000010,0,8.288761585154562,6.66902774507518,7.934216845643317,9.256250031019205,2025-09-22 08:49:09
node_visit_time,waste_collection_area,81,3,512,011001100010000,0,7.263429635261403,6.66902774507518,7.934216845643317,9.256250031019205,2025-09-22 08:49:09
node_visit_time,waste_collection_area,81,3,512,011010000001100,0,7.879889032978405,6.66902774507518,7.934216845643317,9.256250031019205,2025-09-22 08:49:09
node_visit_time,waste_collection_area,81,3,512,011010000100001,0,8.35903644920808,6.66902774507518,7.934216845643317,9.256250031019205,2025-09-22 08:49:09
node_visit_time,waste_collection_area,81,3,512,011010001000100,0,7.551686766939176,6.66902774507518,7.934216845643317,9.256250031019205,2025-09-22 08:49:09
node_visit_time,waste_collection_area,81,3,512,011010001100000,0,7.415112955954897,6.66902774507518,7.934216845643317,9.256250031019205,2025-09-22 08:49:09
node_visit_time,waste_collection_area,81,3,512,011010100000001,0,7.987722259819835,6.66902774507518,7.934216845643317,9.256250031019205,2025-09-22 08:49:09
node_visit_time,waste_collection_area,81,3,512,011010100001000,0,7.372001032605878,6.66902774507518,7.934216845643317,9.256250031019205,2025-09-22 08:49:09
node_visit_time,waste_collection_area,81,3,512,011100000001010,0,8.495610260192361,6.66902774507518,7.934216845643317,9.256250031019205,2025-09-22 08:49:09
node_visit_time,waste_collection_area,81,3,512,011100000010001,0,8.359036449208078,6.66902774507518,7.934216845643317,9.256250031019205,2025-09-22 08:49:09
node_visit_time,waste_collection_area,81,3,512,011100001000010,0,8.065673884356583,6.66902774507518,7.934216845643317,9.256250031019205,2025-09-22 08:49:09
node_visit_time,waste_collection_area,81,3,512,011100001010000,0,7.040341934463426,6.66902774507518,7.934216845643317,9.256250031019205,2025-09-22 08:49:09
node_visit_time,waste_collection_area,81,3,512,011100010000001,0,7.557785883984059,6.66902774507518,7.934216845643317,9.256250031019205,2025-09-22 08:49:09
node_visit_time,waste_collection_area,81,3,512,011100010001000,0,6.66902774507518,6.66902774507518,7.934216845643317,9.256250031019205,2025-09-22 08:49:09
node_visit_time,waste_collection_area,81,3,512,100000001010011,0,8.553276743488507,6.66902774507518,7.934216845643317,9.256250031019205,2025-09-22 08:49:09
node_visit_time,waste_collection_area,81,3,512,100000001011010,0,8.416702932504224,6.66902774507518,7.934216845643317,9.256250031019205,2025-09-22 08:49:09
node_visit_time,waste_collection_area,81,3,512,100000010001011,0,8.451542633691956,6.66902774507518,7.934216845643317,9.256250031019205,2025-09-22 08:49:09
node_visit_time,waste_collection_area,81,3,512,100000010011001,0,8.041931911012753,6.66902774507518,7.934216845643317,9.256250031019205,2025-09-22 08:49:09
node_visit_time,waste_collection_area,81,3,512,100000011001010,0,7.943654633319431,6.66902774507518,7.934216845643317,9.256250031019205,2025-09-22 08:49:09
node_visit_time,waste_collection_area,81,3,512,100000011010001,0,7.670617721624506,6.66902774507518,7.934216845643317,9.256250031019205,2025-09-22 08:49:09
node_visit_time,waste_collection_area,81,3,512,100001000010011,0,9.256250031019205,6.66902774507518,7.934216845643317,9.256250031019205,2025-09-22 08:49:09
node_visit_time,waste_collection_area,81,3,512,100001000011010,0,8.84663930834,6.66902774507518,7.934216845643317,9.256250031019205,2025-09-22 08:49:09
node_visit_time,waste_collection_area,81,3,512,100001010000011,0,8.826313655183428,6.66902774507518,7.934216845643317,9.256250031019205,2025-09-22 08:49:09
node_visit_time,waste_collection_area,81,3,512,100001010011000,0,7.527944793595349,6.66902774507518,7.934216845643317,9.256250031019205,2025-09-22 08:49:09
node_visit_time,waste_collection_area,81,3,512,100001011000010,0,7.943654633319431,6.66902774507518,7.934216845643317,9.256250031019205,2025-09-22 08:49:09
node_visit_time,waste_collection_area,81,3,512,100001011010000,0,7.054896494410553,6.66902774507518,7.934216845643317,9.256250031019205,2025-09-22 08:49:09
node_visit_time,waste_collection_area,81,3,512,100010000001011,0,8.881479009527734,6.66902774507518,7.934216845643317,9.256250031019205,2025-09-22 08:49:09
node_visit_time,waste_collection_area,81,3,512,100010000011001,0,8.744905198543453,6.66902774507518,7.934216845643317,9.256250031019205,2025-09-22 08:49:09
node_visit_time,waste_collection_area,81,3,512,100010001000011,0,8.553276743488505,6.66902774507518,7.934216845643317,9.256250031019205,2025-09-22 08:49:09
node_visit_time,waste_collection_area,81,3,512,100010001011000,0,7.800981705290271,6.66902774507518,7.934216845643317,9.256250031019205,2025-09-22 08:49:09
node_visit_time,waste_collection_area,81,3,512,100010011000001,0,8.045388743115982,6.66902774507518,7.934216845643317,9.256250031019205,2025-09-22 08:49:09
node_visit_time,waste_collection_area,81,3,512,100010011001000,0,7.429667515902025,6.66902774507518,7.934216845643317,9.256250031019205,2025-09-22 08:49:09
node_visit_time,waste_collection_area,81,3,512,100011000001010,0,8.580439684193006,6.66902774507518,7.934216845643317,9.256250031019205,2025-09-22 08:49:09
node_visit_time,waste_collection_area,81,3,512,100011000010001,0,8.853476595887928,6.66902774507518,7.934216845643317,9.256250031019205,2025-09-22 08:49:09
node_visit_time,waste_collection_area,81,3,512,100011001000010,0,8.150503308357226,6.66902774507518,7.934216845643317,9.256250031019205,2025-09-22 08:49:09
node_visit_time,waste_collection_area,81,3,512,100011001010000,0,7.534782081143275,6.66902774507518,7.934216845643317,9.256250031019205,2025-09-22 08:49:09
node_visit_time,waste_collection_area,81,3,512,100011010000001,0,8.5252743298487,6.66902774507518,7.934216845643317,9.256250031019205,2025-09-22 08:49:09
node_visit_time,waste_collection_area,81,3,512,100011010001000,0,7.636516190939821,6.66902774507518,7.934216845643317,9.256250031019205,2025-09-22 08:49:09
naive_adjacency,waste_collection_area,80,3,512,100000010000001000000100000010000001,0,0.9212916040140684,0.7279593994837412,0.8439587222019395,0.9212916040140685,2025-09-22 08:50:20
naive_adjacency,waste_collection_area,80,3,512,100000010000001000000100000001000010,0,0.9212916040140685,0.7279593994837412,0.8439587222019395,0.9212916040140685,2025-09-22 08:50:20
naive_adjacency,waste_collection_area,80,3,512,100000010000001000000010000100000001,0,0.9212916040140684,0.7279593994837412,0.8439587222019395,0.9212916040140685,2025-09-22 08:50:20
naive_adjacency,waste_collection_area,80,3,512,100000010000001000000001000100000010,0,0.9212916040140685,0.7279593994837412,0.8439587222019395,0.9212916040140685,2025-09-22 08:50:20
naive_adjacency,waste_collection_area,80,3,512,100000010000001000000010000001000100,0,0.7279593994837413,0.7279593994837412,0.8439587222019395,0.9212916040140685,2025-09-22 08:50:20
naive_adjacency,waste_collection_area,80,3,512,100000010000001000000001000010000100,0,0.7279593994837413,0.7279593994837412,0.8439587222019395,0.9212916040140685,2025-09-22 08:50:20
naive_adjacency,waste_collection_area,80,3,512,100000010000000100001000000010000001,0,0.9212916040140684,0.7279593994837412,0.8439587222019395,0.9212916040140685,2025-09-22 08:50:20
naive_adjacency,waste_collection_area,80,3,512,100000010000000100001000000001000010,0,0.7279593994837413,0.7279593994837412,0.8439587222019395,0.9212916040140685,2025-09-22 08:50:20
naive_adjacency,waste_collection_area,80,3,512,100000010000000010001000000100000001,0,0.7279593994837412,0.7279593994837412,0.8439587222019395,0.9212916040140685,2025-09-22 08:50:20
naive_adjacency,waste_collection_area,80,3,512,100000010000000001001000000100000010,0,0.7279593994837412,0.7279593994837412,0.8439587222019395,0.9212916040140685,2025-09-22 08:50:20
naive_adjacency,waste_collection_area,80,3,512,100000010000000010001000000001000100,0,0.7279593994837413,0.7279593994837412,0.8439587222019395,0.9212916040140685,2025-09-22 08:50:20
naive_adjacency,waste_collection_area,80,3,512,100000010000000001001000000010000100,0,0.9212916040140685,0.7279593994837412,0.8439587222019395,0.9212916040140685,2025-09-22 08:50:20
naive_adjacency,waste_collection_area,80,3,512,100000010000000100000010001000000001,0,0.9212916040140684,0.7279593994837412,0.8439587222019395,0.9212916040140685,2025-09-22 08:50:20
naive_adjacency,waste_collection_area,80,3,512,100000010000000100000001001000000010,0,0.7279593994837413,0.7279593994837412,0.8439587222019395,0.9212916040140685,2025-09-22 08:50:20
naive_adjacency,waste_collection_area,80,3,512,100000010000000010000100001000000001,0,0.7279593994837412,0.7279593994837412,0.8439587222019395,0.9212916040140685,2025-09-22 08:50:20
naive_adjacency,waste_collection_area,80,3,512,100000010000000001000100001000000010,0,0.7279593994837412,0.7279593994837412,0.8439587222019395,0.9212916040140685,2025-09-22 08:50:20
naive_adjacency,waste_collection_area,80,3,512,100000010000000010000001001000000100,0,0.7279593994837413,0.7279593994837412,0.8439587222019395,0.9212916040140685,2025-09-22 08:50:20
naive_adjacency,waste_collection_area,80,3,512,100000010000000001000010001000000100,0,0.9212916040140685,0.7279593994837412,0.8439587222019395,0.9212916040140685,2025-09-22 08:50:20
naive_adjacency,waste_collection_area,80,3,512,100000010000000100000010000001001000,0,0.7279593994837413,0.7279593994837412,0.8439587222019395,0.9212916040140685,2025-09-22 08:50:20
naive_adjacency,waste_collection_area,80,3,512,100000010000000100000001000010001000,0,0.7279593994837413,0.7279593994837412,0.8439587222019395,0.9212916040140685,2025-09-22 08:50:20
naive_adjacency,waste_collection_area,80,3,512,100000010000000010000100000001001000,0,0.9212916040140685,0.7279593994837412,0.8439587222019395,0.9212916040140685,2025-09-22 08:50:20
naive_adjacency,waste_collection_area,80,3,512,100000010000000001000100000010001000,0,0.9212916040140685,0.7279593994837412,0.8439587222019395,0.9212916040140685,2025-09-22 08:50:20
naive_adjacency,waste_collection_area,80,3,512,100000010000000010000001000100001000,0,0.9212916040140685,0.7279593994837412,0.8439587222019395,0.9212916040140685,2025-09-22 08:50:20
naive_adjacency,waste_collection_area,80,3,512,100000010000000001000010000100001000,0,0.9212916040140685,0.7279593994837412,0.8439587222019395,0.9212916040140685,2025-09-22 08:50:20
naive_adjacency,waste_collection_area,80,3,512,100000001000010000000100000010000001,0,0.9212916040140685,0.7279593994837412,0.8439587222019395,0.9212916040140685,2025-09-22 08:50:20
naive_adjacency,waste_collection_area,80,3,512,100000001000010000000100000001000010,0,0.9212916040140685,0.7279593994837412,0.8439587222019395,0.9212916040140685,2025-09-22 08:50:20
naive_adjacency,waste_collection_area,80,3,512,100000001000010000000010000100000001,0,0.9212916040140685,0.7279593994837412,0.8439587222019395,0.9212916040140685,2025-09-22 08:50:20
naive_adjacency,waste_collection_area,80,3,512,100000001000010000000001000100000010,0,0.9212916040140685,0.7279593994837412,0.8439587222019395,0.9212916040140685,2025-09-22 08:50:20
naive_adjacency,waste_collection_area,80,3,512,100000001000010000000010000001000100,0,0.9212916040140685,0.7279593994837412,0.8439587222019395,0.9212916040140685,2025-09-22 08:50:20
naive_adjacency,waste_collection_area,80,3,512,100000001000010000000001000010000100,0,0.9212916040140685,0.7279593994837412,0.8439587222019395,0.9212916040140685,2025-09-22 08:50:20
naive_adjacency,waste_collection_area,80,3,512,100000000100010000001000000010000001,0,0.9212916040140685,0.7279593994837412,0.8439587222019395,0.9212916040140685,2025-09-22 08:50:20
naive_adjacency,waste_collection_area,80,3,512,100000000100010000001000000001000010,0,0.9212916040140685,0.7279593994837412,0.8439587222019395,0.9212916040140685,2025-09-22 08:50:20
naive_adjacency,waste_collection_area,80,3,512,100000000010010000001000000100000001,0,0.9212916040140685,0.7279593994837412,0.8439587222019395,0.9212916040140685,2025-09-22 08:50:20
naive_adjacency,waste_collection_area,80,3,512,100000000001010000001000000100000010,0,0.9212916040140684,0.7279593994837412,0.8439587222019395,0.9212916040140685,2025-09-22 08:50:20
naive_adjacency,waste_collection_area,80,3,512,100000000010010000001000000001000100,0,0.9212916040140685,0.7279593994837412,0.8439587222019395,0.9212916040140685,2025-09-22 08:50:20
naive_adjacency,waste_collection_area,80,3,512,100000000001010000001000000010000100,0,0.9212916040140684,0.7279593994837412,0.8439587222019395,0.9212916040140685,2025-09-22 08:50:20
naive_adjacency,waste_collection_area,80,3,512,100000000100010000000010001000000001,0,0.9212916040140685,0.7279593994837412,0.8439587222019395,0.9212916040140685,2025-09-22 08:50:20
naive_adjacency,waste_collection_area,80,3,512,100000000100010000000001001000000010,0,0.9212916040140685,0.7279593994837412,0.8439587222019395,0.9212916040140685,2025-09-22 08:50:20
naive_adjacency,waste_collection_area,80,3,512,100000000010010000000100001000000001,0,0.9212916040140685,0.7279593994837412,0.8439587222019395,0.9212916040140685,2025-09-22 08:50:20
naive_adjacency,waste_collection_area,80,3,512,100000000001010000000100001000000010,0,0.9212916040140684,0.7279593994837412,0.8439587222019395,0.9212916040140685,2025-09-22 08:50:20
naive_adjacency,waste_collection_area,80,3,512,100000000010010000000001001000000100,0,0.9212916040140685,0.7279593994837412,0.8439587222019395,0.9212916040140685,2025-09-22 08:50:20
naive_adjacency,waste_collection_area,80,3,512,100000000001010000000010001000000100,0,0.9212916040140684,0.7279593994837412,0.8439587222019395,0.9212916040140685,2025-09-22 08:50:20
naive_adjacency,waste_collection_area,80,3,512,100000000100010000000010000001001000,0,0.7279593994837413,0.7279593994837412,0.8439587222019395,0.9212916040140685,2025-09-22 08:50:20
naive_adjacency,waste_collection_area,80,3,512,100000000100010000000001000010001000,0,0.7279593994837413,0.7279593994837412,0.8439587222019395,0.9212916040140685,2025-09-22 08:50:20
naive_adjacency,waste_collection_area,80,3,512,100000000010010000000100000001001000,0,0.7279593994837413,0.7279593994837412,0.8439587222019395,0.9212916040140685,2025-09-22 08:50:20
naive_adjacency,waste_collection_area,80,3,512,100000000001010000000100000010001000,0,0.7279593994837412,0.7279593994837412,0.8439587222019395,0.9212916040140685,2025-09-22 08:50:20
naive_adjacency,waste_collection_area,80,3,512,100000000010010000000001000100001000,0,0.7279593994837413,0.7279593994837412,0.8439587222019395,0.9212916040140685,2025-09-22 08:50:20
naive_adjacency,waste_collection_area,80,3,512,100000000001010000000010000100001000,0,0.7279593994837412,0.7279593994837412,0.8439587222019395,0.9212916040140685,2025-09-22 08:50:20
naive_adjacency,waste_collection_area,80,3,512,100000001000000100010000000010000001,0,0.9212916040140684,0.7279593994837412,0.8439587222019395,0.9212916040140685,2025-09-22 08:50:20
naive_adjacency,waste_collection_area,80,3,512,100000001000000100010000000001000010,0,0.7279593994837413,0.7279593994837412,0.8439587222019395,0.9212916040140685,2025-09-22 08:50:20
naive_adjacency,waste_collection_area,80,3,512,100000001000000010010000000100000001,0,0.7279593994837412,0.7279593994837412,0.8439587222019395,0.9212916040140685,2025-09-22 08:50:20
naive_adjacency,waste_collection_area,80,3,512,100000001000000001010000000100000010,0,0.7279593994837412,0.7279593994837412,0.8439587222019395,0.9212916040140685,2025-09-22 08:50:20
naive_adjacency,waste_collection_area,80,3,512,100000001000000010010000000001000100,0,0.7279593994837413,0.7279593994837412,0.8439587222019395,0.9212916040140685,2025-09-22 08:50:20
naive_adjacency,waste_collection_area,80,3,512,100000001000000001010000000010000100,0,0.9212916040140685,0.7279593994837412,0.8439587222019395,0.9212916040140685,2025-09-22 08:50:20
naive_adjacency,waste_collection_area,80,3,512,100000000100001000010000000010000001,0,0.9212916040140685,0.7279593994837412,0.8439587222019395,0.9212916040140685,2025-09-22 08:50:20
naive_adjacency,waste_collection_area,80,3,512,100000000100001000010000000001000010,0,0.9212916040140685,0.7279593994837412,0.8439587222019395,0.9212916040140685,2025-09-22 08:50:20
naive_adjacency,waste_collection_area,80,3,512,100000000010001000010000000100000001,0,0.9212916040140685,0.7279593994837412,0.8439587222019395,0.9212916040140685,2025-09-22 08:50:20
naive_adjacency,waste_collection_area,80,3,512,100000000001001000010000000100000010,0,0.9212916040140684,0.7279593994837412,0.8439587222019395,0.9212916040140685,2025-09-22 08:50:20
naive_adjacency,waste_collection_area,80,3,512,100000000010001000010000000001000100,0,0.7279593994837413,0.7279593994837412,0.8439587222019395,0.9212916040140685,2025-09-22 08:50:20
naive_adjacency,waste_collection_area,80,3,512,100000000001001000010000000010000100,0,0.7279593994837412,0.7279593994837412,0.8439587222019395,0.9212916040140685,2025-09-22 08:50:20
naive_adjacency,waste_collection_area,80,3,512,100000000100000010010000001000000001,0,0.7279593994837412,0.7279593994837412,0.8439587222019395,0.9212916040140685,2025-09-22 08:50:20
naive_adjacency,waste_collection_area,80,3,512,100000000100000001010000001000000010,0,0.7279593994837412,0.7279593994837412,0.8439587222019395,0.9212916040140685,2025-09-22 08:50:20
naive_adjacency,waste_collection_area,80,3,512,100000000010000100010000001000000001,0,0.9212916040140685,0.7279593994837412,0.8439587222019395,0.9212916040140685,2025-09-22 08:50:20
naive_adjacency,waste_collection_area,80,3,512,100000000001000100010000001000000010,0,0.7279593994837412,0.7279593994837412,0.8439587222019395,0.9212916040140685,2025-09-22 08:50:20
naive_adjacency,waste_collection_area,80,3,512,100000000010000001010000001000000100,0,0.9212916040140685,0.7279593994837412,0.8439587222019395,0.9212916040140685,2025-09-22 08:50:20
naive_adjacency,waste_collection_area,80,3,512,100000000001000010010000001000000100,0,0.7279593994837412,0.7279593994837412,0.8439587222019395,0.9212916040140685,2025-09-22 08:50:20
naive_adjacency,waste_collection_area,80,3,512,100000000100000010010000000001001000,0,0.9212916040140685,0.7279593994837412,0.8439587222019395,0.9212916040140685,2025-09-22 08:50:20
naive_adjacency,waste_collection_area,80,3,512,100000000100000001010000000010001000,0,0.9212916040140685,0.7279593994837412,0.8439587222019395,0.9212916040140685,2025-09-22 08:50:20
naive_adjacency,waste_collection_area,80,3,512,100000000010000100010000000001001000,0,0.7279593994837413,0.7279593994837412,0.8439587222019395,0.9212916040140685,2025-09-22 08:50:20
naive_adjacency,waste_collection_area,80,3,512,100000000001000100010000000010001000,0,0.7279593994837412,0.7279593994837412,0.8439587222019395,0.9212916040140685,2025-09-22 08:50:20
naive_adjacency,waste_collection_area,80,3,512,100000000010000001010000000100001000,0,0.9212916040140684,0.7279593994837412,0.8439587222019395,0.9212916040140685,2025-09-22 08:50:20
naive_adjacency,waste_collection_area,80,3,512,100000000001000010010000000100001000,0,0.9212916040140684,0.7279593994837412,0.8439587222019395,0.9212916040140685,2025-09-22 08:50:20
naive_adjacency,waste_collection_area,80,3,512,100000001000000100000010010000000001,0,0.9212916040140684,0.7279593994837412,0.8439587222019395,0.9212916040140685,2025-09-22 08:50:20
naive_adjacency,waste_collection_area,80,3,512,100000001000000100000001010000000010,0,0.7279593994837413,0.7279593994837412,0.8439587222019395,0.9212916040140685,2025-09-22 08:50:20
naive_adjacency,waste_collection_area,80,3,512,100000001000000010000100010000000001,0,0.7279593994837412,0.7279593994837412,0.8439587222019395,0.9212916040140685,2025-09-22 08:50:20
naive_adjacency,waste_collection_area,80,3,512,100000001000000001000100010000000010,0,0.7279593994837412,0.7279593994837412,0.8439587222019395,0.9212916040140685,2025-09-22 08:50:20
naive_adjacency,waste_collection_area,80,3,512,100000001000000010000001010000000100,0,0.7279593994837413,0.7279593994837412,0.8439587222019395,0.9212916040140685,2025-09-22 08:50:20
naive_adjacency,waste_collection_area,80,3,512,100000001000000001000010010000000100,0,0.9212916040140685,0.7279593994837412,0.8439587222019395,0.9212916040140685,2025-09-22 08:50:20
naive_adjacency,waste_collection_area,80,3,512,100000000100001000000010010000000001,0,0.9212916040140685,0.7279593994837412,0.8439587222019395,0.9212916040140685,2025-09-22 08:50:20
naive_adjacency,waste_collection_area,80,3,512,100000000100001000000001010000000010,0,0.9212916040140685,0.7279593994837412,0.8439587222019395,0.9212916040140685,2025-09-22 08:50:20
naive_adjacency,waste_collection_area,80,3,512,100000000010001000000100010000000001,0,0.9212916040140685,0.7279593994837412,0.8439587222019395,0.9212916040140685,2025-09-22 08:50:20
naive_adjacency,waste_collection_area,80,3,512,100000000001001000000100010000000010,0,0.9212916040140684,0.7279593994837412,0.8439587222019395,0.9212916040140685,2025-09-22 08:50:20
naive_adjacency,waste_collection_area,80,3,512,100000000010001000000001010000000100,0,0.7279593994837413,0.7279593994837412,0.8439587222019395,0.9212916040140685,2025-09-22 08:50:20
naive_adjacency,waste_collection_area,80,3,512,100000000001001000000010010000000100,0,0.7279593994837412,0.7279593994837412,0.8439587222019395,0.9212916040140685,2025-09-22 08:50:20
naive_adjacency,waste_collection_area,80,3,512,100000000100000010001000010000000001,0,0.7279593994837412,0.7279593994837412,0.8439587222019395,0.9212916040140685,2025-09-22 08:50:20
naive_adjacency,waste_collection_area,80,3,512,100000000100000001001000010000000010,0,0.7279593994837412,0.7279593994837412,0.8439587222019395,0.9212916040140685,2025-09-22 08:50:20
naive_adjacency,waste_collection_area,80,3,512,100000000010000100001000010000000001,0,0.9212916040140685,0.7279593994837412,0.8439587222019395,0.9212916040140685,2025-09-22 08:50:20
naive_adjacency,waste_collection_area,80,3,512,100000000001000100001000010000000010,0,0.7279593994837412,0.7279593994837412,0.8439587222019395,0.9212916040140685,2025-09-22 08:50:20
naive_adjacency,waste_collection_area,80,3,512,100000000010000001001000010000000100,0,0.9212916040140685,0.7279593994837412,0.8439587222019395,0.9212916040140685,2025-09-22 08:50:20
naive_adjacency,waste_collection_area,80,3,512,100000000001000010001000010000000100,0,0.7279593994837412,0.7279593994837412,0.8439587222019395,0.9212916040140685,2025-09-22 08:50:20
naive_adjacency,waste_collection_area,80,3,512,100000000100000010000001010000001000,0,0.9212916040140685,0.7279593994837412,0.8439587222019395,0.9212916040140685,2025-09-22 08:50:20
naive_adjacency,waste_collection_area,80,3,512,100000000100000001000010010000001000,0,0.9212916040140685,0.7279593994837412,0.8439587222019395,0.9212916040140685,2025-09-22 08:50:20
naive_adjacency,waste_collection_area,80,3,512,100000000010000100000001010000001000,0,0.7279593994837413,0.7279593994837412,0.8439587222019395,0.9212916040140685,2025-09-22 08:50:20
naive_adjacency,waste_collection_area,80,3,512,100000000001000100000010010000001000,0,0.7279593994837412,0.7279593994837412,0.8439587222019395,0.9212916040140685,2025-09-22 08:50:20
naive_adjacency,waste_collection_area,80,3,512,100000000010000001000100010000001000,0,0.9212916040140684,0.7279593994837412,0.8439587222019395,0.9212916040140685,2025-09-22 08:50:20
naive_adjacency,waste_collection_area,80,3,512,100000000001000010000100010000001000,0,0.9212916040140684,0.7279593994837412,0.8439587222019395,0.9212916040140685,2025-09-22 08:50:20
naive_adjacency,waste_collection_area,80,3,512,100000001000000100000010000001010000,0,0.9212916040140685,0.7279593994837412,0.8439587222019395,0.9212916040140685,2025-09-22 08:50:20
naive_adjacency,waste_collection_area,80,3,512,100000001000000100000001000010010000,0,0.9212916040140685,0.7279593994837412,0.8439587222019395,0.9212916040140685,2025-09-22 08:50:20
naive_adjacency,waste_collection_area,80,3,512,100000001000000010000100000001010000,0,0.9212916040140685,0.7279593994837412,0.8439587222019395,0.9212916040140685,2025-09-22 08:50:20
naive_adjacency,waste_collection_area,80,3,512,100000001000000001000100000010010000,0,0.9212916040140685,0.7279593994837412,0.8439587222019395,0.9212916040140685,2025-09-22 08:50:20
naive_adjacency,waste_collection_area,80,3,512,100000001000000010000001000100010000,0,0.9212916040140685,0.7279593994837412,0.8439587222019395,0.9212916040140685,2025-09-22 08:50:20
naive_adjacency,waste_collection_area,80,3,512,100000001000000001000010000100010000,0,0.9212916040140685,0.7279593994837412,0.8439587222019395,0.9212916040140685,2025-09-22 08:50:20
naive_adjacency,waste_collection_area,80,3,512,100000000100001000000010000001010000,0,0.7279593994837413,0.7279593994837412,0.8439587222019395,0.9212916040140685,2025-09-22 08:50:20
naive_adjacency,waste_collection_area,80,3,512,100000000100001000000001000010010000,0,0.7279593994837413,0.7279593994837412,0.8439587222019395,0.9212916040140685,2025-09-22 08:50:20
naive_adjacency,waste_collection_area,80,3,512,100000000010001000000100000001010000,0,0.7279593994837413,0.7279593994837412,0.8439587222019395,0.9212916040140685,2025-09-22 08:50:20
naive_adjacency,waste_collection_area,80,3,512,100000000001001000000100000010010000,0,0.7279593994837412,0.7279593994837412,0.8439587222019395,0.9212916040140685,2025-09-22 08:50:20
naive_adjacency,waste_collection_area,80,3,512,100000000010001000000001000100010000,0,0.7279593994837413,0.7279593994837412,0.8439587222019395,0.9212916040140685,2025-09-22 08:50:20
naive_adjacency,waste_collection_area,80,3,512,100000000001001000000010000100010000,0,0.7279593994837412,0.7279593994837412,0.8439587222019395,0.9212916040140685,2025-09-22 08:50:20
naive_adjacency,waste_collection_area,80,3,512,100000000100000010001000000001010000,0,0.9212916040140685,0.7279593994837412,0.8439587222019395,0.9212916040140685,2025-09-22 08:50:20
naive_adjacency,waste_collection_area,80,3,512,100000000100000001001000000010010000,0,0.9212916040140685,0.7279593994837412,0.8439587222019395,0.9212916040140685,2025-09-22 08:50:20
naive_adjacency,waste_collection_area,80,3,512,100000000010000100001000000001010000,0,0.9212916040140685,0.7279593994837412,0.8439587222019395,0.9212916040140685,2025-09-22 08:50:20
naive_adjacency,waste_collection_area,80,3,512,100000000001000100001000000010010000,0,0.9212916040140684,0.7279593994837412,0.8439587222019395,0.9212916040140685,2025-09-22 08:50:20
naive_adjacency,waste_collection_area,80,3,512,100000000010000001001000000100010000,0,0.9212916040140685,0.7279593994837412,0.8439587222019395,0.9212916040140685,2025-09-22 08:50:20
naive_adjacency,waste_collection_area,80,3,512,100000000001000010001000000100010000,0,0.9212916040140684,0.7279593994837412,0.8439587222019395,0.9212916040140685,2025-09-22 08:50:20
naive_adjacency,waste_collection_area,80,3,512,100000000100000010000001001000010000,0,0.9212916040140685,0.7279593994837412,0.8439587222019395,0.9212916040140685,2025-09-22 08:50:20
naive_adjacency,waste_collection_area,80,3,512,100000000100000001000010001000010000,0,0.9212916040140685,0.7279593994837412,0.8439587222019395,0.9212916040140685,2025-09-22 08:50:20
naive_adjacency,waste_collection_area,80,3,512,100000000010000100000001001000010000,0,0.9212916040140685,0.7279593994837412,0.8439587222019395,0.9212916040140685,2025-09-22 08:50:20
naive_adjacency,waste_collection_area,80,3,512,100000000001000100000010001000010000,0,0.9212916040140684,0.7279593994837412,0.8439587222019395,0.9212916040140685,2025-09-22 08:50:20
naive_adjacency,waste_collection_area,80,3,512,100000000010000001000100001000010000,0,0.9212916040140685,0.7279593994837412,0.8439587222019395,0.9212916040140685,2025-09-22 08:50:20
naive_adjacency,waste_collection_area,80,3,512,100000000001000010000100001000010000,0,0.9212916040140684,0.7279593994837412,0.8439587222019395,0.9212916040140685,2025-09-22 08:50:20
naive_adjacency,waste_collection_area,80,3,512,010000100000001000000100000010000001,0,0.9212916040140684,0.7279593994837412,0.8439587222019395,0.9212916040140685,2025-09-22 08:50:20
naive_adjacency,waste_collection_area,80,3,512,010000100000001000000100000001000010,0,0.9212916040140684,0.7279593994837412,0.8439587222019395,0.9212916040140685,2025-09-22 08:50:20
naive_adjacency,waste_collection_area,80,3,512,010000100000001000000010000100000001,0,0.9212916040140684,0.7279593994837412,0.8439587222019395,0.9212916040140685,2025-09-22 08:50:20
naive_adjacency,waste_collection_area,80,3,512,010000100000001000000001000100000010,0,0.9212916040140684,0.7279593994837412,0.8439587222019395,0.9212916040140685,2025-09-22 08:50:20
naive_adjacency,waste_collection_area,80,3,512,010000100000001000000010000001000100,0,0.7279593994837412,0.7279593994837412,0.8439587222019395,0.9212916040140685,2025-09-22 08:50:20
naive_adjacency,waste_collection_area,80,3,512,010000100000001000000001000010000100,0,0.7279593994837412,0.7279593994837412,0.8439587222019395,0.9212916040140685,2025-09-22 08:50:20
naive_adjacency,waste_collection_area,80,3,512,010000100000000100001000000010000001,0,0.9212916040140684,0.7279593994837412,0.8439587222019395,0.9212916040140685,2025-09-22 08:50:20
naive_adjacency,waste_collection_area,80,3,512,010000100000000100001000000001000010,0,0.7279593994837412,0.7279593994837412,0.8439587222019395,0.9212916040140685,2025-09-22 08:50:20
naive_adjacency,waste_collection_area,80,3,512,010000100000000010001000000100000001,0,0.7279593994837412,0.7279593994837412,0.8439587222019395,0.9212916040140685,2025-09-22 08:50:20
naive_adjacency,waste_collection_area,80,3,512,010000100000000001001000000100000010,0,0.7279593994837412,0.7279593994837412,0.8439587222019395,0.9212916040140685,2025-09-22 08:50:20
naive_adjacency,waste_collection_area,80,3,512,010000100000000010001000000001000100,0,0.7279593994837412,0.7279593994837412,0.8439587222019395,0.9212916040140685,2025-09-22 08:50:20
naive_adjacency,waste_collection_area,80,3,512,010000100000000001001000000010000100,0,0.9212916040140684,0.7279593994837412,0.8439587222019395,0.9212916040140685,2025-09-22 08:50:20
naive_adjacency,waste_collection_area,80,3,512,010000100000000100000010001000000001,0,0.9212916040140684,0.7279593994837412,0.8439587222019395,0.9212916040140685,2025-09-22 08:50:20
naive_adjacency,waste_collection_area,80,3,512,010000100000000100000001001000000010,0,0.7279593994837412,0.7279593994837412,0.8439587222019395,0.9212916040140685,2025-09-22 08:50:20
naive_adjacency,waste_collection_area,80,3,512,010000100000000010000100001000000001,0,0.7279593994837412,0.7279593994837412,0.8439587222019395,0.9212916040140685,2025-09-22 08:50:20
naive_adjacency,waste_collection_area,80,3,512,010000100000000001000100001000000010,0,0.7279593994837412,0.7279593994837412,0.8439587222019395,0.9212916040140685,2025-09-22 08:50:20
naive_adjacency,waste_collection_area,80,3,512,010000100000000010000001001000000100,0,0.7279593994837412,0.7279593994837412,0.8439587222019395,0.9212916040140685,2025-09-22 08:50:20
naive_adjacency,waste_collection_area,80,3,512,010000100000000001000010001000000100,0,0.9212916040140684,0.7279593994837412,0.8439587222019395,0.9212916040140685,2025-09-22 08:50:20
naive_adjacency,waste_collection_area,80,3,512,010000100000000100000010000001001000,0,0.7279593994837412,0.7279593994837412,0.8439587222019395,0.9212916040140685,2025-09-22 08:50:20
naive_adjacency,waste_collection_area,80,3,512,010000100000000100000001000010001000,0,0.7279593994837412,0.7279593994837412,0.8439587222019395,0.9212916040140685,2025-09-22 08:50:20
naive_adjacency,waste_collection_area,80,3,512,010000100000000010000100000001001000,0,0.9212916040140684,0.7279593994837412,0.8439587222019395,0.9212916040140685,2025-09-22 08:50:20
naive_adjacency,waste_collection_area,80,3,512,010000100000000001000100000010001000,0,0.9212916040140684,0.7279593994837412,0.8439587222019395,0.9212916040140685,2025-09-22 08:50:20
naive_adjacency,waste_collection_area,80,3,512,010000100000000010000001000100001000,0,0.9212916040140684,0.7279593994837412,0.8439587222019395,0.9212916040140685,2025-09-22 08:50:20
naive_adjacency,waste_collection_area,80,3,512,010000100000000001000010000100001000,0,0.9212916040140684,0.7279593994837412,0.8439587222019395,0.9212916040140685,2025-09-22 08:50:20
naive_adjacency,waste_collection_area,80,3,512,001000100000010000000100000010000001,0,0.9212916040140684,0.7279593994837412,0.8439587222019395,0.9212916040140685,2025-09-22 08:50:20
naive_adjacency,waste_collection_area,80,3,512,001000100000010000000100000001000010,0,0.9212916040140684,0.7279593994837412,0.8439587222019395,0.9212916040140685,2025-09-22 08:50:20
naive_adjacency,waste_collection_area,80,3,512,001000100000010000000010000100000001,0,0.9212916040140684,0.7279593994837412,0.8439587222019395,0.9212916040140685,2025-09-22 08:50:20
naive_adjacency,waste_collection_area,80,3,512,001000100000010000000001000100000010,0,0.9212916040140684,0.7279593994837412,0.8439587222019395,0.9212916040140685,2025-09-22 08:50:20
naive_adjacency,waste_collection_area,80,3,512,001000100000010000000010000001000100,0,0.9212916040140684,0.7279593994837412,0.8439587222019395,0.9212916040140685,2025-09-22 08:50:20
naive_adjacency,waste_collection_area,80,3,512,001000100000010000000001000010000100,0,0.9212916040140684,0.7279593994837412,0.8439587222019395,0.9212916040140685,2025-09-22 08:50:20
naive_adjacency,waste_collection_area,80,3,512,000100100000010000001000000010000001,0,0.9212916040140684,0.7279593994837412,0.8439587222019395,0.9212916040140685,2025-09-22 08:50:20
naive_adjacency,waste_collection_area,80,3,512,000100100000010000001000000001000010,0,0.9212916040140684,0.7279593994837412,0.8439587222019395,0.9212916040140685,2025-09-22 08:50:20
naive_adjacency,waste_collection_area,80,3,512,000010100000010000001000000100000001,0,0.9212916040140684,0.7279593994837412,0.8439587222019395,0.9212916040140685,2025-09-22 08:50:20
naive_adjacency,waste_collection_area,80,3,512,000001100000010000001000000100000010,0,0.9212916040140684,0.7279593994837412,0.8439587222019395,0.9212916040140685,2025-09-22 08:50:20
naive_adjacency,waste_collection_area,80,3,512,000010100000010000001000000001000100,0,0.9212916040140685,0.7279593994837412,0.8439587222019395,0.9212916040140685,2025-09-22 08:50:20
naive_adjacency,waste_collection_area,80,3,512,000001100000010000001000000010000100,0,0.9212916040140684,0.7279593994837412,0.8439587222019395,0.9212916040140685,2025-09-22 08:50:20
naive_adjacency,waste_collection_area,80,3,512,000100100000010000000010001000000001,0,0.9212916040140684,0.7279593994837412,0.8439587222019395,0.9212916040140685,2025-09-22 08:50:20
naive_adjacency,waste_collection_area,80,3,512,000100100000010000000001001000000010,0,0.9212916040140684,0.7279593994837412,0.8439587222019395,0.9212916040140685,2025-09-22 08:50:20
naive_adjacency,waste_collection_area,80,3,512,000010100000010000000100001000000001,0,0.9212916040140684,0.7279593994837412,0.8439587222019395,0.9212916040140685,2025-09-22 08:50:20
naive_adjacency,waste_collection_area,80,3,512,000001100000010000000100001000000010,0,0.9212916040140684,0.7279593994837412,0.8439587222019395,0.9212916040140685,2025-09-22 08:50:20
naive_adjacency,waste_collection_area,80,3,512,000010100000010000000001001000000100,0,0.9212916040140685,0.7279593994837412,0.8439587222019395,0.9212916040140685,2025-09-22 08:50:20
naive_adjacency,waste_collection_area,80,3,512,000001100000010000000010001000000100,0,0.9212916040140684,0.7279593994837412,0.8439587222019395,0.9212916040140685,2025-09-22 08:50:20
naive_adjacency,waste_collection_area,80,3,512,000100100000010000000010000001001000,0,0.7279593994837413,0.7279593994837412,0.8439587222019395,0.9212916040140685,2025-09-22 08:50:20
naive_adjacency,waste_collection_area,80,3,512,000100100000010000000001000010001000,0,0.7279593994837413,0.7279593994837412,0.8439587222019395,0.9212916040140685,2025-09-22 08:50:20
naive_adjacency,waste_collection_area,80,3,512,000010100000010000000100000001001000,0,0.7279593994837413,0.7279593994837412,0.8439587222019395,0.9212916040140685,2025-09-22 08:50:20
naive_adjacency,waste_collection_area,80,3,512,000001100000010000000100000010001000,0,0.7279593994837412,0.7279593994837412,0.8439587222019395,0.9212916040140685,2025-09-22 08:50:20
naive_adjacency,waste_collection_area,80,3,512,000010100000010000000001000100001000,0,0.7279593994837413,0.7279593994837412,0.8439587222019395,0.9212916040140685,2025-09-22 08:50:20
naive_adjacency,waste_collection_area,80,3,512,000001100000010000000010000100001000,0,0.7279593994837412,0.7279593994837412,0.8439587222019395,0.9212916040140685,2025-09-22 08:50:20
naive_adjacency,waste_collection_area,80,3,512,001000100000000100010000000010000001,0,0.9212916040140684,0.7279593994837412,0.8439587222019395,0.9212916040140685,2025-09-22 08:50:20
naive_adjacency,waste_collection_area,80,3,512,001000100000000100010000000001000010,0,0.7279593994837412,0.7279593994837412,0.8439587222019395,0.9212916040140685,2025-09-22 08:50:20
naive_adjacency,waste_collection_area,80,3,512,001000100000000010010000000100000001,0,0.7279593994837412,0.7279593994837412,0.8439587222019395,0.9212916040140685,2025-09-22 08:50:20
naive_adjacency,waste_collection_area,80,3,512,001000100000000001010000000100000010,0,0.7279593994837412,0.7279593994837412,0.8439587222019395,0.9212916040140685,2025-09-22 08:50:20
naive_adjacency,waste_collection_area,80,3,512,001000100000000010010000000001000100,0,0.7279593994837412,0.7279593994837412,0.8439587222019395,0.9212916040140685,2025-09-22 08:50:20
naive_adjacency,waste_collection_area,80,3,512,001000100000000001010000000010000100,0,0.9212916040140684,0.7279593994837412,0.8439587222019395,0.9212916040140685,2025-09-22 08:50:20
naive_adjacency,waste_collection_area,80,3,512,000100100000001000010000000010000001,0,0.9212916040140684,0.7279593994837412,0.8439587222019395,0.9212916040140685,2025-09-22 08:50:20
naive_adjacency,waste_collection_area,80,3,512,000100100000001000010000000001000010,0,0.9212916040140684,0.7279593994837412,0.8439587222019395,0.9212916040140685,2025-09-22 08:50:20
naive_adjacency,waste_collection_area,80,3,512,000010100000001000010000000100000001,0,0.9212916040140684,0.7279593994837412,0.8439587222019395,0.9212916040140685,2025-09-22 08:50:20
naive_adjacency,waste_collection_area,80,3,512,000001100000001000010000000100000010,0,0.9212916040140684,0.7279593994837412,0.8439587222019395,0.9212916040140685,2025-09-22 08:50:20
naive_adjacency,waste_collection_area,80,3,512,000010100000001000010000000001000100,0,0.7279593994837413,0.7279593994837412,0.8439587222019395,0.9212916040140685,2025-09-22 08:50:20
naive_adjacency,waste_collection_area,80,3,512,000001100000001000010000000010000100,0,0.7279593994837412,0.7279593994837412,0.8439587222019395,0.9212916040140685,2025-09-22 08:50:20
naive_adjacency,waste_collection_area,80,3,512,000100100000000010010000001000000001,0,0.7279593994837412,0.7279593994837412,0.8439587222019395,0.9212916040140685,2025-09-22 08:50:20
naive_adjacency,waste_collection_area,80,3,512,000100100000000001010000001000000010,0,0.7279593994837412,0.7279593994837412,0.8439587222019395,0.9212916040140685,2025-09-22 08:50:20
naive_adjacency,waste_collection_area,80,3,512,000010100000000100010000001000000001,0,0.9212916040140684,0.7279593994837412,0.8439587222019395,0.9212916040140685,2025-09-22 08:50:20
naive_adjacency,waste_collection_area,80,3,512,000001100000000100010000001000000010,0,0.7279593994837412,0.7279593994837412,0.8439587222019395,0.9212916040140685,2025-09-22 08:50:20
naive_adjacency,waste_collection_area,80,3,512,000010100000000001010000001000000100,0,0.9212916040140685,0.7279593994837412,0.8439587222019395,0.9212916040140685,2025-09-22 08:50:20
naive_adjacency,waste_collection_area,80,3,512,000001100000000010010000001000000100,0,0.7279593994837412,0.7279593994837412,0.8439587222019395,0.9212916040140685,2025-09-22 08:50:20
naive_adjacency,waste_collection_area,80,3,512,000100100000000010010000000001001000,0,0.9212916040140685,0.7279593994837412,0.8439587222019395,0.9212916040140685,2025-09-22 08:50:20
naive_adjacency,waste_collection_area,80,3,512,000100100000000001010000000010001000,0,0.9212916040140685,0.7279593994837412,0.8439587222019395,0.9212916040140685,2025-09-22 08:50:20
naive_adjacency,waste_collection_area,80,3,512,000010100000000100010000000001001000,0,0.7279593994837413,0.7279593994837412,0.8439587222019395,0.9212916040140685,2025-09-22 08:50:20
naive_adjacency,waste_collection_area,80,3,512,000001100000000100010000000010001000,0,0.7279593994837412,0.7279593994837412,0.8439587222019395,0.9212916040140685,2025-09-22 08:50:20
naive_adjacency,waste_collection_area,80,3,512,000010100000000001010000000100001000,0,0.9212916040140685,0.7279593994837412,0.8439587222019395,0.9212916040140685,2025-09-22 08:50:20
naive_adjacency,waste_collection_area,80,3,512,000001100000000010010000000100001000,0,0.9212916040140684,0.7279593994837412,0.8439587222019395,0.9212916040140685,2025-09-22 08:50:20
naive_adjacency,waste_collection_area,80,3,512,001000100000000100000010010000000001,0,0.9212916040140684,0.7279593994837412,0.8439587222019395,0.9212916040140685,2025-09-22 08:50:20
naive_adjacency,waste_collection_area,80,3,512,001000100000000100000001010000000010,0,0.7279593994837412,0.7279593994837412,0.8439587222019395,0.9212916040140685,2025-09-22 08:50:20
naive_adjacency,waste_collection_area,80,3,512,001000100000000010000100010000000001,0,0.7279593994837412,0.7279593994837412,0.8439587222019395,0.9212916040140685,2025-09-22 08:50:20
naive_adjacency,waste_collection_area,80,3,512,001000100000000001000100010000000010,0,0.7279593994837412,0.7279593994837412,0.8439587222019395,0.9212916040140685,2025-09-22 08:50:20
naive_adjacency,waste_collection_area,80,3,512,001000100000000010000001010000000100,0,0.7279593994837412,0.7279593994837412,0.8439587222019395,0.9212916040140685,2025-09-22 08:50:20
naive_adjacency,waste_collection_area,80,3,512,001000100000000001000010010000000100,0,0.9212916040140684,0.7279593994837412,0.8439587222019395,0.9212916040140685,2025-09-22 08:50:20
naive_adjacency,waste_collection_area,80,3,512,000100100000001000000010010000000001,0,0.9212916040140684,0.7279593994837412,0.8439587222019395,0.9212916040140685,2025-09-22 08:50:20
naive_adjacency,waste_collection_area,80,3,512,000100100000001000000001010000000010,0,0.9212916040140684,0.7279593994837412,0.8439587222019395,0.9212916040140685,2025-09-22 08:50:20
naive_adjacency,waste_collection_area,80,3,512,000010100000001000000100010000000001,0,0.9212916040140684,0.7279593994837412,0.8439587222019395,0.9212916040140685,2025-09-22 08:50:20
naive_adjacency,waste_collection_area,80,3,512,000001100000001000000100010000000010,0,0.9212916040140684,0.7279593994837412,0.8439587222019395,0.9212916040140685,2025-09-22 08:50:20
naive_adjacency,waste_collection_area,80,3,512,000010100000001000000001010000000100,0,0.7279593994837413,0.7279593994837412,0.8439587222019395,0.9212916040140685,2025-09-22 08:50:20
naive_adjacency,waste_collection_area,80,3,512,000001100000001000000010010000000100,0,0.7279593994837412,0.7279593994837412,0.8439587222019395,0.9212916040140685,2025-09-22 08:50:20
naive_adjacency,waste_collection_area,80,3,512,000100100000000010001000010000000001,0,0.7279593994837412,0.7279593994837412,0.8439587222019395,0.9212916040140685,2025-09-22 08:50:20
naive_adjacency,waste_collection_area,80,3,512,000100100000000001001000010000000010,0,0.7279593994837412,0.7279593994837412,0.8439587222019395,0.9212916040140685,2025-09-22 08:50:20
naive_adjacency,waste_collection_area,80,3,512,000010100000000100001000010000000001,0,0.9212916040140684,0.7279593994837412,0.8439587222019395,0.9212916040140685,2025-09-22 08:50:20
naive_adjacency,waste_collection_area,80,3,512,000001100000000100001000010000000010,0,0.7279593994837412,0.7279593994837412,0.8439587222019395,0.9212916040140685,2025-09-22 08:50:20
naive_adjacency,waste_collection_area,80,3,512,000010100000000001001000010000000100,0,0.9212916040140685,0.7279593994837412,0.8439587222019395,0.9212916040140685,2025-09-22 08:50:20
naive_adjacency,waste_collection_area,80,3,512,000001100000000010001000010000000100,0,0.7279593994837412,0.7279593994837412,0.8439587222019395,0.9212916040140685,2025-09-22 08:50:20
naive_adjacency,waste_collection_area,80,3,512,000100100000000010000001010000001000,0,0.9212916040140685,0.7279593994837412,0.8439587222019395,0.9212916040140685,2025-09-22 08:50:20
naive_adjacency,waste_collection_area,80,3,512,000100100000000001000010010000001000,0,0.9212916040140685,0.7279593994837412,0.8439587222019395,0.9212916040140685,2025-09-22 08:50:20
naive_adjacency,waste_collection_area,80,3,512,000010100000000100000001010000001000,0,0.7279593994837413,0.7279593994837412,0.8439587222019395,0.9212916040140685,2025-09-22 08:50:20
naive_adjacency,waste_collection_area,80,3,512,000001100000000100000010010000001000,0,0.7279593994837412,0.7279593994837412,0.8439587222019395,0.9212916040140685,2025-09-22 08:50:20
naive_adjacency,waste_collection_area,80,3,512,000010100000000001000100010000001000,0,0.9212916040140685,0.7279593994837412,0.8439587222019395,0.9212916040140685,2025-09-22 08:50:20
naive_adjacency,waste_collection_area,80,3,512,000001100000000010000100010000001000,0,0.9212916040140684,0.7279593994837412,0.8439587222019395,0.9212916040140685,2025-09-22 08:50:20
naive_adjacency,waste_collection_area,80,3,512,001000100000000100000010000001010000,0,0.9212916040140685,0.7279593994837412,0.8439587222019395,0.9212916040140685,2025-09-22 08:50:20
naive_adjacency,waste_collection_area,80,3,512,001000100000000100000001000010010000,0,0.9212916040140685,0.7279593994837412,0.8439587222019395,0.9212916040140685,2025-09-22 08:50:20
naive_adjacency,waste_collection_area,80,3,512,001000100000000010000100000001010000,0,0.9212916040140685,0.7279593994837412,0.8439587222019395,0.9212916040140685,2025-09-22 08:50:20
naive_adjacency,waste_collection_area,80,3,512,001000100000000001000100000010010000,0,0.9212916040140685,0.7279593994837412,0.8439587222019395,0.9212916040140685,2025-09-22 08:50:20
naive_adjacency,waste_collection_area,80,3,512,001000100000000010000001000100010000,0,0.9212916040140685,0.7279593994837412,0.8439587222019395,0.9212916040140685,2025-09-22 08:50:20
naive_adjacency,waste_collection_area,80,3,512,001000100000000001000010000100010000,0,0.9212916040140685,0.7279593994837412,0.8439587222019395,0.9212916040140685,2025-09-22 08:50:20
naive_adjacency,waste_collection_area,80,3,512,000100100000001000000010000001010000,0,0.7279593994837413,0.7279593994837412,0.8439587222019395,0.9212916040140685,2025-09-22 08:50:20
naive_adjacency,waste_collection_area,80,3,512,000100100000001000000001000010010000,0,0.7279593994837413,0.7279593994837412,0.8439587222019395,0.9212916040140685,2025-09-22 08:50:20
naive_adjacency,waste_collection_area,80,3,512,000010100000001000000100000001010000,0,0.7279593994837413,0.7279593994837412,0.8439587222019395,0.9212916040140685,2025-09-22 08:50:20
naive_adjacency,waste_collection_area,80,3,512,000001100000001000000100000010010000,0,0.7279593994837412,0.7279593994837412,0.8439587222019395,0.9212916040140685,2025-09-22 08:50:20
naive_adjacency,waste_collection_area,80,3,512,000010100000001000000001000100010000,0,0.7279593994837413,0.7279593994837412,0.8439587222019395,0.9212916040140685,2025-09-22 08:50:20
naive_adjacency,waste_collection_area,80,3,512,000001100000001000000010000100010000,0,0.7279593994837412,0.7279593994837412,0.8439587222019395,0.9212916040140685,2025-09-22 08:50:20
naive_adjacency,waste_collection_area,80,3,512,000100100000000010001000000001010000,0,0.9212916040140685,0.7279593994837412,0.8439587222019395,0.9212916040140685,2025-09-22 08:50:20
naive_adjacency,waste_collection_area,80,3,512,000100100000000001001000000010010000,0,0.9212916040140685,0.7279593994837412,0.8439587222019395,0.9212916040140685,2025-09-22 08:50:20
naive_adjacency,waste_collection_area,80,3,512,000010100000000100001000000001010000,0,0.9212916040140685,0.7279593994837412,0.8439587222019395,0.9212916040140685,2025-09-22 08:50:20
naive_adjacency,waste_collection_area,80,3,512,000001100000000100001000000010010000,0,0.9212916040140684,0.7279593994837412,0.8439587222019395,0.9212916040140685,2025-09-22 08:50:20
naive_adjacency,waste_collection_area,80,3,512,000010100000000001001000000100010000,0,0.9212916040140685,0.7279593994837412,0.8439587222019395,0.9212916040140685,2025-09-22 08:50:20
naive_adjacency,waste_collection_area,80,3,512,000001100000000010001000000100010000,0,0.9212916040140684,0.7279593994837412,0.8439587222019395,0.9212916040140685,2025-09-22 08:50:20
naive_adjacency,waste_collection_area,80,3,512,000100100000000010000001001000010000,0,0.9212916040140685,0.7279593994837412,0.8439587222019395,0.9212916040140685,2025-09-22 08:50:20
naive_adjacency,waste_collection_area,80,3,512,000100100000000001000010001000010000,0,0.9212916040140685,0.7279593994837412,0.8439587222019395,0.9212916040140685,2025-09-22 08:50:20
naive_adjacency,waste_collection_area,80,3,512,000010100000000100000001001000010000,0,0.9212916040140685,0.7279593994837412,0.8439587222019395,0.9212916040140685,2025-09-22 08:50:20
naive_adjacency,waste_collection_area,80,3,512,000001100000000100000010001000010000,0,0.9212916040140684,0.7279593994837412,0.8439587222019395,0.9212916040140685,2025-09-22 08:50:20
naive_adjacency,waste_collection_area,80,3,512,000010100000000001000100001000010000,0,0.9212916040140685,0.7279593994837412,0.8439587222019395,0.9212916040140685,2025-09-22 08:50:20
naive_adjacency,waste_collection_area,80,3,512,000001100000000010000100001000010000,0,0.9212916040140684,0.7279593994837412,0.8439587222019395,0.9212916040140685,2025-09-22 08:50:20
naive_adjacency,waste_collection_area,80,3,512,010000001000100000000100000010000001,0,0.7279593994837412,0.7279593994837412,0.8439587222019395,0.9212916040140685,2025-09-22 08:50:20
naive_adjacency,waste_collection_area,80,3,512,010000001000100000000100000001000010,0,0.9212916040140684,0.7279593994837412,0.8439587222019395,0.9212916040140685,2025-09-22 08:50:20
naive_adjacency,waste_collection_area,80,3,512,010000001000100000000010000100000001,0,0.7279593994837412,0.7279593994837412,0.8439587222019395,0.9212916040140685,2025-09-22 08:50:20
naive_adjacency,waste_collection_area,80,3,512,010000001000100000000001000100000010,0,0.9212916040140684,0.7279593994837412,0.8439587222019395,0.9212916040140685,2025-09-22 08:50:20
naive_adjacency,waste_collection_area,80,3,512,010000001000100000000010000001000100,0,0.9212916040140684,0.7279593994837412,0.8439587222019395,0.9212916040140685,2025-09-22 08:50:20
naive_adjacency,waste_collection_area,80,3,512,010000001000100000000001000010000100,0,0.9212916040140684,0.7279593994837412,0.8439587222019395,0.9212916040140685,2025-09-22 08:50:20
naive_adjacency,waste_collection_area,80,3,512,010000000100100000001000000010000001,0,0.7279593994837412,0.7279593994837412,0.8439587222019395,0.9212916040140685,2025-09-22 08:50:20
naive_adjacency,waste_collection_area,80,3,512,010000000100100000001000000001000010,0,0.9212916040140684,0.7279593994837412,0.8439587222019395,0.9212916040140685,2025-09-22 08:50:20
naive_adjacency,waste_collection_area,80,3,512,010000000010100000001000000100000001,0,0.7279593994837412,0.7279593994837412,0.8439587222019395,0.9212916040140685,2025-09-22 08:50:20
naive_adjacency,waste_collection_area,80,3,512,010000000001100000001000000100000010,0,0.9212916040140684,0.7279593994837412,0.8439587222019395,0.9212916040140685,2025-09-22 08:50:20
naive_adjacency,waste_collection_area,80,3,512,010000000010100000001000000001000100,0,0.9212916040140684,0.7279593994837412,0.8439587222019395,0.9212916040140685,2025-09-22 08:50:20
naive_adjacency,waste_collection_area,80,3,512,010000000001100000001000000010000100,0,0.9212916040140684,0.7279593994837412,0.8439587222019395,0.9212916040140685,2025-09-22 08:50:20
naive_adjacency,waste_collection_area,80,3,512,010000000100100000000010001000000001,0,0.7279593994837412,0.7279593994837412,0.8439587222019395,0.9212916040140685,2025-09-22 08:50:20
naive_adjacency,waste_collection_area,80,3,512,010000000100100000000001001000000010,0,0.9212916040140684,0.7279593994837412,0.8439587222019395,0.9212916040140685,2025-09-22 08:50:20
naive_adjacency,waste_collection_area,80,3,512,010000000010100000000100001000000001,0,0.7279593994837412,0.7279593994837412,0.8439587222019395,0.9212916040140685,2025-09-22 08:50:20
naive_adjacency,waste_collection_area,80,3,512,010000000001100000000100001000000010,0,0.9212916040140684,0.7279593994837412,0.8439587222019395,0.9212916040140685,2025-09-22 08:50:20
naive_adjacency,waste_collection_area,80,3,512,010000000010100000000001001000000100,0,0.9212916040140684,0.7279593994837412,0.8439587222019395,0.9212916040140685,2025-09-22 08:50:20
naive_adjacency,waste_collection_area,80,3,512,010000000001100000000010001000000100,0,0.9212916040140684,0.7279593994837412,0.8439587222019395,0.9212916040140685,2025-09-22 08:50:20
naive_adjacency,waste_collection_area,80,3,512,010000000100100000000010000001001000,0,0.9212916040140684,0.7279593994837412,0.8439587222019395,0.9212916040140685,2025-09-22 08:50:20
naive_adjacency,waste_collection_area,80,3,512,010000000100100000000001000010001000,0,0.9212916040140684,0.7279593994837412,0.8439587222019395,0.9212916040140685,2025-09-22 08:50:20
naive_adjacency,waste_collection_area,80,3,512,010000000010100000000100000001001000,0,0.9212916040140684,0.7279593994837412,0.8439587222019395,0.9212916040140685,2025-09-22 08:50:20
naive_adjacency,waste_collection_area,80,3,512,010000000001100000000100000010001000,0,0.9212916040140684,0.7279593994837412,0.8439587222019395,0.9212916040140685,2025-09-22 08:50:20
naive_adjacency,waste_collection_area,80,3,512,010000000010100000000001000100001000,0,0.9212916040140684,0.7279593994837412,0.8439587222019395,0.9212916040140685,2025-09-22 08:50:20
naive_adjacency,waste_collection_area,80,3,512,010000000001100000000010000100001000,0,0.9212916040140684,0.7279593994837412,0.8439587222019395,0.9212916040140685,2025-09-22 08:50:20
naive_adjacency,waste_collection_area,80,3,512,001000010000100000000100000010000001,0,0.7279593994837412,0.7279593994837412,0.8439587222019395,0.9212916040140685,2025-09-22 08:50:20
naive_adjacency,waste_collection_area,80,3,512,001000010000100000000100000001000010,0,0.9212916040140684,0.7279593994837412,0.8439587222019395,0.9212916040140685,2025-09-22 08:50:20
naive_adjacency,waste_collection_area,80,3,512,001000010000100000000010000100000001,0,0.7279593994837412,0.7279593994837412,0.8439587222019395,0.9212916040140685,2025-09-22 08:50:20
naive_adjacency,waste_collection_area,80,3,512,001000010000100000000001000100000010,0,0.9212916040140684,0.7279593994837412,0.8439587222019395,0.9212916040140685,2025-09-22 08:50:20
naive_adjacency,waste_collection_area,80,3,512,001000010000100000000010000001000100,0,0.9212916040140684,0.7279593994837412,0.8439587222019395,0.9212916040140685,2025-09-22 08:50:20
naive_adjacency,waste_collection_area,80,3,512,001000010000100000000001000010000100,0,0.9212916040140684,0.7279593994837412,0.8439587222019395,0.9212916040140685,2025-09-22 08:50:20
naive_adjacency,waste_collection_area,80,3,512,000100010000100000001000000010000001,0,0.7279593994837412,0.7279593994837412,0.8439587222019395,0.9212916040140685,2025-09-22 08:50:20
naive_adjacency,waste_collection_area,80,3,512,000100010000100000001000000001000010,0,0.9212916040140684,0.7279593994837412,0.8439587222019395,0.9212916040140685,2025-09-22 08:50:20
naive_adjacency,waste_collection_area,80,3,512,000010010000100000001000000100000001,0,0.7279593994837412,0.7279593994837412,0.8439587222019395,0.9212916040140685,2025-09-22 08:50:20
naive_adjacency,waste_collection_area,80,3,512,000001010000100000001000000100000010,0,0.9212916040140685,0.7279593994837412,0.8439587222019395,0.9212916040140685,2025-09-22 08:50:20
naive_adjacency,waste_collection_area,80,3,512,000010010000100000001000000001000100,0,0.9212916040140685,0.7279593994837412,0.8439587222019395,0.9212916040140685,2025-09-22 08:50:20
naive_adjacency,waste_collection_area,80,3,512,000001010000100000001000000010000100,0,0.9212916040140685,0.7279593994837412,0.8439587222019395,0.9212916040140685,2025-09-22 08:50:20
naive_adjacency,waste_collection_area,80,3,512,000100010000100000000010001000000001,0,0.7279593994837412,0.7279593994837412,0.8439587222019395,0.9212916040140685,2025-09-22 08:50:20
naive_adjacency,waste_collection_area,80,3,512,000100010000100000000001001000000010,0,0.9212916040140684,0.7279593994837412,0.8439587222019395,0.9212916040140685,2025-09-22 08:50:20
naive_adjacency,waste_collection_area,80,3,512,000010010000100000000100001000000001,0,0.7279593994837412,0.7279593994837412,0.8439587222019395,0.9212916040140685,2025-09-22 08:50:20
naive_adjacency,waste_collection_area,80,3,512,000001010000100000000100001000000010,0,0.9212916040140685,0.7279593994837412,0.8439587222019395,0.9212916040140685,2025-09-22 08:50:20
naive_adjacency,waste_collection_area,80,3,512,000010010000100000000001001000000100,0,0.9212916040140685,0.7279593994837412,0.8439587222019395,0.9212916040140685,2025-09-22 08:50:20
naive_adjacency,waste_collection_area,80,3,512,000001010000100000000010001000000100,0,0.9212916040140685,0.7279593994837412,0.8439587222019395,0.9212916040140685,2025-09-22 08:50:20
naive_adjacency,waste_collection_area,80,3,512,000100010000100000000010000001001000,0,0.9212916040140685,0.7279593994837412,0.8439587222019395,0.9212916040140685,2025-09-22 08:50:20
naive_adjacency,waste_collection_area,80,3,512,000100010000100000000001000010001000,0,0.9212916040140685,0.7279593994837412,0.8439587222019395,0.9212916040140685,2025-09-22 08:50:20
naive_adjacency,waste_collection_area,80,3,512,000010010000100000000100000001001000,0,0.9212916040140685,0.7279593994837412,0.8439587222019395,0.9212916040140685,2025-09-22 08:50:20
naive_adjacency,waste_collection_area,80,3,512,000001010000100000000100000010001000,0,0.9212916040140685,0.7279593994837412,0.8439587222019395,0.9212916040140685,2025-09-22 08:50:20
naive_adjacency,waste_collection_area,80,3,512,000010010000100000000001000100001000,0,0.9212916040140685,0.7279593994837412,0.8439587222019395,0.9212916040140685,2025-09-22 08:50:20
naive_adjacency,waste_collection_area,80,3,512,000001010000100000000010000100001000,0,0.9212916040140685,0.7279593994837412,0.8439587222019395,0.9212916040140685,2025-09-22 08:50:20
naive_adjacency,waste_collection_area,80,3,512,001000000100100000010000000010000001,0,0.7279593994837412,0.7279593994837412,0.8439587222019395,0.9212916040140685,2025-09-22 08:50:20
naive_adjacency,waste_collection_area,80,3,512,001000000100100000010000000001000010,0,0.9212916040140684,0.7279593994837412,0.8439587222019395,0.9212916040140685,2025-09-22 08:50:20
naive_adjacency,waste_collection_area,80,3,512,001000000010100000010000000100000001,0,0.7279593994837412,0.7279593994837412,0.8439587222019395,0.9212916040140685,2025-09-22 08:50:20
naive_adjacency,waste_collection_area,80,3,512,001000000001100000010000000100000010,0,0.9212916040140684,0.7279593994837412,0.8439587222019395,0.9212916040140685,2025-09-22 08:50:20
naive_adjacency,waste_collection_area,80,3,512,001000000010100000010000000001000100,0,0.9212916040140684,0.7279593994837412,0.8439587222019395,0.9212916040140685,2025-09-22 08:50:20
naive_adjacency,waste_collection_area,80,3,512,001000000001100000010000000010000100,0,0.9212916040140684,0.7279593994837412,0.8439587222019395,0.9212916040140685,2025-09-22 08:50:20
naive_adjacency,waste_collection_area,80,3,512,000100001000100000010000000010000001,0,0.7279593994837412,0.7279593994837412,0.8439587222019395,0.9212916040140685,2025-09-22 08:50:20
naive_adjacency,waste_collection_area,80,3,512,000100001000100000010000000001000010,0,0.9212916040140684,0.7279593994837412,0.8439587222019395,0.9212916040140685,2025-09-22 08:50:20
naive_adjacency,waste_collection_area,80,3,512,000010001000100000010000000100000001,0,0.7279593994837412,0.7279593994837412,0.8439587222019395,0.9212916040140685,2025-09-22 08:50:20
naive_adjacency,waste_collection_area,80,3,512,000001001000100000010000000100000010,0,0.9212916040140685,0.7279593994837412,0.8439587222019395,0.9212916040140685,2025-09-22 08:50:20
naive_adjacency,waste_collection_area,80,3,512,000010001000100000010000000001000100,0,0.9212916040140685,0.7279593994837412,0.8439587222019395,0.9212916040140685,2025-09-22 08:50:20
naive_adjacency,waste_collection_area,80,3,512,000001001000100000010000000010000100,0,0.9212916040140685,0.7279593994837412,0.8439587222019395,0.9212916040140685,2025-09-22 08:50:20
naive_adjacency,waste_collection_area,80,3,512,000100000010100000010000001000000001,0,0.7279593994837412,0.7279593994837412,0.8439587222019395,0.9212916040140685,2025-09-22 08:50:20
naive_adjacency,waste_collection_area,80,3,512,000100000001100000010000001000000010,0,0.9212916040140684,0.7279593994837412,0.8439587222019395,0.9212916040140685,2025-09-22 08:50:20
naive_adjacency,waste_collection_area,80,3,512,000010000100100000010000001000000001,0,0.7279593994837412,0.7279593994837412,0.8439587222019395,0.9212916040140685,2025-09-22 08:50:20
naive_adjacency,waste_collection_area,80,3,512,000001000100100000010000001000000010,0,0.9212916040140685,0.7279593994837412,0.8439587222019395,0.9212916040140685,2025-09-22 08:50:20
naive_adjacency,waste_collection_area,80,3,512,000010000001100000010000001000000100,0,0.9212916040140684,0.7279593994837412,0.8439587222019395,0.9212916040140685,2025-09-22 08:50:20
naive_adjacency,waste_collection_area,80,3,512,000001000010100000010000001000000100,0,0.9212916040140685,0.7279593994837412,0.8439587222019395,0.9212916040140685,2025-09-22 08:50:20
naive_adjacency,waste_collection_area,80,3,512,000100000010100000010000000001001000,0,0.9212916040140684,0.7279593994837412,0.8439587222019395,0.9212916040140685,2025-09-22 08:50:20
naive_adjacency,waste_collection_area,80,3,512,000100000001100000010000000010001000,0,0.9212916040140685,0.7279593994837412,0.8439587222019395,0.9212916040140685,2025-09-22 08:50:20
naive_adjacency,waste_collection_area,80,3,512,000010000100100000010000000001001000,0,0.9212916040140685,0.7279593994837412,0.8439587222019395,0.9212916040140685,2025-09-22 08:50:20
naive_adjacency,waste_collection_area,80,3,512,000001000100100000010000000010001000,0,0.9212916040140685,0.7279593994837412,0.8439587222019395,0.9212916040140685,2025-09-22 08:50:20
naive_adjacency,waste_collection_area,80,3,512,000010000001100000010000000100001000,0,0.9212916040140684,0.7279593994837412,0.8439587222019395,0.9212916040140685,2025-09-22 08:50:20
naive_adjacency,waste_collection_area,80,3,512,000001000010100000010000000100001000,0,0.9212916040140685,0.7279593994837412,0.8439587222019395,0.9212916040140685,2025-09-22 08:50:20
naive_adjacency,waste_collection_area,80,3,512,001000000100100000000010010000000001,0,0.7279593994837412,0.7279593994837412,0.8439587222019395,0.9212916040140685,2025-09-22 08:50:20
naive_adjacency,waste_collection_area,80,3,512,001000000100100000000001010000000010,0,0.9212916040140684,0.7279593994837412,0.8439587222019395,0.9212916040140685,2025-09-22 08:50:20
naive_adjacency,waste_collection_area,80,3,512,001000000010100000000100010000000001,0,0.7279593994837412,0.7279593994837412,0.8439587222019395,0.9212916040140685,2025-09-22 08:50:20
naive_adjacency,waste_collection_area,80,3,512,001000000001100000000100010000000010,0,0.9212916040140684,0.7279593994837412,0.8439587222019395,0.9212916040140685,2025-09-22 08:50:20
naive_adjacency,waste_collection_area,80,3,512,001000000010100000000001010000000100,0,0.9212916040140684,0.7279593994837412,0.8439587222019395,0.9212916040140685,2025-09-22 08:50:20
naive_adjacency,waste_collection_area,80,3,512,001000000001100000000010010000000100,0,0.9212916040140684,0.7279593994837412,0.8439587222019395,0.9212916040140685,2025-09-22 08:50:20
naive_adjacency,waste_collection_area,80,3,512,000100001000100000000010010000000001,0,0.7279593994837412,0.7279593994837412,0.8439587222019395,0.9212916040140685,2025-09-22 08:50:20
naive_adjacency,waste_collection_area,80,3,512,000100001000100000000001010000000010,0,0.9212916040140684,0.7279593994837412,0.8439587222019395,0.9212916040140685,2025-09-22 08:50:20
naive_adjacency,waste_collection_area,80,3,512,000010001000100000000100010000000001,0,0.7279593994837412,0.7279593994837412,0.8439587222019395,0.9212916040140685,2025-09-22 08:50:20
naive_adjacency,waste_collection_area,80,3,512,000001001000100000000100010000000010,0,0.9212916040140685,0.7279593994837412,0.8439587222019395,0.9212916040140685,2025-09-22 08:50:20
naive_adjacency,waste_collection_area,80,3,512,000010001000100000000001010000000100,0,0.9212916040140685,0.7279593994837412,0.8439587222019395,0.9212916040140685,2025-09-22 08:50:20
naive_adjacency,waste_collection_area,80,3,512,000001001000100000000010010000000100,0,0.9212916040140685,0.7279593994837412,0.8439587222019395,0.9212916040140685,2025-09-22 08:50:20
naive_adjacency,waste_collection_area,80,3,512,000100000010100000001000010000000001,0,0.7279593994837412,0.7279593994837412,0.8439587222019395,0.9212916040140685,2025-09-22 08:50:20
naive_adjacency,waste_collection_area,80,3,512,000100000001100000001000010000000010,0,0.9212916040140684,0.7279593994837412,0.8439587222019395,0.9212916040140685,2025-09-22 08:50:20
naive_adjacency,waste_collection_area,80,3,512,000010000100100000001000010000000001,0,0.7279593994837412,0.7279593994837412,0.8439587222019395,0.9212916040140685,2025-09-22 08:50:20
naive_adjacency,waste_collection_area,80,3,512,000001000100100000001000010000000010,0,0.9212916040140685,0.7279593994837412,0.8439587222019395,0.9212916040140685,2025-09-22 08:50:20
naive_adjacency,waste_collection_area,80,3,512,000010000001100000001000010000000100,0,0.9212916040140684,0.7279593994837412,0.8439587222019395,0.9212916040140685,2025-09-22 08:50:20
naive_adjacency,waste_collection_area,80,3,512,000001000010100000001000010000000100,0,0.9212916040140685,0.7279593994837412,0.8439587222019395,0.9212916040140685,2025-09-22 08:50:20
naive_adjacency,waste_collection_area,80,3,512,000100000010100000000001010000001000,0,0.9212916040140684,0.7279593994837412,0.8439587222019395,0.9212916040140685,2025-09-22 08:50:20
naive_adjacency,waste_collection_area,80,3,512,000100000001100000000010010000001000,0,0.9212916040140685,0.7279593994837412,0.8439587222019395,0.9212916040140685,2025-09-22 08:50:20
naive_adjacency,waste_collection_area,80,3,512,000010000100100000000001010000001000,0,0.9212916040140685,0.7279593994837412,0.8439587222019395,0.9212916040140685,2025-09-22 08:50:20
naive_adjacency,waste_collection_area,80,3,512,000001000100100000000010010000001000,0,0.9212916040140685,0.7279593994837412,0.8439587222019395,0.9212916040140685,2025-09-22 08:50:20
naive_adjacency,waste_collection_area,80,3,512,000010000001100000000100010000001000,0,0.9212916040140684,0.7279593994837412,0.8439587222019395,0.9212916040140685,2025-09-22 08:50:20
naive_adjacency,waste_collection_area,80,3,512,000001000010100000000100010000001000,0,0.9212916040140685,0.7279593994837412,0.8439587222019395,0.9212916040140685,2025-09-22 08:50:20
naive_adjacency,waste_collection_area,80,3,512,001000000100100000000010000001010000,0,0.7279593994837412,0.7279593994837412,0.8439587222019395,0.9212916040140685,2025-09-22 08:50:20
naive_adjacency,waste_collection_area,80,3,512,001000000100100000000001000010010000,0,0.7279593994837412,0.7279593994837412,0.8439587222019395,0.9212916040140685,2025-09-22 08:50:20
naive_adjacency,waste_collection_area,80,3,512,001000000010100000000100000001010000,0,0.7279593994837412,0.7279593994837412,0.8439587222019395,0.9212916040140685,2025-09-22 08:50:20
naive_adjacency,waste_collection_area,80,3,512,001000000001100000000100000010010000,0,0.7279593994837412,0.7279593994837412,0.8439587222019395,0.9212916040140685,2025-09-22 08:50:20
naive_adjacency,waste_collection_area,80,3,512,001000000010100000000001000100010000,0,0.7279593994837412,0.7279593994837412,0.8439587222019395,0.9212916040140685,2025-09-22 08:50:20
naive_adjacency,waste_collection_area,80,3,512,001000000001100000000010000100010000,0,0.7279593994837412,0.7279593994837412,0.8439587222019395,0.9212916040140685,2025-09-22 08:50:20
naive_adjacency,waste_collection_area,80,3,512,000100001000100000000010000001010000,0,0.7279593994837412,0.7279593994837412,0.8439587222019395,0.9212916040140685,2025-09-22 08:50:20
naive_adjacency,waste_collection_area,80,3,512,000100001000100000000001000010010000,0,0.7279593994837412,0.7279593994837412,0.8439587222019395,0.9212916040140685,2025-09-22 08:50:20
naive_adjacency,waste_collection_area,80,3,512,000010001000100000000100000001010000,0,0.7279593994837413,0.7279593994837412,0.8439587222019395,0.9212916040140685,2025-09-22 08:50:20
naive_adjacency,waste_collection_area,80,3,512,000001001000100000000100000010010000,0,0.7279593994837413,0.7279593994837412,0.8439587222019395,0.9212916040140685,2025-09-22 08:50:20
naive_adjacency,waste_collection_area,80,3,512,000010001000100000000001000100010000,0,0.7279593994837413,0.7279593994837412,0.8439587222019395,0.9212916040140685,2025-09-22 08:50:20
naive_adjacency,waste_collection_area,80,3,512,000001001000100000000010000100010000,0,0.7279593994837413,0.7279593994837412,0.8439587222019395,0.9212916040140685,2025-09-22 08:50:20
naive_adjacency,waste_collection_area,80,3,512,000100000010100000001000000001010000,0,0.7279593994837412,0.7279593994837412,0.8439587222019395,0.9212916040140685,2025-09-22 08:50:20
naive_adjacency,waste_collection_area,80,3,512,000100000001100000001000000010010000,0,0.7279593994837413,0.7279593994837412,0.8439587222019395,0.9212916040140685,2025-09-22 08:50:20
naive_adjacency,waste_collection_area,80,3,512,000010000100100000001000000001010000,0,0.7279593994837412,0.7279593994837412,0.8439587222019395,0.9212916040140685,2025-09-22 08:50:20
naive_adjacency,waste_collection_area,80,3,512,000001000100100000001000000010010000,0,0.7279593994837413,0.7279593994837412,0.8439587222019395,0.9212916040140685,2025-09-22 08:50:20
naive_adjacency,waste_collection_area,80,3,512,000010000001100000001000000100010000,0,0.7279593994837412,0.7279593994837412,0.8439587222019395,0.9212916040140685,2025-09-22 08:50:20
naive_adjacency,waste_collection_area,80,3,512,000001000010100000001000000100010000,0,0.7279593994837412,0.7279593994837412,0.8439587222019395,0.9212916040140685,2025-09-22 08:50:20
naive_adjacency,waste_collection_area,80,3,512,000100000010100000000001001000010000,0,0.7279593994837412,0.7279593994837412,0.8439587222019395,0.9212916040140685,2025-09-22 08:50:20
naive_adjacency,waste_collection_area,80,3,512,000100000001100000000010001000010000,0,0.7279593994837413,0.7279593994837412,0.8439587222019395,0.9212916040140685,2025-09-22 08:50:20
naive_adjacency,waste_collection_area,80,3,512,000010000100100000000001001000010000,0,0.7279593994837412,0.7279593994837412,0.8439587222019395,0.9212916040140685,2025-09-22 08:50:20
naive_adjacency,waste_collection_area,80,3,512,000001000100100000000010001000010000,0,0.7279593994837413,0.7279593994837412,0.8439587222019395,0.9212916040140685,2025-09-22 08:50:20
naive_adjacency,waste_collection_area,80,3,512,000010000001100000000100001000010000,0,0.7279593994837412,0.7279593994837412,0.8439587222019395,0.9212916040140685,2025-09-22 08:50:20
naive_adjacency,waste_collection_area,80,3,512,000001000010100000000100001000010000,0,0.7279593994837412,0.7279593994837412,0.8439587222019395,0.9212916040140685,2025-09-22 08:50:20
naive_adjacency,waste_collection_area,80,3,512,010000001000000100100000000010000001,0,0.9212916040140684,0.7279593994837412,0.8439587222019395,0.9212916040140685,2025-09-22 08:50:20
naive_adjacency,waste_collection_area,80,3,512,010000001000000100100000000001000010,0,0.7279593994837412,0.7279593994837412,0.8439587222019395,0.9212916040140685,2025-09-22 08:50:20
naive_adjacency,waste_collection_area,80,3,512,010000001000000010100000000100000001,0,0.7279593994837412,0.7279593994837412,0.8439587222019395,0.9212916040140685,2025-09-22 08:50:20
naive_adjacency,waste_collection_area,80,3,512,010000001000000001100000000100000010,0,0.7279593994837412,0.7279593994837412,0.8439587222019395,0.9212916040140685,2025-09-22 08:50:20
naive_adjacency,waste_collection_area,80,3,512,010000001000000010100000000001000100,0,0.7279593994837412,0.7279593994837412,0.8439587222019395,0.9212916040140685,2025-09-22 08:50:20
naive_adjacency,waste_collection_area,80,3,512,010000001000000001100000000010000100,0,0.9212916040140684,0.7279593994837412,0.8439587222019395,0.9212916040140685,2025-09-22 08:50:20
naive_adjacency,waste_collection_area,80,3,512,010000000100001000100000000010000001,0,0.9212916040140684,0.7279593994837412,0.8439587222019395,0.9212916040140685,2025-09-22 08:50:20
naive_adjacency,waste_collection_area,80,3,512,010000000100001000100000000001000010,0,0.9212916040140684,0.7279593994837412,0.8439587222019395,0.9212916040140685,2025-09-22 08:50:20
naive_adjacency,waste_collection_area,80,3,512,010000000010001000100000000100000001,0,0.9212916040140684,0.7279593994837412,0.8439587222019395,0.9212916040140685,2025-09-22 08:50:20
naive_adjacency,waste_collection_area,80,3,512,010000000001001000100000000100000010,0,0.9212916040140684,0.7279593994837412,0.8439587222019395,0.9212916040140685,2025-09-22 08:50:20
naive_adjacency,waste_collection_area,80,3,512,010000000010001000100000000001000100,0,0.7279593994837413,0.7279593994837412,0.8439587222019395,0.9212916040140685,2025-09-22 08:50:20
naive_adjacency,waste_collection_area,80,3,512,010000000001001000100000000010000100,0,0.7279593994837413,0.7279593994837412,0.8439587222019395,0.9212916040140685,2025-09-22 08:50:20
naive_adjacency,waste_collection_area,80,3,512,010000000100000010100000001000000001,0,0.7279593994837412,0.7279593994837412,0.8439587222019395,0.9212916040140685,2025-09-22 08:50:20
naive_adjacency,waste_collection_area,80,3,512,010000000100000001100000001000000010,0,0.7279593994837412,0.7279593994837412,0.8439587222019395,0.9212916040140685,2025-09-22 08:50:20
naive_adjacency,waste_collection_area,80,3,512,010000000010000100100000001000000001,0,0.9212916040140684,0.7279593994837412,0.8439587222019395,0.9212916040140685,2025-09-22 08:50:20
naive_adjacency,waste_collection_area,80,3,512,010000000001000100100000001000000010,0,0.7279593994837412,0.7279593994837412,0.8439587222019395,0.9212916040140685,2025-09-22 08:50:20
naive_adjacency,waste_collection_area,80,3,512,010000000010000001100000001000000100,0,0.9212916040140684,0.7279593994837412,0.8439587222019395,0.9212916040140685,2025-09-22 08:50:20
naive_adjacency,waste_collection_area,80,3,512,010000000001000010100000001000000100,0,0.7279593994837412,0.7279593994837412,0.8439587222019395,0.9212916040140685,2025-09-22 08:50:20
naive_adjacency,waste_collection_area,80,3,512,010000000100000010100000000001001000,0,0.9212916040140684,0.7279593994837412,0.8439587222019395,0.9212916040140685,2025-09-22 08:50:20
naive_adjacency,waste_collection_area,80,3,512,010000000100000001100000000010001000,0,0.9212916040140684,0.7279593994837412,0.8439587222019395,0.9212916040140685,2025-09-22 08:50:20
naive_adjacency,waste_collection_area,80,3,512,010000000010000100100000000001001000,0,0.7279593994837412,0.7279593994837412,0.8439587222019395,0.9212916040140685,2025-09-22 08:50:20
naive_adjacency,waste_collection_area,80,3,512,010000000001000100100000000010001000,0,0.7279593994837412,0.7279593994837412,0.8439587222019395,0.9212916040140685,2025-09-22 08:50:20
naive_adjacency,waste_collection_area,80,3,512,010000000010000001100000000100001000,0,0.9212916040140684,0.7279593994837412,0.8439587222019395,0.9212916040140685,2025-09-22 08:50:20
naive_adjacency,waste_collection_area,80,3,512,010000000001000010100000000100001000,0,0.9212916040140684,0.7279593994837412,0.8439587222019395,0.9212916040140685,2025-09-22 08:50:20
naive_adjacency,waste_collection_area,80,3,512,001000010000000100100000000010000001,0,0.9212916040140684,0.7279593994837412,0.8439587222019395,0.9212916040140685,2025-09-22 08:50:20
naive_adjacency,waste_collection_area,80,3,512,001000010000000100100000000001000010,0,0.7279593994837412,0.7279593994837412,0.8439587222019395,0.9212916040140685,2025-09-22 08:50:20
naive_adjacency,waste_collection_area,80,3,512,001000010000000010100000000100000001,0,0.7279593994837412,0.7279593994837412,0.8439587222019395,0.9212916040140685,2025-09-22 08:50:20
naive_adjacency,waste_collection_area,80,3,512,001000010000000001100000000100000010,0,0.7279593994837412,0.7279593994837412,0.8439587222019395,0.9212916040140685,2025-09-22 08:50:20
naive_adjacency,waste_collection_area,80,3,512,001000010000000010100000000001000100,0,0.7279593994837412,0.7279593994837412,0.8439587222019395,0.9212916040140685,2025-09-22 08:50:20
naive_adjacency,waste_collection_area,80,3,512,001000010000000001100000000010000100,0,0.9212916040140684,0.7279593994837412,0.8439587222019395,0.9212916040140685,2025-09-22 08:50:20
naive_adjacency,waste_collection_area,80,3,512,000100010000001000100000000010000001,0,0.9212916040140684,0.7279593994837412,0.8439587222019395,0.9212916040140685,2025-09-22 08:50:20
naive_adjacency,waste_collection_area,80,3,512,000100010000001000100000000001000010,0,0.9212916040140684,0.7279593994837412,0.8439587222019395,0.9212916040140685,2025-09-22 08:50:20
naive_adjacency,waste_collection_area,80,3,512,000010010000001000100000000100000001,0,0.9212916040140684,0.7279593994837412,0.8439587222019395,0.9212916040140685,2025-09-22 08:50:20
naive_adjacency,waste_collection_area,80,3,512,000001010000001000100000000100000010,0,0.9212916040140685,0.7279593994837412,0.8439587222019395,0.9212916040140685,2025-09-22 08:50:20
naive_adjacency,waste_collection_area,80,3,512,000010010000001000100000000001000100,0,0.7279593994837413,0.7279593994837412,0.8439587222019395,0.9212916040140685,2025-09-22 08:50:20
naive_adjacency,waste_collection_area,80,3,512,000001010000001000100000000010000100,0,0.7279593994837413,0.7279593994837412,0.8439587222019395,0.9212916040140685,2025-09-22 08:50:20
naive_adjacency,waste_collection_area,80,3,512,000100010000000010100000001000000001,0,0.7279593994837412,0.7279593994837412,0.8439587222019395,0.9212916040140685,2025-09-22 08:50:20
naive_adjacency,waste_collection_area,80,3,512,000100010000000001100000001000000010,0,0.7279593994837412,0.7279593994837412,0.8439587222019395,0.9212916040140685,2025-09-22 08:50:20
naive_adjacency,waste_collection_area,80,3,512,000010010000000100100000001000000001,0,0.9212916040140684,0.7279593994837412,0.8439587222019395,0.9212916040140685,2025-09-22 08:50:20
naive_adjacency,waste_collection_area,80,3,512,000001010000000100100000001000000010,0,0.7279593994837413,0.7279593994837412,0.8439587222019395,0.9212916040140685,2025-09-22 08:50:20
naive_adjacency,waste_collection_area,80,3,512,000010010000000001100000001000000100,0,0.9212916040140684,0.7279593994837412,0.8439587222019395,0.9212916040140685,2025-09-22 08:50:20
naive_adjacency,waste_collection_area,80,3,512,000001010000000010100000001000000100,0,0.7279593994837412,0.7279593994837412,0.8439587222019395,0.9212916040140685,2025-09-22 08:50:20
naive_adjacency,waste_collection_area,80,3,512,000100010000000010100000000001001000,0,0.9212916040140685,0.7279593994837412,0.8439587222019395,0.9212916040140685,2025-09-22 08:50:20
naive_adjacency,waste_collection_area,80,3,512,000100010000000001100000000010001000,0,0.9212916040140685,0.7279593994837412,0.8439587222019395,0.9212916040140685,2025-09-22 08:50:20
naive_adjacency,waste_collection_area,80,3,512,000010010000000100100000000001001000,0,0.7279593994837413,0.7279593994837412,0.8439587222019395,0.9212916040140685,2025-09-22 08:50:20
naive_adjacency,waste_collection_area,80,3,512,000001010000000100100000000010001000,0,0.7279593994837413,0.7279593994837412,0.8439587222019395,0.9212916040140685,2025-09-22 08:50:20
naive_adjacency,waste_collection_area,80,3,512,000010010000000001100000000100001000,0,0.9212916040140685,0.7279593994837412,0.8439587222019395,0.9212916040140685,2025-09-22 08:50:20
naive_adjacency,waste_collection_area,80,3,512,000001010000000010100000000100001000,0,0.9212916040140685,0.7279593994837412,0.8439587222019395,0.9212916040140685,2025-09-22 08:50:20
naive_adjacency,waste_collection_area,80,3,512,001000000100010000100000000010000001,0,0.9212916040140684,0.7279593994837412,0.8439587222019395,0.9212916040140685,2025-09-22 08:50:20
naive_adjacency,waste_collection_area,80,3,512,001000000100010000100000000001000010,0,0.9212916040140684,0.7279593994837412,0.8439587222019395,0.9212916040140685,2025-09-22 08:50:20
naive_adjacency,waste_collection_area,80,3,512,001000000010010000100000000100000001,0,0.9212916040140684,0.7279593994837412,0.8439587222019395,0.9212916040140685,2025-09-22 08:50:20
naive_adjacency,waste_collection_area,80,3,512,001000000001010000100000000100000010,0,0.9212916040140684,0.7279593994837412,0.8439587222019395,0.9212916040140685,2025-09-22 08:50:20
naive_adjacency,waste_collection_area,80,3,512,001000000010010000100000000001000100,0,0.9212916040140684,0.7279593994837412,0.8439587222019395,0.9212916040140685,2025-09-22 08:50:20
naive_adjacency,waste_collection_area,80,3,512,001000000001010000100000000010000100,0,0.9212916040140684,0.7279593994837412,0.8439587222019395,0.9212916040140685,2025-09-22 08:50:20
naive_adjacency,waste_collection_area,80,3,512,000100001000010000100000000010000001,0,0.9212916040140684,0.7279593994837412,0.8439587222019395,0.9212916040140685,2025-09-22 08:50:20
naive_adjacency,waste_collection_area,80,3,512,000100001000010000100000000001000010,0,0.9212916040140684,0.7279593994837412,0.8439587222019395,0.9212916040140685,2025-09-22 08:50:20
naive_adjacency,waste_collection_area,80,3,512,000010001000010000100000000100000001,0,0.9212916040140684,0.7279593994837412,0.8439587222019395,0.9212916040140685,2025-09-22 08:50:20
naive_adjacency,waste_collection_area,80,3,512,000001001000010000100000000100000010,0,0.9212916040140685,0.7279593994837412,0.8439587222019395,0.9212916040140685,2025-09-22 08:50:20
naive_adjacency,waste_collection_area,80,3,512,000010001000010000100000000001000100,0,0.9212916040140685,0.7279593994837412,0.8439587222019395,0.9212916040140685,2025-09-22 08:50:20
naive_adjacency,waste_collection_area,80,3,512,000001001000010000100000000010000100,0,0.9212916040140685,0.7279593994837412,0.8439587222019395,0.9212916040140685,2025-09-22 08:50:20
naive_adjacency,waste_collection_area,80,3,512,000100000010010000100000001000000001,0,0.9212916040140684,0.7279593994837412,0.8439587222019395,0.9212916040140685,2025-09-22 08:50:20
naive_adjacency,waste_collection_area,80,3,512,000100000001010000100000001000000010,0,0.9212916040140684,0.7279593994837412,0.8439587222019395,0.9212916040140685,2025-09-22 08:50:20
naive_adjacency,waste_collection_area,80,3,512,000010000100010000100000001000000001,0,0.9212916040140684,0.7279593994837412,0.8439587222019395,0.9212916040140685,2025-09-22 08:50:20
naive_adjacency,waste_collection_area,80,3,512,000001000100010000100000001000000010,0,0.9212916040140685,0.7279593994837412,0.8439587222019395,0.9212916040140685,2025-09-22 08:50:20
naive_adjacency,waste_collection_area,80,3,512,000010000001010000100000001000000100,0,0.9212916040140684,0.7279593994837412,0.8439587222019395,0.9212916040140685,2025-09-22 08:50:20
naive_adjacency,waste_collection_area,80,3,512,000001000010010000100000001000000100,0,0.9212916040140685,0.7279593994837412,0.8439587222019395,0.9212916040140685,2025-09-22 08:50:20
naive_adjacency,waste_collection_area,80,3,512,000100000010010000100000000001001000,0,0.7279593994837412,0.7279593994837412,0.8439587222019395,0.9212916040140685,2025-09-22 08:50:20
naive_adjacency,waste_collection_area,80,3,512,000100000001010000100000000010001000,0,0.7279593994837412,0.7279593994837412,0.8439587222019395,0.9212916040140685,2025-09-22 08:50:20
naive_adjacency,waste_collection_area,80,3,512,000010000100010000100000000001001000,0,0.7279593994837413,0.7279593994837412,0.8439587222019395,0.9212916040140685,2025-09-22 08:50:20
naive_adjacency,waste_collection_area,80,3,512,000001000100010000100000000010001000,0,0.7279593994837413,0.7279593994837412,0.8439587222019395,0.9212916040140685,2025-09-22 08:50:20
naive_adjacency,waste_collection_area,80,3,512,000010000001010000100000000100001000,0,0.7279593994837412,0.7279593994837412,0.8439587222019395,0.9212916040140685,2025-09-22 08:50:20
naive_adjacency,waste_collection_area,80,3,512,000001000010010000100000000100001000,0,0.7279593994837413,0.7279593994837412,0.8439587222019395,0.9212916040140685,2025-09-22 08:50:20
naive_adjacency,waste_collection_area,80,3,512,001000000100000010100000010000000001,0,0.7279593994837412,0.7279593994837412,0.8439587222019395,0.9212916040140685,2025-09-22 08:50:20
naive_adjacency,waste_collection_area,80,3,512,001000000100000001100000010000000010,0,0.7279593994837412,0.7279593994837412,0.8439587222019395,0.9212916040140685,2025-09-22 08:50:20
naive_adjacency,waste_collection_area,80,3,512,001000000010000100100000010000000001,0,0.9212916040140684,0.7279593994837412,0.8439587222019395,0.9212916040140685,2025-09-22 08:50:20
naive_adjacency,waste_collection_area,80,3,512,001000000001000100100000010000000010,0,0.7279593994837413,0.7279593994837412,0.8439587222019395,0.9212916040140685,2025-09-22 08:50:20
naive_adjacency,waste_collection_area,80,3,512,001000000010000001100000010000000100,0,0.9212916040140684,0.7279593994837412,0.8439587222019395,0.9212916040140685,2025-09-22 08:50:20
naive_adjacency,waste_collection_area,80,3,512,001000000001000010100000010000000100,0,0.7279593994837412,0.7279593994837412,0.8439587222019395,0.9212916040140685,2025-09-22 08:50:20
naive_adjacency,waste_collection_area,80,3,512,000100001000000010100000010000000001,0,0.7279593994837412,0.7279593994837412,0.8439587222019395,0.9212916040140685,2025-09-22 08:50:20
naive_adjacency,waste_collection_area,80,3,512,000100001000000001100000010000000010,0,0.7279593994837412,0.7279593994837412,0.8439587222019395,0.9212916040140685,2025-09-22 08:50:20
naive_adjacency,waste_collection_area,80,3,512,000010001000000100100000010000000001,0,0.9212916040140684,0.7279593994837412,0.8439587222019395,0.9212916040140685,2025-09-22 08:50:20
naive_adjacency,waste_collection_area,80,3,512,000001001000000100100000010000000010,0,0.7279593994837413,0.7279593994837412,0.8439587222019395,0.9212916040140685,2025-09-22 08:50:20
naive_adjacency,waste_collection_area,80,3,512,000010001000000001100000010000000100,0,0.9212916040140685,0.7279593994837412,0.8439587222019395,0.9212916040140685,2025-09-22 08:50:20
naive_adjacency,waste_collection_area,80,3,512,000001001000000010100000010000000100,0,0.7279593994837413,0.7279593994837412,0.8439587222019395,0.9212916040140685,2025-09-22 08:50:20
naive_adjacency,waste_collection_area,80,3,512,000100000010001000100000010000000001,0,0.9212916040140684,0.7279593994837412,0.8439587222019395,0.9212916040140685,2025-09-22 08:50:20
naive_adjacency,waste_collection_area,80,3,512,000100000001001000100000010000000010,0,0.9212916040140684,0.7279593994837412,0.8439587222019395,0.9212916040140685,2025-09-22 08:50:20
naive_adjacency,waste_collection_area,80,3,512,000010000100001000100000010000000001,0,0.9212916040140684,0.7279593994837412,0.8439587222019395,0.9212916040140685,2025-09-22 08:50:20
naive_adjacency,waste_collection_area,80,3,512,000001000100001000100000010000000010,0,0.9212916040140685,0.7279593994837412,0.8439587222019395,0.9212916040140685,2025-09-22 08:50:20
naive_adjacency,waste_collection_area,80,3,512,000010000001001000100000010000000100,0,0.7279593994837412,0.7279593994837412,0.8439587222019395,0.9212916040140685,2025-09-22 08:50:20
naive_adjacency,waste_collection_area,80,3,512,000001000010001000100000010000000100,0,0.7279593994837413,0.7279593994837412,0.8439587222019395,0.9212916040140685,2025-09-22 08:50:20
naive_adjacency,waste_collection_area,80,3,512,000100000010000001100000010000001000,0,0.9212916040140684,0.7279593994837412,0.8439587222019395,0.9212916040140685,2025-09-22 08:50:20
naive_adjacency,waste_collection_area,80,3,512,000100000001000010100000010000001000,0,0.9212916040140684,0.7279593994837412,0.8439587222019395,0.9212916040140685,2025-09-22 08:50:20
naive_adjacency,waste_collection_area,80,3,512,000010000100000001100000010000001000,0,0.9212916040140685,0.7279593994837412,0.8439587222019395,0.9212916040140685,2025-09-22 08:50:20
naive_adjacency,waste_collection_area,80,3,512,000001000100000010100000010000001000,0,0.9212916040140685,0.7279593994837412,0.8439587222019395,0.9212916040140685,2025-09-22 08:50:20
naive_adjacency,waste_collection_area,80,3,512,000010000001000100100000010000001000,0,0.7279593994837412,0.7279593994837412,0.8439587222019395,0.9212916040140685,2025-09-22 08:50:20
naive_adjacency,waste_collection_area,80,3,512,000001000010000100100000010000001000,0,0.7279593994837413,0.7279593994837412,0.8439587222019395,0.9212916040140685,2025-09-22 08:50:20
naive_adjacency,waste_collection_area,80,3,512,001000000100000010100000000001010000,0,0.9212916040140684,0.7279593994837412,0.8439587222019395,0.9212916040140685,2025-09-22 08:50:20
naive_adjacency,waste_collection_area,80,3,512,001000000100000001100000000010010000,0,0.9212916040140684,0.7279593994837412,0.8439587222019395,0.9212916040140685,2025-09-22 08:50:20
naive_adjacency,waste_collection_area,80,3,512,001000000010000100100000000001010000,0,0.9212916040140684,0.7279593994837412,0.8439587222019395,0.9212916040140685,2025-09-22 08:50:20
naive_adjacency,waste_collection_area,80,3,512,001000000001000100100000000010010000,0,0.9212916040140684,0.7279593994837412,0.8439587222019395,0.9212916040140685,2025-09-22 08:50:20
naive_adjacency,waste_collection_area,80,3,512,001000000010000001100000000100010000,0,0.9212916040140684,0.7279593994837412,0.8439587222019395,0.9212916040140685,2025-09-22 08:50:20
naive_adjacency,waste_collection_area,80,3,512,001000000001000010100000000100010000,0,0.9212916040140684,0.7279593994837412,0.8439587222019395,0.9212916040140685,2025-09-22 08:50:20
naive_adjacency,waste_collection_area,80,3,512,000100001000000010100000000001010000,0,0.9212916040140685,0.7279593994837412,0.8439587222019395,0.9212916040140685,2025-09-22 08:50:20
naive_adjacency,waste_collection_area,80,3,512,000100001000000001100000000010010000,0,0.9212916040140685,0.7279593994837412,0.8439587222019395,0.9212916040140685,2025-09-22 08:50:20
naive_adjacency,waste_collection_area,80,3,512,000010001000000100100000000001010000,0,0.9212916040140685,0.7279593994837412,0.8439587222019395,0.9212916040140685,2025-09-22 08:50:20
naive_adjacency,waste_collection_area,80,3,512,000001001000000100100000000010010000,0,0.9212916040140685,0.7279593994837412,0.8439587222019395,0.9212916040140685,2025-09-22 08:50:20
naive_adjacency,waste_collection_area,80,3,512,000010001000000001100000000100010000,0,0.9212916040140685,0.7279593994837412,0.8439587222019395,0.9212916040140685,2025-09-22 08:50:20
naive_adjacency,waste_collection_area,80,3,512,000001001000000010100000000100010000,0,0.9212916040140685,0.7279593994837412,0.8439587222019395,0.9212916040140685,2025-09-22 08:50:20
naive_adjacency,waste_collection_area,80,3,512,000100000010001000100000000001010000,0,0.7279593994837412,0.7279593994837412,0.8439587222019395,0.9212916040140685,2025-09-22 08:50:20
naive_adjacency,waste_collection_area,80,3,512,000100000001001000100000000010010000,0,0.7279593994837413,0.7279593994837412,0.8439587222019395,0.9212916040140685,2025-09-22 08:50:20
naive_adjacency,waste_collection_area,80,3,512,000010000100001000100000000001010000,0,0.7279593994837413,0.7279593994837412,0.8439587222019395,0.9212916040140685,2025-09-22 08:50:20
naive_adjacency,waste_collection_area,80,3,512,000001000100001000100000000010010000,0,0.7279593994837413,0.7279593994837412,0.8439587222019395,0.9212916040140685,2025-09-22 08:50:20
naive_adjacency,waste_collection_area,80,3,512,000010000001001000100000000100010000,0,0.7279593994837412,0.7279593994837412,0.8439587222019395,0.9212916040140685,2025-09-22 08:50:20
naive_adjacency,waste_collection_area,80,3,512,000001000010001000100000000100010000,0,0.7279593994837413,0.7279593994837412,0.8439587222019395,0.9212916040140685,2025-09-22 08:50:20
naive_adjacency,waste_collection_area,80,3,512,000100000010000001100000001000010000,0,0.9212916040140684,0.7279593994837412,0.8439587222019395,0.9212916040140685,2025-09-22 08:50:20
naive_adjacency,waste_collection_area,80,3,512,000100000001000010100000001000010000,0,0.9212916040140685,0.7279593994837412,0.8439587222019395,0.9212916040140685,2025-09-22 08:50:20
naive_adjacency,waste_collection_area,80,3,512,000010000100000001100000001000010000,0,0.9212916040140685,0.7279593994837412,0.8439587222019395,0.9212916040140685,2025-09-22 08:50:20
naive_adjacency,waste_collection_area,80,3,512,000001000100000010100000001000010000,0,0.9212916040140685,0.7279593994837412,0.8439587222019395,0.9212916040140685,2025-09-22 08:50:20
naive_adjacency,waste_collection_area,80,3,512,000010000001000100100000001000010000,0,0.9212916040140684,0.7279593994837412,0.8439587222019395,0.9212916040140685,2025-09-22 08:50:20
naive_adjacency,waste_collection_area,80,3,512,000001000010000100100000001000010000,0,0.9212916040140685,0.7279593994837412,0.8439587222019395,0.9212916040140685,2025-09-22 08:50:20
naive_adjacency,waste_collection_area,80,3,512,010000001000000100000010100000000001,0,0.9212916040140684,0.7279593994837412,0.8439587222019395,0.9212916040140685,2025-09-22 08:50:20
naive_adjacency,waste_collection_area,80,3,512,010000001000000100000001100000000010,0,0.7279593994837412,0.7279593994837412,0.8439587222019395,0.9212916040140685,2025-09-22 08:50:20
naive_adjacency,waste_collection_area,80,3,512,010000001000000010000100100000000001,0,0.7279593994837412,0.7279593994837412,0.8439587222019395,0.9212916040140685,2025-09-22 08:50:20
naive_adjacency,waste_collection_area,80,3,512,010000001000000001000100100000000010,0,0.7279593994837412,0.7279593994837412,0.8439587222019395,0.9212916040140685,2025-09-22 08:50:20
naive_adjacency,waste_collection_area,80,3,512,010000001000000010000001100000000100,0,0.7279593994837412,0.7279593994837412,0.8439587222019395,0.9212916040140685,2025-09-22 08:50:20
naive_adjacency,waste_collection_area,80,3,512,010000001000000001000010100000000100,0,0.9212916040140684,0.7279593994837412,0.8439587222019395,0.9212916040140685,2025-09-22 08:50:20
naive_adjacency,waste_collection_area,80,3,512,010000000100001000000010100000000001,0,0.9212916040140684,0.7279593994837412,0.8439587222019395,0.9212916040140685,2025-09-22 08:50:20
naive_adjacency,waste_collection_area,80,3,512,010000000100001000000001100000000010,0,0.9212916040140684,0.7279593994837412,0.8439587222019395,0.9212916040140685,2025-09-22 08:50:20
naive_adjacency,waste_collection_area,80,3,512,010000000010001000000100100000000001,0,0.9212916040140684,0.7279593994837412,0.8439587222019395,0.9212916040140685,2025-09-22 08:50:20
naive_adjacency,waste_collection_area,80,3,512,010000000001001000000100100000000010,0,0.9212916040140684,0.7279593994837412,0.8439587222019395,0.9212916040140685,2025-09-22 08:50:20
naive_adjacency,waste_collection_area,80,3,512,010000000010001000000001100000000100,0,0.7279593994837413,0.7279593994837412,0.8439587222019395,0.9212916040140685,2025-09-22 08:50:20
naive_adjacency,waste_collection_area,80,3,512,010000000001001000000010100000000100,0,0.7279593994837413,0.7279593994837412,0.8439587222019395,0.9212916040140685,2025-09-22 08:50:20
naive_adjacency,waste_collection_area,80,3,512,010000000100000010001000100000000001,0,0.7279593994837412,0.7279593994837412,0.8439587222019395,0.9212916040140685,2025-09-22 08:50:20
naive_adjacency,waste_collection_area,80,3,512,010000000100000001001000100000000010,0,0.7279593994837412,0.7279593994837412,0.8439587222019395,0.9212916040140685,2025-09-22 08:50:20
naive_adjacency,waste_collection_area,80,3,512,010000000010000100001000100000000001,0,0.9212916040140684,0.7279593994837412,0.8439587222019395,0.9212916040140685,2025-09-22 08:50:20
naive_adjacency,waste_collection_area,80,3,512,010000000001000100001000100000000010,0,0.7279593994837412,0.7279593994837412,0.8439587222019395,0.9212916040140685,2025-09-22 08:50:20
naive_adjacency,waste_collection_area,80,3,512,010000000010000001001000100000000100,0,0.9212916040140684,0.7279593994837412,0.8439587222019395,0.9212916040140685,2025-09-22 08:50:20
naive_adjacency,waste_collection_area,80,3,512,010000000001000010001000100000000100,0,0.7279593994837412,0.7279593994837412,0.8439587222019395,0.9212916040140685,2025-09-22 08:50:20
naive_adjacency,waste_collection_area,80,3,512,010000000100000010000001100000001000,0,0.9212916040140684,0.7279593994837412,0.8439587222019395,0.9212916040140685,2025-09-22 08:50:20
naive_adjacency,waste_collection_area,80,3,512,010000000100000001000010100000001000,0,0.9212916040140684,0.7279593994837412,0.8439587222019395,0.9212916040140685,2025-09-22 08:50:20
naive_adjacency,waste_collection_area,80,3,512,010000000010000100000001100000001000,0,0.7279593994837412,0.7279593994837412,0.8439587222019395,0.9212916040140685,2025-09-22 08:50:20
naive_adjacency,waste_collection_area,80,3,512,010000000001000100000010100000001000,0,0.7279593994837412,0.7279593994837412,0.8439587222019395,0.9212916040140685,2025-09-22 08:50:20
naive_adjacency,waste_collection_area,80,3,512,010000000010000001000100100000001000,0,0.9212916040140684,0.7279593994837412,0.8439587222019395,0.9212916040140685,2025-09-22 08:50:20
naive_adjacency,waste_collection_area,80,3,512,010000000001000010000100100000001000,0,0.9212916040140684,0.7279593994837412,0.8439587222019395,0.9212916040140685,2025-09-22 08:50:20
naive_adjacency,waste_collection_area,80,3,512,001000010000000100000010100000000001,0,0.9212916040140684,0.7279593994837412,0.8439587222019395,0.9212916040140685,2025-09-22 08:50:20
naive_adjacency,waste_collection_area,80,3,512,001000010000000100000001100000000010,0,0.7279593994837412,0.7279593994837412,0.8439587222019395,0.9212916040140685,2025-09-22 08:50:20
naive_adjacency,waste_collection_area,80,3,512,001000010000000010000100100000000001,0,0.7279593994837412,0.7279593994837412,0.8439587222019395,0.9212916040140685,2025-09-22 08:50:20
naive_adjacency,waste_collection_area,80,3,512,001000010000000001000100100000000010,0,0.7279593994837412,0.7279593994837412,0.8439587222019395,0.9212916040140685,2025-09-22 08:50:20
naive_adjacency,waste_collection_area,80,3,512,001000010000000010000001100000000100,0,0.7279593994837412,0.7279593994837412,0.8439587222019395,0.9212916040140685,2025-09-22 08:50:20
naive_adjacency,waste_collection_area,80,3,512,001000010000000001000010100000000100,0,0.9212916040140684,0.7279593994837412,0.8439587222019395,0.9212916040140685,2025-09-22 08:50:20
naive_adjacency,waste_collection_area,80,3,512,000100010000001000000010100000000001,0,0.9212916040140684,0.7279593994837412,0.8439587222019395,0.9212916040140685,2025-09-22 08:50:20
naive_adjacency,waste_collection_area,80,3,512,000100010000001000000001100000000010,0,0.9212916040140684,0.7279593994837412,0.8439587222019395,0.9212916040140685,2025-09-22 08:50:20
naive_adjacency,waste_collection_area,80,3,512,000010010000001000000100100000000001,0,0.9212916040140684,0.7279593994837412,0.8439587222019395,0.9212916040140685,2025-09-22 08:50:20
naive_adjacency,waste_collection_area,80,3,512,000001010000001000000100100000000010,0,0.9212916040140685,0.7279593994837412,0.8439587222019395,0.9212916040140685,2025-09-22 08:50:20
naive_adjacency,waste_collection_area,80,3,512,000010010000001000000001100000000100,0,0.7279593994837413,0.7279593994837412,0.8439587222019395,0.9212916040140685,2025-09-22 08:50:20
naive_adjacency,waste_collection_area,80,3,512,000001010000001000000010100000000100,0,0.7279593994837413,0.7279593994837412,0.8439587222019395,0.9212916040140685,2025-09-22 08:50:20
naive_adjacency,waste_collection_area,80,3,512,000100010000000010001000100000000001,0,0.7279593994837412,0.7279593994837412,0.8439587222019395,0.9212916040140685,2025-09-22 08:50:20
naive_adjacency,waste_collection_area,80,3,512,000100010000000001001000100000000010,0,0.7279593994837412,0.7279593994837412,0.8439587222019395,0.9212916040140685,2025-09-22 08:50:20
naive_adjacency,waste_collection_area,80,3,512,000010010000000100001000100000000001,0,0.9212916040140684,0.7279593994837412,0.8439587222019395,0.9212916040140685,2025-09-22 08:50:20
naive_adjacency,waste_collection_area,80,3,512,000001010000000100001000100000000010,0,0.7279593994837413,0.7279593994837412,0.8439587222019395,0.9212916040140685,2025-09-22 08:50:20
naive_adjacency,waste_collection_area,80,3,512,000010010000000001001000100000000100,0,0.9212916040140684,0.7279593994837412,0.8439587222019395,0.9212916040140685,2025-09-22 08:50:20
naive_adjacency,waste_collection_area,80,3,512,000001010000000010001000100000000100,0,0.7279593994837412,0.7279593994837412,0.8439587222019395,0.9212916040140685,2025-09-22 08:50:20
naive_adjacency,waste_collection_area,80,3,512,000100010000000010000001100000001000,0,0.9212916040140685,0.7279593994837412,0.8439587222019395,0.9212916040140685,2025-09-22 08:50:20
naive_adjacency,waste_collection_area,80,3,512,000100010000000001000010100000001000,0,0.9212916040140685,0.7279593994837412,0.8439587222019395,0.9212916040140685,2025-09-22 08:50:20
naive_adjacency,waste_collection_area,80,3,512,000010010000000100000001100000001000,0,0.7279593994837413,0.7279593994837412,0.8439587222019395,0.9212916040140685,2025-09-22 08:50:20
naive_adjacency,waste_collection_area,80,3,512,000001010000000100000010100000001000,0,0.7279593994837413,0.7279593994837412,0.8439587222019395,0.9212916040140685,2025-09-22 08:50:20
naive_adjacency,waste_collection_area,80,3,512,000010010000000001000100100000001000,0,0.9212916040140685,0.7279593994837412,0.8439587222019395,0.9212916040140685,2025-09-22 08:50:20
naive_adjacency,waste_collection_area,80,3,512,000001010000000010000100100000001000,0,0.9212916040140685,0.7279593994837412,0.8439587222019395,0.9212916040140685,2025-09-22 08:50:20
naive_adjacency,waste_collection_area,80,3,512,001000000100010000000010100000000001,0,0.9212916040140684,0.7279593994837412,0.8439587222019395,0.9212916040140685,2025-09-22 08:50:20
naive_adjacency,waste_collection_area,80,3,512,001000000100010000000001100000000010,0,0.9212916040140684,0.7279593994837412,0.8439587222019395,0.9212916040140685,2025-09-22 08:50:20
naive_adjacency,waste_collection_area,80,3,512,001000000010010000000100100000000001,0,0.9212916040140684,0.7279593994837412,0.8439587222019395,0.9212916040140685,2025-09-22 08:50:20
naive_adjacency,waste_collection_area,80,3,512,001000000001010000000100100000000010,0,0.9212916040140684,0.7279593994837412,0.8439587222019395,0.9212916040140685,2025-09-22 08:50:20
naive_adjacency,waste_collection_area,80,3,512,001000000010010000000001100000000100,0,0.9212916040140684,0.7279593994837412,0.8439587222019395,0.9212916040140685,2025-09-22 08:50:20
naive_adjacency,waste_collection_area,80,3,512,001000000001010000000010100000000100,0,0.9212916040140684,0.7279593994837412,0.8439587222019395,0.9212916040140685,2025-09-22 08:50:20
naive_adjacency,waste_collection_area,80,3,512,000100001000010000000010100000000001,0,0.9212916040140684,0.7279593994837412,0.8439587222019395,0.9212916040140685,2025-09-22 08:50:20
naive_adjacency,waste_collection_area,80,3,512,000100001000010000000001100000000010,0,0.9212916040140684,0.7279593994837412,0.8439587222019395,0.9212916040140685,2025-09-22 08:50:20
naive_adjacency,waste_collection_area,80,3,512,000010001000010000000100100000000001,0,0.9212916040140684,0.7279593994837412,0.8439587222019395,0.9212916040140685,2025-09-22 08:50:20
naive_adjacency,waste_collection_area,80,3,512,000001001000010000000100100000000010,0,0.9212916040140685,0.7279593994837412,0.8439587222019395,0.9212916040140685,2025-09-22 08:50:20
naive_adjacency,waste_collection_area,80,3,512,000010001000010000000001100000000100,0,0.9212916040140685,0.7279593994837412,0.8439587222019395,0.9212916040140685,2025-09-22 08:50:20
naive_adjacency,waste_collection_area,80,3,512,000001001000010000000010100000000100,0,0.9212916040140685,0.7279593994837412,0.8439587222019395,0.9212916040140685,2025-09-22 08:50:20
naive_adjacency,waste_collection_area,80,3,512,000100000010010000001000100000000001,0,0.9212916040140684,0.7279593994837412,0.8439587222019395,0.9212916040140685,2025-09-22 08:50:20
naive_adjacency,waste_collection_area,80,3,512,000100000001010000001000100000000010,0,0.9212916040140684,0.7279593994837412,0.8439587222019395,0.9212916040140685,2025-09-22 08:50:20
naive_adjacency,waste_collection_area,80,3,512,000010000100010000001000100000000001,0,0.9212916040140684,0.7279593994837412,0.8439587222019395,0.9212916040140685,2025-09-22 08:50:20
naive_adjacency,waste_collection_area,80,3,512,000001000100010000001000100000000010,0,0.9212916040140685,0.7279593994837412,0.8439587222019395,0.9212916040140685,2025-09-22 08:50:20
naive_adjacency,waste_collection_area,80,3,512,000010000001010000001000100000000100,0,0.9212916040140684,0.7279593994837412,0.8439587222019395,0.9212916040140685,2025-09-22 08:50:20
naive_adjacency,waste_collection_area,80,3,512,000001000010010000001000100000000100,0,0.9212916040140685,0.7279593994837412,0.8439587222019395,0.9212916040140685,2025-09-22 08:50:20
naive_adjacency,waste_collection_area,80,3,512,000100000010010000000001100000001000,0,0.7279593994837412,0.7279593994837412,0.8439587222019395,0.9212916040140685,2025-09-22 08:50:20
naive_adjacency,waste_collection_area,80,3,512,000100000001010000000010100000001000,0,0.7279593994837412,0.7279593994837412,0.8439587222019395,0.9212916040140685,2025-09-22 08:50:20
naive_adjacency,waste_collection_area,80,3,512,000010000100010000000001100000001000,0,0.7279593994837413,0.7279593994837412,0.8439587222019395,0.9212916040140685,2025-09-22 08:50:20
naive_adjacency,waste_collection_area,80,3,512,000001000100010000000010100000001000,0,0.7279593994837413,0.7279593994837412,0.8439587222019395,0.9212916040140685,2025-09-22 08:50:20
naive_adjacency,waste_collection_area,80,3,512,000010000001010000000100100000001000,0,0.7279593994837412,0.7279593994837412,0.8439587222019395,0.9212916040140685,2025-09-22 08:50:20
naive_adjacency,waste_collection_area,80,3,512,000001000010010000000100100000001000,0,0.7279593994837413,0.7279593994837412,0.8439587222019395,0.9212916040140685,2025-09-22 08:50:20
naive_adjacency,waste_collection_area,80,3,512,001000000100000010010000100000000001,0,0.7279593994837412,0.7279593994837412,0.8439587222019395,0.9212916040140685,2025-09-22 08:50:20
naive_adjacency,waste_collection_area,80,3,512,001000000100000001010000100000000010,0,0.7279593994837412,0.7279593994837412,0.8439587222019395,0.9212916040140685,2025-09-22 08:50:20
naive_adjacency,waste_collection_area,80,3,512,001000000010000100010000100000000001,0,0.9212916040140684,0.7279593994837412,0.8439587222019395,0.9212916040140685,2025-09-22 08:50:20
naive_adjacency,waste_collection_area,80,3,512,001000000001000100010000100000000010,0,0.7279593994837413,0.7279593994837412,0.8439587222019395,0.9212916040140685,2025-09-22 08:50:20
naive_adjacency,waste_collection_area,80,3,512,001000000010000001010000100000000100,0,0.9212916040140684,0.7279593994837412,0.8439587222019395,0.9212916040140685,2025-09-22 08:50:20
naive_adjacency,waste_collection_area,80,3,512,001000000001000010010000100000000100,0,0.7279593994837412,0.7279593994837412,0.8439587222019395,0.9212916040140685,2025-09-22 08:50:20
naive_adjacency,waste_collection_area,80,3,512,000100001000000010010000100000000001,0,0.7279593994837412,0.7279593994837412,0.8439587222019395,0.9212916040140685,2025-09-22 08:50:20
naive_adjacency,waste_collection_area,80,3,512,000100001000000001010000100000000010,0,0.7279593994837412,0.7279593994837412,0.8439587222019395,0.9212916040140685,2025-09-22 08:50:20
naive_adjacency,waste_collection_area,80,3,512,000010001000000100010000100000000001,0,0.9212916040140684,0.7279593994837412,0.8439587222019395,0.9212916040140685,2025-09-22 08:50:20
naive_adjacency,waste_collection_area,80,3,512,000001001000000100010000100000000010,0,0.7279593994837413,0.7279593994837412,0.8439587222019395,0.9212916040140685,2025-09-22 08:50:20
naive_adjacency,waste_collection_area,80,3,512,000010001000000001010000100000000100,0,0.9212916040140685,0.7279593994837412,0.8439587222019395,0.9212916040140685,2025-09-22 08:50:20
naive_adjacency,waste_collection_area,80,3,512,000001001000000010010000100000000100,0,0.7279593994837413,0.7279593994837412,0.8439587222019395,0.9212916040140685,2025-09-22 08:50:20
naive_adjacency,waste_collection_area,80,3,512,000100000010001000010000100000000001,0,0.9212916040140684,0.7279593994837412,0.8439587222019395,0.9212916040140685,2025-09-22 08:50:20
naive_adjacency,waste_collection_area,80,3,512,000100000001001000010000100000000010,0,0.9212916040140684,0.7279593994837412,0.8439587222019395,0.9212916040140685,2025-09-22 08:50:20
naive_adjacency,waste_collection_area,80,3,512,000010000100001000010000100000000001,0,0.9212916040140684,0.7279593994837412,0.8439587222019395,0.9212916040140685,2025-09-22 08:50:20
naive_adjacency,waste_collection_area,80,3,512,000001000100001000010000100000000010,0,0.9212916040140685,0.7279593994837412,0.8439587222019395,0.9212916040140685,2025-09-22 08:50:20
naive_adjacency,waste_collection_area,80,3,512,000010000001001000010000100000000100,0,0.7279593994837412,0.7279593994837412,0.8439587222019395,0.9212916040140685,2025-09-22 08:50:20
naive_adjacency,waste_collection_area,80,3,512,000001000010001000010000100000000100,0,0.7279593994837413,0.7279593994837412,0.8439587222019395,0.9212916040140685,2025-09-22 08:50:20
naive_adjacency,waste_collection_area,80,3,512,000100000010000001010000100000001000,0,0.9212916040140684,0.7279593994837412,0.8439587222019395,0.9212916040140685,2025-09-22 08:50:20
naive_adjacency,waste_collection_area,80,3,512,000100000001000010010000100000001000,0,0.9212916040140684,0.7279593994837412,0.8439587222019395,0.9212916040140685,2025-09-22 08:50:20
naive_adjacency,waste_collection_area,80,3,512,000010000100000001010000100000001000,0,0.9212916040140685,0.7279593994837412,0.8439587222019395,0.9212916040140685,2025-09-22 08:50:20
naive_adjacency,waste_collection_area,80,3,512,000001000100000010010000100000001000,0,0.9212916040140685,0.7279593994837412,0.8439587222019395,0.9212916040140685,2025-09-22 08:50:20
naive_adjacency,waste_collection_area,80,3,512,000010000001000100010000100000001000,0,0.7279593994837412,0.7279593994837412,0.8439587222019395,0.9212916040140685,2025-09-22 08:50:20
naive_adjacency,waste_collection_area,80,3,512,000001000010000100010000100000001000,0,0.7279593994837413,0.7279593994837412,0.8439587222019395,0.9212916040140685,2025-09-22 08:50:20
naive_adjacency,waste_collection_area,80,3,512,001000000100000010000001100000010000,0,0.9212916040140684,0.7279593994837412,0.8439587222019395,0.9212916040140685,2025-09-22 08:50:20
naive_adjacency,waste_collection_area,80,3,512,001000000100000001000010100000010000,0,0.9212916040140684,0.7279593994837412,0.8439587222019395,0.9212916040140685,2025-09-22 08:50:20
naive_adjacency,waste_collection_area,80,3,512,001000000010000100000001100000010000,0,0.9212916040140684,0.7279593994837412,0.8439587222019395,0.9212916040140685,2025-09-22 08:50:20
naive_adjacency,waste_collection_area,80,3,512,001000000001000100000010100000010000,0,0.9212916040140684,0.7279593994837412,0.8439587222019395,0.9212916040140685,2025-09-22 08:50:20
naive_adjacency,waste_collection_area,80,3,512,001000000010000001000100100000010000,0,0.9212916040140684,0.7279593994837412,0.8439587222019395,0.9212916040140685,2025-09-22 08:50:20
naive_adjacency,waste_collection_area,80,3,512,001000000001000010000100100000010000,0,0.9212916040140684,0.7279593994837412,0.8439587222019395,0.9212916040140685,2025-09-22 08:50:20
naive_adjacency,waste_collection_area,80,3,512,000100001000000010000001100000010000,0,0.9212916040140685,0.7279593994837412,0.8439587222019395,0.9212916040140685,2025-09-22 08:50:20
naive_adjacency,waste_collection_area,80,3,512,000100001000000001000010100000010000,0,0.9212916040140685,0.7279593994837412,0.8439587222019395,0.9212916040140685,2025-09-22 08:50:20
naive_adjacency,waste_collection_area,80,3,512,000010001000000100000001100000010000,0,0.9212916040140685,0.7279593994837412,0.8439587222019395,0.9212916040140685,2025-09-22 08:50:20
naive_adjacency,waste_collection_area,80,3,512,000001001000000100000010100000010000,0,0.9212916040140685,0.7279593994837412,0.8439587222019395,0.9212916040140685,2025-09-22 08:50:20
naive_adjacency,waste_collection_area,80,3,512,000010001000000001000100100000010000,0,0.9212916040140685,0.7279593994837412,0.8439587222019395,0.9212916040140685,2025-09-22 08:50:20
naive_adjacency,waste_collection_area,80,3,512,000001001000000010000100100000010000,0,0.9212916040140685,0.7279593994837412,0.8439587222019395,0.9212916040140685,2025-09-22 08:50:20
naive_adjacency,waste_collection_area,80,3,512,000100000010001000000001100000010000,0,0.7279593994837412,0.7279593994837412,0.8439587222019395,0.9212916040140685,2025-09-22 08:50:20
naive_adjacency,waste_collection_area,80,3,512,000100000001001000000010100000010000,0,0.7279593994837413,0.7279593994837412,0.8439587222019395,0.9212916040140685,2025-09-22 08:50:20
naive_adjacency,waste_collection_area,80,3,512,000010000100001000000001100000010000,0,0.7279593994837413,0.7279593994837412,0.8439587222019395,0.9212916040140685,2025-09-22 08:50:20
naive_adjacency,waste_collection_area,80,3,512,000001000100001000000010100000010000,0,0.7279593994837413,0.7279593994837412,0.8439587222019395,0.9212916040140685,2025-09-22 08:50:20
naive_adjacency,waste_collection_area,80,3,512,000010000001001000000100100000010000,0,0.7279593994837412,0.7279593994837412,0.8439587222019395,0.9212916040140685,2025-09-22 08:50:20
naive_adjacency,waste_collection_area,80,3,512,000001000010001000000100100000010000,0,0.7279593994837413,0.7279593994837412,0.8439587222019395,0.9212916040140685,2025-09-22 08:50:20
naive_adjacency,waste_collection_area,80,3,512,000100000010000001001000100000010000,0,0.9212916040140684,0.7279593994837412,0.8439587222019395,0.9212916040140685,2025-09-22 08:50:20
naive_adjacency,waste_collection_area,80,3,512,000100000001000010001000100000010000,0,0.9212916040140685,0.7279593994837412,0.8439587222019395,0.9212916040140685,2025-09-22 08:50:20
naive_adjacency,waste_collection_area,80,3,512,000010000100000001001000100000010000,0,0.9212916040140685,0.7279593994837412,0.8439587222019395,0.9212916040140685,2025-09-22 08:50:20
naive_adjacency,waste_collection_area,80,3,512,000001000100000010001000100000010000,0,0.9212916040140685,0.7279593994837412,0.8439587222019395,0.9212916040140685,2025-09-22 08:50:20
naive_adjacency,waste_collection_area,80,3,512,000010000001000100001000100000010000,0,0.9212916040140684,0.7279593994837412,0.8439587222019395,0.9212916040140685,2025-09-22 08:50:20
naive_adjacency,waste_collection_area,80,3,512,000001000010000100001000100000010000,0,0.9212916040140685,0.7279593994837412,0.8439587222019395,0.9212916040140685,2025-09-22 08:50:20
naive_adjacency,waste_collection_area,80,3,512,010000001000000100000010000001100000,0,0.9212916040140684,0.7279593994837412,0.8439587222019395,0.9212916040140685,2025-09-22 08:50:20
naive_adjacency,waste_collection_area,80,3,512,010000001000000100000001000010100000,0,0.9212916040140684,0.7279593994837412,0.8439587222019395,0.9212916040140685,2025-09-22 08:50:20
naive_adjacency,waste_collection_area,80,3,512,010000001000000010000100000001100000,0,0.9212916040140684,0.7279593994837412,0.8439587222019395,0.9212916040140685,2025-09-22 08:50:20
naive_adjacency,waste_collection_area,80,3,512,010000001000000001000100000010100000,0,0.7279593994837412,0.7279593994837412,0.8439587222019395,0.9212916040140685,2025-09-22 08:50:20
naive_adjacency,waste_collection_area,80,3,512,010000001000000010000001000100100000,0,0.9212916040140684,0.7279593994837412,0.8439587222019395,0.9212916040140685,2025-09-22 08:50:20
naive_adjacency,waste_collection_area,80,3,512,010000001000000001000010000100100000,0,0.7279593994837412,0.7279593994837412,0.8439587222019395,0.9212916040140685,2025-09-22 08:50:20
naive_adjacency,waste_collection_area,80,3,512,010000000100001000000010000001100000,0,0.9212916040140684,0.7279593994837412,0.8439587222019395,0.9212916040140685,2025-09-22 08:50:20
naive_adjacency,waste_collection_area,80,3,512,010000000100001000000001000010100000,0,0.9212916040140684,0.7279593994837412,0.8439587222019395,0.9212916040140685,2025-09-22 08:50:20
naive_adjacency,waste_collection_area,80,3,512,010000000010001000000100000001100000,0,0.9212916040140684,0.7279593994837412,0.8439587222019395,0.9212916040140685,2025-09-22 08:50:20
naive_adjacency,waste_collection_area,80,3,512,010000000001001000000100000010100000,0,0.9212916040140684,0.7279593994837412,0.8439587222019395,0.9212916040140685,2025-09-22 08:50:20
naive_adjacency,waste_collection_area,80,3,512,010000000010001000000001000100100000,0,0.9212916040140684,0.7279593994837412,0.8439587222019395,0.9212916040140685,2025-09-22 08:50:20
naive_adjacency,waste_collection_area,80,3,512,010000000001001000000010000100100000,0,0.9212916040140684,0.7279593994837412,0.8439587222019395,0.9212916040140685,2025-09-22 08:50:20
naive_adjacency,waste_collection_area,80,3,512,010000000100000010001000000001100000,0,0.9212916040140684,0.7279593994837412,0.8439587222019395,0.9212916040140685,2025-09-22 08:50:20
naive_adjacency,waste_collection_area,80,3,512,010000000100000001001000000010100000,0,0.7279593994837412,0.7279593994837412,0.8439587222019395,0.9212916040140685,2025-09-22 08:50:20
naive_adjacency,waste_collection_area,80,3,512,010000000010000100001000000001100000,0,0.9212916040140684,0.7279593994837412,0.8439587222019395,0.9212916040140685,2025-09-22 08:50:20
naive_adjacency,waste_collection_area,80,3,512,010000000001000100001000000010100000,0,0.9212916040140684,0.7279593994837412,0.8439587222019395,0.9212916040140685,2025-09-22 08:50:20
naive_adjacency,waste_collection_area,80,3,512,010000000010000001001000000100100000,0,0.7279593994837412,0.7279593994837412,0.8439587222019395,0.9212916040140685,2025-09-22 08:50:20
naive_adjacency,waste_collection_area,80,3,512,010000000001000010001000000100100000,0,0.9212916040140684,0.7279593994837412,0.8439587222019395,0.9212916040140685,2025-09-22 08:50:20
naive_adjacency,waste_collection_area,80,3,512,010000000100000010000001001000100000,0,0.9212916040140684,0.7279593994837412,0.8439587222019395,0.9212916040140685,2025-09-22 08:50:20
naive_adjacency,waste_collection_area,80,3,512,010000000100000001000010001000100000,0,0.7279593994837412,0.7279593994837412,0.8439587222019395,0.9212916040140685,2025-09-22 08:50:20
naive_adjacency,waste_collection_area,80,3,512,010000000010000100000001001000100000,0,0.9212916040140684,0.7279593994837412,0.8439587222019395,0.9212916040140685,2025-09-22 08:50:20
naive_adjacency,waste_collection_area,80,3,512,010000000001000100000010001000100000,0,0.9212916040140684,0.7279593994837412,0.8439587222019395,0.9212916040140685,2025-09-22 08:50:20
naive_adjacency,waste_collection_area,80,3,512,010000000010000001000100001000100000,0,0.7279593994837412,0.7279593994837412,0.8439587222019395,0.9212916040140685,2025-09-22 08:50:20
naive_adjacency,waste_collection_area,80,3,512,010000000001000010000100001000100000,0,0.9212916040140684,0.7279593994837412,0.8439587222019395,0.9212916040140685,2025-09-22 08:50:20
naive_adjacency,waste_collection_area,80,3,512,001000010000000100000010000001100000,0,0.9212916040140684,0.7279593994837412,0.8439587222019395,0.9212916040140685,2025-09-22 08:50:20
naive_adjacency,waste_collection_area,80,3,512,001000010000000100000001000010100000,0,0.9212916040140684,0.7279593994837412,0.8439587222019395,0.9212916040140685,2025-09-22 08:50:20
naive_adjacency,waste_collection_area,80,3,512,001000010000000010000100000001100000,0,0.9212916040140684,0.7279593994837412,0.8439587222019395,0.9212916040140685,2025-09-22 08:50:20
naive_adjacency,waste_collection_area,80,3,512,001000010000000001000100000010100000,0,0.7279593994837412,0.7279593994837412,0.8439587222019395,0.9212916040140685,2025-09-22 08:50:20
naive_adjacency,waste_collection_area,80,3,512,001000010000000010000001000100100000,0,0.9212916040140684,0.7279593994837412,0.8439587222019395,0.9212916040140685,2025-09-22 08:50:20
naive_adjacency,waste_collection_area,80,3,512,001000010000000001000010000100100000,0,0.7279593994837412,0.7279593994837412,0.8439587222019395,0.9212916040140685,2025-09-22 08:50:20
naive_adjacency,waste_collection_area,80,3,512,000100010000001000000010000001100000,0,0.9212916040140684,0.7279593994837412,0.8439587222019395,0.9212916040140685,2025-09-22 08:50:20
naive_adjacency,waste_collection_area,80,3,512,000100010000001000000001000010100000,0,0.9212916040140684,0.7279593994837412,0.8439587222019395,0.9212916040140685,2025-09-22 08:50:20
naive_adjacency,waste_collection_area,80,3,512,000010010000001000000100000001100000,0,0.9212916040140684,0.7279593994837412,0.8439587222019395,0.9212916040140685,2025-09-22 08:50:20
naive_adjacency,waste_collection_area,80,3,512,000001010000001000000100000010100000,0,0.9212916040140684,0.7279593994837412,0.8439587222019395,0.9212916040140685,2025-09-22 08:50:20
naive_adjacency,waste_collection_area,80,3,512,000010010000001000000001000100100000,0,0.9212916040140684,0.7279593994837412,0.8439587222019395,0.9212916040140685,2025-09-22 08:50:20
naive_adjacency,waste_collection_area,80,3,512,000001010000001000000010000100100000,0,0.9212916040140684,0.7279593994837412,0.8439587222019395,0.9212916040140685,2025-09-22 08:50:20
naive_adjacency,waste_collection_area,80,3,512,000100010000000010001000000001100000,0,0.9212916040140684,0.7279593994837412,0.8439587222019395,0.9212916040140685,2025-09-22 08:50:20
naive_adjacency,waste_collection_area,80,3,512,000100010000000001001000000010100000,0,0.7279593994837412,0.7279593994837412,0.8439587222019395,0.9212916040140685,2025-09-22 08:50:20
naive_adjacency,waste_collection_area,80,3,512,000010010000000100001000000001100000,0,0.9212916040140684,0.7279593994837412,0.8439587222019395,0.9212916040140685,2025-09-22 08:50:20
naive_adjacency,waste_collection_area,80,3,512,000001010000000100001000000010100000,0,0.9212916040140684,0.7279593994837412,0.8439587222019395,0.9212916040140685,2025-09-22 08:50:20
naive_adjacency,waste_collection_area,80,3,512,000010010000000001001000000100100000,0,0.7279593994837412,0.7279593994837412,0.8439587222019395,0.9212916040140685,2025-09-22 08:50:20
naive_adjacency,waste_collection_area,80,3,512,000001010000000010001000000100100000,0,0.9212916040140684,0.7279593994837412,0.8439587222019395,0.9212916040140685,2025-09-22 08:50:20
naive_adjacency,waste_collection_area,80,3,512,000100010000000010000001001000100000,0,0.9212916040140684,0.7279593994837412,0.8439587222019395,0.9212916040140685,2025-09-22 08:50:20
naive_adjacency,waste_collection_area,80,3,512,000100010000000001000010001000100000,0,0.7279593994837412,0.7279593994837412,0.8439587222019395,0.9212916040140685,2025-09-22 08:50:20
naive_adjacency,waste_collection_area,80,3,512,000010010000000100000001001000100000,0,0.9212916040140684,0.7279593994837412,0.8439587222019395,0.9212916040140685,2025-09-22 08:50:20
naive_adjacency,waste_collection_area,80,3,512,000001010000000100000010001000100000,0,0.9212916040140684,0.7279593994837412,0.8439587222019395,0.9212916040140685,2025-09-22 08:50:20
naive_adjacency,waste_collection_area,80,3,512,000010010000000001000100001000100000,0,0.7279593994837412,0.7279593994837412,0.8439587222019395,0.9212916040140685,2025-09-22 08:50:20
naive_adjacency,waste_collection_area,80,3,512,000001010000000010000100001000100000,0,0.9212916040140684,0.7279593994837412,0.8439587222019395,0.9212916040140685,2025-09-22 08:50:20
naive_adjacency,waste_collection_area,80,3,512,001000000100010000000010000001100000,0,0.7279593994837412,0.7279593994837412,0.8439587222019395,0.9212916040140685,2025-09-22 08:50:20
naive_adjacency,waste_collection_area,80,3,512,001000000100010000000001000010100000,0,0.7279593994837412,0.7279593994837412,0.8439587222019395,0.9212916040140685,2025-09-22 08:50:20
naive_adjacency,waste_collection_area,80,3,512,001000000010010000000100000001100000,0,0.7279593994837412,0.7279593994837412,0.8439587222019395,0.9212916040140685,2025-09-22 08:50:20
naive_adjacency,waste_collection_area,80,3,512,001000000001010000000100000010100000,0,0.7279593994837412,0.7279593994837412,0.8439587222019395,0.9212916040140685,2025-09-22 08:50:20
naive_adjacency,waste_collection_area,80,3,512,001000000010010000000001000100100000,0,0.7279593994837412,0.7279593994837412,0.8439587222019395,0.9212916040140685,2025-09-22 08:50:20
naive_adjacency,waste_collection_area,80,3,512,001000000001010000000010000100100000,0,0.7279593994837412,0.7279593994837412,0.8439587222019395,0.9212916040140685,2025-09-22 08:50:20
naive_adjacency,waste_collection_area,80,3,512,000100001000010000000010000001100000,0,0.7279593994837412,0.7279593994837412,0.8439587222019395,0.9212916040140685,2025-09-22 08:50:20
naive_adjacency,waste_collection_area,80,3,512,000100001000010000000001000010100000,0,0.7279593994837412,0.7279593994837412,0.8439587222019395,0.9212916040140685,2025-09-22 08:50:20
naive_adjacency,waste_collection_area,80,3,512,000010001000010000000100000001100000,0,0.7279593994837412,0.7279593994837412,0.8439587222019395,0.9212916040140685,2025-09-22 08:50:20
naive_adjacency,waste_collection_area,80,3,512,000001001000010000000100000010100000,0,0.7279593994837412,0.7279593994837412,0.8439587222019395,0.9212916040140685,2025-09-22 08:50:20
naive_adjacency,waste_collection_area,80,3,512,000010001000010000000001000100100000,0,0.7279593994837412,0.7279593994837412,0.8439587222019395,0.9212916040140685,2025-09-22 08:50:20
naive_adjacency,waste_collection_area,80,3,512,000001001000010000000010000100100000,0,0.7279593994837412,0.7279593994837412,0.8439587222019395,0.9212916040140685,2025-09-22 08:50:20
naive_adjacency,waste_collection_area,80,3,512,000100000010010000001000000001100000,0,0.7279593994837412,0.7279593994837412,0.8439587222019395,0.9212916040140685,2025-09-22 08:50:20
naive_adjacency,waste_collection_area,80,3,512,000100000001010000001000000010100000,0,0.7279593994837412,0.7279593994837412,0.8439587222019395,0.9212916040140685,2025-09-22 08:50:20
naive_adjacency,waste_collection_area,80,3,512,000010000100010000001000000001100000,0,0.7279593994837412,0.7279593994837412,0.8439587222019395,0.9212916040140685,2025-09-22 08:50:20
naive_adjacency,waste_collection_area,80,3,512,000001000100010000001000000010100000,0,0.7279593994837412,0.7279593994837412,0.8439587222019395,0.9212916040140685,2025-09-22 08:50:20
naive_adjacency,waste_collection_area,80,3,512,000010000001010000001000000100100000,0,0.7279593994837412,0.7279593994837412,0.8439587222019395,0.9212916040140685,2025-09-22 08:50:20
naive_adjacency,waste_collection_area,80,3,512,000001000010010000001000000100100000,0,0.7279593994837412,0.7279593994837412,0.8439587222019395,0.9212916040140685,2025-09-22 08:50:20
naive_adjacency,waste_collection_area,80,3,512,000100000010010000000001001000100000,0,0.7279593994837412,0.7279593994837412,0.8439587222019395,0.9212916040140685,2025-09-22 08:50:20
naive_adjacency,waste_collection_area,80,3,512,000100000001010000000010001000100000,0,0.7279593994837412,0.7279593994837412,0.8439587222019395,0.9212916040140685,2025-09-22 08:50:20
naive_adjacency,waste_collection_area,80,3,512,000010000100010000000001001000100000,0,0.7279593994837412,0.7279593994837412,0.8439587222019395,0.9212916040140685,2025-09-22 08:50:20
naive_adjacency,waste_collection_area,80,3,512,000001000100010000000010001000100000,0,0.7279593994837412,0.7279593994837412,0.8439587222019395,0.9212916040140685,2025-09-22 08:50:20
naive_adjacency,waste_collection_area,80,3,512,000010000001010000000100001000100000,0,0.7279593994837412,0.7279593994837412,0.8439587222019395,0.9212916040140685,2025-09-22 08:50:20
naive_adjacency,waste_collection_area,80,3,512,000001000010010000000100001000100000,0,0.7279593994837412,0.7279593994837412,0.8439587222019395,0.9212916040140685,2025-09-22 08:50:20
naive_adjacency,waste_collection_area,80,3,512,001000000100000010010000000001100000,0,0.9212916040140684,0.7279593994837412,0.8439587222019395,0.9212916040140685,2025-09-22 08:50:20
naive_adjacency,waste_collection_area,80,3,512,001000000100000001010000000010100000,0,0.7279593994837412,0.7279593994837412,0.8439587222019395,0.9212916040140685,2025-09-22 08:50:20
naive_adjacency,waste_collection_area,80,3,512,001000000010000100010000000001100000,0,0.9212916040140684,0.7279593994837412,0.8439587222019395,0.9212916040140685,2025-09-22 08:50:20
naive_adjacency,waste_collection_area,80,3,512,001000000001000100010000000010100000,0,0.9212916040140684,0.7279593994837412,0.8439587222019395,0.9212916040140685,2025-09-22 08:50:20
naive_adjacency,waste_collection_area,80,3,512,001000000010000001010000000100100000,0,0.7279593994837412,0.7279593994837412,0.8439587222019395,0.9212916040140685,2025-09-22 08:50:20
naive_adjacency,waste_collection_area,80,3,512,001000000001000010010000000100100000,0,0.9212916040140684,0.7279593994837412,0.8439587222019395,0.9212916040140685,2025-09-22 08:50:20
naive_adjacency,waste_collection_area,80,3,512,000100001000000010010000000001100000,0,0.9212916040140684,0.7279593994837412,0.8439587222019395,0.9212916040140685,2025-09-22 08:50:20
naive_adjacency,waste_collection_area,80,3,512,000100001000000001010000000010100000,0,0.7279593994837412,0.7279593994837412,0.8439587222019395,0.9212916040140685,2025-09-22 08:50:20
naive_adjacency,waste_collection_area,80,3,512,000010001000000100010000000001100000,0,0.9212916040140684,0.7279593994837412,0.8439587222019395,0.9212916040140685,2025-09-22 08:50:20
naive_adjacency,waste_collection_area,80,3,512,000001001000000100010000000010100000,0,0.9212916040140684,0.7279593994837412,0.8439587222019395,0.9212916040140685,2025-09-22 08:50:20
naive_adjacency,waste_collection_area,80,3,512,000010001000000001010000000100100000,0,0.7279593994837412,0.7279593994837412,0.8439587222019395,0.9212916040140685,2025-09-22 08:50:20
naive_adjacency,waste_collection_area,80,3,512,000001001000000010010000000100100000,0,0.9212916040140684,0.7279593994837412,0.8439587222019395,0.9212916040140685,2025-09-22 08:50:20
naive_adjacency,waste_collection_area,80,3,512,000100000010001000010000000001100000,0,0.9212916040140684,0.7279593994837412,0.8439587222019395,0.9212916040140685,2025-09-22 08:50:20
naive_adjacency,waste_collection_area,80,3,512,000100000001001000010000000010100000,0,0.9212916040140684,0.7279593994837412,0.8439587222019395,0.9212916040140685,2025-09-22 08:50:20
naive_adjacency,waste_collection_area,80,3,512,000010000100001000010000000001100000,0,0.9212916040140684,0.7279593994837412,0.8439587222019395,0.9212916040140685,2025-09-22 08:50:20
naive_adjacency,waste_collection_area,80,3,512,000001000100001000010000000010100000,0,0.9212916040140684,0.7279593994837412,0.8439587222019395,0.9212916040140685,2025-09-22 08:50:20
naive_adjacency,waste_collection_area,80,3,512,000010000001001000010000000100100000,0,0.9212916040140684,0.7279593994837412,0.8439587222019395,0.9212916040140685,2025-09-22 08:50:20
naive_adjacency,waste_collection_area,80,3,512,000001000010001000010000000100100000,0,0.9212916040140684,0.7279593994837412,0.8439587222019395,0.9212916040140685,2025-09-22 08:50:20
naive_adjacency,waste_collection_area,80,3,512,000100000010000001010000001000100000,0,0.7279593994837412,0.7279593994837412,0.8439587222019395,0.9212916040140685,2025-09-22 08:50:20
naive_adjacency,waste_collection_area,80,3,512,000100000001000010010000001000100000,0,0.9212916040140684,0.7279593994837412,0.8439587222019395,0.9212916040140685,2025-09-22 08:50:20
naive_adjacency,waste_collection_area,80,3,512,000010000100000001010000001000100000,0,0.7279593994837412,0.7279593994837412,0.8439587222019395,0.9212916040140685,2025-09-22 08:50:20
naive_adjacency,waste_collection_area,80,3,512,000001000100000010010000001000100000,0,0.9212916040140684,0.7279593994837412,0.8439587222019395,0.9212916040140685,2025-09-22 08:50:20
naive_adjacency,waste_collection_area,80,3,512,000010000001000100010000001000100000,0,0.9212916040140684,0.7279593994837412,0.8439587222019395,0.9212916040140685,2025-09-22 08:50:20
naive_adjacency,waste_collection_area,80,3,512,000001000010000100010000001000100000,0,0.9212916040140684,0.7279593994837412,0.8439587222019395,0.9212916040140685,2025-09-22 08:50:20
naive_adjacency,waste_collection_area,80,3,512,001000000100000010000001010000100000,0,0.9212916040140684,0.7279593994837412,0.8439587222019395,0.9212916040140685,2025-09-22 08:50:20
naive_adjacency,waste_collection_area,80,3,512,001000000100000001000010010000100000,0,0.7279593994837412,0.7279593994837412,0.8439587222019395,0.9212916040140685,2025-09-22 08:50:20
naive_adjacency,waste_collection_area,80,3,512,001000000010000100000001010000100000,0,0.9212916040140684,0.7279593994837412,0.8439587222019395,0.9212916040140685,2025-09-22 08:50:20
naive_adjacency,waste_collection_area,80,3,512,001000000001000100000010010000100000,0,0.9212916040140684,0.7279593994837412,0.8439587222019395,0.9212916040140685,2025-09-22 08:50:20
naive_adjacency,waste_collection_area,80,3,512,001000000010000001000100010000100000,0,0.7279593994837412,0.7279593994837412,0.8439587222019395,0.9212916040140685,2025-09-22 08:50:20
naive_adjacency,waste_collection_area,80,3,512,001000000001000010000100010000100000,0,0.9212916040140684,0.7279593994837412,0.8439587222019395,0.9212916040140685,2025-09-22 08:50:20
naive_adjacency,waste_collection_area,80,3,512,000100001000000010000001010000100000,0,0.9212916040140684,0.7279593994837412,0.8439587222019395,0.9212916040140685,2025-09-22 08:50:20
naive_adjacency,waste_collection_area,80,3,512,000100001000000001000010010000100000,0,0.7279593994837412,0.7279593994837412,0.8439587222019395,0.9212916040140685,2025-09-22 08:50:20
naive_adjacency,waste_collection_area,80,3,512,000010001000000100000001010000100000,0,0.9212916040140684,0.7279593994837412,0.8439587222019395,0.9212916040140685,2025-09-22 08:50:20
naive_adjacency,waste_collection_area,80,3,512,000001001000000100000010010000100000,0,0.9212916040140684,0.7279593994837412,0.8439587222019395,0.9212916040140685,2025-09-22 08:50:20
naive_adjacency,waste_collection_area,80,3,512,000010001000000001000100010000100000,0,0.7279593994837412,0.7279593994837412,0.8439587222019395,0.9212916040140685,2025-09-22 08:50:20
naive_adjacency,waste_collection_area,80,3,512,000001001000000010000100010000100000,0,0.9212916040140684,0.7279593994837412,0.8439587222019395,0.9212916040140685,2025-09-22 08:50:20
naive_adjacency,waste_collection_area,80,3,512,000100000010001000000001010000100000,0,0.9212916040140684,0.7279593994837412,0.8439587222019395,0.9212916040140685,2025-09-22 08:50:20
naive_adjacency,waste_collection_area,80,3,512,000100000001001000000010010000100000,0,0.9212916040140684,0.7279593994837412,0.8439587222019395,0.9212916040140685,2025-09-22 08:50:20
naive_adjacency,waste_collection_area,80,3,512,000010000100001000000001010000100000,0,0.9212916040140684,0.7279593994837412,0.8439587222019395,0.9212916040140685,2025-09-22 08:50:20
naive_adjacency,waste_collection_area,80,3,512,000001000100001000000010010000100000,0,0.9212916040140684,0.7279593994837412,0.8439587222019395,0.9212916040140685,2025-09-22 08:50:20
naive_adjacency,waste_collection_area,80,3,512,000010000001001000000100010000100000,0,0.9212916040140684,0.7279593994837412,0.8439587222019395,0.9212916040140685,2025-09-22 08:50:20
naive_adjacency,waste_collection_area,80,3,512,000001000010001000000100010000100000,0,0.9212916040140684,0.7279593994837412,0.8439587222019395,0.9212916040140685,2025-09-22 08:50:20
naive_adjacency,waste_collection_area,80,3,512,000100000010000001001000010000100000,0,0.7279593994837412,0.7279593994837412,0.8439587222019395,0.9212916040140685,2025-09-22 08:50:20
naive_adjacency,waste_collection_area,80,3,512,000100000001000010001000010000100000,0,0.9212916040140684,0.7279593994837412,0.8439587222019395,0.9212916040140685,2025-09-22 08:50:20
naive_adjacency,waste_collection_area,80,3,512,000010000100000001001000010000100000,0,0.7279593994837412,0.7279593994837412,0.8439587222019395,0.9212916040140685,2025-09-22 08:50:20
naive_adjacency,waste_collection_area,80,3,512,000001000100000010001000010000100000,0,0.9212916040140684,0.7279593994837412,0.8439587222019395,0.9212916040140685,2025-09-22 08:50:20
naive_adjacency,waste_collection_area,80,3,512,000010000001000100001000010000100000,0,0.9212916040140684,0.7279593994837412,0.8439587222019395,0.9212916040140685,2025-09-22 08:50:20
naive_adjacency,waste_collection_area,80,3,512,000001000010000100001000010000100000,0,0.9212916040140684,0.7279593994837412,0.8439587222019395,0.9212916040140685,2025-09-22 08:50:20
