conf_qubit_alloc,conf_cluster_type,conf_target_id,conf_qaoa_depth,shots,bit_string,count,cost,benchmark_min_cost,benchmark_avg_cost,benchmark_max_cost,timestamp
naive_adjacency,waste_collection_area,56,2,512,1000010000100001,0,19.876919324808856,17.97359693637821,18.946169104116787,19.876919324808856,2025-08-28 08:18:11
naive_adjacency,waste_collection_area,56,2,512,1000010000010010,0,17.97359693637821,17.97359693637821,18.946169104116787,19.876919324808856,2025-08-28 08:18:11
naive_adjacency,waste_collection_area,56,2,512,1000001001000001,0,18.987991051163284,17.97359693637821,18.946169104116787,19.876919324808856,2025-08-28 08:18:11
naive_adjacency,waste_collection_area,56,2,512,1000000101000010,0,17.97359693637821,17.97359693637821,18.946169104116787,19.876919324808856,2025-08-28 08:18:11
naive_adjacency,waste_collection_area,56,2,512,1000001000010100,0,18.987991051163288,17.97359693637821,18.946169104116787,19.876919324808856,2025-08-28 08:18:11
naive_adjacency,waste_collection_area,56,2,512,1000000100100100,0,19.876919324808856,17.97359693637821,18.946169104116787,19.876919324808856,2025-08-28 08:18:11
naive_adjacency,waste_collection_area,56,2,512,0100100000100001,0,17.97359693637821,17.97359693637821,18.946169104116787,19.876919324808856,2025-08-28 08:18:11
naive_adjacency,waste_collection_area,56,2,512,0100100000010010,0,19.876919324808856,17.97359693637821,18.946169104116787,19.876919324808856,2025-08-28 08:18:11
naive_adjacency,waste_collection_area,56,2,512,0010100001000001,0,18.987991051163288,17.97359693637821,18.946169104116787,19.876919324808856,2025-08-28 08:18:11
naive_adjacency,waste_collection_area,56,2,512,0001100001000010,0,19.876919324808856,17.97359693637821,18.946169104116787,19.876919324808856,2025-08-28 08:18:11
naive_adjacency,waste_collection_area,56,2,512,0010100000010100,0,18.987991051163288,17.97359693637821,18.946169104116787,19.876919324808856,2025-08-28 08:18:11
naive_adjacency,waste_collection_area,56,2,512,0001100000100100,0,17.97359693637821,17.97359693637821,18.946169104116787,19.876919324808856,2025-08-28 08:18:11
naive_adjacency,waste_collection_area,56,2,512,0100001010000001,0,17.97359693637821,17.97359693637821,18.946169104116787,19.876919324808856,2025-08-28 08:18:11
naive_adjacency,waste_collection_area,56,2,512,0100000110000010,0,18.987991051163288,17.97359693637821,18.946169104116787,19.876919324808856,2025-08-28 08:18:11
naive_adjacency,waste_collection_area,56,2,512,0010010010000001,0,19.876919324808853,17.97359693637821,18.946169104116787,19.876919324808856,2025-08-28 08:18:11
naive_adjacency,waste_collection_area,56,2,512,0001010010000010,0,18.987991051163288,17.97359693637821,18.946169104116787,19.876919324808856,2025-08-28 08:18:11
naive_adjacency,waste_collection_area,56,2,512,0010000110000100,0,19.876919324808856,17.97359693637821,18.946169104116787,19.876919324808856,2025-08-28 08:18:11
naive_adjacency,waste_collection_area,56,2,512,0001001010000100,0,17.97359693637821,17.97359693637821,18.946169104116787,19.876919324808856,2025-08-28 08:18:11
naive_adjacency,waste_collection_area,56,2,512,0100001000011000,0,19.876919324808856,17.97359693637821,18.946169104116787,19.876919324808856,2025-08-28 08:18:11
naive_adjacency,waste_collection_area,56,2,512,0100000100101000,0,18.987991051163288,17.97359693637821,18.946169104116787,19.876919324808856,2025-08-28 08:18:11
naive_adjacency,waste_collection_area,56,2,512,0010010000011000,0,17.97359693637821,17.97359693637821,18.946169104116787,19.876919324808856,2025-08-28 08:18:11
naive_adjacency,waste_collection_area,56,2,512,0001010000101000,0,18.987991051163288,17.97359693637821,18.946169104116787,19.876919324808856,2025-08-28 08:18:11
naive_adjacency,waste_collection_area,56,2,512,0010000101001000,0,17.97359693637821,17.97359693637821,18.946169104116787,19.876919324808856,2025-08-28 08:18:11
naive_adjacency,waste_collection_area,56,2,512,0001001001001000,0,19.876919324808856,17.97359693637821,18.946169104116787,19.876919324808856,2025-08-28 08:18:11
node_visit_time,waste_collection_area,56,2,512,000110,11,17.97359693637821,17.97359693637821,18.946169104116784,19.876919324808856,2025-08-28 08:18:54
node_visit_time,waste_collection_area,56,2,512,001001,3,18.987991051163288,17.97359693637821,18.946169104116784,19.876919324808856,2025-08-28 08:18:54
node_visit_time,waste_collection_area,56,2,512,010010,12,19.876919324808853,17.97359693637821,18.946169104116784,19.876919324808856,2025-08-28 08:18:54
node_visit_time,waste_collection_area,56,2,512,011000,6,19.876919324808856,17.97359693637821,18.946169104116784,19.876919324808856,2025-08-28 08:18:54
node_visit_time,waste_collection_area,56,2,512,100001,5,18.987991051163288,17.97359693637821,18.946169104116784,19.876919324808856,2025-08-28 08:18:54
node_visit_time,waste_collection_area,56,2,512,100100,8,17.97359693637821,17.97359693637821,18.946169104116784,19.876919324808856,2025-08-28 08:18:54
naive_adjacency,waste_collection_area,108,2,512,100010001,0,14.049711003352062,14.049711003352058,14.04971100335206,14.049711003352062,2025-08-28 08:19:33
naive_adjacency,waste_collection_area,108,2,512,100001010,0,14.04971100335206,14.049711003352058,14.04971100335206,14.049711003352062,2025-08-28 08:19:33
naive_adjacency,waste_collection_area,108,2,512,010100001,1,14.049711003352058,14.049711003352058,14.04971100335206,14.049711003352062,2025-08-28 08:19:33
naive_adjacency,waste_collection_area,108,2,512,001100010,3,14.049711003352062,14.049711003352058,14.04971100335206,14.049711003352062,2025-08-28 08:19:33
naive_adjacency,waste_collection_area,108,2,512,010001100,0,14.049711003352062,14.049711003352058,14.04971100335206,14.049711003352062,2025-08-28 08:19:33
naive_adjacency,waste_collection_area,108,2,512,001010100,2,14.049711003352058,14.049711003352058,14.04971100335206,14.049711003352062,2025-08-28 08:19:33
node_visit_time,waste_collection_area,108,2,512,0001,37,14.049711003352062,14.04971100335206,14.049711003352062,14.049711003352062,2025-08-28 08:20:11
node_visit_time,waste_collection_area,108,2,512,0100,41,14.04971100335206,14.04971100335206,14.049711003352062,14.049711003352062,2025-08-28 08:20:11
naive_adjacency,waste_collection_area,47,2,512,1000010000100001,0,3.366726069444905,3.366726069444905,4.246461225862706,6.005931538698303,2025-08-28 08:20:47
naive_adjacency,waste_collection_area,47,2,512,1000010000010010,0,6.005931538698302,3.366726069444905,4.246461225862706,6.005931538698303,2025-08-28 08:20:47
naive_adjacency,waste_collection_area,47,2,512,1000001001000001,0,3.366726069444905,3.366726069444905,4.246461225862706,6.005931538698303,2025-08-28 08:20:47
naive_adjacency,waste_collection_area,47,2,512,1000000101000010,0,6.005931538698302,3.366726069444905,4.246461225862706,6.005931538698303,2025-08-28 08:20:47
naive_adjacency,waste_collection_area,47,2,512,1000001000010100,0,3.366726069444905,3.366726069444905,4.246461225862706,6.005931538698303,2025-08-28 08:20:47
naive_adjacency,waste_collection_area,47,2,512,1000000100100100,0,3.366726069444905,3.366726069444905,4.246461225862706,6.005931538698303,2025-08-28 08:20:47
naive_adjacency,waste_collection_area,47,2,512,0100100000100001,0,6.005931538698303,3.366726069444905,4.246461225862706,6.005931538698303,2025-08-28 08:20:47
naive_adjacency,waste_collection_area,47,2,512,0100100000010010,0,3.3667260694449053,3.366726069444905,4.246461225862706,6.005931538698303,2025-08-28 08:20:47
naive_adjacency,waste_collection_area,47,2,512,0010100001000001,0,3.3667260694449053,3.366726069444905,4.246461225862706,6.005931538698303,2025-08-28 08:20:47
naive_adjacency,waste_collection_area,47,2,512,0001100001000010,0,3.3667260694449053,3.366726069444905,4.246461225862706,6.005931538698303,2025-08-28 08:20:47
naive_adjacency,waste_collection_area,47,2,512,0010100000010100,0,3.3667260694449053,3.366726069444905,4.246461225862706,6.005931538698303,2025-08-28 08:20:47
naive_adjacency,waste_collection_area,47,2,512,0001100000100100,0,6.005931538698302,3.366726069444905,4.246461225862706,6.005931538698303,2025-08-28 08:20:47
naive_adjacency,waste_collection_area,47,2,512,0100001010000001,0,6.005931538698303,3.366726069444905,4.246461225862706,6.005931538698303,2025-08-28 08:20:47
naive_adjacency,waste_collection_area,47,2,512,0100000110000010,0,3.3667260694449053,3.366726069444905,4.246461225862706,6.005931538698303,2025-08-28 08:20:47
naive_adjacency,waste_collection_area,47,2,512,0010010010000001,0,3.3667260694449053,3.366726069444905,4.246461225862706,6.005931538698303,2025-08-28 08:20:47
naive_adjacency,waste_collection_area,47,2,512,0001010010000010,0,3.3667260694449053,3.366726069444905,4.246461225862706,6.005931538698303,2025-08-28 08:20:47
naive_adjacency,waste_collection_area,47,2,512,0010000110000100,0,3.3667260694449053,3.366726069444905,4.246461225862706,6.005931538698303,2025-08-28 08:20:47
naive_adjacency,waste_collection_area,47,2,512,0001001010000100,0,6.005931538698302,3.366726069444905,4.246461225862706,6.005931538698303,2025-08-28 08:20:47
naive_adjacency,waste_collection_area,47,2,512,0100001000011000,0,3.366726069444905,3.366726069444905,4.246461225862706,6.005931538698303,2025-08-28 08:20:47
naive_adjacency,waste_collection_area,47,2,512,0100000100101000,0,3.366726069444905,3.366726069444905,4.246461225862706,6.005931538698303,2025-08-28 08:20:47
naive_adjacency,waste_collection_area,47,2,512,0010010000011000,0,6.005931538698303,3.366726069444905,4.246461225862706,6.005931538698303,2025-08-28 08:20:47
naive_adjacency,waste_collection_area,47,2,512,0001010000101000,0,3.366726069444905,3.366726069444905,4.246461225862706,6.005931538698303,2025-08-28 08:20:47
naive_adjacency,waste_collection_area,47,2,512,0010000101001000,0,6.005931538698303,3.366726069444905,4.246461225862706,6.005931538698303,2025-08-28 08:20:47
naive_adjacency,waste_collection_area,47,2,512,0001001001001000,0,3.366726069444905,3.366726069444905,4.246461225862706,6.005931538698303,2025-08-28 08:20:47
node_visit_time,waste_collection_area,47,2,512,000110,9,3.366726069444905,3.366726069444905,4.246461225862704,6.005931538698302,2025-08-28 08:21:27
node_visit_time,waste_collection_area,47,2,512,001001,6,6.005931538698302,3.366726069444905,4.246461225862704,6.005931538698302,2025-08-28 08:21:27
node_visit_time,waste_collection_area,47,2,512,010010,9,3.366726069444905,3.366726069444905,4.246461225862704,6.005931538698302,2025-08-28 08:21:27
node_visit_time,waste_collection_area,47,2,512,011000,9,3.366726069444905,3.366726069444905,4.246461225862704,6.005931538698302,2025-08-28 08:21:27
node_visit_time,waste_collection_area,47,2,512,100001,7,6.005931538698302,3.366726069444905,4.246461225862704,6.005931538698302,2025-08-28 08:21:27
node_visit_time,waste_collection_area,47,2,512,100100,9,3.366726069444905,3.366726069444905,4.246461225862704,6.005931538698302,2025-08-28 08:21:27
naive_adjacency,waste_facility,5,2,512,100000010000001000000100000010000001,0,44.88430361090788,27.154510829224307,37.467252502051075,45.90426036668173,2025-08-28 08:22:03
naive_adjacency,waste_facility,5,2,512,100000010000001000000100000001000010,0,42.52872548091332,27.154510829224307,37.467252502051075,45.90426036668173,2025-08-28 08:22:03
naive_adjacency,waste_facility,5,2,512,100000010000001000000010000100000001,0,42.69082040466454,27.154510829224307,37.467252502051075,45.90426036668173,2025-08-28 08:22:03
naive_adjacency,waste_facility,5,2,512,100000010000001000000001000100000010,0,41.64524763713921,27.154510829224307,37.467252502051075,45.90426036668173,2025-08-28 08:22:03
naive_adjacency,waste_facility,5,2,512,100000010000001000000010000001000100,0,43.54868223668716,27.154510829224307,37.467252502051075,45.90426036668173,2025-08-28 08:22:03
naive_adjacency,waste_facility,5,2,512,100000010000001000000001000010000100,0,44.85868759915638,27.154510829224307,37.467252502051075,45.90426036668173,2025-08-28 08:22:03
naive_adjacency,waste_facility,5,2,512,100000010000000100001000000010000001,0,29.510088959218873,27.154510829224307,37.467252502051075,45.90426036668173,2025-08-28 08:22:03
naive_adjacency,waste_facility,5,2,512,100000010000000100001000000001000010,0,30.36795079124149,27.154510829224307,37.467252502051075,45.90426036668173,2025-08-28 08:22:03
naive_adjacency,waste_facility,5,2,512,100000010000000010001000000100000001,0,30.530045714992706,27.154510829224307,37.467252502051075,45.90426036668173,2025-08-28 08:22:03
naive_adjacency,waste_facility,5,2,512,100000010000000001001000000100000010,0,30.367950791241487,27.154510829224307,37.467252502051075,45.90426036668173,2025-08-28 08:22:03
naive_adjacency,waste_facility,5,2,512,100000010000000010001000000001000100,0,28.17446758499816,27.154510829224307,37.467252502051075,45.90426036668173,2025-08-28 08:22:03
naive_adjacency,waste_facility,5,2,512,100000010000000001001000000010000100,0,27.154510829224314,27.154510829224307,37.467252502051075,45.90426036668173,2025-08-28 08:22:03
naive_adjacency,waste_facility,5,2,512,100000010000000100000010001000000001,0,42.69082040466454,27.154510829224307,37.467252502051075,45.90426036668173,2025-08-28 08:22:03
naive_adjacency,waste_facility,5,2,512,100000010000000100000001001000000010,0,42.66520439291304,27.154510829224307,37.467252502051075,45.90426036668173,2025-08-28 08:22:03
naive_adjacency,waste_facility,5,2,512,100000010000000010000100001000000001,0,45.90426036668172,27.154510829224307,37.467252502051075,45.90426036668173,2025-08-28 08:22:03
naive_adjacency,waste_facility,5,2,512,100000010000000001000100001000000010,0,43.54868223668716,27.154510829224307,37.467252502051075,45.90426036668173,2025-08-28 08:22:03
naive_adjacency,waste_facility,5,2,512,100000010000000010000001001000000100,0,44.85868759915638,27.154510829224307,37.467252502051075,45.90426036668173,2025-08-28 08:22:03
naive_adjacency,waste_facility,5,2,512,100000010000000001000010001000000100,0,42.52872548091332,27.154510829224307,37.467252502051075,45.90426036668173,2025-08-28 08:22:03
naive_adjacency,waste_facility,5,2,512,100000010000000100000010000001001000,0,43.54868223668716,27.154510829224307,37.467252502051075,45.90426036668173,2025-08-28 08:22:03
naive_adjacency,waste_facility,5,2,512,100000010000000100000001000010001000,0,42.66520439291304,27.154510829224307,37.467252502051075,45.90426036668173,2025-08-28 08:22:03
naive_adjacency,waste_facility,5,2,512,100000010000000010000100000001001000,0,40.33524227466999,27.154510829224307,37.467252502051075,45.90426036668173,2025-08-28 08:22:03
naive_adjacency,waste_facility,5,2,512,100000010000000001000100000010001000,0,40.33524227466998,27.154510829224307,37.467252502051075,45.90426036668173,2025-08-28 08:22:03
naive_adjacency,waste_facility,5,2,512,100000010000000010000001000100001000,0,41.64524763713921,27.154510829224307,37.467252502051075,45.90426036668173,2025-08-28 08:22:03
naive_adjacency,waste_facility,5,2,512,100000010000000001000010000100001000,0,42.52872548091332,27.154510829224307,37.467252502051075,45.90426036668173,2025-08-28 08:22:03
naive_adjacency,waste_facility,5,2,512,100000001000010000000100000010000001,0,30.39356680299299,27.154510829224307,37.467252502051075,45.90426036668173,2025-08-28 08:22:03
naive_adjacency,waste_facility,5,2,512,100000001000010000000100000001000010,0,28.03798867299843,27.154510829224307,37.467252502051075,45.90426036668173,2025-08-28 08:22:03
naive_adjacency,waste_facility,5,2,512,100000001000010000000010000100000001,0,43.574298248438666,27.154510829224307,37.467252502051075,45.90426036668173,2025-08-28 08:22:03
naive_adjacency,waste_facility,5,2,512,100000001000010000000001000100000010,0,42.52872548091332,27.154510829224307,37.467252502051075,45.90426036668173,2025-08-28 08:22:03
naive_adjacency,waste_facility,5,2,512,100000001000010000000010000001000100,0,41.218720118444104,27.154510829224307,37.467252502051075,45.90426036668173,2025-08-28 08:22:03
naive_adjacency,waste_facility,5,2,512,100000001000010000000001000010000100,0,42.52872548091332,27.154510829224307,37.467252502051075,45.90426036668173,2025-08-28 08:22:03
naive_adjacency,waste_facility,5,2,512,100000000100010000001000000010000001,0,30.39356680299299,27.154510829224307,37.467252502051075,45.90426036668173,2025-08-28 08:22:03
naive_adjacency,waste_facility,5,2,512,100000000100010000001000000001000010,0,28.03798867299843,27.154510829224307,37.467252502051075,45.90426036668173,2025-08-28 08:22:03
naive_adjacency,waste_facility,5,2,512,100000000010010000001000000100000001,0,43.57429824843865,27.154510829224307,37.467252502051075,45.90426036668173,2025-08-28 08:22:03
naive_adjacency,waste_facility,5,2,512,100000000001010000001000000100000010,0,42.52872548091332,27.154510829224307,37.467252502051075,45.90426036668173,2025-08-28 08:22:03
naive_adjacency,waste_facility,5,2,512,100000000010010000001000000001000100,0,41.218720118444104,27.154510829224307,37.467252502051075,45.90426036668173,2025-08-28 08:22:03
naive_adjacency,waste_facility,5,2,512,100000000001010000001000000010000100,0,42.52872548091333,27.154510829224307,37.467252502051075,45.90426036668173,2025-08-28 08:22:03
naive_adjacency,waste_facility,5,2,512,100000000100010000000010001000000001,0,28.200083596749653,27.154510829224307,37.467252502051075,45.90426036668173,2025-08-28 08:22:03
naive_adjacency,waste_facility,5,2,512,100000000100010000000001001000000010,0,40.33524227466998,27.154510829224307,37.467252502051075,45.90426036668173,2025-08-28 08:22:03
naive_adjacency,waste_facility,5,2,512,100000000010010000000100001000000001,0,28.200083596749646,27.154510829224307,37.467252502051075,45.90426036668173,2025-08-28 08:22:03
naive_adjacency,waste_facility,5,2,512,100000000001010000000100001000000010,0,40.335242274669994,27.154510829224307,37.467252502051075,45.90426036668173,2025-08-28 08:22:03
naive_adjacency,waste_facility,5,2,512,100000000010010000000001001000000100,0,27.15451082922431,27.154510829224307,37.467252502051075,45.90426036668173,2025-08-28 08:22:03
naive_adjacency,waste_facility,5,2,512,100000000001010000000010001000000100,0,27.154510829224314,27.154510829224307,37.467252502051075,45.90426036668173,2025-08-28 08:22:03
naive_adjacency,waste_facility,5,2,512,100000000100010000000010000001001000,0,29.05794542877227,27.154510829224307,37.467252502051075,45.90426036668173,2025-08-28 08:22:03
naive_adjacency,waste_facility,5,2,512,100000000100010000000001000010001000,0,43.54868223668717,27.154510829224307,37.467252502051075,45.90426036668173,2025-08-28 08:22:03
naive_adjacency,waste_facility,5,2,512,100000000010010000000100000001001000,0,29.05794542877227,27.154510829224307,37.467252502051075,45.90426036668173,2025-08-28 08:22:03
naive_adjacency,waste_facility,5,2,512,100000000001010000000100000010001000,0,43.54868223668717,27.154510829224307,37.467252502051075,45.90426036668173,2025-08-28 08:22:03
naive_adjacency,waste_facility,5,2,512,100000000010010000000001000100001000,0,30.367950791241487,27.154510829224307,37.467252502051075,45.90426036668173,2025-08-28 08:22:03
naive_adjacency,waste_facility,5,2,512,100000000001010000000010000100001000,0,30.36795079124149,27.154510829224307,37.467252502051075,45.90426036668173,2025-08-28 08:22:03
naive_adjacency,waste_facility,5,2,512,100000001000000100010000000010000001,0,29.51008895921888,27.154510829224307,37.467252502051075,45.90426036668173,2025-08-28 08:22:03
naive_adjacency,waste_facility,5,2,512,100000001000000100010000000001000010,0,30.367950791241498,27.154510829224307,37.467252502051075,45.90426036668173,2025-08-28 08:22:03
naive_adjacency,waste_facility,5,2,512,100000001000000010010000000100000001,0,30.530045714992717,27.154510829224307,37.467252502051075,45.90426036668173,2025-08-28 08:22:03
naive_adjacency,waste_facility,5,2,512,100000001000000001010000000100000010,0,30.367950791241494,27.154510829224307,37.467252502051075,45.90426036668173,2025-08-28 08:22:03
naive_adjacency,waste_facility,5,2,512,100000001000000010010000000001000100,0,28.17446758499816,27.154510829224307,37.467252502051075,45.90426036668173,2025-08-28 08:22:03
naive_adjacency,waste_facility,5,2,512,100000001000000001010000000010000100,0,27.154510829224314,27.154510829224307,37.467252502051075,45.90426036668173,2025-08-28 08:22:03
naive_adjacency,waste_facility,5,2,512,100000000100001000010000000010000001,0,44.88430361090789,27.154510829224307,37.467252502051075,45.90426036668173,2025-08-28 08:22:03
naive_adjacency,waste_facility,5,2,512,100000000100001000010000000001000010,0,42.52872548091333,27.154510829224307,37.467252502051075,45.90426036668173,2025-08-28 08:22:03
naive_adjacency,waste_facility,5,2,512,100000000010001000010000000100000001,0,42.69082040466455,27.154510829224307,37.467252502051075,45.90426036668173,2025-08-28 08:22:03
naive_adjacency,waste_facility,5,2,512,100000000001001000010000000100000010,0,41.64524763713922,27.154510829224307,37.467252502051075,45.90426036668173,2025-08-28 08:22:03
naive_adjacency,waste_facility,5,2,512,100000000010001000010000000001000100,0,43.54868223668718,27.154510829224307,37.467252502051075,45.90426036668173,2025-08-28 08:22:03
naive_adjacency,waste_facility,5,2,512,100000000001001000010000000010000100,0,44.8586875991564,27.154510829224307,37.467252502051075,45.90426036668173,2025-08-28 08:22:03
naive_adjacency,waste_facility,5,2,512,100000000100000010010000001000000001,0,45.904260366681726,27.154510829224307,37.467252502051075,45.90426036668173,2025-08-28 08:22:03
naive_adjacency,waste_facility,5,2,512,100000000100000001010000001000000010,0,43.54868223668716,27.154510829224307,37.467252502051075,45.90426036668173,2025-08-28 08:22:03
naive_adjacency,waste_facility,5,2,512,100000000010000100010000001000000001,0,42.69082040466454,27.154510829224307,37.467252502051075,45.90426036668173,2025-08-28 08:22:03
naive_adjacency,waste_facility,5,2,512,100000000001000100010000001000000010,0,42.665204392913054,27.154510829224307,37.467252502051075,45.90426036668173,2025-08-28 08:22:03
naive_adjacency,waste_facility,5,2,512,100000000010000001010000001000000100,0,42.52872548091333,27.154510829224307,37.467252502051075,45.90426036668173,2025-08-28 08:22:03
naive_adjacency,waste_facility,5,2,512,100000000001000010010000001000000100,0,44.8586875991564,27.154510829224307,37.467252502051075,45.90426036668173,2025-08-28 08:22:03
naive_adjacency,waste_facility,5,2,512,100000000100000010010000000001001000,0,40.33524227467,27.154510829224307,37.467252502051075,45.90426036668173,2025-08-28 08:22:03
naive_adjacency,waste_facility,5,2,512,100000000100000001010000000010001000,0,40.33524227467,27.154510829224307,37.467252502051075,45.90426036668173,2025-08-28 08:22:03
naive_adjacency,waste_facility,5,2,512,100000000010000100010000000001001000,0,43.54868223668718,27.154510829224307,37.467252502051075,45.90426036668173,2025-08-28 08:22:03
naive_adjacency,waste_facility,5,2,512,100000000001000100010000000010001000,0,42.66520439291306,27.154510829224307,37.467252502051075,45.90426036668173,2025-08-28 08:22:03
naive_adjacency,waste_facility,5,2,512,100000000010000001010000000100001000,0,42.52872548091334,27.154510829224307,37.467252502051075,45.90426036668173,2025-08-28 08:22:03
naive_adjacency,waste_facility,5,2,512,100000000001000010010000000100001000,0,41.64524763713922,27.154510829224307,37.467252502051075,45.90426036668173,2025-08-28 08:22:03
naive_adjacency,waste_facility,5,2,512,100000001000000100000010010000000001,0,43.57429824843866,27.154510829224307,37.467252502051075,45.90426036668173,2025-08-28 08:22:03
naive_adjacency,waste_facility,5,2,512,100000001000000100000001010000000010,0,43.548682236687156,27.154510829224307,37.467252502051075,45.90426036668173,2025-08-28 08:22:03
naive_adjacency,waste_facility,5,2,512,100000001000000010000100010000000001,0,31.41352355876683,27.154510829224307,37.467252502051075,45.90426036668173,2025-08-28 08:22:03
naive_adjacency,waste_facility,5,2,512,100000001000000001000100010000000010,0,29.057945428772275,27.154510829224307,37.467252502051075,45.90426036668173,2025-08-28 08:22:03
naive_adjacency,waste_facility,5,2,512,100000001000000010000001010000000100,0,43.548682236687156,27.154510829224307,37.467252502051075,45.90426036668173,2025-08-28 08:22:03
naive_adjacency,waste_facility,5,2,512,100000001000000001000010010000000100,0,41.218720118444104,27.154510829224307,37.467252502051075,45.90426036668173,2025-08-28 08:22:03
naive_adjacency,waste_facility,5,2,512,100000000100001000000010010000000001,0,28.200083596749653,27.154510829224307,37.467252502051075,45.90426036668173,2025-08-28 08:22:03
naive_adjacency,waste_facility,5,2,512,100000000100001000000001010000000010,0,40.33524227466998,27.154510829224307,37.467252502051075,45.90426036668173,2025-08-28 08:22:03
naive_adjacency,waste_facility,5,2,512,100000000010001000000100010000000001,0,28.200083596749646,27.154510829224307,37.467252502051075,45.90426036668173,2025-08-28 08:22:03
naive_adjacency,waste_facility,5,2,512,100000000001001000000100010000000010,0,40.335242274669994,27.154510829224307,37.467252502051075,45.90426036668173,2025-08-28 08:22:03
naive_adjacency,waste_facility,5,2,512,100000000010001000000001010000000100,0,28.17446758499815,27.154510829224307,37.467252502051075,45.90426036668173,2025-08-28 08:22:03
naive_adjacency,waste_facility,5,2,512,100000000001001000000010010000000100,0,28.174467584998155,27.154510829224307,37.467252502051075,45.90426036668173,2025-08-28 08:22:03
naive_adjacency,waste_facility,5,2,512,100000000100000010001000010000000001,0,31.41352355876683,27.154510829224307,37.467252502051075,45.90426036668173,2025-08-28 08:22:03
naive_adjacency,waste_facility,5,2,512,100000000100000001001000010000000010,0,29.057945428772268,27.154510829224307,37.467252502051075,45.90426036668173,2025-08-28 08:22:03
naive_adjacency,waste_facility,5,2,512,100000000010000100001000010000000001,0,43.57429824843866,27.154510829224307,37.467252502051075,45.90426036668173,2025-08-28 08:22:03
naive_adjacency,waste_facility,5,2,512,100000000001000100001000010000000010,0,43.54868223668717,27.154510829224307,37.467252502051075,45.90426036668173,2025-08-28 08:22:03
naive_adjacency,waste_facility,5,2,512,100000000010000001001000010000000100,0,41.21872011844411,27.154510829224307,37.467252502051075,45.90426036668173,2025-08-28 08:22:03
naive_adjacency,waste_facility,5,2,512,100000000001000010001000010000000100,0,43.54868223668717,27.154510829224307,37.467252502051075,45.90426036668173,2025-08-28 08:22:03
naive_adjacency,waste_facility,5,2,512,100000000100000010000001010000001000,0,42.52872548091332,27.154510829224307,37.467252502051075,45.90426036668173,2025-08-28 08:22:03
naive_adjacency,waste_facility,5,2,512,100000000100000001000010010000001000,0,28.03798867299843,27.154510829224307,37.467252502051075,45.90426036668173,2025-08-28 08:22:03
naive_adjacency,waste_facility,5,2,512,100000000010000100000001010000001000,0,30.367950791241487,27.154510829224307,37.467252502051075,45.90426036668173,2025-08-28 08:22:03
naive_adjacency,waste_facility,5,2,512,100000000001000100000010010000001000,0,30.36795079124149,27.154510829224307,37.467252502051075,45.90426036668173,2025-08-28 08:22:03
naive_adjacency,waste_facility,5,2,512,100000000010000001000100010000001000,0,28.03798867299843,27.154510829224307,37.467252502051075,45.90426036668173,2025-08-28 08:22:03
naive_adjacency,waste_facility,5,2,512,100000000001000010000100010000001000,0,42.52872548091333,27.154510829224307,37.467252502051075,45.90426036668173,2025-08-28 08:22:03
naive_adjacency,waste_facility,5,2,512,100000001000000100000010000001010000,0,43.57429824843866,27.154510829224307,37.467252502051075,45.90426036668173,2025-08-28 08:22:03
naive_adjacency,waste_facility,5,2,512,100000001000000100000001000010010000,0,42.69082040466455,27.154510829224307,37.467252502051075,45.90426036668173,2025-08-28 08:22:03
naive_adjacency,waste_facility,5,2,512,100000001000000010000100000001010000,0,28.20008359674965,27.154510829224307,37.467252502051075,45.90426036668173,2025-08-28 08:22:03
naive_adjacency,waste_facility,5,2,512,100000001000000001000100000010010000,0,28.20008359674965,27.154510829224307,37.467252502051075,45.90426036668173,2025-08-28 08:22:03
naive_adjacency,waste_facility,5,2,512,100000001000000010000001000100010000,0,42.69082040466455,27.154510829224307,37.467252502051075,45.90426036668173,2025-08-28 08:22:03
naive_adjacency,waste_facility,5,2,512,100000001000000001000010000100010000,0,43.574298248438666,27.154510829224307,37.467252502051075,45.90426036668173,2025-08-28 08:22:03
naive_adjacency,waste_facility,5,2,512,100000000100001000000010000001010000,0,31.413523558766826,27.154510829224307,37.467252502051075,45.90426036668173,2025-08-28 08:22:03
naive_adjacency,waste_facility,5,2,512,100000000100001000000001000010010000,0,45.904260366681726,27.154510829224307,37.467252502051075,45.90426036668173,2025-08-28 08:22:03
naive_adjacency,waste_facility,5,2,512,100000000010001000000100000001010000,0,31.413523558766826,27.154510829224307,37.467252502051075,45.90426036668173,2025-08-28 08:22:03
naive_adjacency,waste_facility,5,2,512,100000000001001000000100000010010000,0,45.904260366681726,27.154510829224307,37.467252502051075,45.90426036668173,2025-08-28 08:22:03
naive_adjacency,waste_facility,5,2,512,100000000010001000000001000100010000,0,30.530045714992706,27.154510829224307,37.467252502051075,45.90426036668173,2025-08-28 08:22:03
naive_adjacency,waste_facility,5,2,512,100000000001001000000010000100010000,0,30.53004571499271,27.154510829224307,37.467252502051075,45.90426036668173,2025-08-28 08:22:03
naive_adjacency,waste_facility,5,2,512,100000000100000010001000000001010000,0,28.20008359674965,27.154510829224307,37.467252502051075,45.90426036668173,2025-08-28 08:22:03
naive_adjacency,waste_facility,5,2,512,100000000100000001001000000010010000,0,28.20008359674965,27.154510829224307,37.467252502051075,45.90426036668173,2025-08-28 08:22:03
naive_adjacency,waste_facility,5,2,512,100000000010000100001000000001010000,0,43.57429824843866,27.154510829224307,37.467252502051075,45.90426036668173,2025-08-28 08:22:03
naive_adjacency,waste_facility,5,2,512,100000000001000100001000000010010000,0,42.69082040466455,27.154510829224307,37.467252502051075,45.90426036668173,2025-08-28 08:22:03
naive_adjacency,waste_facility,5,2,512,100000000010000001001000000100010000,0,43.57429824843866,27.154510829224307,37.467252502051075,45.90426036668173,2025-08-28 08:22:03
naive_adjacency,waste_facility,5,2,512,100000000001000010001000000100010000,0,42.69082040466455,27.154510829224307,37.467252502051075,45.90426036668173,2025-08-28 08:22:03
naive_adjacency,waste_facility,5,2,512,100000000100000010000001001000010000,0,44.88430361090788,27.154510829224307,37.467252502051075,45.90426036668173,2025-08-28 08:22:03
naive_adjacency,waste_facility,5,2,512,100000000100000001000010001000010000,0,30.393566802992986,27.154510829224307,37.467252502051075,45.90426036668173,2025-08-28 08:22:03
naive_adjacency,waste_facility,5,2,512,100000000010000100000001001000010000,0,29.510088959218866,27.154510829224307,37.467252502051075,45.90426036668173,2025-08-28 08:22:03
naive_adjacency,waste_facility,5,2,512,100000000001000100000010001000010000,0,29.51008895921887,27.154510829224307,37.467252502051075,45.90426036668173,2025-08-28 08:22:03
naive_adjacency,waste_facility,5,2,512,100000000010000001000100001000010000,0,30.393566802992986,27.154510829224307,37.467252502051075,45.90426036668173,2025-08-28 08:22:03
naive_adjacency,waste_facility,5,2,512,100000000001000010000100001000010000,0,44.884303610907885,27.154510829224307,37.467252502051075,45.90426036668173,2025-08-28 08:22:03
naive_adjacency,waste_facility,5,2,512,010000100000001000000100000010000001,0,42.52872548091332,27.154510829224307,37.467252502051075,45.90426036668173,2025-08-28 08:22:03
naive_adjacency,waste_facility,5,2,512,010000100000001000000100000001000010,0,42.52872548091333,27.154510829224307,37.467252502051075,45.90426036668173,2025-08-28 08:22:03
naive_adjacency,waste_facility,5,2,512,010000100000001000000010000100000001,0,40.33524227466999,27.154510829224307,37.467252502051075,45.90426036668173,2025-08-28 08:22:03
naive_adjacency,waste_facility,5,2,512,010000100000001000000001000100000010,0,27.15451082922431,27.154510829224307,37.467252502051075,45.90426036668173,2025-08-28 08:22:03
naive_adjacency,waste_facility,5,2,512,010000100000001000000010000001000100,0,43.54868223668716,27.154510829224307,37.467252502051075,45.90426036668173,2025-08-28 08:22:03
naive_adjacency,waste_facility,5,2,512,010000100000001000000001000010000100,0,30.36795079124149,27.154510829224307,37.467252502051075,45.90426036668173,2025-08-28 08:22:03
naive_adjacency,waste_facility,5,2,512,010000100000000100001000000010000001,0,41.64524763713922,27.154510829224307,37.467252502051075,45.90426036668173,2025-08-28 08:22:03
naive_adjacency,waste_facility,5,2,512,010000100000000100001000000001000010,0,44.8586875991564,27.154510829224307,37.467252502051075,45.90426036668173,2025-08-28 08:22:03
naive_adjacency,waste_facility,5,2,512,010000100000000010001000000100000001,0,42.665204392913054,27.154510829224307,37.467252502051075,45.90426036668173,2025-08-28 08:22:03
naive_adjacency,waste_facility,5,2,512,010000100000000001001000000100000010,0,44.85868759915639,27.154510829224307,37.467252502051075,45.90426036668173,2025-08-28 08:22:03
naive_adjacency,waste_facility,5,2,512,010000100000000010001000000001000100,0,42.66520439291306,27.154510829224307,37.467252502051075,45.90426036668173,2025-08-28 08:22:03
naive_adjacency,waste_facility,5,2,512,010000100000000001001000000010000100,0,41.64524763713922,27.154510829224307,37.467252502051075,45.90426036668173,2025-08-28 08:22:03
naive_adjacency,waste_facility,5,2,512,010000100000000100000010001000000001,0,40.335242274669994,27.154510829224307,37.467252502051075,45.90426036668173,2025-08-28 08:22:03
naive_adjacency,waste_facility,5,2,512,010000100000000100000001001000000010,0,28.174467584998155,27.154510829224307,37.467252502051075,45.90426036668173,2025-08-28 08:22:03
naive_adjacency,waste_facility,5,2,512,010000100000000010000100001000000001,0,43.54868223668716,27.154510829224307,37.467252502051075,45.90426036668173,2025-08-28 08:22:03
naive_adjacency,waste_facility,5,2,512,010000100000000001000100001000000010,0,43.54868223668716,27.154510829224307,37.467252502051075,45.90426036668173,2025-08-28 08:22:03
naive_adjacency,waste_facility,5,2,512,010000100000000010000001001000000100,0,30.36795079124149,27.154510829224307,37.467252502051075,45.90426036668173,2025-08-28 08:22:03
naive_adjacency,waste_facility,5,2,512,010000100000000001000010001000000100,0,42.52872548091332,27.154510829224307,37.467252502051075,45.90426036668173,2025-08-28 08:22:03
naive_adjacency,waste_facility,5,2,512,010000100000000100000010000001001000,0,45.904260366681726,27.154510829224307,37.467252502051075,45.90426036668173,2025-08-28 08:22:03
naive_adjacency,waste_facility,5,2,512,010000100000000100000001000010001000,0,30.53004571499271,27.154510829224307,37.467252502051075,45.90426036668173,2025-08-28 08:22:03
naive_adjacency,waste_facility,5,2,512,010000100000000010000100000001001000,0,42.69082040466455,27.154510829224307,37.467252502051075,45.90426036668173,2025-08-28 08:22:03
naive_adjacency,waste_facility,5,2,512,010000100000000001000100000010001000,0,42.69082040466454,27.154510829224307,37.467252502051075,45.90426036668173,2025-08-28 08:22:03
naive_adjacency,waste_facility,5,2,512,010000100000000010000001000100001000,0,29.51008895921887,27.154510829224307,37.467252502051075,45.90426036668173,2025-08-28 08:22:03
naive_adjacency,waste_facility,5,2,512,010000100000000001000010000100001000,0,44.884303610907885,27.154510829224307,37.467252502051075,45.90426036668173,2025-08-28 08:22:03
naive_adjacency,waste_facility,5,2,512,001000100000010000000100000010000001,0,42.52872548091333,27.154510829224307,37.467252502051075,45.90426036668173,2025-08-28 08:22:03
naive_adjacency,waste_facility,5,2,512,001000100000010000000100000001000010,0,42.52872548091334,27.154510829224307,37.467252502051075,45.90426036668173,2025-08-28 08:22:03
naive_adjacency,waste_facility,5,2,512,001000100000010000000010000100000001,0,41.21872011844411,27.154510829224307,37.467252502051075,45.90426036668173,2025-08-28 08:22:03
naive_adjacency,waste_facility,5,2,512,001000100000010000000001000100000010,0,28.03798867299843,27.154510829224307,37.467252502051075,45.90426036668173,2025-08-28 08:22:03
naive_adjacency,waste_facility,5,2,512,001000100000010000000010000001000100,0,43.57429824843866,27.154510829224307,37.467252502051075,45.90426036668173,2025-08-28 08:22:03
naive_adjacency,waste_facility,5,2,512,001000100000010000000001000010000100,0,30.393566802992986,27.154510829224307,37.467252502051075,45.90426036668173,2025-08-28 08:22:03
naive_adjacency,waste_facility,5,2,512,000100100000010000001000000010000001,0,42.52872548091332,27.154510829224307,37.467252502051075,45.90426036668173,2025-08-28 08:22:03
naive_adjacency,waste_facility,5,2,512,000100100000010000001000000001000010,0,44.884303610907885,27.154510829224307,37.467252502051075,45.90426036668173,2025-08-28 08:22:03
naive_adjacency,waste_facility,5,2,512,000010100000010000001000000100000001,0,43.57429824843866,27.154510829224307,37.467252502051075,45.90426036668173,2025-08-28 08:22:03
naive_adjacency,waste_facility,5,2,512,000001100000010000001000000100000010,0,44.88430361090788,27.154510829224307,37.467252502051075,45.90426036668173,2025-08-28 08:22:03
naive_adjacency,waste_facility,5,2,512,000010100000010000001000000001000100,0,43.574298248438666,27.154510829224307,37.467252502051075,45.90426036668173,2025-08-28 08:22:03
naive_adjacency,waste_facility,5,2,512,000001100000010000001000000010000100,0,42.52872548091333,27.154510829224307,37.467252502051075,45.90426036668173,2025-08-28 08:22:03
naive_adjacency,waste_facility,5,2,512,000100100000010000000010001000000001,0,40.335242274669994,27.154510829224307,37.467252502051075,45.90426036668173,2025-08-28 08:22:03
naive_adjacency,waste_facility,5,2,512,000100100000010000000001001000000010,0,28.200083596749646,27.154510829224307,37.467252502051075,45.90426036668173,2025-08-28 08:22:03
naive_adjacency,waste_facility,5,2,512,000010100000010000000100001000000001,0,42.69082040466454,27.154510829224307,37.467252502051075,45.90426036668173,2025-08-28 08:22:03
naive_adjacency,waste_facility,5,2,512,000001100000010000000100001000000010,0,42.69082040466454,27.154510829224307,37.467252502051075,45.90426036668173,2025-08-28 08:22:03
naive_adjacency,waste_facility,5,2,512,000010100000010000000001001000000100,0,29.510088959218873,27.154510829224307,37.467252502051075,45.90426036668173,2025-08-28 08:22:03
naive_adjacency,waste_facility,5,2,512,000001100000010000000010001000000100,0,41.64524763713921,27.154510829224307,37.467252502051075,45.90426036668173,2025-08-28 08:22:03
naive_adjacency,waste_facility,5,2,512,000100100000010000000010000001001000,0,45.90426036668173,27.154510829224307,37.467252502051075,45.90426036668173,2025-08-28 08:22:03
naive_adjacency,waste_facility,5,2,512,000100100000010000000001000010001000,0,31.413523558766826,27.154510829224307,37.467252502051075,45.90426036668173,2025-08-28 08:22:03
naive_adjacency,waste_facility,5,2,512,000010100000010000000100000001001000,0,43.54868223668716,27.154510829224307,37.467252502051075,45.90426036668173,2025-08-28 08:22:03
naive_adjacency,waste_facility,5,2,512,000001100000010000000100000010001000,0,43.54868223668716,27.154510829224307,37.467252502051075,45.90426036668173,2025-08-28 08:22:03
naive_adjacency,waste_facility,5,2,512,000010100000010000000001000100001000,0,30.367950791241498,27.154510829224307,37.467252502051075,45.90426036668173,2025-08-28 08:22:03
naive_adjacency,waste_facility,5,2,512,000001100000010000000010000100001000,0,44.85868759915638,27.154510829224307,37.467252502051075,45.90426036668173,2025-08-28 08:22:03
naive_adjacency,waste_facility,5,2,512,001000100000000100010000000010000001,0,27.15451082922431,27.154510829224307,37.467252502051075,45.90426036668173,2025-08-28 08:22:03
naive_adjacency,waste_facility,5,2,512,001000100000000100010000000001000010,0,30.36795079124149,27.154510829224307,37.467252502051075,45.90426036668173,2025-08-28 08:22:03
naive_adjacency,waste_facility,5,2,512,001000100000000010010000000100000001,0,28.17446758499815,27.154510829224307,37.467252502051075,45.90426036668173,2025-08-28 08:22:03
naive_adjacency,waste_facility,5,2,512,001000100000000001010000000100000010,0,30.36795079124149,27.154510829224307,37.467252502051075,45.90426036668173,2025-08-28 08:22:03
naive_adjacency,waste_facility,5,2,512,001000100000000010010000000001000100,0,30.53004571499271,27.154510829224307,37.467252502051075,45.90426036668173,2025-08-28 08:22:03
naive_adjacency,waste_facility,5,2,512,001000100000000001010000000010000100,0,29.51008895921887,27.154510829224307,37.467252502051075,45.90426036668173,2025-08-28 08:22:03
naive_adjacency,waste_facility,5,2,512,000100100000001000010000000010000001,0,28.03798867299843,27.154510829224307,37.467252502051075,45.90426036668173,2025-08-28 08:22:03
naive_adjacency,waste_facility,5,2,512,000100100000001000010000000001000010,0,30.393566802992986,27.154510829224307,37.467252502051075,45.90426036668173,2025-08-28 08:22:03
naive_adjacency,waste_facility,5,2,512,000010100000001000010000000100000001,0,28.20008359674965,27.154510829224307,37.467252502051075,45.90426036668173,2025-08-28 08:22:03
naive_adjacency,waste_facility,5,2,512,000001100000001000010000000100000010,0,29.51008895921887,27.154510829224307,37.467252502051075,45.90426036668173,2025-08-28 08:22:03
naive_adjacency,waste_facility,5,2,512,000010100000001000010000000001000100,0,31.413523558766826,27.154510829224307,37.467252502051075,45.90426036668173,2025-08-28 08:22:03
naive_adjacency,waste_facility,5,2,512,000001100000001000010000000010000100,0,30.36795079124149,27.154510829224307,37.467252502051075,45.90426036668173,2025-08-28 08:22:03
naive_adjacency,waste_facility,5,2,512,000100100000000010010000001000000001,0,29.057945428772268,27.154510829224307,37.467252502051075,45.90426036668173,2025-08-28 08:22:03
naive_adjacency,waste_facility,5,2,512,000100100000000001010000001000000010,0,31.413523558766826,27.154510829224307,37.467252502051075,45.90426036668173,2025-08-28 08:22:03
naive_adjacency,waste_facility,5,2,512,000010100000000100010000001000000001,0,28.200083596749646,27.154510829224307,37.467252502051075,45.90426036668173,2025-08-28 08:22:03
naive_adjacency,waste_facility,5,2,512,000001100000000100010000001000000010,0,30.53004571499271,27.154510829224307,37.467252502051075,45.90426036668173,2025-08-28 08:22:03
naive_adjacency,waste_facility,5,2,512,000010100000000001010000001000000100,0,30.393566802992982,27.154510829224307,37.467252502051075,45.90426036668173,2025-08-28 08:22:03
naive_adjacency,waste_facility,5,2,512,000001100000000010010000001000000100,0,30.367950791241487,27.154510829224307,37.467252502051075,45.90426036668173,2025-08-28 08:22:03
naive_adjacency,waste_facility,5,2,512,000100100000000010010000000001001000,0,28.20008359674965,27.154510829224307,37.467252502051075,45.90426036668173,2025-08-28 08:22:03
naive_adjacency,waste_facility,5,2,512,000100100000000001010000000010001000,0,28.200083596749653,27.154510829224307,37.467252502051075,45.90426036668173,2025-08-28 08:22:03
naive_adjacency,waste_facility,5,2,512,000010100000000100010000000001001000,0,29.05794542877227,27.154510829224307,37.467252502051075,45.90426036668173,2025-08-28 08:22:03
naive_adjacency,waste_facility,5,2,512,000001100000000100010000000010001000,0,28.17446758499816,27.154510829224307,37.467252502051075,45.90426036668173,2025-08-28 08:22:03
naive_adjacency,waste_facility,5,2,512,000010100000000001010000000100001000,0,28.03798867299843,27.154510829224307,37.467252502051075,45.90426036668173,2025-08-28 08:22:03
naive_adjacency,waste_facility,5,2,512,000001100000000010010000000100001000,0,27.154510829224314,27.154510829224307,37.467252502051075,45.90426036668173,2025-08-28 08:22:03
naive_adjacency,waste_facility,5,2,512,001000100000000100000010010000000001,0,41.21872011844411,27.154510829224307,37.467252502051075,45.90426036668173,2025-08-28 08:22:03
naive_adjacency,waste_facility,5,2,512,001000100000000100000001010000000010,0,29.05794542877227,27.154510829224307,37.467252502051075,45.90426036668173,2025-08-28 08:22:03
naive_adjacency,waste_facility,5,2,512,001000100000000010000100010000000001,0,43.54868223668717,27.154510829224307,37.467252502051075,45.90426036668173,2025-08-28 08:22:03
naive_adjacency,waste_facility,5,2,512,001000100000000001000100010000000010,0,43.54868223668717,27.154510829224307,37.467252502051075,45.90426036668173,2025-08-28 08:22:03
naive_adjacency,waste_facility,5,2,512,001000100000000010000001010000000100,0,31.413523558766826,27.154510829224307,37.467252502051075,45.90426036668173,2025-08-28 08:22:03
naive_adjacency,waste_facility,5,2,512,001000100000000001000010010000000100,0,43.57429824843866,27.154510829224307,37.467252502051075,45.90426036668173,2025-08-28 08:22:03
naive_adjacency,waste_facility,5,2,512,000100100000001000000010010000000001,0,40.33524227467,27.154510829224307,37.467252502051075,45.90426036668173,2025-08-28 08:22:03
naive_adjacency,waste_facility,5,2,512,000100100000001000000001010000000010,0,28.20008359674965,27.154510829224307,37.467252502051075,45.90426036668173,2025-08-28 08:22:03
naive_adjacency,waste_facility,5,2,512,000010100000001000000100010000000001,0,42.69082040466454,27.154510829224307,37.467252502051075,45.90426036668173,2025-08-28 08:22:03
naive_adjacency,waste_facility,5,2,512,000001100000001000000100010000000010,0,42.69082040466454,27.154510829224307,37.467252502051075,45.90426036668173,2025-08-28 08:22:03
naive_adjacency,waste_facility,5,2,512,000010100000001000000001010000000100,0,30.530045714992717,27.154510829224307,37.467252502051075,45.90426036668173,2025-08-28 08:22:03
naive_adjacency,waste_facility,5,2,512,000001100000001000000010010000000100,0,42.66520439291305,27.154510829224307,37.467252502051075,45.90426036668173,2025-08-28 08:22:03
naive_adjacency,waste_facility,5,2,512,000100100000000010001000010000000001,0,43.54868223668716,27.154510829224307,37.467252502051075,45.90426036668173,2025-08-28 08:22:03
naive_adjacency,waste_facility,5,2,512,000100100000000001001000010000000010,0,45.90426036668172,27.154510829224307,37.467252502051075,45.90426036668173,2025-08-28 08:22:03
naive_adjacency,waste_facility,5,2,512,000010100000000100001000010000000001,0,43.57429824843866,27.154510829224307,37.467252502051075,45.90426036668173,2025-08-28 08:22:03
naive_adjacency,waste_facility,5,2,512,000001100000000100001000010000000010,0,45.90426036668172,27.154510829224307,37.467252502051075,45.90426036668173,2025-08-28 08:22:03
naive_adjacency,waste_facility,5,2,512,000010100000000001001000010000000100,0,43.57429824843866,27.154510829224307,37.467252502051075,45.90426036668173,2025-08-28 08:22:03
naive_adjacency,waste_facility,5,2,512,000001100000000010001000010000000100,0,43.54868223668716,27.154510829224307,37.467252502051075,45.90426036668173,2025-08-28 08:22:03
naive_adjacency,waste_facility,5,2,512,000100100000000010000001010000001000,0,30.393566802992982,27.154510829224307,37.467252502051075,45.90426036668173,2025-08-28 08:22:03
naive_adjacency,waste_facility,5,2,512,000100100000000001000010010000001000,0,44.884303610907885,27.154510829224307,37.467252502051075,45.90426036668173,2025-08-28 08:22:03
naive_adjacency,waste_facility,5,2,512,000010100000000100000001010000001000,0,30.367950791241494,27.154510829224307,37.467252502051075,45.90426036668173,2025-08-28 08:22:03
naive_adjacency,waste_facility,5,2,512,000001100000000100000010010000001000,0,44.85868759915638,27.154510829224307,37.467252502051075,45.90426036668173,2025-08-28 08:22:03
naive_adjacency,waste_facility,5,2,512,000010100000000001000100010000001000,0,42.52872548091332,27.154510829224307,37.467252502051075,45.90426036668173,2025-08-28 08:22:03
naive_adjacency,waste_facility,5,2,512,000001100000000010000100010000001000,0,42.52872548091332,27.154510829224307,37.467252502051075,45.90426036668173,2025-08-28 08:22:03
naive_adjacency,waste_facility,5,2,512,001000100000000100000010000001010000,0,43.57429824843866,27.154510829224307,37.467252502051075,45.90426036668173,2025-08-28 08:22:03
naive_adjacency,waste_facility,5,2,512,001000100000000100000001000010010000,0,28.200083596749643,27.154510829224307,37.467252502051075,45.90426036668173,2025-08-28 08:22:03
naive_adjacency,waste_facility,5,2,512,001000100000000010000100000001010000,0,42.69082040466455,27.154510829224307,37.467252502051075,45.90426036668173,2025-08-28 08:22:03
naive_adjacency,waste_facility,5,2,512,001000100000000001000100000010010000,0,42.69082040466455,27.154510829224307,37.467252502051075,45.90426036668173,2025-08-28 08:22:03
naive_adjacency,waste_facility,5,2,512,001000100000000010000001000100010000,0,28.200083596749646,27.154510829224307,37.467252502051075,45.90426036668173,2025-08-28 08:22:03
naive_adjacency,waste_facility,5,2,512,001000100000000001000010000100010000,0,43.57429824843866,27.154510829224307,37.467252502051075,45.90426036668173,2025-08-28 08:22:03
naive_adjacency,waste_facility,5,2,512,000100100000001000000010000001010000,0,43.54868223668717,27.154510829224307,37.467252502051075,45.90426036668173,2025-08-28 08:22:03
naive_adjacency,waste_facility,5,2,512,000100100000001000000001000010010000,0,29.057945428772268,27.154510829224307,37.467252502051075,45.90426036668173,2025-08-28 08:22:03
naive_adjacency,waste_facility,5,2,512,000010100000001000000100000001010000,0,43.54868223668716,27.154510829224307,37.467252502051075,45.90426036668173,2025-08-28 08:22:03
naive_adjacency,waste_facility,5,2,512,000001100000001000000100000010010000,0,43.54868223668716,27.154510829224307,37.467252502051075,45.90426036668173,2025-08-28 08:22:03
naive_adjacency,waste_facility,5,2,512,000010100000001000000001000100010000,0,28.17446758499816,27.154510829224307,37.467252502051075,45.90426036668173,2025-08-28 08:22:03
naive_adjacency,waste_facility,5,2,512,000001100000001000000010000100010000,0,42.66520439291304,27.154510829224307,37.467252502051075,45.90426036668173,2025-08-28 08:22:03
naive_adjacency,waste_facility,5,2,512,000100100000000010001000000001010000,0,40.33524227466998,27.154510829224307,37.467252502051075,45.90426036668173,2025-08-28 08:22:03
naive_adjacency,waste_facility,5,2,512,000100100000000001001000000010010000,0,40.33524227466998,27.154510829224307,37.467252502051075,45.90426036668173,2025-08-28 08:22:03
naive_adjacency,waste_facility,5,2,512,000010100000000100001000000001010000,0,41.218720118444104,27.154510829224307,37.467252502051075,45.90426036668173,2025-08-28 08:22:03
naive_adjacency,waste_facility,5,2,512,000001100000000100001000000010010000,0,40.33524227466999,27.154510829224307,37.467252502051075,45.90426036668173,2025-08-28 08:22:03
naive_adjacency,waste_facility,5,2,512,000010100000000001001000000100010000,0,41.2187201184441,27.154510829224307,37.467252502051075,45.90426036668173,2025-08-28 08:22:03
naive_adjacency,waste_facility,5,2,512,000001100000000010001000000100010000,0,40.33524227466998,27.154510829224307,37.467252502051075,45.90426036668173,2025-08-28 08:22:03
naive_adjacency,waste_facility,5,2,512,000100100000000010000001001000010000,0,28.037988672998427,27.154510829224307,37.467252502051075,45.90426036668173,2025-08-28 08:22:03
naive_adjacency,waste_facility,5,2,512,000100100000000001000010001000010000,0,42.52872548091333,27.154510829224307,37.467252502051075,45.90426036668173,2025-08-28 08:22:03
naive_adjacency,waste_facility,5,2,512,000010100000000100000001001000010000,0,27.154510829224318,27.154510829224307,37.467252502051075,45.90426036668173,2025-08-28 08:22:03
naive_adjacency,waste_facility,5,2,512,000001100000000100000010001000010000,0,41.64524763713921,27.154510829224307,37.467252502051075,45.90426036668173,2025-08-28 08:22:03
naive_adjacency,waste_facility,5,2,512,000010100000000001000100001000010000,0,42.52872548091332,27.154510829224307,37.467252502051075,45.90426036668173,2025-08-28 08:22:03
naive_adjacency,waste_facility,5,2,512,000001100000000010000100001000010000,0,42.52872548091332,27.154510829224307,37.467252502051075,45.90426036668173,2025-08-28 08:22:03
naive_adjacency,waste_facility,5,2,512,010000001000100000000100000010000001,0,30.367950791241487,27.154510829224307,37.467252502051075,45.90426036668173,2025-08-28 08:22:03
naive_adjacency,waste_facility,5,2,512,010000001000100000000100000001000010,0,27.154510829224314,27.154510829224307,37.467252502051075,45.90426036668173,2025-08-28 08:22:03
naive_adjacency,waste_facility,5,2,512,010000001000100000000010000100000001,0,43.54868223668716,27.154510829224307,37.467252502051075,45.90426036668173,2025-08-28 08:22:03
naive_adjacency,waste_facility,5,2,512,010000001000100000000001000100000010,0,42.52872548091332,27.154510829224307,37.467252502051075,45.90426036668173,2025-08-28 08:22:03
naive_adjacency,waste_facility,5,2,512,010000001000100000000010000001000100,0,40.33524227466998,27.154510829224307,37.467252502051075,45.90426036668173,2025-08-28 08:22:03
naive_adjacency,waste_facility,5,2,512,010000001000100000000001000010000100,0,42.52872548091332,27.154510829224307,37.467252502051075,45.90426036668173,2025-08-28 08:22:03
naive_adjacency,waste_facility,5,2,512,010000000100100000001000000010000001,0,30.3679507912415,27.154510829224307,37.467252502051075,45.90426036668173,2025-08-28 08:22:03
naive_adjacency,waste_facility,5,2,512,010000000100100000001000000001000010,0,27.15451082922432,27.154510829224307,37.467252502051075,45.90426036668173,2025-08-28 08:22:03
naive_adjacency,waste_facility,5,2,512,010000000010100000001000000100000001,0,43.54868223668716,27.154510829224307,37.467252502051075,45.90426036668173,2025-08-28 08:22:03
naive_adjacency,waste_facility,5,2,512,010000000001100000001000000100000010,0,42.52872548091333,27.154510829224307,37.467252502051075,45.90426036668173,2025-08-28 08:22:03
naive_adjacency,waste_facility,5,2,512,010000000010100000001000000001000100,0,40.33524227467,27.154510829224307,37.467252502051075,45.90426036668173,2025-08-28 08:22:03
naive_adjacency,waste_facility,5,2,512,010000000001100000001000000010000100,0,42.52872548091334,27.154510829224307,37.467252502051075,45.90426036668173,2025-08-28 08:22:03
naive_adjacency,waste_facility,5,2,512,010000000100100000000010001000000001,0,29.057945428772275,27.154510829224307,37.467252502051075,45.90426036668173,2025-08-28 08:22:03
naive_adjacency,waste_facility,5,2,512,010000000100100000000001001000000010,0,41.218720118444104,27.154510829224307,37.467252502051075,45.90426036668173,2025-08-28 08:22:03
naive_adjacency,waste_facility,5,2,512,010000000010100000000100001000000001,0,29.057945428772268,27.154510829224307,37.467252502051075,45.90426036668173,2025-08-28 08:22:03
naive_adjacency,waste_facility,5,2,512,010000000001100000000100001000000010,0,41.21872011844411,27.154510829224307,37.467252502051075,45.90426036668173,2025-08-28 08:22:03
naive_adjacency,waste_facility,5,2,512,010000000010100000000001001000000100,0,28.03798867299843,27.154510829224307,37.467252502051075,45.90426036668173,2025-08-28 08:22:03
naive_adjacency,waste_facility,5,2,512,010000000001100000000010001000000100,0,28.03798867299843,27.154510829224307,37.467252502051075,45.90426036668173,2025-08-28 08:22:03
naive_adjacency,waste_facility,5,2,512,010000000100100000000010000001001000,0,28.20008359674965,27.154510829224307,37.467252502051075,45.90426036668173,2025-08-28 08:22:03
naive_adjacency,waste_facility,5,2,512,010000000100100000000001000010001000,0,43.574298248438666,27.154510829224307,37.467252502051075,45.90426036668173,2025-08-28 08:22:03
naive_adjacency,waste_facility,5,2,512,010000000010100000000100000001001000,0,28.20008359674965,27.154510829224307,37.467252502051075,45.90426036668173,2025-08-28 08:22:03
naive_adjacency,waste_facility,5,2,512,010000000001100000000100000010001000,0,43.574298248438666,27.154510829224307,37.467252502051075,45.90426036668173,2025-08-28 08:22:03
naive_adjacency,waste_facility,5,2,512,010000000010100000000001000100001000,0,30.393566802992986,27.154510829224307,37.467252502051075,45.90426036668173,2025-08-28 08:22:03
naive_adjacency,waste_facility,5,2,512,010000000001100000000010000100001000,0,30.393566802992986,27.154510829224307,37.467252502051075,45.90426036668173,2025-08-28 08:22:03
naive_adjacency,waste_facility,5,2,512,001000010000100000000100000010000001,0,44.85868759915639,27.154510829224307,37.467252502051075,45.90426036668173,2025-08-28 08:22:03
naive_adjacency,waste_facility,5,2,512,001000010000100000000100000001000010,0,41.64524763713922,27.154510829224307,37.467252502051075,45.90426036668173,2025-08-28 08:22:03
naive_adjacency,waste_facility,5,2,512,001000010000100000000010000100000001,0,43.54868223668716,27.154510829224307,37.467252502051075,45.90426036668173,2025-08-28 08:22:03
naive_adjacency,waste_facility,5,2,512,001000010000100000000001000100000010,0,42.52872548091332,27.154510829224307,37.467252502051075,45.90426036668173,2025-08-28 08:22:03
naive_adjacency,waste_facility,5,2,512,001000010000100000000010000001000100,0,42.69082040466454,27.154510829224307,37.467252502051075,45.90426036668173,2025-08-28 08:22:03
naive_adjacency,waste_facility,5,2,512,001000010000100000000001000010000100,0,44.884303610907885,27.154510829224307,37.467252502051075,45.90426036668173,2025-08-28 08:22:03
naive_adjacency,waste_facility,5,2,512,000100010000100000001000000010000001,0,30.367950791241494,27.154510829224307,37.467252502051075,45.90426036668173,2025-08-28 08:22:03
naive_adjacency,waste_facility,5,2,512,000100010000100000001000000001000010,0,29.51008895921887,27.154510829224307,37.467252502051075,45.90426036668173,2025-08-28 08:22:03
naive_adjacency,waste_facility,5,2,512,000010010000100000001000000100000001,0,31.413523558766826,27.154510829224307,37.467252502051075,45.90426036668173,2025-08-28 08:22:03
naive_adjacency,waste_facility,5,2,512,000001010000100000001000000100000010,0,30.393566802992982,27.154510829224307,37.467252502051075,45.90426036668173,2025-08-28 08:22:03
naive_adjacency,waste_facility,5,2,512,000010010000100000001000000001000100,0,28.200083596749653,27.154510829224307,37.467252502051075,45.90426036668173,2025-08-28 08:22:03
naive_adjacency,waste_facility,5,2,512,000001010000100000001000000010000100,0,28.03798867299843,27.154510829224307,37.467252502051075,45.90426036668173,2025-08-28 08:22:03
naive_adjacency,waste_facility,5,2,512,000100010000100000000010001000000001,0,43.54868223668717,27.154510829224307,37.467252502051075,45.90426036668173,2025-08-28 08:22:03
naive_adjacency,waste_facility,5,2,512,000100010000100000000001001000000010,0,43.57429824843866,27.154510829224307,37.467252502051075,45.90426036668173,2025-08-28 08:22:03
naive_adjacency,waste_facility,5,2,512,000010010000100000000100001000000001,0,45.90426036668171,27.154510829224307,37.467252502051075,45.90426036668173,2025-08-28 08:22:03
naive_adjacency,waste_facility,5,2,512,000001010000100000000100001000000010,0,43.57429824843866,27.154510829224307,37.467252502051075,45.90426036668173,2025-08-28 08:22:03
naive_adjacency,waste_facility,5,2,512,000010010000100000000001001000000100,0,44.884303610907885,27.154510829224307,37.467252502051075,45.90426036668173,2025-08-28 08:22:03
naive_adjacency,waste_facility,5,2,512,000001010000100000000010001000000100,0,42.52872548091332,27.154510829224307,37.467252502051075,45.90426036668173,2025-08-28 08:22:03
naive_adjacency,waste_facility,5,2,512,000100010000100000000010000001001000,0,42.69082040466455,27.154510829224307,37.467252502051075,45.90426036668173,2025-08-28 08:22:03
naive_adjacency,waste_facility,5,2,512,000100010000100000000001000010001000,0,43.57429824843866,27.154510829224307,37.467252502051075,45.90426036668173,2025-08-28 08:22:03
naive_adjacency,waste_facility,5,2,512,000010010000100000000100000001001000,0,40.33524227466998,27.154510829224307,37.467252502051075,45.90426036668173,2025-08-28 08:22:03
naive_adjacency,waste_facility,5,2,512,000001010000100000000100000010001000,0,41.2187201184441,27.154510829224307,37.467252502051075,45.90426036668173,2025-08-28 08:22:03
naive_adjacency,waste_facility,5,2,512,000010010000100000000001000100001000,0,42.52872548091333,27.154510829224307,37.467252502051075,45.90426036668173,2025-08-28 08:22:03
naive_adjacency,waste_facility,5,2,512,000001010000100000000010000100001000,0,42.52872548091332,27.154510829224307,37.467252502051075,45.90426036668173,2025-08-28 08:22:03
naive_adjacency,waste_facility,5,2,512,001000000100100000010000000010000001,0,44.85868759915638,27.154510829224307,37.467252502051075,45.90426036668173,2025-08-28 08:22:03
naive_adjacency,waste_facility,5,2,512,001000000100100000010000000001000010,0,41.64524763713921,27.154510829224307,37.467252502051075,45.90426036668173,2025-08-28 08:22:03
naive_adjacency,waste_facility,5,2,512,001000000010100000010000000100000001,0,43.548682236687156,27.154510829224307,37.467252502051075,45.90426036668173,2025-08-28 08:22:03
naive_adjacency,waste_facility,5,2,512,001000000001100000010000000100000010,0,42.52872548091332,27.154510829224307,37.467252502051075,45.90426036668173,2025-08-28 08:22:03
naive_adjacency,waste_facility,5,2,512,001000000010100000010000000001000100,0,42.69082040466454,27.154510829224307,37.467252502051075,45.90426036668173,2025-08-28 08:22:03
naive_adjacency,waste_facility,5,2,512,001000000001100000010000000010000100,0,44.88430361090788,27.154510829224307,37.467252502051075,45.90426036668173,2025-08-28 08:22:03
naive_adjacency,waste_facility,5,2,512,000100001000100000010000000010000001,0,30.367950791241494,27.154510829224307,37.467252502051075,45.90426036668173,2025-08-28 08:22:03
naive_adjacency,waste_facility,5,2,512,000100001000100000010000000001000010,0,29.51008895921887,27.154510829224307,37.467252502051075,45.90426036668173,2025-08-28 08:22:03
naive_adjacency,waste_facility,5,2,512,000010001000100000010000000100000001,0,31.413523558766826,27.154510829224307,37.467252502051075,45.90426036668173,2025-08-28 08:22:03
naive_adjacency,waste_facility,5,2,512,000001001000100000010000000100000010,0,30.393566802992982,27.154510829224307,37.467252502051075,45.90426036668173,2025-08-28 08:22:03
naive_adjacency,waste_facility,5,2,512,000010001000100000010000000001000100,0,28.200083596749646,27.154510829224307,37.467252502051075,45.90426036668173,2025-08-28 08:22:03
naive_adjacency,waste_facility,5,2,512,000001001000100000010000000010000100,0,28.037988672998424,27.154510829224307,37.467252502051075,45.90426036668173,2025-08-28 08:22:03
naive_adjacency,waste_facility,5,2,512,000100000010100000010000001000000001,0,43.548682236687156,27.154510829224307,37.467252502051075,45.90426036668173,2025-08-28 08:22:03
naive_adjacency,waste_facility,5,2,512,000100000001100000010000001000000010,0,43.57429824843866,27.154510829224307,37.467252502051075,45.90426036668173,2025-08-28 08:22:03
naive_adjacency,waste_facility,5,2,512,000010000100100000010000001000000001,0,45.90426036668172,27.154510829224307,37.467252502051075,45.90426036668173,2025-08-28 08:22:03
naive_adjacency,waste_facility,5,2,512,000001000100100000010000001000000010,0,43.57429824843865,27.154510829224307,37.467252502051075,45.90426036668173,2025-08-28 08:22:03
naive_adjacency,waste_facility,5,2,512,000010000001100000010000001000000100,0,44.88430361090788,27.154510829224307,37.467252502051075,45.90426036668173,2025-08-28 08:22:03
naive_adjacency,waste_facility,5,2,512,000001000010100000010000001000000100,0,42.52872548091332,27.154510829224307,37.467252502051075,45.90426036668173,2025-08-28 08:22:03
naive_adjacency,waste_facility,5,2,512,000100000010100000010000000001001000,0,42.69082040466455,27.154510829224307,37.467252502051075,45.90426036668173,2025-08-28 08:22:03
naive_adjacency,waste_facility,5,2,512,000100000001100000010000000010001000,0,43.574298248438666,27.154510829224307,37.467252502051075,45.90426036668173,2025-08-28 08:22:03
naive_adjacency,waste_facility,5,2,512,000010000100100000010000000001001000,0,40.335242274669994,27.154510829224307,37.467252502051075,45.90426036668173,2025-08-28 08:22:03
naive_adjacency,waste_facility,5,2,512,000001000100100000010000000010001000,0,41.218720118444104,27.154510829224307,37.467252502051075,45.90426036668173,2025-08-28 08:22:03
naive_adjacency,waste_facility,5,2,512,000010000001100000010000000100001000,0,42.52872548091333,27.154510829224307,37.467252502051075,45.90426036668173,2025-08-28 08:22:03
naive_adjacency,waste_facility,5,2,512,000001000010100000010000000100001000,0,42.52872548091333,27.154510829224307,37.467252502051075,45.90426036668173,2025-08-28 08:22:03
naive_adjacency,waste_facility,5,2,512,001000000100100000000010010000000001,0,28.17446758499816,27.154510829224307,37.467252502051075,45.90426036668173,2025-08-28 08:22:03
naive_adjacency,waste_facility,5,2,512,001000000100100000000001010000000010,0,40.33524227466999,27.154510829224307,37.467252502051075,45.90426036668173,2025-08-28 08:22:03
naive_adjacency,waste_facility,5,2,512,001000000010100000000100010000000001,0,28.17446758499816,27.154510829224307,37.467252502051075,45.90426036668173,2025-08-28 08:22:03
naive_adjacency,waste_facility,5,2,512,001000000001100000000100010000000010,0,40.33524227467,27.154510829224307,37.467252502051075,45.90426036668173,2025-08-28 08:22:03
naive_adjacency,waste_facility,5,2,512,001000000010100000000001010000000100,0,28.20008359674965,27.154510829224307,37.467252502051075,45.90426036668173,2025-08-28 08:22:03
naive_adjacency,waste_facility,5,2,512,001000000001100000000010010000000100,0,28.20008359674965,27.154510829224307,37.467252502051075,45.90426036668173,2025-08-28 08:22:03
naive_adjacency,waste_facility,5,2,512,000100001000100000000010010000000001,0,42.665204392913054,27.154510829224307,37.467252502051075,45.90426036668173,2025-08-28 08:22:03
naive_adjacency,waste_facility,5,2,512,000100001000100000000001010000000010,0,42.69082040466454,27.154510829224307,37.467252502051075,45.90426036668173,2025-08-28 08:22:03
naive_adjacency,waste_facility,5,2,512,000010001000100000000100010000000001,0,30.530045714992706,27.154510829224307,37.467252502051075,45.90426036668173,2025-08-28 08:22:03
naive_adjacency,waste_facility,5,2,512,000001001000100000000100010000000010,0,28.20008359674965,27.154510829224307,37.467252502051075,45.90426036668173,2025-08-28 08:22:03
naive_adjacency,waste_facility,5,2,512,000010001000100000000001010000000100,0,42.69082040466456,27.154510829224307,37.467252502051075,45.90426036668173,2025-08-28 08:22:03
naive_adjacency,waste_facility,5,2,512,000001001000100000000010010000000100,0,40.33524227466998,27.154510829224307,37.467252502051075,45.90426036668173,2025-08-28 08:22:03
naive_adjacency,waste_facility,5,2,512,000100000010100000001000010000000001,0,42.66520439291304,27.154510829224307,37.467252502051075,45.90426036668173,2025-08-28 08:22:03
naive_adjacency,waste_facility,5,2,512,000100000001100000001000010000000010,0,42.69082040466454,27.154510829224307,37.467252502051075,45.90426036668173,2025-08-28 08:22:03
naive_adjacency,waste_facility,5,2,512,000010000100100000001000010000000001,0,30.530045714992706,27.154510829224307,37.467252502051075,45.90426036668173,2025-08-28 08:22:03
naive_adjacency,waste_facility,5,2,512,000001000100100000001000010000000010,0,28.200083596749646,27.154510829224307,37.467252502051075,45.90426036668173,2025-08-28 08:22:03
naive_adjacency,waste_facility,5,2,512,000010000001100000001000010000000100,0,42.69082040466454,27.154510829224307,37.467252502051075,45.90426036668173,2025-08-28 08:22:03
naive_adjacency,waste_facility,5,2,512,000001000010100000001000010000000100,0,40.33524227466999,27.154510829224307,37.467252502051075,45.90426036668173,2025-08-28 08:22:03
naive_adjacency,waste_facility,5,2,512,000100000010100000000001010000001000,0,29.51008895921887,27.154510829224307,37.467252502051075,45.90426036668173,2025-08-28 08:22:03
naive_adjacency,waste_facility,5,2,512,000100000001100000000010010000001000,0,29.510088959218876,27.154510829224307,37.467252502051075,45.90426036668173,2025-08-28 08:22:03
naive_adjacency,waste_facility,5,2,512,000010000100100000000001010000001000,0,41.645247637139214,27.154510829224307,37.467252502051075,45.90426036668173,2025-08-28 08:22:03
naive_adjacency,waste_facility,5,2,512,000001000100100000000010010000001000,0,27.154510829224307,27.154510829224307,37.467252502051075,45.90426036668173,2025-08-28 08:22:03
naive_adjacency,waste_facility,5,2,512,000010000001100000000100010000001000,0,41.64524763713921,27.154510829224307,37.467252502051075,45.90426036668173,2025-08-28 08:22:03
naive_adjacency,waste_facility,5,2,512,000001000010100000000100010000001000,0,27.154510829224307,27.154510829224307,37.467252502051075,45.90426036668173,2025-08-28 08:22:03
naive_adjacency,waste_facility,5,2,512,001000000100100000000010000001010000,0,30.53004571499271,27.154510829224307,37.467252502051075,45.90426036668173,2025-08-28 08:22:03
naive_adjacency,waste_facility,5,2,512,001000000100100000000001000010010000,0,45.904260366681726,27.154510829224307,37.467252502051075,45.90426036668173,2025-08-28 08:22:03
naive_adjacency,waste_facility,5,2,512,001000000010100000000100000001010000,0,30.530045714992717,27.154510829224307,37.467252502051075,45.90426036668173,2025-08-28 08:22:03
naive_adjacency,waste_facility,5,2,512,001000000001100000000100000010010000,0,45.90426036668173,27.154510829224307,37.467252502051075,45.90426036668173,2025-08-28 08:22:03
naive_adjacency,waste_facility,5,2,512,001000000010100000000001000100010000,0,31.413523558766826,27.154510829224307,37.467252502051075,45.90426036668173,2025-08-28 08:22:03
naive_adjacency,waste_facility,5,2,512,001000000001100000000010000100010000,0,31.413523558766826,27.154510829224307,37.467252502051075,45.90426036668173,2025-08-28 08:22:03
naive_adjacency,waste_facility,5,2,512,000100001000100000000010000001010000,0,42.665204392913054,27.154510829224307,37.467252502051075,45.90426036668173,2025-08-28 08:22:03
naive_adjacency,waste_facility,5,2,512,000100001000100000000001000010010000,0,43.54868223668717,27.154510829224307,37.467252502051075,45.90426036668173,2025-08-28 08:22:03
naive_adjacency,waste_facility,5,2,512,000010001000100000000100000001010000,0,28.174467584998155,27.154510829224307,37.467252502051075,45.90426036668173,2025-08-28 08:22:03
naive_adjacency,waste_facility,5,2,512,000001001000100000000100000010010000,0,29.05794542877227,27.154510829224307,37.467252502051075,45.90426036668173,2025-08-28 08:22:03
naive_adjacency,waste_facility,5,2,512,000010001000100000000001000100010000,0,43.54868223668718,27.154510829224307,37.467252502051075,45.90426036668173,2025-08-28 08:22:03
naive_adjacency,waste_facility,5,2,512,000001001000100000000010000100010000,0,43.54868223668717,27.154510829224307,37.467252502051075,45.90426036668173,2025-08-28 08:22:03
naive_adjacency,waste_facility,5,2,512,000100000010100000001000000001010000,0,42.66520439291305,27.154510829224307,37.467252502051075,45.90426036668173,2025-08-28 08:22:03
naive_adjacency,waste_facility,5,2,512,000100000001100000001000000010010000,0,43.54868223668717,27.154510829224307,37.467252502051075,45.90426036668173,2025-08-28 08:22:03
naive_adjacency,waste_facility,5,2,512,000010000100100000001000000001010000,0,28.174467584998155,27.154510829224307,37.467252502051075,45.90426036668173,2025-08-28 08:22:03
naive_adjacency,waste_facility,5,2,512,000001000100100000001000000010010000,0,29.05794542877227,27.154510829224307,37.467252502051075,45.90426036668173,2025-08-28 08:22:03
naive_adjacency,waste_facility,5,2,512,000010000001100000001000000100010000,0,43.54868223668716,27.154510829224307,37.467252502051075,45.90426036668173,2025-08-28 08:22:03
naive_adjacency,waste_facility,5,2,512,000001000010100000001000000100010000,0,43.54868223668716,27.154510829224307,37.467252502051075,45.90426036668173,2025-08-28 08:22:03
naive_adjacency,waste_facility,5,2,512,000100000010100000000001001000010000,0,30.36795079124149,27.154510829224307,37.467252502051075,45.90426036668173,2025-08-28 08:22:03
naive_adjacency,waste_facility,5,2,512,000100000001100000000010001000010000,0,30.367950791241498,27.154510829224307,37.467252502051075,45.90426036668173,2025-08-28 08:22:03
naive_adjacency,waste_facility,5,2,512,000010000100100000000001001000010000,0,44.8586875991564,27.154510829224307,37.467252502051075,45.90426036668173,2025-08-28 08:22:03
naive_adjacency,waste_facility,5,2,512,000001000100100000000010001000010000,0,30.367950791241487,27.154510829224307,37.467252502051075,45.90426036668173,2025-08-28 08:22:03
naive_adjacency,waste_facility,5,2,512,000010000001100000000100001000010000,0,44.85868759915638,27.154510829224307,37.467252502051075,45.90426036668173,2025-08-28 08:22:03
naive_adjacency,waste_facility,5,2,512,000001000010100000000100001000010000,0,30.36795079124149,27.154510829224307,37.467252502051075,45.90426036668173,2025-08-28 08:22:03
naive_adjacency,waste_facility,5,2,512,010000001000000100100000000010000001,0,41.64524763713921,27.154510829224307,37.467252502051075,45.90426036668173,2025-08-28 08:22:03
naive_adjacency,waste_facility,5,2,512,010000001000000100100000000001000010,0,44.85868759915638,27.154510829224307,37.467252502051075,45.90426036668173,2025-08-28 08:22:03
naive_adjacency,waste_facility,5,2,512,010000001000000010100000000100000001,0,42.66520439291305,27.154510829224307,37.467252502051075,45.90426036668173,2025-08-28 08:22:03
naive_adjacency,waste_facility,5,2,512,010000001000000001100000000100000010,0,44.85868759915638,27.154510829224307,37.467252502051075,45.90426036668173,2025-08-28 08:22:03
naive_adjacency,waste_facility,5,2,512,010000001000000010100000000001000100,0,42.66520439291305,27.154510829224307,37.467252502051075,45.90426036668173,2025-08-28 08:22:03
naive_adjacency,waste_facility,5,2,512,010000001000000001100000000010000100,0,41.64524763713921,27.154510829224307,37.467252502051075,45.90426036668173,2025-08-28 08:22:03
naive_adjacency,waste_facility,5,2,512,010000000100001000100000000010000001,0,42.52872548091332,27.154510829224307,37.467252502051075,45.90426036668173,2025-08-28 08:22:03
naive_adjacency,waste_facility,5,2,512,010000000100001000100000000001000010,0,42.52872548091332,27.154510829224307,37.467252502051075,45.90426036668173,2025-08-28 08:22:03
naive_adjacency,waste_facility,5,2,512,010000000010001000100000000100000001,0,40.33524227466998,27.154510829224307,37.467252502051075,45.90426036668173,2025-08-28 08:22:03
naive_adjacency,waste_facility,5,2,512,010000000001001000100000000100000010,0,27.154510829224307,27.154510829224307,37.467252502051075,45.90426036668173,2025-08-28 08:22:03
naive_adjacency,waste_facility,5,2,512,010000000010001000100000000001000100,0,43.54868223668716,27.154510829224307,37.467252502051075,45.90426036668173,2025-08-28 08:22:03
naive_adjacency,waste_facility,5,2,512,010000000001001000100000000010000100,0,30.36795079124149,27.154510829224307,37.467252502051075,45.90426036668173,2025-08-28 08:22:03
naive_adjacency,waste_facility,5,2,512,010000000100000010100000001000000001,0,43.54868223668716,27.154510829224307,37.467252502051075,45.90426036668173,2025-08-28 08:22:03
naive_adjacency,waste_facility,5,2,512,010000000100000001100000001000000010,0,43.548682236687156,27.154510829224307,37.467252502051075,45.90426036668173,2025-08-28 08:22:03
naive_adjacency,waste_facility,5,2,512,010000000010000100100000001000000001,0,40.33524227466999,27.154510829224307,37.467252502051075,45.90426036668173,2025-08-28 08:22:03
naive_adjacency,waste_facility,5,2,512,010000000001000100100000001000000010,0,28.17446758499815,27.154510829224307,37.467252502051075,45.90426036668173,2025-08-28 08:22:03
naive_adjacency,waste_facility,5,2,512,010000000010000001100000001000000100,0,42.52872548091332,27.154510829224307,37.467252502051075,45.90426036668173,2025-08-28 08:22:03
naive_adjacency,waste_facility,5,2,512,010000000001000010100000001000000100,0,30.367950791241487,27.154510829224307,37.467252502051075,45.90426036668173,2025-08-28 08:22:03
naive_adjacency,waste_facility,5,2,512,010000000100000010100000000001001000,0,42.69082040466455,27.154510829224307,37.467252502051075,45.90426036668173,2025-08-28 08:22:03
naive_adjacency,waste_facility,5,2,512,010000000100000001100000000010001000,0,42.69082040466454,27.154510829224307,37.467252502051075,45.90426036668173,2025-08-28 08:22:03
naive_adjacency,waste_facility,5,2,512,010000000010000100100000000001001000,0,45.904260366681726,27.154510829224307,37.467252502051075,45.90426036668173,2025-08-28 08:22:03
naive_adjacency,waste_facility,5,2,512,010000000001000100100000000010001000,0,30.53004571499271,27.154510829224307,37.467252502051075,45.90426036668173,2025-08-28 08:22:03
naive_adjacency,waste_facility,5,2,512,010000000010000001100000000100001000,0,44.884303610907885,27.154510829224307,37.467252502051075,45.90426036668173,2025-08-28 08:22:03
naive_adjacency,waste_facility,5,2,512,010000000001000010100000000100001000,0,29.51008895921887,27.154510829224307,37.467252502051075,45.90426036668173,2025-08-28 08:22:03
naive_adjacency,waste_facility,5,2,512,001000010000000100100000000010000001,0,27.154510829224314,27.154510829224307,37.467252502051075,45.90426036668173,2025-08-28 08:22:03
naive_adjacency,waste_facility,5,2,512,001000010000000100100000000001000010,0,30.36795079124149,27.154510829224307,37.467252502051075,45.90426036668173,2025-08-28 08:22:03
naive_adjacency,waste_facility,5,2,512,001000010000000010100000000100000001,0,28.174467584998155,27.154510829224307,37.467252502051075,45.90426036668173,2025-08-28 08:22:03
naive_adjacency,waste_facility,5,2,512,001000010000000001100000000100000010,0,30.367950791241494,27.154510829224307,37.467252502051075,45.90426036668173,2025-08-28 08:22:03
naive_adjacency,waste_facility,5,2,512,001000010000000010100000000001000100,0,30.53004571499271,27.154510829224307,37.467252502051075,45.90426036668173,2025-08-28 08:22:03
naive_adjacency,waste_facility,5,2,512,001000010000000001100000000010000100,0,29.51008895921887,27.154510829224307,37.467252502051075,45.90426036668173,2025-08-28 08:22:03
naive_adjacency,waste_facility,5,2,512,000100010000001000100000000010000001,0,28.03798867299843,27.154510829224307,37.467252502051075,45.90426036668173,2025-08-28 08:22:03
naive_adjacency,waste_facility,5,2,512,000100010000001000100000000001000010,0,30.393566802992986,27.154510829224307,37.467252502051075,45.90426036668173,2025-08-28 08:22:03
naive_adjacency,waste_facility,5,2,512,000010010000001000100000000100000001,0,28.20008359674965,27.154510829224307,37.467252502051075,45.90426036668173,2025-08-28 08:22:03
naive_adjacency,waste_facility,5,2,512,000001010000001000100000000100000010,0,29.510088959218876,27.154510829224307,37.467252502051075,45.90426036668173,2025-08-28 08:22:03
naive_adjacency,waste_facility,5,2,512,000010010000001000100000000001000100,0,31.413523558766826,27.154510829224307,37.467252502051075,45.90426036668173,2025-08-28 08:22:03
naive_adjacency,waste_facility,5,2,512,000001010000001000100000000010000100,0,30.367950791241498,27.154510829224307,37.467252502051075,45.90426036668173,2025-08-28 08:22:03
naive_adjacency,waste_facility,5,2,512,000100010000000010100000001000000001,0,29.05794542877227,27.154510829224307,37.467252502051075,45.90426036668173,2025-08-28 08:22:03
naive_adjacency,waste_facility,5,2,512,000100010000000001100000001000000010,0,31.413523558766826,27.154510829224307,37.467252502051075,45.90426036668173,2025-08-28 08:22:03
naive_adjacency,waste_facility,5,2,512,000010010000000100100000001000000001,0,28.20008359674965,27.154510829224307,37.467252502051075,45.90426036668173,2025-08-28 08:22:03
naive_adjacency,waste_facility,5,2,512,000001010000000100100000001000000010,0,30.530045714992717,27.154510829224307,37.467252502051075,45.90426036668173,2025-08-28 08:22:03
naive_adjacency,waste_facility,5,2,512,000010010000000001100000001000000100,0,30.393566802992982,27.154510829224307,37.467252502051075,45.90426036668173,2025-08-28 08:22:03
naive_adjacency,waste_facility,5,2,512,000001010000000010100000001000000100,0,30.367950791241494,27.154510829224307,37.467252502051075,45.90426036668173,2025-08-28 08:22:03
naive_adjacency,waste_facility,5,2,512,000100010000000010100000000001001000,0,28.20008359674965,27.154510829224307,37.467252502051075,45.90426036668173,2025-08-28 08:22:03
naive_adjacency,waste_facility,5,2,512,000100010000000001100000000010001000,0,28.20008359674965,27.154510829224307,37.467252502051075,45.90426036668173,2025-08-28 08:22:03
naive_adjacency,waste_facility,5,2,512,000010010000000100100000000001001000,0,29.05794542877227,27.154510829224307,37.467252502051075,45.90426036668173,2025-08-28 08:22:03
naive_adjacency,waste_facility,5,2,512,000001010000000100100000000010001000,0,28.174467584998162,27.154510829224307,37.467252502051075,45.90426036668173,2025-08-28 08:22:03
naive_adjacency,waste_facility,5,2,512,000010010000000001100000000100001000,0,28.037988672998427,27.154510829224307,37.467252502051075,45.90426036668173,2025-08-28 08:22:03
naive_adjacency,waste_facility,5,2,512,000001010000000010100000000100001000,0,27.154510829224318,27.154510829224307,37.467252502051075,45.90426036668173,2025-08-28 08:22:03
naive_adjacency,waste_facility,5,2,512,001000000100010000100000000010000001,0,42.52872548091332,27.154510829224307,37.467252502051075,45.90426036668173,2025-08-28 08:22:03
naive_adjacency,waste_facility,5,2,512,001000000100010000100000000001000010,0,42.52872548091332,27.154510829224307,37.467252502051075,45.90426036668173,2025-08-28 08:22:03
naive_adjacency,waste_facility,5,2,512,001000000010010000100000000100000001,0,41.218720118444104,27.154510829224307,37.467252502051075,45.90426036668173,2025-08-28 08:22:03
naive_adjacency,waste_facility,5,2,512,001000000001010000100000000100000010,0,28.03798867299843,27.154510829224307,37.467252502051075,45.90426036668173,2025-08-28 08:22:03
naive_adjacency,waste_facility,5,2,512,001000000010010000100000000001000100,0,43.57429824843866,27.154510829224307,37.467252502051075,45.90426036668173,2025-08-28 08:22:03
naive_adjacency,waste_facility,5,2,512,001000000001010000100000000010000100,0,30.393566802992986,27.154510829224307,37.467252502051075,45.90426036668173,2025-08-28 08:22:03
naive_adjacency,waste_facility,5,2,512,000100001000010000100000000010000001,0,42.52872548091333,27.154510829224307,37.467252502051075,45.90426036668173,2025-08-28 08:22:03
naive_adjacency,waste_facility,5,2,512,000100001000010000100000000001000010,0,44.884303610907885,27.154510829224307,37.467252502051075,45.90426036668173,2025-08-28 08:22:03
naive_adjacency,waste_facility,5,2,512,000010001000010000100000000100000001,0,43.574298248438666,27.154510829224307,37.467252502051075,45.90426036668173,2025-08-28 08:22:03
naive_adjacency,waste_facility,5,2,512,000001001000010000100000000100000010,0,44.884303610907885,27.154510829224307,37.467252502051075,45.90426036668173,2025-08-28 08:22:03
naive_adjacency,waste_facility,5,2,512,000010001000010000100000000001000100,0,43.57429824843866,27.154510829224307,37.467252502051075,45.90426036668173,2025-08-28 08:22:03
naive_adjacency,waste_facility,5,2,512,000001001000010000100000000010000100,0,42.52872548091333,27.154510829224307,37.467252502051075,45.90426036668173,2025-08-28 08:22:03
naive_adjacency,waste_facility,5,2,512,000100000010010000100000001000000001,0,40.33524227466999,27.154510829224307,37.467252502051075,45.90426036668173,2025-08-28 08:22:03
naive_adjacency,waste_facility,5,2,512,000100000001010000100000001000000010,0,28.200083596749646,27.154510829224307,37.467252502051075,45.90426036668173,2025-08-28 08:22:03
naive_adjacency,waste_facility,5,2,512,000010000100010000100000001000000001,0,42.69082040466454,27.154510829224307,37.467252502051075,45.90426036668173,2025-08-28 08:22:03
naive_adjacency,waste_facility,5,2,512,000001000100010000100000001000000010,0,42.69082040466454,27.154510829224307,37.467252502051075,45.90426036668173,2025-08-28 08:22:03
naive_adjacency,waste_facility,5,2,512,000010000001010000100000001000000100,0,29.510088959218866,27.154510829224307,37.467252502051075,45.90426036668173,2025-08-28 08:22:03
naive_adjacency,waste_facility,5,2,512,000001000010010000100000001000000100,0,41.645247637139214,27.154510829224307,37.467252502051075,45.90426036668173,2025-08-28 08:22:03
naive_adjacency,waste_facility,5,2,512,000100000010010000100000000001001000,0,45.904260366681726,27.154510829224307,37.467252502051075,45.90426036668173,2025-08-28 08:22:03
naive_adjacency,waste_facility,5,2,512,000100000001010000100000000010001000,0,31.413523558766826,27.154510829224307,37.467252502051075,45.90426036668173,2025-08-28 08:22:03
naive_adjacency,waste_facility,5,2,512,000010000100010000100000000001001000,0,43.54868223668717,27.154510829224307,37.467252502051075,45.90426036668173,2025-08-28 08:22:03
naive_adjacency,waste_facility,5,2,512,000001000100010000100000000010001000,0,43.54868223668718,27.154510829224307,37.467252502051075,45.90426036668173,2025-08-28 08:22:03
naive_adjacency,waste_facility,5,2,512,000010000001010000100000000100001000,0,30.36795079124149,27.154510829224307,37.467252502051075,45.90426036668173,2025-08-28 08:22:03
naive_adjacency,waste_facility,5,2,512,000001000010010000100000000100001000,0,44.8586875991564,27.154510829224307,37.467252502051075,45.90426036668173,2025-08-28 08:22:03
naive_adjacency,waste_facility,5,2,512,001000000100000010100000010000000001,0,43.54868223668716,27.154510829224307,37.467252502051075,45.90426036668173,2025-08-28 08:22:03
naive_adjacency,waste_facility,5,2,512,001000000100000001100000010000000010,0,43.54868223668716,27.154510829224307,37.467252502051075,45.90426036668173,2025-08-28 08:22:03
naive_adjacency,waste_facility,5,2,512,001000000010000100100000010000000001,0,41.218720118444104,27.154510829224307,37.467252502051075,45.90426036668173,2025-08-28 08:22:03
naive_adjacency,waste_facility,5,2,512,001000000001000100100000010000000010,0,29.05794542877227,27.154510829224307,37.467252502051075,45.90426036668173,2025-08-28 08:22:03
naive_adjacency,waste_facility,5,2,512,001000000010000001100000010000000100,0,43.57429824843866,27.154510829224307,37.467252502051075,45.90426036668173,2025-08-28 08:22:03
naive_adjacency,waste_facility,5,2,512,001000000001000010100000010000000100,0,31.413523558766826,27.154510829224307,37.467252502051075,45.90426036668173,2025-08-28 08:22:03
naive_adjacency,waste_facility,5,2,512,000100001000000010100000010000000001,0,43.54868223668716,27.154510829224307,37.467252502051075,45.90426036668173,2025-08-28 08:22:03
naive_adjacency,waste_facility,5,2,512,000100001000000001100000010000000010,0,45.90426036668172,27.154510829224307,37.467252502051075,45.90426036668173,2025-08-28 08:22:03
naive_adjacency,waste_facility,5,2,512,000010001000000100100000010000000001,0,43.57429824843866,27.154510829224307,37.467252502051075,45.90426036668173,2025-08-28 08:22:03
naive_adjacency,waste_facility,5,2,512,000001001000000100100000010000000010,0,45.904260366681726,27.154510829224307,37.467252502051075,45.90426036668173,2025-08-28 08:22:03
naive_adjacency,waste_facility,5,2,512,000010001000000001100000010000000100,0,43.57429824843865,27.154510829224307,37.467252502051075,45.90426036668173,2025-08-28 08:22:03
naive_adjacency,waste_facility,5,2,512,000001001000000010100000010000000100,0,43.54868223668716,27.154510829224307,37.467252502051075,45.90426036668173,2025-08-28 08:22:03
naive_adjacency,waste_facility,5,2,512,000100000010001000100000010000000001,0,40.33524227466999,27.154510829224307,37.467252502051075,45.90426036668173,2025-08-28 08:22:03
naive_adjacency,waste_facility,5,2,512,000100000001001000100000010000000010,0,28.200083596749646,27.154510829224307,37.467252502051075,45.90426036668173,2025-08-28 08:22:03
naive_adjacency,waste_facility,5,2,512,000010000100001000100000010000000001,0,42.69082040466454,27.154510829224307,37.467252502051075,45.90426036668173,2025-08-28 08:22:03
naive_adjacency,waste_facility,5,2,512,000001000100001000100000010000000010,0,42.69082040466454,27.154510829224307,37.467252502051075,45.90426036668173,2025-08-28 08:22:03
naive_adjacency,waste_facility,5,2,512,000010000001001000100000010000000100,0,30.53004571499271,27.154510829224307,37.467252502051075,45.90426036668173,2025-08-28 08:22:03
naive_adjacency,waste_facility,5,2,512,000001000010001000100000010000000100,0,42.665204392913054,27.154510829224307,37.467252502051075,45.90426036668173,2025-08-28 08:22:03
naive_adjacency,waste_facility,5,2,512,000100000010000001100000010000001000,0,44.88430361090788,27.154510829224307,37.467252502051075,45.90426036668173,2025-08-28 08:22:03
naive_adjacency,waste_facility,5,2,512,000100000001000010100000010000001000,0,30.393566802992982,27.154510829224307,37.467252502051075,45.90426036668173,2025-08-28 08:22:03
naive_adjacency,waste_facility,5,2,512,000010000100000001100000010000001000,0,42.52872548091332,27.154510829224307,37.467252502051075,45.90426036668173,2025-08-28 08:22:03
naive_adjacency,waste_facility,5,2,512,000001000100000010100000010000001000,0,42.52872548091333,27.154510829224307,37.467252502051075,45.90426036668173,2025-08-28 08:22:03
naive_adjacency,waste_facility,5,2,512,000010000001000100100000010000001000,0,30.367950791241487,27.154510829224307,37.467252502051075,45.90426036668173,2025-08-28 08:22:03
naive_adjacency,waste_facility,5,2,512,000001000010000100100000010000001000,0,44.85868759915639,27.154510829224307,37.467252502051075,45.90426036668173,2025-08-28 08:22:03
naive_adjacency,waste_facility,5,2,512,001000000100000010100000000001010000,0,42.69082040466455,27.154510829224307,37.467252502051075,45.90426036668173,2025-08-28 08:22:03
naive_adjacency,waste_facility,5,2,512,001000000100000001100000000010010000,0,42.69082040466454,27.154510829224307,37.467252502051075,45.90426036668173,2025-08-28 08:22:03
naive_adjacency,waste_facility,5,2,512,001000000010000100100000000001010000,0,43.57429824843866,27.154510829224307,37.467252502051075,45.90426036668173,2025-08-28 08:22:03
naive_adjacency,waste_facility,5,2,512,001000000001000100100000000010010000,0,28.20008359674965,27.154510829224307,37.467252502051075,45.90426036668173,2025-08-28 08:22:03
naive_adjacency,waste_facility,5,2,512,001000000010000001100000000100010000,0,43.574298248438666,27.154510829224307,37.467252502051075,45.90426036668173,2025-08-28 08:22:03
naive_adjacency,waste_facility,5,2,512,001000000001000010100000000100010000,0,28.20008359674965,27.154510829224307,37.467252502051075,45.90426036668173,2025-08-28 08:22:03
naive_adjacency,waste_facility,5,2,512,000100001000000010100000000001010000,0,40.335242274669994,27.154510829224307,37.467252502051075,45.90426036668173,2025-08-28 08:22:03
naive_adjacency,waste_facility,5,2,512,000100001000000001100000000010010000,0,40.335242274669994,27.154510829224307,37.467252502051075,45.90426036668173,2025-08-28 08:22:03
naive_adjacency,waste_facility,5,2,512,000010001000000100100000000001010000,0,41.21872011844411,27.154510829224307,37.467252502051075,45.90426036668173,2025-08-28 08:22:03
naive_adjacency,waste_facility,5,2,512,000001001000000100100000000010010000,0,40.33524227467,27.154510829224307,37.467252502051075,45.90426036668173,2025-08-28 08:22:03
naive_adjacency,waste_facility,5,2,512,000010001000000001100000000100010000,0,41.21872011844411,27.154510829224307,37.467252502051075,45.90426036668173,2025-08-28 08:22:03
naive_adjacency,waste_facility,5,2,512,000001001000000010100000000100010000,0,40.335242274669994,27.154510829224307,37.467252502051075,45.90426036668173,2025-08-28 08:22:03
naive_adjacency,waste_facility,5,2,512,000100000010001000100000000001010000,0,43.54868223668716,27.154510829224307,37.467252502051075,45.90426036668173,2025-08-28 08:22:03
naive_adjacency,waste_facility,5,2,512,000100000001001000100000000010010000,0,29.05794542877227,27.154510829224307,37.467252502051075,45.90426036668173,2025-08-28 08:22:03
naive_adjacency,waste_facility,5,2,512,000010000100001000100000000001010000,0,43.54868223668717,27.154510829224307,37.467252502051075,45.90426036668173,2025-08-28 08:22:03
naive_adjacency,waste_facility,5,2,512,000001000100001000100000000010010000,0,43.54868223668718,27.154510829224307,37.467252502051075,45.90426036668173,2025-08-28 08:22:03
naive_adjacency,waste_facility,5,2,512,000010000001001000100000000100010000,0,28.174467584998155,27.154510829224307,37.467252502051075,45.90426036668173,2025-08-28 08:22:03
naive_adjacency,waste_facility,5,2,512,000001000010001000100000000100010000,0,42.665204392913054,27.154510829224307,37.467252502051075,45.90426036668173,2025-08-28 08:22:03
naive_adjacency,waste_facility,5,2,512,000100000010000001100000001000010000,0,42.52872548091333,27.154510829224307,37.467252502051075,45.90426036668173,2025-08-28 08:22:03
naive_adjacency,waste_facility,5,2,512,000100000001000010100000001000010000,0,28.03798867299843,27.154510829224307,37.467252502051075,45.90426036668173,2025-08-28 08:22:03
naive_adjacency,waste_facility,5,2,512,000010000100000001100000001000010000,0,42.52872548091332,27.154510829224307,37.467252502051075,45.90426036668173,2025-08-28 08:22:03
naive_adjacency,waste_facility,5,2,512,000001000100000010100000001000010000,0,42.52872548091333,27.154510829224307,37.467252502051075,45.90426036668173,2025-08-28 08:22:03
naive_adjacency,waste_facility,5,2,512,000010000001000100100000001000010000,0,27.15451082922431,27.154510829224307,37.467252502051075,45.90426036668173,2025-08-28 08:22:03
naive_adjacency,waste_facility,5,2,512,000001000010000100100000001000010000,0,41.645247637139214,27.154510829224307,37.467252502051075,45.90426036668173,2025-08-28 08:22:03
naive_adjacency,waste_facility,5,2,512,010000001000000100000010100000000001,0,42.52872548091333,27.154510829224307,37.467252502051075,45.90426036668173,2025-08-28 08:22:03
naive_adjacency,waste_facility,5,2,512,010000001000000100000001100000000010,0,43.54868223668716,27.154510829224307,37.467252502051075,45.90426036668173,2025-08-28 08:22:03
naive_adjacency,waste_facility,5,2,512,010000001000000010000100100000000001,0,30.36795079124149,27.154510829224307,37.467252502051075,45.90426036668173,2025-08-28 08:22:03
naive_adjacency,waste_facility,5,2,512,010000001000000001000100100000000010,0,28.17446758499816,27.154510829224307,37.467252502051075,45.90426036668173,2025-08-28 08:22:03
naive_adjacency,waste_facility,5,2,512,010000001000000010000001100000000100,0,43.54868223668716,27.154510829224307,37.467252502051075,45.90426036668173,2025-08-28 08:22:03
naive_adjacency,waste_facility,5,2,512,010000001000000001000010100000000100,0,40.33524227466999,27.154510829224307,37.467252502051075,45.90426036668173,2025-08-28 08:22:03
naive_adjacency,waste_facility,5,2,512,010000000100001000000010100000000001,0,28.037988672998434,27.154510829224307,37.467252502051075,45.90426036668173,2025-08-28 08:22:03
naive_adjacency,waste_facility,5,2,512,010000000100001000000001100000000010,0,41.218720118444104,27.154510829224307,37.467252502051075,45.90426036668173,2025-08-28 08:22:03
naive_adjacency,waste_facility,5,2,512,010000000010001000000100100000000001,0,28.03798867299843,27.154510829224307,37.467252502051075,45.90426036668173,2025-08-28 08:22:03
naive_adjacency,waste_facility,5,2,512,010000000001001000000100100000000010,0,41.21872011844411,27.154510829224307,37.467252502051075,45.90426036668173,2025-08-28 08:22:03
naive_adjacency,waste_facility,5,2,512,010000000010001000000001100000000100,0,29.05794542877227,27.154510829224307,37.467252502051075,45.90426036668173,2025-08-28 08:22:03
naive_adjacency,waste_facility,5,2,512,010000000001001000000010100000000100,0,29.05794542877227,27.154510829224307,37.467252502051075,45.90426036668173,2025-08-28 08:22:03
naive_adjacency,waste_facility,5,2,512,010000000100000010001000100000000001,0,30.367950791241498,27.154510829224307,37.467252502051075,45.90426036668173,2025-08-28 08:22:03
naive_adjacency,waste_facility,5,2,512,010000000100000001001000100000000010,0,28.17446758499816,27.154510829224307,37.467252502051075,45.90426036668173,2025-08-28 08:22:03
naive_adjacency,waste_facility,5,2,512,010000000010000100001000100000000001,0,42.52872548091333,27.154510829224307,37.467252502051075,45.90426036668173,2025-08-28 08:22:03
naive_adjacency,waste_facility,5,2,512,010000000001000100001000100000000010,0,43.54868223668717,27.154510829224307,37.467252502051075,45.90426036668173,2025-08-28 08:22:03
naive_adjacency,waste_facility,5,2,512,010000000010000001001000100000000100,0,40.33524227467,27.154510829224307,37.467252502051075,45.90426036668173,2025-08-28 08:22:03
naive_adjacency,waste_facility,5,2,512,010000000001000010001000100000000100,0,43.54868223668717,27.154510829224307,37.467252502051075,45.90426036668173,2025-08-28 08:22:03
naive_adjacency,waste_facility,5,2,512,010000000100000010000001100000001000,0,43.57429824843866,27.154510829224307,37.467252502051075,45.90426036668173,2025-08-28 08:22:03
naive_adjacency,waste_facility,5,2,512,010000000100000001000010100000001000,0,28.20008359674965,27.154510829224307,37.467252502051075,45.90426036668173,2025-08-28 08:22:03
naive_adjacency,waste_facility,5,2,512,010000000010000100000001100000001000,0,31.413523558766826,27.154510829224307,37.467252502051075,45.90426036668173,2025-08-28 08:22:03
naive_adjacency,waste_facility,5,2,512,010000000001000100000010100000001000,0,31.413523558766826,27.154510829224307,37.467252502051075,45.90426036668173,2025-08-28 08:22:03
naive_adjacency,waste_facility,5,2,512,010000000010000001000100100000001000,0,28.20008359674965,27.154510829224307,37.467252502051075,45.90426036668173,2025-08-28 08:22:03
naive_adjacency,waste_facility,5,2,512,010000000001000010000100100000001000,0,43.574298248438666,27.154510829224307,37.467252502051075,45.90426036668173,2025-08-28 08:22:03
naive_adjacency,waste_facility,5,2,512,001000010000000100000010100000000001,0,42.52872548091332,27.154510829224307,37.467252502051075,45.90426036668173,2025-08-28 08:22:03
naive_adjacency,waste_facility,5,2,512,001000010000000100000001100000000010,0,43.54868223668716,27.154510829224307,37.467252502051075,45.90426036668173,2025-08-28 08:22:03
naive_adjacency,waste_facility,5,2,512,001000010000000010000100100000000001,0,44.85868759915639,27.154510829224307,37.467252502051075,45.90426036668173,2025-08-28 08:22:03
naive_adjacency,waste_facility,5,2,512,001000010000000001000100100000000010,0,42.665204392913054,27.154510829224307,37.467252502051075,45.90426036668173,2025-08-28 08:22:03
naive_adjacency,waste_facility,5,2,512,001000010000000010000001100000000100,0,45.90426036668172,27.154510829224307,37.467252502051075,45.90426036668173,2025-08-28 08:22:03
naive_adjacency,waste_facility,5,2,512,001000010000000001000010100000000100,0,42.69082040466454,27.154510829224307,37.467252502051075,45.90426036668173,2025-08-28 08:22:03
naive_adjacency,waste_facility,5,2,512,000100010000001000000010100000000001,0,42.52872548091333,27.154510829224307,37.467252502051075,45.90426036668173,2025-08-28 08:22:03
naive_adjacency,waste_facility,5,2,512,000100010000001000000001100000000010,0,43.57429824843866,27.154510829224307,37.467252502051075,45.90426036668173,2025-08-28 08:22:03
naive_adjacency,waste_facility,5,2,512,000010010000001000000100100000000001,0,44.88430361090788,27.154510829224307,37.467252502051075,45.90426036668173,2025-08-28 08:22:03
naive_adjacency,waste_facility,5,2,512,000001010000001000000100100000000010,0,43.57429824843866,27.154510829224307,37.467252502051075,45.90426036668173,2025-08-28 08:22:03
naive_adjacency,waste_facility,5,2,512,000010010000001000000001100000000100,0,45.904260366681726,27.154510829224307,37.467252502051075,45.90426036668173,2025-08-28 08:22:03
naive_adjacency,waste_facility,5,2,512,000001010000001000000010100000000100,0,43.54868223668716,27.154510829224307,37.467252502051075,45.90426036668173,2025-08-28 08:22:03
naive_adjacency,waste_facility,5,2,512,000100010000000010001000100000000001,0,30.367950791241487,27.154510829224307,37.467252502051075,45.90426036668173,2025-08-28 08:22:03
naive_adjacency,waste_facility,5,2,512,000100010000000001001000100000000010,0,30.53004571499271,27.154510829224307,37.467252502051075,45.90426036668173,2025-08-28 08:22:03
naive_adjacency,waste_facility,5,2,512,000010010000000100001000100000000001,0,30.393566802992986,27.154510829224307,37.467252502051075,45.90426036668173,2025-08-28 08:22:03
naive_adjacency,waste_facility,5,2,512,000001010000000100001000100000000010,0,31.41352355876683,27.154510829224307,37.467252502051075,45.90426036668173,2025-08-28 08:22:03
naive_adjacency,waste_facility,5,2,512,000010010000000001001000100000000100,0,28.200083596749653,27.154510829224307,37.467252502051075,45.90426036668173,2025-08-28 08:22:03
naive_adjacency,waste_facility,5,2,512,000001010000000010001000100000000100,0,29.057945428772275,27.154510829224307,37.467252502051075,45.90426036668173,2025-08-28 08:22:03
naive_adjacency,waste_facility,5,2,512,000100010000000010000001100000001000,0,43.57429824843866,27.154510829224307,37.467252502051075,45.90426036668173,2025-08-28 08:22:03
naive_adjacency,waste_facility,5,2,512,000100010000000001000010100000001000,0,42.69082040466455,27.154510829224307,37.467252502051075,45.90426036668173,2025-08-28 08:22:03
naive_adjacency,waste_facility,5,2,512,000010010000000100000001100000001000,0,43.54868223668717,27.154510829224307,37.467252502051075,45.90426036668173,2025-08-28 08:22:03
naive_adjacency,waste_facility,5,2,512,000001010000000100000010100000001000,0,43.54868223668716,27.154510829224307,37.467252502051075,45.90426036668173,2025-08-28 08:22:03
naive_adjacency,waste_facility,5,2,512,000010010000000001000100100000001000,0,40.33524227466999,27.154510829224307,37.467252502051075,45.90426036668173,2025-08-28 08:22:03
naive_adjacency,waste_facility,5,2,512,000001010000000010000100100000001000,0,41.218720118444104,27.154510829224307,37.467252502051075,45.90426036668173,2025-08-28 08:22:03
naive_adjacency,waste_facility,5,2,512,001000000100010000000010100000000001,0,27.154510829224314,27.154510829224307,37.467252502051075,45.90426036668173,2025-08-28 08:22:03
naive_adjacency,waste_facility,5,2,512,001000000100010000000001100000000010,0,40.33524227466998,27.154510829224307,37.467252502051075,45.90426036668173,2025-08-28 08:22:03
naive_adjacency,waste_facility,5,2,512,001000000010010000000100100000000001,0,27.154510829224314,27.154510829224307,37.467252502051075,45.90426036668173,2025-08-28 08:22:03
naive_adjacency,waste_facility,5,2,512,001000000001010000000100100000000010,0,40.335242274669994,27.154510829224307,37.467252502051075,45.90426036668173,2025-08-28 08:22:03
naive_adjacency,waste_facility,5,2,512,001000000010010000000001100000000100,0,28.20008359674965,27.154510829224307,37.467252502051075,45.90426036668173,2025-08-28 08:22:03
naive_adjacency,waste_facility,5,2,512,001000000001010000000010100000000100,0,28.20008359674965,27.154510829224307,37.467252502051075,45.90426036668173,2025-08-28 08:22:03
naive_adjacency,waste_facility,5,2,512,000100001000010000000010100000000001,0,41.64524763713922,27.154510829224307,37.467252502051075,45.90426036668173,2025-08-28 08:22:03
naive_adjacency,waste_facility,5,2,512,000100001000010000000001100000000010,0,42.69082040466454,27.154510829224307,37.467252502051075,45.90426036668173,2025-08-28 08:22:03
naive_adjacency,waste_facility,5,2,512,000010001000010000000100100000000001,0,29.51008895921887,27.154510829224307,37.467252502051075,45.90426036668173,2025-08-28 08:22:03
naive_adjacency,waste_facility,5,2,512,000001001000010000000100100000000010,0,28.200083596749653,27.154510829224307,37.467252502051075,45.90426036668173,2025-08-28 08:22:03
naive_adjacency,waste_facility,5,2,512,000010001000010000000001100000000100,0,42.69082040466455,27.154510829224307,37.467252502051075,45.90426036668173,2025-08-28 08:22:03
naive_adjacency,waste_facility,5,2,512,000001001000010000000010100000000100,0,40.33524227466999,27.154510829224307,37.467252502051075,45.90426036668173,2025-08-28 08:22:03
naive_adjacency,waste_facility,5,2,512,000100000010010000001000100000000001,0,41.64524763713921,27.154510829224307,37.467252502051075,45.90426036668173,2025-08-28 08:22:03
naive_adjacency,waste_facility,5,2,512,000100000001010000001000100000000010,0,42.690820404664535,27.154510829224307,37.467252502051075,45.90426036668173,2025-08-28 08:22:03
naive_adjacency,waste_facility,5,2,512,000010000100010000001000100000000001,0,29.51008895921887,27.154510829224307,37.467252502051075,45.90426036668173,2025-08-28 08:22:03
naive_adjacency,waste_facility,5,2,512,000001000100010000001000100000000010,0,28.200083596749646,27.154510829224307,37.467252502051075,45.90426036668173,2025-08-28 08:22:03
naive_adjacency,waste_facility,5,2,512,000010000001010000001000100000000100,0,42.69082040466455,27.154510829224307,37.467252502051075,45.90426036668173,2025-08-28 08:22:03
naive_adjacency,waste_facility,5,2,512,000001000010010000001000100000000100,0,40.335242274669994,27.154510829224307,37.467252502051075,45.90426036668173,2025-08-28 08:22:03
naive_adjacency,waste_facility,5,2,512,000100000010010000000001100000001000,0,30.53004571499271,27.154510829224307,37.467252502051075,45.90426036668173,2025-08-28 08:22:03
naive_adjacency,waste_facility,5,2,512,000100000001010000000010100000001000,0,30.530045714992717,27.154510829224307,37.467252502051075,45.90426036668173,2025-08-28 08:22:03
naive_adjacency,waste_facility,5,2,512,000010000100010000000001100000001000,0,42.665204392913054,27.154510829224307,37.467252502051075,45.90426036668173,2025-08-28 08:22:03
naive_adjacency,waste_facility,5,2,512,000001000100010000000010100000001000,0,28.17446758499815,27.154510829224307,37.467252502051075,45.90426036668173,2025-08-28 08:22:03
naive_adjacency,waste_facility,5,2,512,000010000001010000000100100000001000,0,42.66520439291304,27.154510829224307,37.467252502051075,45.90426036668173,2025-08-28 08:22:03
naive_adjacency,waste_facility,5,2,512,000001000010010000000100100000001000,0,28.174467584998155,27.154510829224307,37.467252502051075,45.90426036668173,2025-08-28 08:22:03
naive_adjacency,waste_facility,5,2,512,001000000100000010010000100000000001,0,44.85868759915638,27.154510829224307,37.467252502051075,45.90426036668173,2025-08-28 08:22:03
naive_adjacency,waste_facility,5,2,512,001000000100000001010000100000000010,0,42.66520439291304,27.154510829224307,37.467252502051075,45.90426036668173,2025-08-28 08:22:03
naive_adjacency,waste_facility,5,2,512,001000000010000100010000100000000001,0,42.528725480913316,27.154510829224307,37.467252502051075,45.90426036668173,2025-08-28 08:22:03
naive_adjacency,waste_facility,5,2,512,001000000001000100010000100000000010,0,43.548682236687156,27.154510829224307,37.467252502051075,45.90426036668173,2025-08-28 08:22:03
naive_adjacency,waste_facility,5,2,512,001000000010000001010000100000000100,0,42.69082040466454,27.154510829224307,37.467252502051075,45.90426036668173,2025-08-28 08:22:03
naive_adjacency,waste_facility,5,2,512,001000000001000010010000100000000100,0,45.90426036668171,27.154510829224307,37.467252502051075,45.90426036668173,2025-08-28 08:22:03
naive_adjacency,waste_facility,5,2,512,000100001000000010010000100000000001,0,30.36795079124149,27.154510829224307,37.467252502051075,45.90426036668173,2025-08-28 08:22:03
naive_adjacency,waste_facility,5,2,512,000100001000000001010000100000000010,0,30.530045714992713,27.154510829224307,37.467252502051075,45.90426036668173,2025-08-28 08:22:03
naive_adjacency,waste_facility,5,2,512,000010001000000100010000100000000001,0,30.393566802992986,27.154510829224307,37.467252502051075,45.90426036668173,2025-08-28 08:22:03
naive_adjacency,waste_facility,5,2,512,000001001000000100010000100000000010,0,31.41352355876683,27.154510829224307,37.467252502051075,45.90426036668173,2025-08-28 08:22:03
naive_adjacency,waste_facility,5,2,512,000010001000000001010000100000000100,0,28.200083596749646,27.154510829224307,37.467252502051075,45.90426036668173,2025-08-28 08:22:03
naive_adjacency,waste_facility,5,2,512,000001001000000010010000100000000100,0,29.057945428772268,27.154510829224307,37.467252502051075,45.90426036668173,2025-08-28 08:22:03
naive_adjacency,waste_facility,5,2,512,000100000010001000010000100000000001,0,42.52872548091332,27.154510829224307,37.467252502051075,45.90426036668173,2025-08-28 08:22:03
naive_adjacency,waste_facility,5,2,512,000100000001001000010000100000000010,0,43.57429824843865,27.154510829224307,37.467252502051075,45.90426036668173,2025-08-28 08:22:03
naive_adjacency,waste_facility,5,2,512,000010000100001000010000100000000001,0,44.88430361090788,27.154510829224307,37.467252502051075,45.90426036668173,2025-08-28 08:22:03
naive_adjacency,waste_facility,5,2,512,000001000100001000010000100000000010,0,43.57429824843866,27.154510829224307,37.467252502051075,45.90426036668173,2025-08-28 08:22:03
naive_adjacency,waste_facility,5,2,512,000010000001001000010000100000000100,0,45.904260366681726,27.154510829224307,37.467252502051075,45.90426036668173,2025-08-28 08:22:03
naive_adjacency,waste_facility,5,2,512,000001000010001000010000100000000100,0,43.54868223668716,27.154510829224307,37.467252502051075,45.90426036668173,2025-08-28 08:22:03
naive_adjacency,waste_facility,5,2,512,000100000010000001010000100000001000,0,42.69082040466455,27.154510829224307,37.467252502051075,45.90426036668173,2025-08-28 08:22:03
naive_adjacency,waste_facility,5,2,512,000100000001000010010000100000001000,0,43.574298248438666,27.154510829224307,37.467252502051075,45.90426036668173,2025-08-28 08:22:03
naive_adjacency,waste_facility,5,2,512,000010000100000001010000100000001000,0,40.33524227466999,27.154510829224307,37.467252502051075,45.90426036668173,2025-08-28 08:22:03
naive_adjacency,waste_facility,5,2,512,000001000100000010010000100000001000,0,41.218720118444104,27.154510829224307,37.467252502051075,45.90426036668173,2025-08-28 08:22:03
naive_adjacency,waste_facility,5,2,512,000010000001000100010000100000001000,0,43.54868223668717,27.154510829224307,37.467252502051075,45.90426036668173,2025-08-28 08:22:03
naive_adjacency,waste_facility,5,2,512,000001000010000100010000100000001000,0,43.54868223668717,27.154510829224307,37.467252502051075,45.90426036668173,2025-08-28 08:22:03
naive_adjacency,waste_facility,5,2,512,001000000100000010000001100000010000,0,44.88430361090788,27.154510829224307,37.467252502051075,45.90426036668173,2025-08-28 08:22:03
naive_adjacency,waste_facility,5,2,512,001000000100000001000010100000010000,0,29.51008895921887,27.154510829224307,37.467252502051075,45.90426036668173,2025-08-28 08:22:03
naive_adjacency,waste_facility,5,2,512,001000000010000100000001100000010000,0,30.39356680299298,27.154510829224307,37.467252502051075,45.90426036668173,2025-08-28 08:22:03
naive_adjacency,waste_facility,5,2,512,001000000001000100000010100000010000,0,30.393566802992982,27.154510829224307,37.467252502051075,45.90426036668173,2025-08-28 08:22:03
naive_adjacency,waste_facility,5,2,512,001000000010000001000100100000010000,0,29.510088959218876,27.154510829224307,37.467252502051075,45.90426036668173,2025-08-28 08:22:03
naive_adjacency,waste_facility,5,2,512,001000000001000010000100100000010000,0,44.88430361090789,27.154510829224307,37.467252502051075,45.90426036668173,2025-08-28 08:22:03
naive_adjacency,waste_facility,5,2,512,000100001000000010000001100000010000,0,42.52872548091332,27.154510829224307,37.467252502051075,45.90426036668173,2025-08-28 08:22:03
naive_adjacency,waste_facility,5,2,512,000100001000000001000010100000010000,0,41.645247637139214,27.154510829224307,37.467252502051075,45.90426036668173,2025-08-28 08:22:03
naive_adjacency,waste_facility,5,2,512,000010001000000100000001100000010000,0,42.52872548091333,27.154510829224307,37.467252502051075,45.90426036668173,2025-08-28 08:22:03
naive_adjacency,waste_facility,5,2,512,000001001000000100000010100000010000,0,42.52872548091332,27.154510829224307,37.467252502051075,45.90426036668173,2025-08-28 08:22:03
naive_adjacency,waste_facility,5,2,512,000010001000000001000100100000010000,0,27.15451082922431,27.154510829224307,37.467252502051075,45.90426036668173,2025-08-28 08:22:03
naive_adjacency,waste_facility,5,2,512,000001001000000010000100100000010000,0,28.03798867299843,27.154510829224307,37.467252502051075,45.90426036668173,2025-08-28 08:22:03
naive_adjacency,waste_facility,5,2,512,000100000010001000000001100000010000,0,30.367950791241483,27.154510829224307,37.467252502051075,45.90426036668173,2025-08-28 08:22:03
naive_adjacency,waste_facility,5,2,512,000100000001001000000010100000010000,0,30.367950791241494,27.154510829224307,37.467252502051075,45.90426036668173,2025-08-28 08:22:03
naive_adjacency,waste_facility,5,2,512,000010000100001000000001100000010000,0,44.85868759915639,27.154510829224307,37.467252502051075,45.90426036668173,2025-08-28 08:22:03
naive_adjacency,waste_facility,5,2,512,000001000100001000000010100000010000,0,30.367950791241487,27.154510829224307,37.467252502051075,45.90426036668173,2025-08-28 08:22:03
naive_adjacency,waste_facility,5,2,512,000010000001001000000100100000010000,0,44.85868759915638,27.154510829224307,37.467252502051075,45.90426036668173,2025-08-28 08:22:03
naive_adjacency,waste_facility,5,2,512,000001000010001000000100100000010000,0,30.36795079124149,27.154510829224307,37.467252502051075,45.90426036668173,2025-08-28 08:22:03
naive_adjacency,waste_facility,5,2,512,000100000010000001001000100000010000,0,41.64524763713921,27.154510829224307,37.467252502051075,45.90426036668173,2025-08-28 08:22:03
naive_adjacency,waste_facility,5,2,512,000100000001000010001000100000010000,0,42.52872548091332,27.154510829224307,37.467252502051075,45.90426036668173,2025-08-28 08:22:03
naive_adjacency,waste_facility,5,2,512,000010000100000001001000100000010000,0,27.154510829224314,27.154510829224307,37.467252502051075,45.90426036668173,2025-08-28 08:22:03
naive_adjacency,waste_facility,5,2,512,000001000100000010001000100000010000,0,28.03798867299843,27.154510829224307,37.467252502051075,45.90426036668173,2025-08-28 08:22:03
naive_adjacency,waste_facility,5,2,512,000010000001000100001000100000010000,0,42.52872548091332,27.154510829224307,37.467252502051075,45.90426036668173,2025-08-28 08:22:03
naive_adjacency,waste_facility,5,2,512,000001000010000100001000100000010000,0,42.52872548091333,27.154510829224307,37.467252502051075,45.90426036668173,2025-08-28 08:22:03
naive_adjacency,waste_facility,5,2,512,010000001000000100000010000001100000,0,44.88430361090788,27.154510829224307,37.467252502051075,45.90426036668173,2025-08-28 08:22:03
naive_adjacency,waste_facility,5,2,512,010000001000000100000001000010100000,0,42.69082040466455,27.154510829224307,37.467252502051075,45.90426036668173,2025-08-28 08:22:03
naive_adjacency,waste_facility,5,2,512,010000001000000010000100000001100000,0,29.51008895921887,27.154510829224307,37.467252502051075,45.90426036668173,2025-08-28 08:22:03
naive_adjacency,waste_facility,5,2,512,010000001000000001000100000010100000,0,30.53004571499271,27.154510829224307,37.467252502051075,45.90426036668173,2025-08-28 08:22:03
naive_adjacency,waste_facility,5,2,512,010000001000000010000001000100100000,0,42.69082040466455,27.154510829224307,37.467252502051075,45.90426036668173,2025-08-28 08:22:03
naive_adjacency,waste_facility,5,2,512,010000001000000001000010000100100000,0,45.904260366681726,27.154510829224307,37.467252502051075,45.90426036668173,2025-08-28 08:22:03
naive_adjacency,waste_facility,5,2,512,010000000100001000000010000001100000,0,30.393566802992986,27.154510829224307,37.467252502051075,45.90426036668173,2025-08-28 08:22:03
naive_adjacency,waste_facility,5,2,512,010000000100001000000001000010100000,0,43.574298248438666,27.154510829224307,37.467252502051075,45.90426036668173,2025-08-28 08:22:03
naive_adjacency,waste_facility,5,2,512,010000000010001000000100000001100000,0,30.393566802992986,27.154510829224307,37.467252502051075,45.90426036668173,2025-08-28 08:22:03
naive_adjacency,waste_facility,5,2,512,010000000001001000000100000010100000,0,43.57429824843866,27.154510829224307,37.467252502051075,45.90426036668173,2025-08-28 08:22:03
naive_adjacency,waste_facility,5,2,512,010000000010001000000001000100100000,0,28.20008359674965,27.154510829224307,37.467252502051075,45.90426036668173,2025-08-28 08:22:03
naive_adjacency,waste_facility,5,2,512,010000000001001000000010000100100000,0,28.200083596749643,27.154510829224307,37.467252502051075,45.90426036668173,2025-08-28 08:22:03
naive_adjacency,waste_facility,5,2,512,010000000100000010001000000001100000,0,29.510088959218876,27.154510829224307,37.467252502051075,45.90426036668173,2025-08-28 08:22:03
naive_adjacency,waste_facility,5,2,512,010000000100000001001000000010100000,0,30.530045714992717,27.154510829224307,37.467252502051075,45.90426036668173,2025-08-28 08:22:03
naive_adjacency,waste_facility,5,2,512,010000000010000100001000000001100000,0,44.88430361090789,27.154510829224307,37.467252502051075,45.90426036668173,2025-08-28 08:22:03
naive_adjacency,waste_facility,5,2,512,010000000001000100001000000010100000,0,42.69082040466455,27.154510829224307,37.467252502051075,45.90426036668173,2025-08-28 08:22:03
naive_adjacency,waste_facility,5,2,512,010000000010000001001000000100100000,0,45.90426036668173,27.154510829224307,37.467252502051075,45.90426036668173,2025-08-28 08:22:03
naive_adjacency,waste_facility,5,2,512,010000000001000010001000000100100000,0,42.69082040466455,27.154510829224307,37.467252502051075,45.90426036668173,2025-08-28 08:22:03
naive_adjacency,waste_facility,5,2,512,010000000100000010000001001000100000,0,43.574298248438666,27.154510829224307,37.467252502051075,45.90426036668173,2025-08-28 08:22:03
naive_adjacency,waste_facility,5,2,512,010000000100000001000010001000100000,0,31.413523558766826,27.154510829224307,37.467252502051075,45.90426036668173,2025-08-28 08:22:03
naive_adjacency,waste_facility,5,2,512,010000000010000100000001001000100000,0,28.20008359674965,27.154510829224307,37.467252502051075,45.90426036668173,2025-08-28 08:22:03
naive_adjacency,waste_facility,5,2,512,010000000001000100000010001000100000,0,28.200083596749643,27.154510829224307,37.467252502051075,45.90426036668173,2025-08-28 08:22:03
naive_adjacency,waste_facility,5,2,512,010000000010000001000100001000100000,0,31.413523558766826,27.154510829224307,37.467252502051075,45.90426036668173,2025-08-28 08:22:03
naive_adjacency,waste_facility,5,2,512,010000000001000010000100001000100000,0,43.57429824843866,27.154510829224307,37.467252502051075,45.90426036668173,2025-08-28 08:22:03
naive_adjacency,waste_facility,5,2,512,001000010000000100000010000001100000,0,42.52872548091332,27.154510829224307,37.467252502051075,45.90426036668173,2025-08-28 08:22:03
naive_adjacency,waste_facility,5,2,512,001000010000000100000001000010100000,0,40.335242274669994,27.154510829224307,37.467252502051075,45.90426036668173,2025-08-28 08:22:03
naive_adjacency,waste_facility,5,2,512,001000010000000010000100000001100000,0,41.64524763713922,27.154510829224307,37.467252502051075,45.90426036668173,2025-08-28 08:22:03
naive_adjacency,waste_facility,5,2,512,001000010000000001000100000010100000,0,42.665204392913054,27.154510829224307,37.467252502051075,45.90426036668173,2025-08-28 08:22:03
naive_adjacency,waste_facility,5,2,512,001000010000000010000001000100100000,0,40.33524227466999,27.154510829224307,37.467252502051075,45.90426036668173,2025-08-28 08:22:03
naive_adjacency,waste_facility,5,2,512,001000010000000001000010000100100000,0,43.54868223668716,27.154510829224307,37.467252502051075,45.90426036668173,2025-08-28 08:22:03
naive_adjacency,waste_facility,5,2,512,000100010000001000000010000001100000,0,42.52872548091333,27.154510829224307,37.467252502051075,45.90426036668173,2025-08-28 08:22:03
naive_adjacency,waste_facility,5,2,512,000100010000001000000001000010100000,0,41.21872011844411,27.154510829224307,37.467252502051075,45.90426036668173,2025-08-28 08:22:03
naive_adjacency,waste_facility,5,2,512,000010010000001000000100000001100000,0,42.52872548091333,27.154510829224307,37.467252502051075,45.90426036668173,2025-08-28 08:22:03
naive_adjacency,waste_facility,5,2,512,000001010000001000000100000010100000,0,43.57429824843866,27.154510829224307,37.467252502051075,45.90426036668173,2025-08-28 08:22:03
naive_adjacency,waste_facility,5,2,512,000010010000001000000001000100100000,0,40.33524227467,27.154510829224307,37.467252502051075,45.90426036668173,2025-08-28 08:22:03
naive_adjacency,waste_facility,5,2,512,000001010000001000000010000100100000,0,42.69082040466455,27.154510829224307,37.467252502051075,45.90426036668173,2025-08-28 08:22:03
naive_adjacency,waste_facility,5,2,512,000100010000000010001000000001100000,0,27.154510829224314,27.154510829224307,37.467252502051075,45.90426036668173,2025-08-28 08:22:03
naive_adjacency,waste_facility,5,2,512,000100010000000001001000000010100000,0,28.174467584998155,27.154510829224307,37.467252502051075,45.90426036668173,2025-08-28 08:22:03
naive_adjacency,waste_facility,5,2,512,000010010000000100001000000001100000,0,28.03798867299843,27.154510829224307,37.467252502051075,45.90426036668173,2025-08-28 08:22:03
naive_adjacency,waste_facility,5,2,512,000001010000000100001000000010100000,0,28.20008359674965,27.154510829224307,37.467252502051075,45.90426036668173,2025-08-28 08:22:03
naive_adjacency,waste_facility,5,2,512,000010010000000001001000000100100000,0,29.057945428772268,27.154510829224307,37.467252502051075,45.90426036668173,2025-08-28 08:22:03
naive_adjacency,waste_facility,5,2,512,000001010000000010001000000100100000,0,28.200083596749646,27.154510829224307,37.467252502051075,45.90426036668173,2025-08-28 08:22:03
naive_adjacency,waste_facility,5,2,512,000100010000000010000001001000100000,0,41.218720118444104,27.154510829224307,37.467252502051075,45.90426036668173,2025-08-28 08:22:03
naive_adjacency,waste_facility,5,2,512,000100010000000001000010001000100000,0,43.54868223668717,27.154510829224307,37.467252502051075,45.90426036668173,2025-08-28 08:22:03
naive_adjacency,waste_facility,5,2,512,000010010000000100000001001000100000,0,40.335242274669994,27.154510829224307,37.467252502051075,45.90426036668173,2025-08-28 08:22:03
naive_adjacency,waste_facility,5,2,512,000001010000000100000010001000100000,0,42.69082040466454,27.154510829224307,37.467252502051075,45.90426036668173,2025-08-28 08:22:03
naive_adjacency,waste_facility,5,2,512,000010010000000001000100001000100000,0,43.548682236687156,27.154510829224307,37.467252502051075,45.90426036668173,2025-08-28 08:22:03
naive_adjacency,waste_facility,5,2,512,000001010000000010000100001000100000,0,43.57429824843866,27.154510829224307,37.467252502051075,45.90426036668173,2025-08-28 08:22:03
naive_adjacency,waste_facility,5,2,512,001000000100010000000010000001100000,0,30.36795079124149,27.154510829224307,37.467252502051075,45.90426036668173,2025-08-28 08:22:03
naive_adjacency,waste_facility,5,2,512,001000000100010000000001000010100000,0,43.54868223668717,27.154510829224307,37.467252502051075,45.90426036668173,2025-08-28 08:22:03
naive_adjacency,waste_facility,5,2,512,001000000010010000000100000001100000,0,30.367950791241498,27.154510829224307,37.467252502051075,45.90426036668173,2025-08-28 08:22:03
naive_adjacency,waste_facility,5,2,512,001000000001010000000100000010100000,0,43.54868223668717,27.154510829224307,37.467252502051075,45.90426036668173,2025-08-28 08:22:03
naive_adjacency,waste_facility,5,2,512,001000000010010000000001000100100000,0,29.05794542877227,27.154510829224307,37.467252502051075,45.90426036668173,2025-08-28 08:22:03
naive_adjacency,waste_facility,5,2,512,001000000001010000000010000100100000,0,29.057945428772264,27.154510829224307,37.467252502051075,45.90426036668173,2025-08-28 08:22:03
naive_adjacency,waste_facility,5,2,512,000100001000010000000010000001100000,0,44.85868759915639,27.154510829224307,37.467252502051075,45.90426036668173,2025-08-28 08:22:03
naive_adjacency,waste_facility,5,2,512,000100001000010000000001000010100000,0,43.54868223668717,27.154510829224307,37.467252502051075,45.90426036668173,2025-08-28 08:22:03
naive_adjacency,waste_facility,5,2,512,000010001000010000000100000001100000,0,30.36795079124149,27.154510829224307,37.467252502051075,45.90426036668173,2025-08-28 08:22:03
naive_adjacency,waste_facility,5,2,512,000001001000010000000100000010100000,0,31.413523558766826,27.154510829224307,37.467252502051075,45.90426036668173,2025-08-28 08:22:03
naive_adjacency,waste_facility,5,2,512,000010001000010000000001000100100000,0,43.54868223668718,27.154510829224307,37.467252502051075,45.90426036668173,2025-08-28 08:22:03
naive_adjacency,waste_facility,5,2,512,000001001000010000000010000100100000,0,45.904260366681726,27.154510829224307,37.467252502051075,45.90426036668173,2025-08-28 08:22:03
naive_adjacency,waste_facility,5,2,512,000100000010010000001000000001100000,0,44.85868759915638,27.154510829224307,37.467252502051075,45.90426036668173,2025-08-28 08:22:03
naive_adjacency,waste_facility,5,2,512,000100000001010000001000000010100000,0,43.54868223668716,27.154510829224307,37.467252502051075,45.90426036668173,2025-08-28 08:22:03
naive_adjacency,waste_facility,5,2,512,000010000100010000001000000001100000,0,30.36795079124149,27.154510829224307,37.467252502051075,45.90426036668173,2025-08-28 08:22:03
naive_adjacency,waste_facility,5,2,512,000001000100010000001000000010100000,0,31.413523558766826,27.154510829224307,37.467252502051075,45.90426036668173,2025-08-28 08:22:03
naive_adjacency,waste_facility,5,2,512,000010000001010000001000000100100000,0,43.54868223668716,27.154510829224307,37.467252502051075,45.90426036668173,2025-08-28 08:22:03
naive_adjacency,waste_facility,5,2,512,000001000010010000001000000100100000,0,45.904260366681726,27.154510829224307,37.467252502051075,45.90426036668173,2025-08-28 08:22:03
naive_adjacency,waste_facility,5,2,512,000100000010010000000001001000100000,0,28.174467584998155,27.154510829224307,37.467252502051075,45.90426036668173,2025-08-28 08:22:03
naive_adjacency,waste_facility,5,2,512,000100000001010000000010001000100000,0,28.174467584998162,27.154510829224307,37.467252502051075,45.90426036668173,2025-08-28 08:22:03
naive_adjacency,waste_facility,5,2,512,000010000100010000000001001000100000,0,42.66520439291306,27.154510829224307,37.467252502051075,45.90426036668173,2025-08-28 08:22:03
naive_adjacency,waste_facility,5,2,512,000001000100010000000010001000100000,0,30.530045714992706,27.154510829224307,37.467252502051075,45.90426036668173,2025-08-28 08:22:03
naive_adjacency,waste_facility,5,2,512,000010000001010000000100001000100000,0,42.66520439291304,27.154510829224307,37.467252502051075,45.90426036668173,2025-08-28 08:22:03
naive_adjacency,waste_facility,5,2,512,000001000010010000000100001000100000,0,30.53004571499271,27.154510829224307,37.467252502051075,45.90426036668173,2025-08-28 08:22:03
naive_adjacency,waste_facility,5,2,512,001000000100000010010000000001100000,0,41.64524763713921,27.154510829224307,37.467252502051075,45.90426036668173,2025-08-28 08:22:03
naive_adjacency,waste_facility,5,2,512,001000000100000001010000000010100000,0,42.66520439291305,27.154510829224307,37.467252502051075,45.90426036668173,2025-08-28 08:22:03
naive_adjacency,waste_facility,5,2,512,001000000010000100010000000001100000,0,42.52872548091332,27.154510829224307,37.467252502051075,45.90426036668173,2025-08-28 08:22:03
naive_adjacency,waste_facility,5,2,512,001000000001000100010000000010100000,0,40.33524227466998,27.154510829224307,37.467252502051075,45.90426036668173,2025-08-28 08:22:03
naive_adjacency,waste_facility,5,2,512,001000000010000001010000000100100000,0,43.54868223668716,27.154510829224307,37.467252502051075,45.90426036668173,2025-08-28 08:22:03
naive_adjacency,waste_facility,5,2,512,001000000001000010010000000100100000,0,40.33524227466999,27.154510829224307,37.467252502051075,45.90426036668173,2025-08-28 08:22:03
naive_adjacency,waste_facility,5,2,512,000100001000000010010000000001100000,0,27.154510829224314,27.154510829224307,37.467252502051075,45.90426036668173,2025-08-28 08:22:03
naive_adjacency,waste_facility,5,2,512,000100001000000001010000000010100000,0,28.174467584998155,27.154510829224307,37.467252502051075,45.90426036668173,2025-08-28 08:22:03
naive_adjacency,waste_facility,5,2,512,000010001000000100010000000001100000,0,28.03798867299843,27.154510829224307,37.467252502051075,45.90426036668173,2025-08-28 08:22:03
naive_adjacency,waste_facility,5,2,512,000001001000000100010000000010100000,0,28.20008359674965,27.154510829224307,37.467252502051075,45.90426036668173,2025-08-28 08:22:03
naive_adjacency,waste_facility,5,2,512,000010001000000001010000000100100000,0,29.057945428772268,27.154510829224307,37.467252502051075,45.90426036668173,2025-08-28 08:22:03
naive_adjacency,waste_facility,5,2,512,000001001000000010010000000100100000,0,28.200083596749646,27.154510829224307,37.467252502051075,45.90426036668173,2025-08-28 08:22:03
naive_adjacency,waste_facility,5,2,512,000100000010001000010000000001100000,0,42.52872548091332,27.154510829224307,37.467252502051075,45.90426036668173,2025-08-28 08:22:03
naive_adjacency,waste_facility,5,2,512,000100000001001000010000000010100000,0,41.218720118444104,27.154510829224307,37.467252502051075,45.90426036668173,2025-08-28 08:22:03
naive_adjacency,waste_facility,5,2,512,000010000100001000010000000001100000,0,42.52872548091333,27.154510829224307,37.467252502051075,45.90426036668173,2025-08-28 08:22:03
naive_adjacency,waste_facility,5,2,512,000001000100001000010000000010100000,0,43.57429824843866,27.154510829224307,37.467252502051075,45.90426036668173,2025-08-28 08:22:03
naive_adjacency,waste_facility,5,2,512,000010000001001000010000000100100000,0,40.33524227466999,27.154510829224307,37.467252502051075,45.90426036668173,2025-08-28 08:22:03
naive_adjacency,waste_facility,5,2,512,000001000010001000010000000100100000,0,42.69082040466455,27.154510829224307,37.467252502051075,45.90426036668173,2025-08-28 08:22:03
naive_adjacency,waste_facility,5,2,512,000100000010000001010000001000100000,0,43.54868223668716,27.154510829224307,37.467252502051075,45.90426036668173,2025-08-28 08:22:03
naive_adjacency,waste_facility,5,2,512,000100000001000010010000001000100000,0,41.2187201184441,27.154510829224307,37.467252502051075,45.90426036668173,2025-08-28 08:22:03
naive_adjacency,waste_facility,5,2,512,000010000100000001010000001000100000,0,43.54868223668716,27.154510829224307,37.467252502051075,45.90426036668173,2025-08-28 08:22:03
naive_adjacency,waste_facility,5,2,512,000001000100000010010000001000100000,0,43.57429824843866,27.154510829224307,37.467252502051075,45.90426036668173,2025-08-28 08:22:03
naive_adjacency,waste_facility,5,2,512,000010000001000100010000001000100000,0,40.33524227466998,27.154510829224307,37.467252502051075,45.90426036668173,2025-08-28 08:22:03
naive_adjacency,waste_facility,5,2,512,000001000010000100010000001000100000,0,42.69082040466454,27.154510829224307,37.467252502051075,45.90426036668173,2025-08-28 08:22:03
naive_adjacency,waste_facility,5,2,512,001000000100000010000001010000100000,0,42.52872548091333,27.154510829224307,37.467252502051075,45.90426036668173,2025-08-28 08:22:03
naive_adjacency,waste_facility,5,2,512,001000000100000001000010010000100000,0,30.36795079124149,27.154510829224307,37.467252502051075,45.90426036668173,2025-08-28 08:22:03
naive_adjacency,waste_facility,5,2,512,001000000010000100000001010000100000,0,28.03798867299843,27.154510829224307,37.467252502051075,45.90426036668173,2025-08-28 08:22:03
naive_adjacency,waste_facility,5,2,512,001000000001000100000010010000100000,0,28.037988672998424,27.154510829224307,37.467252502051075,45.90426036668173,2025-08-28 08:22:03
naive_adjacency,waste_facility,5,2,512,001000000010000001000100010000100000,0,30.367950791241498,27.154510829224307,37.467252502051075,45.90426036668173,2025-08-28 08:22:03
naive_adjacency,waste_facility,5,2,512,001000000001000010000100010000100000,0,42.52872548091333,27.154510829224307,37.467252502051075,45.90426036668173,2025-08-28 08:22:03
naive_adjacency,waste_facility,5,2,512,000100001000000010000001010000100000,0,42.52872548091333,27.154510829224307,37.467252502051075,45.90426036668173,2025-08-28 08:22:03
naive_adjacency,waste_facility,5,2,512,000100001000000001000010010000100000,0,44.85868759915639,27.154510829224307,37.467252502051075,45.90426036668173,2025-08-28 08:22:03
naive_adjacency,waste_facility,5,2,512,000010001000000100000001010000100000,0,42.52872548091333,27.154510829224307,37.467252502051075,45.90426036668173,2025-08-28 08:22:03
naive_adjacency,waste_facility,5,2,512,000001001000000100000010010000100000,0,44.88430361090788,27.154510829224307,37.467252502051075,45.90426036668173,2025-08-28 08:22:03
naive_adjacency,waste_facility,5,2,512,000010001000000001000100010000100000,0,30.367950791241487,27.154510829224307,37.467252502051075,45.90426036668173,2025-08-28 08:22:03
naive_adjacency,waste_facility,5,2,512,000001001000000010000100010000100000,0,30.393566802992986,27.154510829224307,37.467252502051075,45.90426036668173,2025-08-28 08:22:03
naive_adjacency,waste_facility,5,2,512,000100000010001000000001010000100000,0,27.154510829224314,27.154510829224307,37.467252502051075,45.90426036668173,2025-08-28 08:22:03
naive_adjacency,waste_facility,5,2,512,000100000001001000000010010000100000,0,27.154510829224314,27.154510829224307,37.467252502051075,45.90426036668173,2025-08-28 08:22:03
naive_adjacency,waste_facility,5,2,512,000010000100001000000001010000100000,0,41.64524763713922,27.154510829224307,37.467252502051075,45.90426036668173,2025-08-28 08:22:03
naive_adjacency,waste_facility,5,2,512,000001000100001000000010010000100000,0,29.510088959218866,27.154510829224307,37.467252502051075,45.90426036668173,2025-08-28 08:22:03
naive_adjacency,waste_facility,5,2,512,000010000001001000000100010000100000,0,41.6452476371392,27.154510829224307,37.467252502051075,45.90426036668173,2025-08-28 08:22:03
naive_adjacency,waste_facility,5,2,512,000001000010001000000100010000100000,0,29.51008895921887,27.154510829224307,37.467252502051075,45.90426036668173,2025-08-28 08:22:03
naive_adjacency,waste_facility,5,2,512,000100000010000001001000010000100000,0,44.85868759915638,27.154510829224307,37.467252502051075,45.90426036668173,2025-08-28 08:22:03
naive_adjacency,waste_facility,5,2,512,000100000001000010001000010000100000,0,42.528725480913316,27.154510829224307,37.467252502051075,45.90426036668173,2025-08-28 08:22:03
naive_adjacency,waste_facility,5,2,512,000010000100000001001000010000100000,0,30.36795079124149,27.154510829224307,37.467252502051075,45.90426036668173,2025-08-28 08:22:03
naive_adjacency,waste_facility,5,2,512,000001000100000010001000010000100000,0,30.393566802992986,27.154510829224307,37.467252502051075,45.90426036668173,2025-08-28 08:22:03
naive_adjacency,waste_facility,5,2,512,000010000001000100001000010000100000,0,42.52872548091332,27.154510829224307,37.467252502051075,45.90426036668173,2025-08-28 08:22:03
naive_adjacency,waste_facility,5,2,512,000001000010000100001000010000100000,0,44.884303610907885,27.154510829224307,37.467252502051075,45.90426036668173,2025-08-28 08:22:03
node_visit_time,waste_facility,5,2,512,000001010011100,0,44.88430361090788,27.15451082922431,37.46725250205122,45.904260366681726,2025-08-28 08:23:11
node_visit_time,waste_facility,5,2,512,000001010100011,0,42.52872548091332,27.15451082922431,37.46725250205122,45.904260366681726,2025-08-28 08:23:11
node_visit_time,waste_facility,5,2,512,000001011010100,0,42.69082040466454,27.15451082922431,37.46725250205122,45.904260366681726,2025-08-28 08:23:11
node_visit_time,waste_facility,5,2,512,000001011100010,0,43.54868223668716,27.15451082922431,37.46725250205122,45.904260366681726,2025-08-28 08:23:11
node_visit_time,waste_facility,5,2,512,000001100010011,0,41.64524763713921,27.15451082922431,37.46725250205122,45.904260366681726,2025-08-28 08:23:11
node_visit_time,waste_facility,5,2,512,000001100011010,0,44.85868759915638,27.15451082922431,37.46725250205122,45.904260366681726,2025-08-28 08:23:11
node_visit_time,waste_facility,5,2,512,000010001011100,0,29.510088959218873,27.15451082922431,37.46725250205122,45.904260366681726,2025-08-28 08:23:11
node_visit_time,waste_facility,5,2,512,000010001100011,0,30.36795079124149,27.15451082922431,37.46725250205122,45.904260366681726,2025-08-28 08:23:11
node_visit_time,waste_facility,5,2,512,000010011001100,0,42.69082040466454,27.15451082922431,37.46725250205122,45.904260366681726,2025-08-28 08:23:11
node_visit_time,waste_facility,5,2,512,000010011100001,0,43.54868223668716,27.15451082922431,37.46725250205122,45.904260366681726,2025-08-28 08:23:11
node_visit_time,waste_facility,5,2,512,000010100001011,0,42.66520439291304,27.15451082922431,37.46725250205122,45.904260366681726,2025-08-28 08:23:11
node_visit_time,waste_facility,5,2,512,000010100011001,0,42.66520439291304,27.15451082922431,37.46725250205122,45.904260366681726,2025-08-28 08:23:11
node_visit_time,waste_facility,5,2,512,000011001010100,0,30.530045714992706,27.15451082922431,37.46725250205122,45.904260366681726,2025-08-28 08:23:11
node_visit_time,waste_facility,5,2,512,000011001100010,0,28.17446758499816,27.15451082922431,37.46725250205122,45.904260366681726,2025-08-28 08:23:11
node_visit_time,waste_facility,5,2,512,000011010001100,0,45.90426036668172,27.15451082922431,37.46725250205122,45.904260366681726,2025-08-28 08:23:11
node_visit_time,waste_facility,5,2,512,000011010100001,0,40.33524227466999,27.15451082922431,37.46725250205122,45.904260366681726,2025-08-28 08:23:11
node_visit_time,waste_facility,5,2,512,000011100001010,0,44.85868759915638,27.15451082922431,37.46725250205122,45.904260366681726,2025-08-28 08:23:11
node_visit_time,waste_facility,5,2,512,000011100010001,0,41.64524763713921,27.15451082922431,37.46725250205122,45.904260366681726,2025-08-28 08:23:11
node_visit_time,waste_facility,5,2,512,000100001010011,0,30.367950791241487,27.15451082922431,37.46725250205122,45.904260366681726,2025-08-28 08:23:11
node_visit_time,waste_facility,5,2,512,000100001011010,0,27.154510829224314,27.15451082922431,37.46725250205122,45.904260366681726,2025-08-28 08:23:11
node_visit_time,waste_facility,5,2,512,000100010001011,0,43.54868223668716,27.15451082922431,37.46725250205122,45.904260366681726,2025-08-28 08:23:11
node_visit_time,waste_facility,5,2,512,000100010011001,0,40.33524227466998,27.15451082922431,37.46725250205122,45.904260366681726,2025-08-28 08:23:11
node_visit_time,waste_facility,5,2,512,000100011001010,0,42.52872548091332,27.15451082922431,37.46725250205122,45.904260366681726,2025-08-28 08:23:11
node_visit_time,waste_facility,5,2,512,000100011010001,0,42.52872548091332,27.15451082922431,37.46725250205122,45.904260366681726,2025-08-28 08:23:11
node_visit_time,waste_facility,5,2,512,001000010011100,0,30.39356680299299,27.15451082922431,37.46725250205122,45.904260366681726,2025-08-28 08:23:11
node_visit_time,waste_facility,5,2,512,001000010100011,0,28.03798867299843,27.15451082922431,37.46725250205122,45.904260366681726,2025-08-28 08:23:11
node_visit_time,waste_facility,5,2,512,001000011010100,0,43.574298248438666,27.15451082922431,37.46725250205122,45.904260366681726,2025-08-28 08:23:11
node_visit_time,waste_facility,5,2,512,001000011100010,0,41.218720118444104,27.15451082922431,37.46725250205122,45.904260366681726,2025-08-28 08:23:11
node_visit_time,waste_facility,5,2,512,001000100010011,0,42.52872548091332,27.15451082922431,37.46725250205122,45.904260366681726,2025-08-28 08:23:11
node_visit_time,waste_facility,5,2,512,001000100011010,0,42.52872548091332,27.15451082922431,37.46725250205122,45.904260366681726,2025-08-28 08:23:11
node_visit_time,waste_facility,5,2,512,001010000011100,0,29.51008895921888,27.15451082922431,37.46725250205122,45.904260366681726,2025-08-28 08:23:11
node_visit_time,waste_facility,5,2,512,001010000100011,0,30.367950791241498,27.15451082922431,37.46725250205122,45.904260366681726,2025-08-28 08:23:11
node_visit_time,waste_facility,5,2,512,001010011000100,0,43.57429824843866,27.15451082922431,37.46725250205122,45.904260366681726,2025-08-28 08:23:11
node_visit_time,waste_facility,5,2,512,001010011100000,0,43.57429824843866,27.15451082922431,37.46725250205122,45.904260366681726,2025-08-28 08:23:11
node_visit_time,waste_facility,5,2,512,001010100000011,0,43.548682236687156,27.15451082922431,37.46725250205122,45.904260366681726,2025-08-28 08:23:11
node_visit_time,waste_facility,5,2,512,001010100011000,0,42.69082040466455,27.15451082922431,37.46725250205122,45.904260366681726,2025-08-28 08:23:11
node_visit_time,waste_facility,5,2,512,001011000010100,0,30.530045714992717,27.15451082922431,37.46725250205122,45.904260366681726,2025-08-28 08:23:11
node_visit_time,waste_facility,5,2,512,001011000100010,0,28.17446758499816,27.15451082922431,37.46725250205122,45.904260366681726,2025-08-28 08:23:11
node_visit_time,waste_facility,5,2,512,001011010000100,0,31.41352355876683,27.15451082922431,37.46725250205122,45.904260366681726,2025-08-28 08:23:11
node_visit_time,waste_facility,5,2,512,001011010100000,0,28.20008359674965,27.15451082922431,37.46725250205122,45.904260366681726,2025-08-28 08:23:11
node_visit_time,waste_facility,5,2,512,001011100000010,0,43.548682236687156,27.15451082922431,37.46725250205122,45.904260366681726,2025-08-28 08:23:11
node_visit_time,waste_facility,5,2,512,001011100010000,0,42.69082040466455,27.15451082922431,37.46725250205122,45.904260366681726,2025-08-28 08:23:11
node_visit_time,waste_facility,5,2,512,001100000010011,0,30.367950791241494,27.15451082922431,37.46725250205122,45.904260366681726,2025-08-28 08:23:11
node_visit_time,waste_facility,5,2,512,001100000011010,0,27.154510829224314,27.15451082922431,37.46725250205122,45.904260366681726,2025-08-28 08:23:11
node_visit_time,waste_facility,5,2,512,001100010000011,0,29.057945428772275,27.15451082922431,37.46725250205122,45.904260366681726,2025-08-28 08:23:11
node_visit_time,waste_facility,5,2,512,001100010011000,0,28.20008359674965,27.15451082922431,37.46725250205122,45.904260366681726,2025-08-28 08:23:11
node_visit_time,waste_facility,5,2,512,001100011000010,0,41.218720118444104,27.15451082922431,37.46725250205122,45.904260366681726,2025-08-28 08:23:11
node_visit_time,waste_facility,5,2,512,001100011010000,0,43.574298248438666,27.15451082922431,37.46725250205122,45.904260366681726,2025-08-28 08:23:11
node_visit_time,waste_facility,5,2,512,010000001011100,0,30.39356680299299,27.15451082922431,37.46725250205122,45.904260366681726,2025-08-28 08:23:11
node_visit_time,waste_facility,5,2,512,010000001100011,0,28.03798867299843,27.15451082922431,37.46725250205122,45.904260366681726,2025-08-28 08:23:11
node_visit_time,waste_facility,5,2,512,010000011001100,0,28.200083596749653,27.15451082922431,37.46725250205122,45.904260366681726,2025-08-28 08:23:11
node_visit_time,waste_facility,5,2,512,010000011100001,0,29.05794542877227,27.15451082922431,37.46725250205122,45.904260366681726,2025-08-28 08:23:11
node_visit_time,waste_facility,5,2,512,010000100001011,0,40.33524227466998,27.15451082922431,37.46725250205122,45.904260366681726,2025-08-28 08:23:11
node_visit_time,waste_facility,5,2,512,010000100011001,0,43.54868223668717,27.15451082922431,37.46725250205122,45.904260366681726,2025-08-28 08:23:11
node_visit_time,waste_facility,5,2,512,010001000011100,0,44.88430361090789,27.15451082922431,37.46725250205122,45.904260366681726,2025-08-28 08:23:11
node_visit_time,waste_facility,5,2,512,010001000100011,0,42.52872548091333,27.15451082922431,37.46725250205122,45.904260366681726,2025-08-28 08:23:11
node_visit_time,waste_facility,5,2,512,010001011000100,0,28.200083596749653,27.15451082922431,37.46725250205122,45.904260366681726,2025-08-28 08:23:11
node_visit_time,waste_facility,5,2,512,010001011100000,0,31.413523558766826,27.15451082922431,37.46725250205122,45.904260366681726,2025-08-28 08:23:11
node_visit_time,waste_facility,5,2,512,010001100000011,0,40.33524227466998,27.15451082922431,37.46725250205122,45.904260366681726,2025-08-28 08:23:11
node_visit_time,waste_facility,5,2,512,010001100011000,0,45.904260366681726,27.15451082922431,37.46725250205122,45.904260366681726,2025-08-28 08:23:11
node_visit_time,waste_facility,5,2,512,010011000001100,1,45.904260366681726,27.15451082922431,37.46725250205122,45.904260366681726,2025-08-28 08:23:11
node_visit_time,waste_facility,5,2,512,010011000100001,0,40.33524227467,27.15451082922431,37.46725250205122,45.904260366681726,2025-08-28 08:23:11
node_visit_time,waste_facility,5,2,512,010011001000100,0,31.41352355876683,27.15451082922431,37.46725250205122,45.904260366681726,2025-08-28 08:23:11
node_visit_time,waste_facility,5,2,512,010011001100000,0,28.20008359674965,27.15451082922431,37.46725250205122,45.904260366681726,2025-08-28 08:23:11
node_visit_time,waste_facility,5,2,512,010011100000001,0,42.52872548091332,27.15451082922431,37.46725250205122,45.904260366681726,2025-08-28 08:23:11
node_visit_time,waste_facility,5,2,512,010011100001000,0,44.88430361090788,27.15451082922431,37.46725250205122,45.904260366681726,2025-08-28 08:23:11
node_visit_time,waste_facility,5,2,512,010100000001011,0,43.54868223668716,27.15451082922431,37.46725250205122,45.904260366681726,2025-08-28 08:23:11
node_visit_time,waste_facility,5,2,512,010100000011001,0,40.33524227467,27.15451082922431,37.46725250205122,45.904260366681726,2025-08-28 08:23:11
node_visit_time,waste_facility,5,2,512,010100001000011,0,29.057945428772268,27.15451082922431,37.46725250205122,45.904260366681726,2025-08-28 08:23:11
node_visit_time,waste_facility,5,2,512,010100001011000,0,28.20008359674965,27.15451082922431,37.46725250205122,45.904260366681726,2025-08-28 08:23:11
node_visit_time,waste_facility,5,2,512,010100011000001,0,28.03798867299843,27.15451082922431,37.46725250205122,45.904260366681726,2025-08-28 08:23:11
node_visit_time,waste_facility,5,2,512,010100011001000,0,30.393566802992986,27.15451082922431,37.46725250205122,45.904260366681726,2025-08-28 08:23:11
node_visit_time,waste_facility,5,2,512,011000001010100,0,43.57429824843865,27.15451082922431,37.46725250205122,45.904260366681726,2025-08-28 08:23:11
node_visit_time,waste_facility,5,2,512,011000001100010,0,41.218720118444104,27.15451082922431,37.46725250205122,45.904260366681726,2025-08-28 08:23:11
node_visit_time,waste_facility,5,2,512,011000010001100,0,28.200083596749646,27.15451082922431,37.46725250205122,45.904260366681726,2025-08-28 08:23:11
node_visit_time,waste_facility,5,2,512,011000010100001,0,29.05794542877227,27.15451082922431,37.46725250205122,45.904260366681726,2025-08-28 08:23:11
node_visit_time,waste_facility,5,2,512,011000100001010,0,27.15451082922431,27.15451082922431,37.46725250205122,45.904260366681726,2025-08-28 08:23:11
node_visit_time,waste_facility,5,2,512,011000100010001,0,30.367950791241487,27.15451082922431,37.46725250205122,45.904260366681726,2025-08-28 08:23:11
node_visit_time,waste_facility,5,2,512,011001000010100,0,42.69082040466455,27.15451082922431,37.46725250205122,45.904260366681726,2025-08-28 08:23:11
node_visit_time,waste_facility,5,2,512,011001000100010,0,43.54868223668718,27.15451082922431,37.46725250205122,45.904260366681726,2025-08-28 08:23:11
node_visit_time,waste_facility,5,2,512,011001010000100,0,28.200083596749646,27.15451082922431,37.46725250205122,45.904260366681726,2025-08-28 08:23:11
node_visit_time,waste_facility,5,2,512,011001010100000,0,31.413523558766826,27.15451082922431,37.46725250205122,45.904260366681726,2025-08-28 08:23:11
node_visit_time,waste_facility,5,2,512,011001100000010,0,28.17446758499815,27.15451082922431,37.46725250205122,45.904260366681726,2025-08-28 08:23:11
node_visit_time,waste_facility,5,2,512,011001100010000,0,30.530045714992706,27.15451082922431,37.46725250205122,45.904260366681726,2025-08-28 08:23:11
node_visit_time,waste_facility,5,2,512,011010000001100,0,42.69082040466454,27.15451082922431,37.46725250205122,45.904260366681726,2025-08-28 08:23:11
node_visit_time,waste_facility,5,2,512,011010000100001,0,43.54868223668718,27.15451082922431,37.46725250205122,45.904260366681726,2025-08-28 08:23:11
node_visit_time,waste_facility,5,2,512,011010001000100,0,43.57429824843866,27.15451082922431,37.46725250205122,45.904260366681726,2025-08-28 08:23:11
node_visit_time,waste_facility,5,2,512,011010001100000,0,43.57429824843866,27.15451082922431,37.46725250205122,45.904260366681726,2025-08-28 08:23:11
node_visit_time,waste_facility,5,2,512,011010100000001,0,30.367950791241487,27.15451082922431,37.46725250205122,45.904260366681726,2025-08-28 08:23:11
node_visit_time,waste_facility,5,2,512,011010100001000,0,29.510088959218866,27.15451082922431,37.46725250205122,45.904260366681726,2025-08-28 08:23:11
node_visit_time,waste_facility,5,2,512,011100000001010,0,42.52872548091333,27.15451082922431,37.46725250205122,45.904260366681726,2025-08-28 08:23:11
node_visit_time,waste_facility,5,2,512,011100000010001,0,42.52872548091334,27.15451082922431,37.46725250205122,45.904260366681726,2025-08-28 08:23:11
node_visit_time,waste_facility,5,2,512,011100001000010,0,41.21872011844411,27.15451082922431,37.46725250205122,45.904260366681726,2025-08-28 08:23:11
node_visit_time,waste_facility,5,2,512,011100001010000,0,43.57429824843866,27.15451082922431,37.46725250205122,45.904260366681726,2025-08-28 08:23:11
node_visit_time,waste_facility,5,2,512,011100010000001,0,28.03798867299843,27.15451082922431,37.46725250205122,45.904260366681726,2025-08-28 08:23:11
node_visit_time,waste_facility,5,2,512,011100010001000,0,30.393566802992986,27.15451082922431,37.46725250205122,45.904260366681726,2025-08-28 08:23:11
node_visit_time,waste_facility,5,2,512,100000001010011,0,42.52872548091332,27.15451082922431,37.46725250205122,45.904260366681726,2025-08-28 08:23:11
node_visit_time,waste_facility,5,2,512,100000001011010,0,42.52872548091333,27.15451082922431,37.46725250205122,45.904260366681726,2025-08-28 08:23:11
node_visit_time,waste_facility,5,2,512,100000010001011,0,40.335242274669994,27.15451082922431,37.46725250205122,45.904260366681726,2025-08-28 08:23:11
node_visit_time,waste_facility,5,2,512,100000010011001,0,43.54868223668717,27.15451082922431,37.46725250205122,45.904260366681726,2025-08-28 08:23:11
node_visit_time,waste_facility,5,2,512,100000011001010,0,27.154510829224314,27.15451082922431,37.46725250205122,45.904260366681726,2025-08-28 08:23:11
node_visit_time,waste_facility,5,2,512,100000011010001,0,30.36795079124149,27.15451082922431,37.46725250205122,45.904260366681726,2025-08-28 08:23:11
node_visit_time,waste_facility,5,2,512,100001000010011,0,41.64524763713922,27.15451082922431,37.46725250205122,45.904260366681726,2025-08-28 08:23:11
node_visit_time,waste_facility,5,2,512,100001000011010,0,44.8586875991564,27.15451082922431,37.46725250205122,45.904260366681726,2025-08-28 08:23:11
node_visit_time,waste_facility,5,2,512,100001010000011,0,40.335242274669994,27.15451082922431,37.46725250205122,45.904260366681726,2025-08-28 08:23:11
node_visit_time,waste_facility,5,2,512,100001010011000,0,45.904260366681726,27.15451082922431,37.46725250205122,45.904260366681726,2025-08-28 08:23:11
node_visit_time,waste_facility,5,2,512,100001011000010,0,28.174467584998155,27.15451082922431,37.46725250205122,45.904260366681726,2025-08-28 08:23:11
node_visit_time,waste_facility,5,2,512,100001011010000,0,30.53004571499271,27.15451082922431,37.46725250205122,45.904260366681726,2025-08-28 08:23:11
node_visit_time,waste_facility,5,2,512,100010000001011,0,42.665204392913054,27.15451082922431,37.46725250205122,45.904260366681726,2025-08-28 08:23:11
node_visit_time,waste_facility,5,2,512,100010000011001,0,42.66520439291306,27.15451082922431,37.46725250205122,45.904260366681726,2025-08-28 08:23:11
node_visit_time,waste_facility,5,2,512,100010001000011,0,43.54868223668717,27.15451082922431,37.46725250205122,45.904260366681726,2025-08-28 08:23:11
node_visit_time,waste_facility,5,2,512,100010001011000,0,42.69082040466455,27.15451082922431,37.46725250205122,45.904260366681726,2025-08-28 08:23:11
node_visit_time,waste_facility,5,2,512,100010011000001,0,30.36795079124149,27.15451082922431,37.46725250205122,45.904260366681726,2025-08-28 08:23:11
node_visit_time,waste_facility,5,2,512,100010011001000,0,29.51008895921887,27.15451082922431,37.46725250205122,45.904260366681726,2025-08-28 08:23:11
node_visit_time,waste_facility,5,2,512,100011000001010,0,44.8586875991564,27.15451082922431,37.46725250205122,45.904260366681726,2025-08-28 08:23:11
node_visit_time,waste_facility,5,2,512,100011000010001,0,41.64524763713922,27.15451082922431,37.46725250205122,45.904260366681726,2025-08-28 08:23:11
node_visit_time,waste_facility,5,2,512,100011001000010,0,43.54868223668717,27.15451082922431,37.46725250205122,45.904260366681726,2025-08-28 08:23:11
node_visit_time,waste_facility,5,2,512,100011001010000,0,42.69082040466455,27.15451082922431,37.46725250205122,45.904260366681726,2025-08-28 08:23:11
node_visit_time,waste_facility,5,2,512,100011010000001,0,42.52872548091333,27.15451082922431,37.46725250205122,45.904260366681726,2025-08-28 08:23:11
node_visit_time,waste_facility,5,2,512,100011010001000,0,44.884303610907885,27.15451082922431,37.46725250205122,45.904260366681726,2025-08-28 08:23:11
naive_adjacency,waste_collection_area,103,2,512,1000010000100001,0,4.832925512278852,4.832925512278851,4.83292551227885,4.832925512278853,2025-08-28 08:23:53
naive_adjacency,waste_collection_area,103,2,512,1000010000010010,0,4.832925512278852,4.832925512278851,4.83292551227885,4.832925512278853,2025-08-28 08:23:53
naive_adjacency,waste_collection_area,103,2,512,1000001001000001,0,4.832925512278852,4.832925512278851,4.83292551227885,4.832925512278853,2025-08-28 08:23:53
naive_adjacency,waste_collection_area,103,2,512,1000000101000010,0,4.832925512278852,4.832925512278851,4.83292551227885,4.832925512278853,2025-08-28 08:23:53
naive_adjacency,waste_collection_area,103,2,512,1000001000010100,0,4.832925512278852,4.832925512278851,4.83292551227885,4.832925512278853,2025-08-28 08:23:53
naive_adjacency,waste_collection_area,103,2,512,1000000100100100,0,4.832925512278852,4.832925512278851,4.83292551227885,4.832925512278853,2025-08-28 08:23:53
naive_adjacency,waste_collection_area,103,2,512,0100100000100001,0,4.832925512278852,4.832925512278851,4.83292551227885,4.832925512278853,2025-08-28 08:23:53
naive_adjacency,waste_collection_area,103,2,512,0100100000010010,0,4.832925512278851,4.832925512278851,4.83292551227885,4.832925512278853,2025-08-28 08:23:53
naive_adjacency,waste_collection_area,103,2,512,0010100001000001,0,4.832925512278851,4.832925512278851,4.83292551227885,4.832925512278853,2025-08-28 08:23:53
naive_adjacency,waste_collection_area,103,2,512,0001100001000010,0,4.832925512278852,4.832925512278851,4.83292551227885,4.832925512278853,2025-08-28 08:23:53
naive_adjacency,waste_collection_area,103,2,512,0010100000010100,0,4.832925512278852,4.832925512278851,4.83292551227885,4.832925512278853,2025-08-28 08:23:53
naive_adjacency,waste_collection_area,103,2,512,0001100000100100,0,4.832925512278853,4.832925512278851,4.83292551227885,4.832925512278853,2025-08-28 08:23:53
naive_adjacency,waste_collection_area,103,2,512,0100001010000001,0,4.832925512278852,4.832925512278851,4.83292551227885,4.832925512278853,2025-08-28 08:23:53
naive_adjacency,waste_collection_area,103,2,512,0100000110000010,0,4.832925512278851,4.832925512278851,4.83292551227885,4.832925512278853,2025-08-28 08:23:53
naive_adjacency,waste_collection_area,103,2,512,0010010010000001,0,4.832925512278851,4.832925512278851,4.83292551227885,4.832925512278853,2025-08-28 08:23:53
naive_adjacency,waste_collection_area,103,2,512,0001010010000010,0,4.832925512278852,4.832925512278851,4.83292551227885,4.832925512278853,2025-08-28 08:23:53
naive_adjacency,waste_collection_area,103,2,512,0010000110000100,0,4.832925512278852,4.832925512278851,4.83292551227885,4.832925512278853,2025-08-28 08:23:53
naive_adjacency,waste_collection_area,103,2,512,0001001010000100,0,4.832925512278853,4.832925512278851,4.83292551227885,4.832925512278853,2025-08-28 08:23:53
naive_adjacency,waste_collection_area,103,2,512,0100001000011000,0,4.832925512278852,4.832925512278851,4.83292551227885,4.832925512278853,2025-08-28 08:23:53
naive_adjacency,waste_collection_area,103,2,512,0100000100101000,0,4.832925512278852,4.832925512278851,4.83292551227885,4.832925512278853,2025-08-28 08:23:53
naive_adjacency,waste_collection_area,103,2,512,0010010000011000,0,4.832925512278852,4.832925512278851,4.83292551227885,4.832925512278853,2025-08-28 08:23:53
naive_adjacency,waste_collection_area,103,2,512,0001010000101000,0,4.832925512278852,4.832925512278851,4.83292551227885,4.832925512278853,2025-08-28 08:23:53
naive_adjacency,waste_collection_area,103,2,512,0010000101001000,0,4.832925512278852,4.832925512278851,4.83292551227885,4.832925512278853,2025-08-28 08:23:53
naive_adjacency,waste_collection_area,103,2,512,0001001001001000,0,4.832925512278852,4.832925512278851,4.83292551227885,4.832925512278853,2025-08-28 08:23:53
node_visit_time,waste_collection_area,103,2,512,000110,6,4.832925512278852,4.832925512278852,4.832925512278852,4.832925512278852,2025-08-28 08:24:36
node_visit_time,waste_collection_area,103,2,512,001001,8,4.832925512278852,4.832925512278852,4.832925512278852,4.832925512278852,2025-08-28 08:24:36
node_visit_time,waste_collection_area,103,2,512,010010,5,4.832925512278852,4.832925512278852,4.832925512278852,4.832925512278852,2025-08-28 08:24:36
node_visit_time,waste_collection_area,103,2,512,011000,5,4.832925512278852,4.832925512278852,4.832925512278852,4.832925512278852,2025-08-28 08:24:36
node_visit_time,waste_collection_area,103,2,512,100001,8,4.832925512278852,4.832925512278852,4.832925512278852,4.832925512278852,2025-08-28 08:24:36
node_visit_time,waste_collection_area,103,2,512,100100,11,4.832925512278852,4.832925512278852,4.832925512278852,4.832925512278852,2025-08-28 08:24:36
naive_adjacency,waste_collection_area,63,2,512,1000001000001000001000001,0,6.812629642069904,4.102918560127262,5.4577741010985745,6.812629642069904,2025-08-28 08:25:12
naive_adjacency,waste_collection_area,63,2,512,1000001000001000000100010,0,6.812629642069904,4.102918560127262,5.4577741010985745,6.812629642069904,2025-08-28 08:25:12
naive_adjacency,waste_collection_area,63,2,512,1000001000000100010000001,0,6.812629642069904,4.102918560127262,5.4577741010985745,6.812629642069904,2025-08-28 08:25:12
naive_adjacency,waste_collection_area,63,2,512,1000001000000010010000010,0,6.812629642069904,4.102918560127262,5.4577741010985745,6.812629642069904,2025-08-28 08:25:12
naive_adjacency,waste_collection_area,63,2,512,1000001000000100000100100,0,4.102918560127263,4.102918560127262,5.4577741010985745,6.812629642069904,2025-08-28 08:25:12
naive_adjacency,waste_collection_area,63,2,512,1000001000000010001000100,0,4.102918560127263,4.102918560127262,5.4577741010985745,6.812629642069904,2025-08-28 08:25:12
naive_adjacency,waste_collection_area,63,2,512,1000000100010000001000001,0,6.812629642069903,4.102918560127262,5.4577741010985745,6.812629642069904,2025-08-28 08:25:12
naive_adjacency,waste_collection_area,63,2,512,1000000100010000000100010,0,4.102918560127262,4.102918560127262,5.4577741010985745,6.812629642069904,2025-08-28 08:25:12
naive_adjacency,waste_collection_area,63,2,512,1000000010010000010000001,0,4.102918560127263,4.102918560127262,5.4577741010985745,6.812629642069904,2025-08-28 08:25:12
naive_adjacency,waste_collection_area,63,2,512,1000000001010000010000010,0,4.102918560127263,4.102918560127262,5.4577741010985745,6.812629642069904,2025-08-28 08:25:12
naive_adjacency,waste_collection_area,63,2,512,1000000010010000000100100,0,4.102918560127262,4.102918560127262,5.4577741010985745,6.812629642069904,2025-08-28 08:25:12
naive_adjacency,waste_collection_area,63,2,512,1000000001010000001000100,0,6.812629642069903,4.102918560127262,5.4577741010985745,6.812629642069904,2025-08-28 08:25:12
naive_adjacency,waste_collection_area,63,2,512,1000000100000100100000001,0,6.812629642069903,4.102918560127262,5.4577741010985745,6.812629642069904,2025-08-28 08:25:12
naive_adjacency,waste_collection_area,63,2,512,1000000100000010100000010,0,4.102918560127262,4.102918560127262,5.4577741010985745,6.812629642069904,2025-08-28 08:25:12
naive_adjacency,waste_collection_area,63,2,512,1000000010001000100000001,0,4.102918560127263,4.102918560127262,5.4577741010985745,6.812629642069904,2025-08-28 08:25:12
naive_adjacency,waste_collection_area,63,2,512,1000000001001000100000010,0,4.102918560127263,4.102918560127262,5.4577741010985745,6.812629642069904,2025-08-28 08:25:12
naive_adjacency,waste_collection_area,63,2,512,1000000010000010100000100,0,4.102918560127262,4.102918560127262,5.4577741010985745,6.812629642069904,2025-08-28 08:25:12
naive_adjacency,waste_collection_area,63,2,512,1000000001000100100000100,0,6.812629642069903,4.102918560127262,5.4577741010985745,6.812629642069904,2025-08-28 08:25:12
naive_adjacency,waste_collection_area,63,2,512,1000000100000100000101000,0,4.102918560127263,4.102918560127262,5.4577741010985745,6.812629642069904,2025-08-28 08:25:12
naive_adjacency,waste_collection_area,63,2,512,1000000100000010001001000,0,4.102918560127263,4.102918560127262,5.4577741010985745,6.812629642069904,2025-08-28 08:25:12
naive_adjacency,waste_collection_area,63,2,512,1000000010001000000101000,0,6.812629642069904,4.102918560127262,5.4577741010985745,6.812629642069904,2025-08-28 08:25:12
naive_adjacency,waste_collection_area,63,2,512,1000000001001000001001000,0,6.812629642069904,4.102918560127262,5.4577741010985745,6.812629642069904,2025-08-28 08:25:12
naive_adjacency,waste_collection_area,63,2,512,1000000010000010010001000,0,6.812629642069904,4.102918560127262,5.4577741010985745,6.812629642069904,2025-08-28 08:25:12
naive_adjacency,waste_collection_area,63,2,512,1000000001000100010001000,0,6.812629642069904,4.102918560127262,5.4577741010985745,6.812629642069904,2025-08-28 08:25:12
naive_adjacency,waste_collection_area,63,2,512,0100010000001000001000001,0,4.102918560127263,4.102918560127262,5.4577741010985745,6.812629642069904,2025-08-28 08:25:12
naive_adjacency,waste_collection_area,63,2,512,0100010000001000000100010,0,6.812629642069904,4.102918560127262,5.4577741010985745,6.812629642069904,2025-08-28 08:25:12
naive_adjacency,waste_collection_area,63,2,512,0100010000000100010000001,0,4.102918560127263,4.102918560127262,5.4577741010985745,6.812629642069904,2025-08-28 08:25:12
naive_adjacency,waste_collection_area,63,2,512,0100010000000010010000010,0,6.812629642069904,4.102918560127262,5.4577741010985745,6.812629642069904,2025-08-28 08:25:12
naive_adjacency,waste_collection_area,63,2,512,0100010000000100000100100,0,6.812629642069904,4.102918560127262,5.4577741010985745,6.812629642069904,2025-08-28 08:25:12
naive_adjacency,waste_collection_area,63,2,512,0100010000000010001000100,0,6.812629642069904,4.102918560127262,5.4577741010985745,6.812629642069904,2025-08-28 08:25:12
naive_adjacency,waste_collection_area,63,2,512,0010010000010000001000001,0,4.102918560127263,4.102918560127262,5.4577741010985745,6.812629642069904,2025-08-28 08:25:12
naive_adjacency,waste_collection_area,63,2,512,0010010000010000000100010,0,6.812629642069904,4.102918560127262,5.4577741010985745,6.812629642069904,2025-08-28 08:25:12
naive_adjacency,waste_collection_area,63,2,512,0001010000010000010000001,0,4.102918560127263,4.102918560127262,5.4577741010985745,6.812629642069904,2025-08-28 08:25:12
naive_adjacency,waste_collection_area,63,2,512,0000110000010000010000010,0,6.812629642069904,4.102918560127262,5.4577741010985745,6.812629642069904,2025-08-28 08:25:12
naive_adjacency,waste_collection_area,63,2,512,0001010000010000000100100,0,6.812629642069904,4.102918560127262,5.4577741010985745,6.812629642069904,2025-08-28 08:25:12
naive_adjacency,waste_collection_area,63,2,512,0000110000010000001000100,0,6.812629642069904,4.102918560127262,5.4577741010985745,6.812629642069904,2025-08-28 08:25:12
naive_adjacency,waste_collection_area,63,2,512,0010010000000100100000001,0,4.102918560127263,4.102918560127262,5.4577741010985745,6.812629642069904,2025-08-28 08:25:12
naive_adjacency,waste_collection_area,63,2,512,0010010000000010100000010,0,6.812629642069904,4.102918560127262,5.4577741010985745,6.812629642069904,2025-08-28 08:25:12
naive_adjacency,waste_collection_area,63,2,512,0001010000001000100000001,0,4.102918560127263,4.102918560127262,5.4577741010985745,6.812629642069904,2025-08-28 08:25:12
naive_adjacency,waste_collection_area,63,2,512,0000110000001000100000010,0,6.812629642069904,4.102918560127262,5.4577741010985745,6.812629642069904,2025-08-28 08:25:12
naive_adjacency,waste_collection_area,63,2,512,0001010000000010100000100,0,6.812629642069904,4.102918560127262,5.4577741010985745,6.812629642069904,2025-08-28 08:25:12
naive_adjacency,waste_collection_area,63,2,512,0000110000000100100000100,0,6.812629642069904,4.102918560127262,5.4577741010985745,6.812629642069904,2025-08-28 08:25:12
naive_adjacency,waste_collection_area,63,2,512,0010010000000100000101000,0,4.102918560127263,4.102918560127262,5.4577741010985745,6.812629642069904,2025-08-28 08:25:12
naive_adjacency,waste_collection_area,63,2,512,0010010000000010001001000,0,4.102918560127263,4.102918560127262,5.4577741010985745,6.812629642069904,2025-08-28 08:25:12
naive_adjacency,waste_collection_area,63,2,512,0001010000001000000101000,0,4.102918560127263,4.102918560127262,5.4577741010985745,6.812629642069904,2025-08-28 08:25:12
naive_adjacency,waste_collection_area,63,2,512,0000110000001000001001000,0,4.102918560127263,4.102918560127262,5.4577741010985745,6.812629642069904,2025-08-28 08:25:12
naive_adjacency,waste_collection_area,63,2,512,0001010000000010010001000,0,4.102918560127263,4.102918560127262,5.4577741010985745,6.812629642069904,2025-08-28 08:25:12
naive_adjacency,waste_collection_area,63,2,512,0000110000000100010001000,0,4.102918560127263,4.102918560127262,5.4577741010985745,6.812629642069904,2025-08-28 08:25:12
naive_adjacency,waste_collection_area,63,2,512,0100000100100000001000001,0,6.812629642069904,4.102918560127262,5.4577741010985745,6.812629642069904,2025-08-28 08:25:12
naive_adjacency,waste_collection_area,63,2,512,0100000100100000000100010,0,4.102918560127263,4.102918560127262,5.4577741010985745,6.812629642069904,2025-08-28 08:25:12
naive_adjacency,waste_collection_area,63,2,512,0100000010100000010000001,0,4.102918560127263,4.102918560127262,5.4577741010985745,6.812629642069904,2025-08-28 08:25:12
naive_adjacency,waste_collection_area,63,2,512,0100000001100000010000010,0,4.102918560127263,4.102918560127262,5.4577741010985745,6.812629642069904,2025-08-28 08:25:12
naive_adjacency,waste_collection_area,63,2,512,0100000010100000000100100,0,4.102918560127263,4.102918560127262,5.4577741010985745,6.812629642069904,2025-08-28 08:25:12
naive_adjacency,waste_collection_area,63,2,512,0100000001100000001000100,0,6.812629642069904,4.102918560127262,5.4577741010985745,6.812629642069904,2025-08-28 08:25:12
naive_adjacency,waste_collection_area,63,2,512,0010001000100000001000001,0,6.812629642069904,4.102918560127262,5.4577741010985745,6.812629642069904,2025-08-28 08:25:12
naive_adjacency,waste_collection_area,63,2,512,0010001000100000000100010,0,6.812629642069904,4.102918560127262,5.4577741010985745,6.812629642069904,2025-08-28 08:25:12
naive_adjacency,waste_collection_area,63,2,512,0001001000100000010000001,0,6.812629642069904,4.102918560127262,5.4577741010985745,6.812629642069904,2025-08-28 08:25:12
naive_adjacency,waste_collection_area,63,2,512,0000101000100000010000010,0,6.812629642069904,4.102918560127262,5.4577741010985745,6.812629642069904,2025-08-28 08:25:12
naive_adjacency,waste_collection_area,63,2,512,0001001000100000000100100,0,4.102918560127263,4.102918560127262,5.4577741010985745,6.812629642069904,2025-08-28 08:25:12
naive_adjacency,waste_collection_area,63,2,512,0000101000100000001000100,0,4.102918560127263,4.102918560127262,5.4577741010985745,6.812629642069904,2025-08-28 08:25:12
naive_adjacency,waste_collection_area,63,2,512,0010000010100000100000001,0,4.102918560127263,4.102918560127262,5.4577741010985745,6.812629642069904,2025-08-28 08:25:12
naive_adjacency,waste_collection_area,63,2,512,0010000001100000100000010,0,4.102918560127263,4.102918560127262,5.4577741010985745,6.812629642069904,2025-08-28 08:25:12
naive_adjacency,waste_collection_area,63,2,512,0001000100100000100000001,0,6.812629642069904,4.102918560127262,5.4577741010985745,6.812629642069904,2025-08-28 08:25:12
naive_adjacency,waste_collection_area,63,2,512,0000100100100000100000010,0,4.102918560127263,4.102918560127262,5.4577741010985745,6.812629642069904,2025-08-28 08:25:12
naive_adjacency,waste_collection_area,63,2,512,0001000001100000100000100,0,6.812629642069904,4.102918560127262,5.4577741010985745,6.812629642069904,2025-08-28 08:25:12
naive_adjacency,waste_collection_area,63,2,512,0000100010100000100000100,0,4.102918560127263,4.102918560127262,5.4577741010985745,6.812629642069904,2025-08-28 08:25:12
naive_adjacency,waste_collection_area,63,2,512,0010000010100000000101000,0,6.812629642069904,4.102918560127262,5.4577741010985745,6.812629642069904,2025-08-28 08:25:12
naive_adjacency,waste_collection_area,63,2,512,0010000001100000001001000,0,6.812629642069904,4.102918560127262,5.4577741010985745,6.812629642069904,2025-08-28 08:25:12
naive_adjacency,waste_collection_area,63,2,512,0001000100100000000101000,0,4.102918560127263,4.102918560127262,5.4577741010985745,6.812629642069904,2025-08-28 08:25:12
naive_adjacency,waste_collection_area,63,2,512,0000100100100000001001000,0,4.102918560127263,4.102918560127262,5.4577741010985745,6.812629642069904,2025-08-28 08:25:12
naive_adjacency,waste_collection_area,63,2,512,0001000001100000010001000,0,6.812629642069904,4.102918560127262,5.4577741010985745,6.812629642069904,2025-08-28 08:25:12
naive_adjacency,waste_collection_area,63,2,512,0000100010100000010001000,0,6.812629642069904,4.102918560127262,5.4577741010985745,6.812629642069904,2025-08-28 08:25:12
naive_adjacency,waste_collection_area,63,2,512,0100000100000101000000001,0,6.812629642069904,4.102918560127262,5.4577741010985745,6.812629642069904,2025-08-28 08:25:12
naive_adjacency,waste_collection_area,63,2,512,0100000100000011000000010,0,4.102918560127263,4.102918560127262,5.4577741010985745,6.812629642069904,2025-08-28 08:25:12
naive_adjacency,waste_collection_area,63,2,512,0100000010001001000000001,0,4.102918560127263,4.102918560127262,5.4577741010985745,6.812629642069904,2025-08-28 08:25:12
naive_adjacency,waste_collection_area,63,2,512,0100000001001001000000010,0,4.102918560127263,4.102918560127262,5.4577741010985745,6.812629642069904,2025-08-28 08:25:12
naive_adjacency,waste_collection_area,63,2,512,0100000010000011000000100,0,4.102918560127263,4.102918560127262,5.4577741010985745,6.812629642069904,2025-08-28 08:25:12
naive_adjacency,waste_collection_area,63,2,512,0100000001000101000000100,0,6.812629642069904,4.102918560127262,5.4577741010985745,6.812629642069904,2025-08-28 08:25:12
naive_adjacency,waste_collection_area,63,2,512,0010001000000101000000001,0,6.812629642069904,4.102918560127262,5.4577741010985745,6.812629642069904,2025-08-28 08:25:12
naive_adjacency,waste_collection_area,63,2,512,0010001000000011000000010,0,6.812629642069904,4.102918560127262,5.4577741010985745,6.812629642069904,2025-08-28 08:25:12
naive_adjacency,waste_collection_area,63,2,512,0001001000001001000000001,0,6.812629642069904,4.102918560127262,5.4577741010985745,6.812629642069904,2025-08-28 08:25:12
naive_adjacency,waste_collection_area,63,2,512,0000101000001001000000010,0,6.812629642069904,4.102918560127262,5.4577741010985745,6.812629642069904,2025-08-28 08:25:12
naive_adjacency,waste_collection_area,63,2,512,0001001000000011000000100,0,4.102918560127263,4.102918560127262,5.4577741010985745,6.812629642069904,2025-08-28 08:25:12
naive_adjacency,waste_collection_area,63,2,512,0000101000000101000000100,0,4.102918560127263,4.102918560127262,5.4577741010985745,6.812629642069904,2025-08-28 08:25:12
naive_adjacency,waste_collection_area,63,2,512,0010000010010001000000001,0,4.102918560127263,4.102918560127262,5.4577741010985745,6.812629642069904,2025-08-28 08:25:12
naive_adjacency,waste_collection_area,63,2,512,0010000001010001000000010,0,4.102918560127263,4.102918560127262,5.4577741010985745,6.812629642069904,2025-08-28 08:25:12
naive_adjacency,waste_collection_area,63,2,512,0001000100010001000000001,0,6.812629642069904,4.102918560127262,5.4577741010985745,6.812629642069904,2025-08-28 08:25:12
naive_adjacency,waste_collection_area,63,2,512,0000100100010001000000010,0,4.102918560127263,4.102918560127262,5.4577741010985745,6.812629642069904,2025-08-28 08:25:12
naive_adjacency,waste_collection_area,63,2,512,0001000001010001000000100,0,6.812629642069904,4.102918560127262,5.4577741010985745,6.812629642069904,2025-08-28 08:25:12
naive_adjacency,waste_collection_area,63,2,512,0000100010010001000000100,0,4.102918560127263,4.102918560127262,5.4577741010985745,6.812629642069904,2025-08-28 08:25:12
naive_adjacency,waste_collection_area,63,2,512,0010000010000011000001000,0,6.812629642069904,4.102918560127262,5.4577741010985745,6.812629642069904,2025-08-28 08:25:12
naive_adjacency,waste_collection_area,63,2,512,0010000001000101000001000,0,6.812629642069904,4.102918560127262,5.4577741010985745,6.812629642069904,2025-08-28 08:25:12
naive_adjacency,waste_collection_area,63,2,512,0001000100000011000001000,0,4.102918560127263,4.102918560127262,5.4577741010985745,6.812629642069904,2025-08-28 08:25:12
naive_adjacency,waste_collection_area,63,2,512,0000100100000101000001000,0,4.102918560127263,4.102918560127262,5.4577741010985745,6.812629642069904,2025-08-28 08:25:12
naive_adjacency,waste_collection_area,63,2,512,0001000001001001000001000,0,6.812629642069904,4.102918560127262,5.4577741010985745,6.812629642069904,2025-08-28 08:25:12
naive_adjacency,waste_collection_area,63,2,512,0000100010001001000001000,0,6.812629642069904,4.102918560127262,5.4577741010985745,6.812629642069904,2025-08-28 08:25:12
naive_adjacency,waste_collection_area,63,2,512,0100000100000100000110000,0,6.812629642069904,4.102918560127262,5.4577741010985745,6.812629642069904,2025-08-28 08:25:12
naive_adjacency,waste_collection_area,63,2,512,0100000100000010001010000,0,6.812629642069904,4.102918560127262,5.4577741010985745,6.812629642069904,2025-08-28 08:25:12
naive_adjacency,waste_collection_area,63,2,512,0100000010001000000110000,0,6.812629642069904,4.102918560127262,5.4577741010985745,6.812629642069904,2025-08-28 08:25:12
naive_adjacency,waste_collection_area,63,2,512,0100000001001000001010000,0,4.102918560127263,4.102918560127262,5.4577741010985745,6.812629642069904,2025-08-28 08:25:12
naive_adjacency,waste_collection_area,63,2,512,0100000010000010010010000,0,6.812629642069904,4.102918560127262,5.4577741010985745,6.812629642069904,2025-08-28 08:25:12
naive_adjacency,waste_collection_area,63,2,512,0100000001000100010010000,0,4.102918560127263,4.102918560127262,5.4577741010985745,6.812629642069904,2025-08-28 08:25:12
naive_adjacency,waste_collection_area,63,2,512,0010001000000100000110000,0,4.102918560127263,4.102918560127262,5.4577741010985745,6.812629642069904,2025-08-28 08:25:12
naive_adjacency,waste_collection_area,63,2,512,0010001000000010001010000,0,4.102918560127263,4.102918560127262,5.4577741010985745,6.812629642069904,2025-08-28 08:25:12
naive_adjacency,waste_collection_area,63,2,512,0001001000001000000110000,0,4.102918560127263,4.102918560127262,5.4577741010985745,6.812629642069904,2025-08-28 08:25:12
naive_adjacency,waste_collection_area,63,2,512,0000101000001000001010000,0,4.102918560127263,4.102918560127262,5.4577741010985745,6.812629642069904,2025-08-28 08:25:12
naive_adjacency,waste_collection_area,63,2,512,0001001000000010010010000,0,4.102918560127263,4.102918560127262,5.4577741010985745,6.812629642069904,2025-08-28 08:25:12
naive_adjacency,waste_collection_area,63,2,512,0000101000000100010010000,0,4.102918560127263,4.102918560127262,5.4577741010985745,6.812629642069904,2025-08-28 08:25:12
naive_adjacency,waste_collection_area,63,2,512,0010000010010000000110000,0,6.812629642069904,4.102918560127262,5.4577741010985745,6.812629642069904,2025-08-28 08:25:12
naive_adjacency,waste_collection_area,63,2,512,0010000001010000001010000,0,4.102918560127263,4.102918560127262,5.4577741010985745,6.812629642069904,2025-08-28 08:25:12
naive_adjacency,waste_collection_area,63,2,512,0001000100010000000110000,0,6.812629642069904,4.102918560127262,5.4577741010985745,6.812629642069904,2025-08-28 08:25:12
naive_adjacency,waste_collection_area,63,2,512,0000100100010000001010000,0,6.812629642069904,4.102918560127262,5.4577741010985745,6.812629642069904,2025-08-28 08:25:12
naive_adjacency,waste_collection_area,63,2,512,0001000001010000010010000,0,4.102918560127263,4.102918560127262,5.4577741010985745,6.812629642069904,2025-08-28 08:25:12
naive_adjacency,waste_collection_area,63,2,512,0000100010010000010010000,0,6.812629642069904,4.102918560127262,5.4577741010985745,6.812629642069904,2025-08-28 08:25:12
naive_adjacency,waste_collection_area,63,2,512,0010000010000010100010000,0,6.812629642069904,4.102918560127262,5.4577741010985745,6.812629642069904,2025-08-28 08:25:12
naive_adjacency,waste_collection_area,63,2,512,0010000001000100100010000,0,4.102918560127263,4.102918560127262,5.4577741010985745,6.812629642069904,2025-08-28 08:25:12
naive_adjacency,waste_collection_area,63,2,512,0001000100000010100010000,0,6.812629642069904,4.102918560127262,5.4577741010985745,6.812629642069904,2025-08-28 08:25:12
naive_adjacency,waste_collection_area,63,2,512,0000100100000100100010000,0,6.812629642069904,4.102918560127262,5.4577741010985745,6.812629642069904,2025-08-28 08:25:12
naive_adjacency,waste_collection_area,63,2,512,0001000001001000100010000,0,4.102918560127263,4.102918560127262,5.4577741010985745,6.812629642069904,2025-08-28 08:25:12
naive_adjacency,waste_collection_area,63,2,512,0000100010001000100010000,0,6.812629642069904,4.102918560127262,5.4577741010985745,6.812629642069904,2025-08-28 08:25:12
node_visit_time,waste_collection_area,63,2,512,000001010011,0,6.812629642069904,4.102918560127262,5.457774101098585,6.812629642069904,2025-08-28 08:26:01
node_visit_time,waste_collection_area,63,2,512,000001011010,0,6.812629642069904,4.102918560127262,5.457774101098585,6.812629642069904,2025-08-28 08:26:01
node_visit_time,waste_collection_area,63,2,512,000010001011,0,6.812629642069904,4.102918560127262,5.457774101098585,6.812629642069904,2025-08-28 08:26:01
node_visit_time,waste_collection_area,63,2,512,000010011001,0,4.102918560127263,4.102918560127262,5.457774101098585,6.812629642069904,2025-08-28 08:26:01
node_visit_time,waste_collection_area,63,2,512,000011001010,0,6.812629642069904,4.102918560127262,5.457774101098585,6.812629642069904,2025-08-28 08:26:01
node_visit_time,waste_collection_area,63,2,512,000011010001,0,4.102918560127263,4.102918560127262,5.457774101098585,6.812629642069904,2025-08-28 08:26:01
node_visit_time,waste_collection_area,63,2,512,001000010011,0,6.812629642069903,4.102918560127262,5.457774101098585,6.812629642069904,2025-08-28 08:26:01
node_visit_time,waste_collection_area,63,2,512,001000011010,0,4.102918560127262,4.102918560127262,5.457774101098585,6.812629642069904,2025-08-28 08:26:01
node_visit_time,waste_collection_area,63,2,512,001010000011,0,6.812629642069903,4.102918560127262,5.457774101098585,6.812629642069904,2025-08-28 08:26:01
node_visit_time,waste_collection_area,63,2,512,001010011000,0,4.102918560127263,4.102918560127262,5.457774101098585,6.812629642069904,2025-08-28 08:26:01
node_visit_time,waste_collection_area,63,2,512,001011000010,1,4.102918560127262,4.102918560127262,5.457774101098585,6.812629642069904,2025-08-28 08:26:01
node_visit_time,waste_collection_area,63,2,512,001011010000,0,4.102918560127263,4.102918560127262,5.457774101098585,6.812629642069904,2025-08-28 08:26:01
node_visit_time,waste_collection_area,63,2,512,010000001011,1,4.102918560127263,4.102918560127262,5.457774101098585,6.812629642069904,2025-08-28 08:26:01
node_visit_time,waste_collection_area,63,2,512,010000011001,0,4.102918560127262,4.102918560127262,5.457774101098585,6.812629642069904,2025-08-28 08:26:01
node_visit_time,waste_collection_area,63,2,512,010001000011,1,4.102918560127263,4.102918560127262,5.457774101098585,6.812629642069904,2025-08-28 08:26:01
node_visit_time,waste_collection_area,63,2,512,010001011000,0,6.812629642069904,4.102918560127262,5.457774101098585,6.812629642069904,2025-08-28 08:26:01
node_visit_time,waste_collection_area,63,2,512,010011000001,0,4.102918560127262,4.102918560127262,5.457774101098585,6.812629642069904,2025-08-28 08:26:01
node_visit_time,waste_collection_area,63,2,512,010011001000,0,6.812629642069904,4.102918560127262,5.457774101098585,6.812629642069904,2025-08-28 08:26:01
node_visit_time,waste_collection_area,63,2,512,011000001010,0,4.102918560127263,4.102918560127262,5.457774101098585,6.812629642069904,2025-08-28 08:26:01
node_visit_time,waste_collection_area,63,2,512,011000010001,0,6.812629642069903,4.102918560127262,5.457774101098585,6.812629642069904,2025-08-28 08:26:01
node_visit_time,waste_collection_area,63,2,512,011001000010,1,4.102918560127263,4.102918560127262,5.457774101098585,6.812629642069904,2025-08-28 08:26:01
node_visit_time,waste_collection_area,63,2,512,011001010000,0,6.812629642069904,4.102918560127262,5.457774101098585,6.812629642069904,2025-08-28 08:26:01
node_visit_time,waste_collection_area,63,2,512,011010000001,0,6.812629642069903,4.102918560127262,5.457774101098585,6.812629642069904,2025-08-28 08:26:01
node_visit_time,waste_collection_area,63,2,512,011010001000,0,6.812629642069904,4.102918560127262,5.457774101098585,6.812629642069904,2025-08-28 08:26:01
naive_adjacency,waste_collection_area,56,2,128,1000010000100001,0,19.876919324808856,17.97359693637821,18.946169104116787,19.876919324808856,2025-08-28 08:26:39
naive_adjacency,waste_collection_area,56,2,128,1000010000010010,0,17.97359693637821,17.97359693637821,18.946169104116787,19.876919324808856,2025-08-28 08:26:39
naive_adjacency,waste_collection_area,56,2,128,1000001001000001,0,18.987991051163284,17.97359693637821,18.946169104116787,19.876919324808856,2025-08-28 08:26:39
naive_adjacency,waste_collection_area,56,2,128,1000000101000010,0,17.97359693637821,17.97359693637821,18.946169104116787,19.876919324808856,2025-08-28 08:26:39
naive_adjacency,waste_collection_area,56,2,128,1000001000010100,0,18.987991051163288,17.97359693637821,18.946169104116787,19.876919324808856,2025-08-28 08:26:39
naive_adjacency,waste_collection_area,56,2,128,1000000100100100,0,19.876919324808856,17.97359693637821,18.946169104116787,19.876919324808856,2025-08-28 08:26:39
naive_adjacency,waste_collection_area,56,2,128,0100100000100001,0,17.97359693637821,17.97359693637821,18.946169104116787,19.876919324808856,2025-08-28 08:26:39
naive_adjacency,waste_collection_area,56,2,128,0100100000010010,0,19.876919324808856,17.97359693637821,18.946169104116787,19.876919324808856,2025-08-28 08:26:39
naive_adjacency,waste_collection_area,56,2,128,0010100001000001,0,18.987991051163288,17.97359693637821,18.946169104116787,19.876919324808856,2025-08-28 08:26:39
naive_adjacency,waste_collection_area,56,2,128,0001100001000010,0,19.876919324808856,17.97359693637821,18.946169104116787,19.876919324808856,2025-08-28 08:26:39
naive_adjacency,waste_collection_area,56,2,128,0010100000010100,0,18.987991051163288,17.97359693637821,18.946169104116787,19.876919324808856,2025-08-28 08:26:39
naive_adjacency,waste_collection_area,56,2,128,0001100000100100,0,17.97359693637821,17.97359693637821,18.946169104116787,19.876919324808856,2025-08-28 08:26:39
naive_adjacency,waste_collection_area,56,2,128,0100001010000001,0,17.97359693637821,17.97359693637821,18.946169104116787,19.876919324808856,2025-08-28 08:26:39
naive_adjacency,waste_collection_area,56,2,128,0100000110000010,0,18.987991051163288,17.97359693637821,18.946169104116787,19.876919324808856,2025-08-28 08:26:39
naive_adjacency,waste_collection_area,56,2,128,0010010010000001,0,19.876919324808853,17.97359693637821,18.946169104116787,19.876919324808856,2025-08-28 08:26:39
naive_adjacency,waste_collection_area,56,2,128,0001010010000010,0,18.987991051163288,17.97359693637821,18.946169104116787,19.876919324808856,2025-08-28 08:26:39
naive_adjacency,waste_collection_area,56,2,128,0010000110000100,0,19.876919324808856,17.97359693637821,18.946169104116787,19.876919324808856,2025-08-28 08:26:39
naive_adjacency,waste_collection_area,56,2,128,0001001010000100,0,17.97359693637821,17.97359693637821,18.946169104116787,19.876919324808856,2025-08-28 08:26:39
naive_adjacency,waste_collection_area,56,2,128,0100001000011000,0,19.876919324808856,17.97359693637821,18.946169104116787,19.876919324808856,2025-08-28 08:26:39
naive_adjacency,waste_collection_area,56,2,128,0100000100101000,0,18.987991051163288,17.97359693637821,18.946169104116787,19.876919324808856,2025-08-28 08:26:39
naive_adjacency,waste_collection_area,56,2,128,0010010000011000,0,17.97359693637821,17.97359693637821,18.946169104116787,19.876919324808856,2025-08-28 08:26:39
naive_adjacency,waste_collection_area,56,2,128,0001010000101000,0,18.987991051163288,17.97359693637821,18.946169104116787,19.876919324808856,2025-08-28 08:26:39
naive_adjacency,waste_collection_area,56,2,128,0010000101001000,0,17.97359693637821,17.97359693637821,18.946169104116787,19.876919324808856,2025-08-28 08:26:39
naive_adjacency,waste_collection_area,56,2,128,0001001001001000,0,19.876919324808856,17.97359693637821,18.946169104116787,19.876919324808856,2025-08-28 08:26:39
naive_adjacency,waste_collection_area,56,2,256,1000010000100001,0,19.876919324808856,17.97359693637821,18.946169104116787,19.876919324808856,2025-08-28 08:27:18
naive_adjacency,waste_collection_area,56,2,256,1000010000010010,0,17.97359693637821,17.97359693637821,18.946169104116787,19.876919324808856,2025-08-28 08:27:18
naive_adjacency,waste_collection_area,56,2,256,1000001001000001,0,18.987991051163284,17.97359693637821,18.946169104116787,19.876919324808856,2025-08-28 08:27:18
naive_adjacency,waste_collection_area,56,2,256,1000000101000010,0,17.97359693637821,17.97359693637821,18.946169104116787,19.876919324808856,2025-08-28 08:27:18
naive_adjacency,waste_collection_area,56,2,256,1000001000010100,0,18.987991051163288,17.97359693637821,18.946169104116787,19.876919324808856,2025-08-28 08:27:18
naive_adjacency,waste_collection_area,56,2,256,1000000100100100,0,19.876919324808856,17.97359693637821,18.946169104116787,19.876919324808856,2025-08-28 08:27:18
naive_adjacency,waste_collection_area,56,2,256,0100100000100001,0,17.97359693637821,17.97359693637821,18.946169104116787,19.876919324808856,2025-08-28 08:27:18
naive_adjacency,waste_collection_area,56,2,256,0100100000010010,0,19.876919324808856,17.97359693637821,18.946169104116787,19.876919324808856,2025-08-28 08:27:18
naive_adjacency,waste_collection_area,56,2,256,0010100001000001,0,18.987991051163288,17.97359693637821,18.946169104116787,19.876919324808856,2025-08-28 08:27:18
naive_adjacency,waste_collection_area,56,2,256,0001100001000010,0,19.876919324808856,17.97359693637821,18.946169104116787,19.876919324808856,2025-08-28 08:27:18
naive_adjacency,waste_collection_area,56,2,256,0010100000010100,0,18.987991051163288,17.97359693637821,18.946169104116787,19.876919324808856,2025-08-28 08:27:18
naive_adjacency,waste_collection_area,56,2,256,0001100000100100,0,17.97359693637821,17.97359693637821,18.946169104116787,19.876919324808856,2025-08-28 08:27:18
naive_adjacency,waste_collection_area,56,2,256,0100001010000001,0,17.97359693637821,17.97359693637821,18.946169104116787,19.876919324808856,2025-08-28 08:27:18
naive_adjacency,waste_collection_area,56,2,256,0100000110000010,0,18.987991051163288,17.97359693637821,18.946169104116787,19.876919324808856,2025-08-28 08:27:18
naive_adjacency,waste_collection_area,56,2,256,0010010010000001,0,19.876919324808853,17.97359693637821,18.946169104116787,19.876919324808856,2025-08-28 08:27:18
naive_adjacency,waste_collection_area,56,2,256,0001010010000010,0,18.987991051163288,17.97359693637821,18.946169104116787,19.876919324808856,2025-08-28 08:27:18
naive_adjacency,waste_collection_area,56,2,256,0010000110000100,0,19.876919324808856,17.97359693637821,18.946169104116787,19.876919324808856,2025-08-28 08:27:18
naive_adjacency,waste_collection_area,56,2,256,0001001010000100,0,17.97359693637821,17.97359693637821,18.946169104116787,19.876919324808856,2025-08-28 08:27:18
naive_adjacency,waste_collection_area,56,2,256,0100001000011000,0,19.876919324808856,17.97359693637821,18.946169104116787,19.876919324808856,2025-08-28 08:27:18
naive_adjacency,waste_collection_area,56,2,256,0100000100101000,0,18.987991051163288,17.97359693637821,18.946169104116787,19.876919324808856,2025-08-28 08:27:18
naive_adjacency,waste_collection_area,56,2,256,0010010000011000,0,17.97359693637821,17.97359693637821,18.946169104116787,19.876919324808856,2025-08-28 08:27:18
naive_adjacency,waste_collection_area,56,2,256,0001010000101000,0,18.987991051163288,17.97359693637821,18.946169104116787,19.876919324808856,2025-08-28 08:27:18
naive_adjacency,waste_collection_area,56,2,256,0010000101001000,0,17.97359693637821,17.97359693637821,18.946169104116787,19.876919324808856,2025-08-28 08:27:18
naive_adjacency,waste_collection_area,56,2,256,0001001001001000,0,19.876919324808856,17.97359693637821,18.946169104116787,19.876919324808856,2025-08-28 08:27:18
naive_adjacency,waste_collection_area,56,2,1024,1000010000100001,0,19.876919324808856,17.97359693637821,18.946169104116787,19.876919324808856,2025-08-28 08:27:57
naive_adjacency,waste_collection_area,56,2,1024,1000010000010010,0,17.97359693637821,17.97359693637821,18.946169104116787,19.876919324808856,2025-08-28 08:27:57
naive_adjacency,waste_collection_area,56,2,1024,1000001001000001,0,18.987991051163284,17.97359693637821,18.946169104116787,19.876919324808856,2025-08-28 08:27:57
naive_adjacency,waste_collection_area,56,2,1024,1000000101000010,0,17.97359693637821,17.97359693637821,18.946169104116787,19.876919324808856,2025-08-28 08:27:57
naive_adjacency,waste_collection_area,56,2,1024,1000001000010100,0,18.987991051163288,17.97359693637821,18.946169104116787,19.876919324808856,2025-08-28 08:27:57
naive_adjacency,waste_collection_area,56,2,1024,1000000100100100,0,19.876919324808856,17.97359693637821,18.946169104116787,19.876919324808856,2025-08-28 08:27:57
naive_adjacency,waste_collection_area,56,2,1024,0100100000100001,0,17.97359693637821,17.97359693637821,18.946169104116787,19.876919324808856,2025-08-28 08:27:57
naive_adjacency,waste_collection_area,56,2,1024,0100100000010010,0,19.876919324808856,17.97359693637821,18.946169104116787,19.876919324808856,2025-08-28 08:27:57
naive_adjacency,waste_collection_area,56,2,1024,0010100001000001,0,18.987991051163288,17.97359693637821,18.946169104116787,19.876919324808856,2025-08-28 08:27:57
naive_adjacency,waste_collection_area,56,2,1024,0001100001000010,0,19.876919324808856,17.97359693637821,18.946169104116787,19.876919324808856,2025-08-28 08:27:57
naive_adjacency,waste_collection_area,56,2,1024,0010100000010100,0,18.987991051163288,17.97359693637821,18.946169104116787,19.876919324808856,2025-08-28 08:27:57
naive_adjacency,waste_collection_area,56,2,1024,0001100000100100,0,17.97359693637821,17.97359693637821,18.946169104116787,19.876919324808856,2025-08-28 08:27:57
naive_adjacency,waste_collection_area,56,2,1024,0100001010000001,0,17.97359693637821,17.97359693637821,18.946169104116787,19.876919324808856,2025-08-28 08:27:57
naive_adjacency,waste_collection_area,56,2,1024,0100000110000010,0,18.987991051163288,17.97359693637821,18.946169104116787,19.876919324808856,2025-08-28 08:27:57
naive_adjacency,waste_collection_area,56,2,1024,0010010010000001,0,19.876919324808853,17.97359693637821,18.946169104116787,19.876919324808856,2025-08-28 08:27:57
naive_adjacency,waste_collection_area,56,2,1024,0001010010000010,0,18.987991051163288,17.97359693637821,18.946169104116787,19.876919324808856,2025-08-28 08:27:57
naive_adjacency,waste_collection_area,56,2,1024,0010000110000100,0,19.876919324808856,17.97359693637821,18.946169104116787,19.876919324808856,2025-08-28 08:27:57
naive_adjacency,waste_collection_area,56,2,1024,0001001010000100,0,17.97359693637821,17.97359693637821,18.946169104116787,19.876919324808856,2025-08-28 08:27:57
naive_adjacency,waste_collection_area,56,2,1024,0100001000011000,0,19.876919324808856,17.97359693637821,18.946169104116787,19.876919324808856,2025-08-28 08:27:57
naive_adjacency,waste_collection_area,56,2,1024,0100000100101000,0,18.987991051163288,17.97359693637821,18.946169104116787,19.876919324808856,2025-08-28 08:27:57
naive_adjacency,waste_collection_area,56,2,1024,0010010000011000,0,17.97359693637821,17.97359693637821,18.946169104116787,19.876919324808856,2025-08-28 08:27:57
naive_adjacency,waste_collection_area,56,2,1024,0001010000101000,0,18.987991051163288,17.97359693637821,18.946169104116787,19.876919324808856,2025-08-28 08:27:57
naive_adjacency,waste_collection_area,56,2,1024,0010000101001000,0,17.97359693637821,17.97359693637821,18.946169104116787,19.876919324808856,2025-08-28 08:27:57
naive_adjacency,waste_collection_area,56,2,1024,0001001001001000,0,19.876919324808856,17.97359693637821,18.946169104116787,19.876919324808856,2025-08-28 08:27:57
naive_adjacency,waste_collection_area,56,2,2048,1000010000100001,0,19.876919324808856,17.97359693637821,18.946169104116787,19.876919324808856,2025-08-28 08:28:40
naive_adjacency,waste_collection_area,56,2,2048,1000010000010010,0,17.97359693637821,17.97359693637821,18.946169104116787,19.876919324808856,2025-08-28 08:28:40
naive_adjacency,waste_collection_area,56,2,2048,1000001001000001,0,18.987991051163284,17.97359693637821,18.946169104116787,19.876919324808856,2025-08-28 08:28:40
naive_adjacency,waste_collection_area,56,2,2048,1000000101000010,0,17.97359693637821,17.97359693637821,18.946169104116787,19.876919324808856,2025-08-28 08:28:40
naive_adjacency,waste_collection_area,56,2,2048,1000001000010100,0,18.987991051163288,17.97359693637821,18.946169104116787,19.876919324808856,2025-08-28 08:28:40
naive_adjacency,waste_collection_area,56,2,2048,1000000100100100,0,19.876919324808856,17.97359693637821,18.946169104116787,19.876919324808856,2025-08-28 08:28:40
naive_adjacency,waste_collection_area,56,2,2048,0100100000100001,0,17.97359693637821,17.97359693637821,18.946169104116787,19.876919324808856,2025-08-28 08:28:40
naive_adjacency,waste_collection_area,56,2,2048,0100100000010010,0,19.876919324808856,17.97359693637821,18.946169104116787,19.876919324808856,2025-08-28 08:28:40
naive_adjacency,waste_collection_area,56,2,2048,0010100001000001,0,18.987991051163288,17.97359693637821,18.946169104116787,19.876919324808856,2025-08-28 08:28:40
naive_adjacency,waste_collection_area,56,2,2048,0001100001000010,0,19.876919324808856,17.97359693637821,18.946169104116787,19.876919324808856,2025-08-28 08:28:40
naive_adjacency,waste_collection_area,56,2,2048,0010100000010100,0,18.987991051163288,17.97359693637821,18.946169104116787,19.876919324808856,2025-08-28 08:28:40
naive_adjacency,waste_collection_area,56,2,2048,0001100000100100,0,17.97359693637821,17.97359693637821,18.946169104116787,19.876919324808856,2025-08-28 08:28:40
naive_adjacency,waste_collection_area,56,2,2048,0100001010000001,0,17.97359693637821,17.97359693637821,18.946169104116787,19.876919324808856,2025-08-28 08:28:40
naive_adjacency,waste_collection_area,56,2,2048,0100000110000010,0,18.987991051163288,17.97359693637821,18.946169104116787,19.876919324808856,2025-08-28 08:28:40
naive_adjacency,waste_collection_area,56,2,2048,0010010010000001,0,19.876919324808853,17.97359693637821,18.946169104116787,19.876919324808856,2025-08-28 08:28:40
naive_adjacency,waste_collection_area,56,2,2048,0001010010000010,0,18.987991051163288,17.97359693637821,18.946169104116787,19.876919324808856,2025-08-28 08:28:40
naive_adjacency,waste_collection_area,56,2,2048,0010000110000100,0,19.876919324808856,17.97359693637821,18.946169104116787,19.876919324808856,2025-08-28 08:28:40
naive_adjacency,waste_collection_area,56,2,2048,0001001010000100,0,17.97359693637821,17.97359693637821,18.946169104116787,19.876919324808856,2025-08-28 08:28:40
naive_adjacency,waste_collection_area,56,2,2048,0100001000011000,0,19.876919324808856,17.97359693637821,18.946169104116787,19.876919324808856,2025-08-28 08:28:40
naive_adjacency,waste_collection_area,56,2,2048,0100000100101000,0,18.987991051163288,17.97359693637821,18.946169104116787,19.876919324808856,2025-08-28 08:28:40
naive_adjacency,waste_collection_area,56,2,2048,0010010000011000,0,17.97359693637821,17.97359693637821,18.946169104116787,19.876919324808856,2025-08-28 08:28:40
naive_adjacency,waste_collection_area,56,2,2048,0001010000101000,0,18.987991051163288,17.97359693637821,18.946169104116787,19.876919324808856,2025-08-28 08:28:40
naive_adjacency,waste_collection_area,56,2,2048,0010000101001000,0,17.97359693637821,17.97359693637821,18.946169104116787,19.876919324808856,2025-08-28 08:28:40
naive_adjacency,waste_collection_area,56,2,2048,0001001001001000,0,19.876919324808856,17.97359693637821,18.946169104116787,19.876919324808856,2025-08-28 08:28:40
naive_adjacency,waste_collection_area,56,3,512,1000010000100001,0,19.876919324808856,17.97359693637821,18.946169104116787,19.876919324808856,2025-08-28 08:29:28
naive_adjacency,waste_collection_area,56,3,512,1000010000010010,0,17.97359693637821,17.97359693637821,18.946169104116787,19.876919324808856,2025-08-28 08:29:28
naive_adjacency,waste_collection_area,56,3,512,1000001001000001,0,18.987991051163284,17.97359693637821,18.946169104116787,19.876919324808856,2025-08-28 08:29:28
naive_adjacency,waste_collection_area,56,3,512,1000000101000010,0,17.97359693637821,17.97359693637821,18.946169104116787,19.876919324808856,2025-08-28 08:29:28
naive_adjacency,waste_collection_area,56,3,512,1000001000010100,0,18.987991051163288,17.97359693637821,18.946169104116787,19.876919324808856,2025-08-28 08:29:28
naive_adjacency,waste_collection_area,56,3,512,1000000100100100,0,19.876919324808856,17.97359693637821,18.946169104116787,19.876919324808856,2025-08-28 08:29:28
naive_adjacency,waste_collection_area,56,3,512,0100100000100001,0,17.97359693637821,17.97359693637821,18.946169104116787,19.876919324808856,2025-08-28 08:29:28
naive_adjacency,waste_collection_area,56,3,512,0100100000010010,0,19.876919324808856,17.97359693637821,18.946169104116787,19.876919324808856,2025-08-28 08:29:28
naive_adjacency,waste_collection_area,56,3,512,0010100001000001,0,18.987991051163288,17.97359693637821,18.946169104116787,19.876919324808856,2025-08-28 08:29:28
naive_adjacency,waste_collection_area,56,3,512,0001100001000010,0,19.876919324808856,17.97359693637821,18.946169104116787,19.876919324808856,2025-08-28 08:29:28
naive_adjacency,waste_collection_area,56,3,512,0010100000010100,0,18.987991051163288,17.97359693637821,18.946169104116787,19.876919324808856,2025-08-28 08:29:28
naive_adjacency,waste_collection_area,56,3,512,0001100000100100,0,17.97359693637821,17.97359693637821,18.946169104116787,19.876919324808856,2025-08-28 08:29:28
naive_adjacency,waste_collection_area,56,3,512,0100001010000001,0,17.97359693637821,17.97359693637821,18.946169104116787,19.876919324808856,2025-08-28 08:29:28
naive_adjacency,waste_collection_area,56,3,512,0100000110000010,0,18.987991051163288,17.97359693637821,18.946169104116787,19.876919324808856,2025-08-28 08:29:28
naive_adjacency,waste_collection_area,56,3,512,0010010010000001,0,19.876919324808853,17.97359693637821,18.946169104116787,19.876919324808856,2025-08-28 08:29:28
naive_adjacency,waste_collection_area,56,3,512,0001010010000010,0,18.987991051163288,17.97359693637821,18.946169104116787,19.876919324808856,2025-08-28 08:29:28
naive_adjacency,waste_collection_area,56,3,512,0010000110000100,0,19.876919324808856,17.97359693637821,18.946169104116787,19.876919324808856,2025-08-28 08:29:28
naive_adjacency,waste_collection_area,56,3,512,0001001010000100,0,17.97359693637821,17.97359693637821,18.946169104116787,19.876919324808856,2025-08-28 08:29:28
naive_adjacency,waste_collection_area,56,3,512,0100001000011000,0,19.876919324808856,17.97359693637821,18.946169104116787,19.876919324808856,2025-08-28 08:29:28
naive_adjacency,waste_collection_area,56,3,512,0100000100101000,0,18.987991051163288,17.97359693637821,18.946169104116787,19.876919324808856,2025-08-28 08:29:28
naive_adjacency,waste_collection_area,56,3,512,0010010000011000,0,17.97359693637821,17.97359693637821,18.946169104116787,19.876919324808856,2025-08-28 08:29:28
naive_adjacency,waste_collection_area,56,3,512,0001010000101000,0,18.987991051163288,17.97359693637821,18.946169104116787,19.876919324808856,2025-08-28 08:29:28
naive_adjacency,waste_collection_area,56,3,512,0010000101001000,0,17.97359693637821,17.97359693637821,18.946169104116787,19.876919324808856,2025-08-28 08:29:28
naive_adjacency,waste_collection_area,56,3,512,0001001001001000,0,19.876919324808856,17.97359693637821,18.946169104116787,19.876919324808856,2025-08-28 08:29:28
node_visit_time,waste_collection_area,56,3,512,000110,13,17.97359693637821,17.97359693637821,18.946169104116784,19.876919324808856,2025-08-28 08:30:19
node_visit_time,waste_collection_area,56,3,512,001001,12,18.987991051163288,17.97359693637821,18.946169104116784,19.876919324808856,2025-08-28 08:30:19
node_visit_time,waste_collection_area,56,3,512,010010,3,19.876919324808853,17.97359693637821,18.946169104116784,19.876919324808856,2025-08-28 08:30:19
node_visit_time,waste_collection_area,56,3,512,011000,10,19.876919324808856,17.97359693637821,18.946169104116784,19.876919324808856,2025-08-28 08:30:19
node_visit_time,waste_collection_area,56,3,512,100001,7,18.987991051163288,17.97359693637821,18.946169104116784,19.876919324808856,2025-08-28 08:30:19
node_visit_time,waste_collection_area,56,3,512,100100,12,17.97359693637821,17.97359693637821,18.946169104116784,19.876919324808856,2025-08-28 08:30:19
naive_adjacency,waste_collection_area,56,4,512,1000010000100001,0,19.876919324808856,17.97359693637821,18.946169104116787,19.876919324808856,2025-08-28 08:31:01
naive_adjacency,waste_collection_area,56,4,512,1000010000010010,0,17.97359693637821,17.97359693637821,18.946169104116787,19.876919324808856,2025-08-28 08:31:01
naive_adjacency,waste_collection_area,56,4,512,1000001001000001,0,18.987991051163284,17.97359693637821,18.946169104116787,19.876919324808856,2025-08-28 08:31:01
naive_adjacency,waste_collection_area,56,4,512,1000000101000010,0,17.97359693637821,17.97359693637821,18.946169104116787,19.876919324808856,2025-08-28 08:31:01
naive_adjacency,waste_collection_area,56,4,512,1000001000010100,0,18.987991051163288,17.97359693637821,18.946169104116787,19.876919324808856,2025-08-28 08:31:01
naive_adjacency,waste_collection_area,56,4,512,1000000100100100,0,19.876919324808856,17.97359693637821,18.946169104116787,19.876919324808856,2025-08-28 08:31:01
naive_adjacency,waste_collection_area,56,4,512,0100100000100001,0,17.97359693637821,17.97359693637821,18.946169104116787,19.876919324808856,2025-08-28 08:31:01
naive_adjacency,waste_collection_area,56,4,512,0100100000010010,0,19.876919324808856,17.97359693637821,18.946169104116787,19.876919324808856,2025-08-28 08:31:01
naive_adjacency,waste_collection_area,56,4,512,0010100001000001,0,18.987991051163288,17.97359693637821,18.946169104116787,19.876919324808856,2025-08-28 08:31:01
naive_adjacency,waste_collection_area,56,4,512,0001100001000010,0,19.876919324808856,17.97359693637821,18.946169104116787,19.876919324808856,2025-08-28 08:31:01
naive_adjacency,waste_collection_area,56,4,512,0010100000010100,0,18.987991051163288,17.97359693637821,18.946169104116787,19.876919324808856,2025-08-28 08:31:01
naive_adjacency,waste_collection_area,56,4,512,0001100000100100,0,17.97359693637821,17.97359693637821,18.946169104116787,19.876919324808856,2025-08-28 08:31:01
naive_adjacency,waste_collection_area,56,4,512,0100001010000001,0,17.97359693637821,17.97359693637821,18.946169104116787,19.876919324808856,2025-08-28 08:31:01
naive_adjacency,waste_collection_area,56,4,512,0100000110000010,0,18.987991051163288,17.97359693637821,18.946169104116787,19.876919324808856,2025-08-28 08:31:01
naive_adjacency,waste_collection_area,56,4,512,0010010010000001,0,19.876919324808853,17.97359693637821,18.946169104116787,19.876919324808856,2025-08-28 08:31:01
naive_adjacency,waste_collection_area,56,4,512,0001010010000010,0,18.987991051163288,17.97359693637821,18.946169104116787,19.876919324808856,2025-08-28 08:31:01
naive_adjacency,waste_collection_area,56,4,512,0010000110000100,0,19.876919324808856,17.97359693637821,18.946169104116787,19.876919324808856,2025-08-28 08:31:01
naive_adjacency,waste_collection_area,56,4,512,0001001010000100,0,17.97359693637821,17.97359693637821,18.946169104116787,19.876919324808856,2025-08-28 08:31:01
naive_adjacency,waste_collection_area,56,4,512,0100001000011000,0,19.876919324808856,17.97359693637821,18.946169104116787,19.876919324808856,2025-08-28 08:31:01
naive_adjacency,waste_collection_area,56,4,512,0100000100101000,0,18.987991051163288,17.97359693637821,18.946169104116787,19.876919324808856,2025-08-28 08:31:01
naive_adjacency,waste_collection_area,56,4,512,0010010000011000,0,17.97359693637821,17.97359693637821,18.946169104116787,19.876919324808856,2025-08-28 08:31:01
naive_adjacency,waste_collection_area,56,4,512,0001010000101000,0,18.987991051163288,17.97359693637821,18.946169104116787,19.876919324808856,2025-08-28 08:31:01
naive_adjacency,waste_collection_area,56,4,512,0010000101001000,0,17.97359693637821,17.97359693637821,18.946169104116787,19.876919324808856,2025-08-28 08:31:01
naive_adjacency,waste_collection_area,56,4,512,0001001001001000,0,19.876919324808856,17.97359693637821,18.946169104116787,19.876919324808856,2025-08-28 08:31:01
node_visit_time,waste_collection_area,56,4,512,000110,10,17.97359693637821,17.97359693637821,18.946169104116784,19.876919324808856,2025-08-28 08:36:32
node_visit_time,waste_collection_area,56,4,512,001001,8,18.987991051163288,17.97359693637821,18.946169104116784,19.876919324808856,2025-08-28 08:36:32
node_visit_time,waste_collection_area,56,4,512,010010,5,19.876919324808853,17.97359693637821,18.946169104116784,19.876919324808856,2025-08-28 08:36:32
node_visit_time,waste_collection_area,56,4,512,011000,10,19.876919324808856,17.97359693637821,18.946169104116784,19.876919324808856,2025-08-28 08:36:32
node_visit_time,waste_collection_area,56,4,512,100001,6,18.987991051163288,17.97359693637821,18.946169104116784,19.876919324808856,2025-08-28 08:36:32
node_visit_time,waste_collection_area,56,4,512,100100,9,17.97359693637821,17.97359693637821,18.946169104116784,19.876919324808856,2025-08-28 08:36:32
naive_adjacency,waste_collection_area,56,5,512,1000010000100001,0,19.876919324808856,17.97359693637821,18.946169104116787,19.876919324808856,2025-08-28 08:37:25
naive_adjacency,waste_collection_area,56,5,512,1000010000010010,0,17.97359693637821,17.97359693637821,18.946169104116787,19.876919324808856,2025-08-28 08:37:25
naive_adjacency,waste_collection_area,56,5,512,1000001001000001,0,18.987991051163284,17.97359693637821,18.946169104116787,19.876919324808856,2025-08-28 08:37:25
naive_adjacency,waste_collection_area,56,5,512,1000000101000010,0,17.97359693637821,17.97359693637821,18.946169104116787,19.876919324808856,2025-08-28 08:37:25
naive_adjacency,waste_collection_area,56,5,512,1000001000010100,0,18.987991051163288,17.97359693637821,18.946169104116787,19.876919324808856,2025-08-28 08:37:25
naive_adjacency,waste_collection_area,56,5,512,1000000100100100,0,19.876919324808856,17.97359693637821,18.946169104116787,19.876919324808856,2025-08-28 08:37:25
naive_adjacency,waste_collection_area,56,5,512,0100100000100001,0,17.97359693637821,17.97359693637821,18.946169104116787,19.876919324808856,2025-08-28 08:37:25
naive_adjacency,waste_collection_area,56,5,512,0100100000010010,0,19.876919324808856,17.97359693637821,18.946169104116787,19.876919324808856,2025-08-28 08:37:25
naive_adjacency,waste_collection_area,56,5,512,0010100001000001,0,18.987991051163288,17.97359693637821,18.946169104116787,19.876919324808856,2025-08-28 08:37:25
naive_adjacency,waste_collection_area,56,5,512,0001100001000010,0,19.876919324808856,17.97359693637821,18.946169104116787,19.876919324808856,2025-08-28 08:37:25
naive_adjacency,waste_collection_area,56,5,512,0010100000010100,0,18.987991051163288,17.97359693637821,18.946169104116787,19.876919324808856,2025-08-28 08:37:25
naive_adjacency,waste_collection_area,56,5,512,0001100000100100,0,17.97359693637821,17.97359693637821,18.946169104116787,19.876919324808856,2025-08-28 08:37:25
naive_adjacency,waste_collection_area,56,5,512,0100001010000001,0,17.97359693637821,17.97359693637821,18.946169104116787,19.876919324808856,2025-08-28 08:37:25
naive_adjacency,waste_collection_area,56,5,512,0100000110000010,0,18.987991051163288,17.97359693637821,18.946169104116787,19.876919324808856,2025-08-28 08:37:25
naive_adjacency,waste_collection_area,56,5,512,0010010010000001,0,19.876919324808853,17.97359693637821,18.946169104116787,19.876919324808856,2025-08-28 08:37:25
naive_adjacency,waste_collection_area,56,5,512,0001010010000010,0,18.987991051163288,17.97359693637821,18.946169104116787,19.876919324808856,2025-08-28 08:37:25
naive_adjacency,waste_collection_area,56,5,512,0010000110000100,0,19.876919324808856,17.97359693637821,18.946169104116787,19.876919324808856,2025-08-28 08:37:25
naive_adjacency,waste_collection_area,56,5,512,0001001010000100,0,17.97359693637821,17.97359693637821,18.946169104116787,19.876919324808856,2025-08-28 08:37:25
naive_adjacency,waste_collection_area,56,5,512,0100001000011000,0,19.876919324808856,17.97359693637821,18.946169104116787,19.876919324808856,2025-08-28 08:37:25
naive_adjacency,waste_collection_area,56,5,512,0100000100101000,0,18.987991051163288,17.97359693637821,18.946169104116787,19.876919324808856,2025-08-28 08:37:25
naive_adjacency,waste_collection_area,56,5,512,0010010000011000,0,17.97359693637821,17.97359693637821,18.946169104116787,19.876919324808856,2025-08-28 08:37:25
naive_adjacency,waste_collection_area,56,5,512,0001010000101000,0,18.987991051163288,17.97359693637821,18.946169104116787,19.876919324808856,2025-08-28 08:37:25
naive_adjacency,waste_collection_area,56,5,512,0010000101001000,0,17.97359693637821,17.97359693637821,18.946169104116787,19.876919324808856,2025-08-28 08:37:25
naive_adjacency,waste_collection_area,56,5,512,0001001001001000,0,19.876919324808856,17.97359693637821,18.946169104116787,19.876919324808856,2025-08-28 08:37:25
node_visit_time,waste_collection_area,56,5,512,000110,6,17.97359693637821,17.97359693637821,18.946169104116784,19.876919324808856,2025-08-28 08:38:52
node_visit_time,waste_collection_area,56,5,512,001001,8,18.987991051163288,17.97359693637821,18.946169104116784,19.876919324808856,2025-08-28 08:38:52
node_visit_time,waste_collection_area,56,5,512,010010,17,19.876919324808853,17.97359693637821,18.946169104116784,19.876919324808856,2025-08-28 08:38:52
node_visit_time,waste_collection_area,56,5,512,011000,8,19.876919324808856,17.97359693637821,18.946169104116784,19.876919324808856,2025-08-28 08:38:52
node_visit_time,waste_collection_area,56,5,512,100001,3,18.987991051163288,17.97359693637821,18.946169104116784,19.876919324808856,2025-08-28 08:38:52
node_visit_time,waste_collection_area,56,5,512,100100,6,17.97359693637821,17.97359693637821,18.946169104116784,19.876919324808856,2025-08-28 08:38:52
