conf_qubit_alloc,conf_cluster_type,conf_target_id,conf_qaoa_depth,shots,bit_string,count,cost,benchmark_min_cost,benchmark_avg_cost,benchmark_max_cost,timestamp
naive_adjacency,waste_collection_area,56,2,512,1.00001E+15,0,19.87691932,17.97359694,18.9461691,19.87691932,8/28/2025 8:18
naive_adjacency,waste_collection_area,56,2,512,1.00001E+15,0,17.97359694,17.97359694,18.9461691,19.87691932,8/28/2025 8:18
naive_adjacency,waste_collection_area,56,2,512,1E+15,0,18.98799105,17.97359694,18.9461691,19.87691932,8/28/2025 8:18
naive_adjacency,waste_collection_area,56,2,512,1E+15,0,17.97359694,17.97359694,18.9461691,19.87691932,8/28/2025 8:18
naive_adjacency,waste_collection_area,56,2,512,1E+15,0,18.98799105,17.97359694,18.9461691,19.87691932,8/28/2025 8:18
naive_adjacency,waste_collection_area,56,2,512,1E+15,0,19.87691932,17.97359694,18.9461691,19.87691932,8/28/2025 8:18
naive_adjacency,waste_collection_area,56,2,512,1.001E+14,0,17.97359694,17.97359694,18.9461691,19.87691932,8/28/2025 8:18
naive_adjacency,waste_collection_area,56,2,512,1.001E+14,0,19.87691932,17.97359694,18.9461691,19.87691932,8/28/2025 8:18
naive_adjacency,waste_collection_area,56,2,512,1.01E+13,0,18.98799105,17.97359694,18.9461691,19.87691932,8/28/2025 8:18
naive_adjacency,waste_collection_area,56,2,512,1.1E+12,0,19.87691932,17.97359694,18.9461691,19.87691932,8/28/2025 8:18
naive_adjacency,waste_collection_area,56,2,512,1.01E+13,0,18.98799105,17.97359694,18.9461691,19.87691932,8/28/2025 8:18
naive_adjacency,waste_collection_area,56,2,512,1.1E+12,0,17.97359694,17.97359694,18.9461691,19.87691932,8/28/2025 8:18
naive_adjacency,waste_collection_area,56,2,512,1.00001E+14,0,17.97359694,17.97359694,18.9461691,19.87691932,8/28/2025 8:18
naive_adjacency,waste_collection_area,56,2,512,1E+14,0,18.98799105,17.97359694,18.9461691,19.87691932,8/28/2025 8:18
naive_adjacency,waste_collection_area,56,2,512,1.001E+13,0,19.87691932,17.97359694,18.9461691,19.87691932,8/28/2025 8:18
naive_adjacency,waste_collection_area,56,2,512,1.01001E+12,0,18.98799105,17.97359694,18.9461691,19.87691932,8/28/2025 8:18
naive_adjacency,waste_collection_area,56,2,512,1.00001E+13,0,19.87691932,17.97359694,18.9461691,19.87691932,8/28/2025 8:18
naive_adjacency,waste_collection_area,56,2,512,1.00101E+12,0,17.97359694,17.97359694,18.9461691,19.87691932,8/28/2025 8:18
naive_adjacency,waste_collection_area,56,2,512,1.00001E+14,0,19.87691932,17.97359694,18.9461691,19.87691932,8/28/2025 8:18
naive_adjacency,waste_collection_area,56,2,512,1E+14,0,18.98799105,17.97359694,18.9461691,19.87691932,8/28/2025 8:18
naive_adjacency,waste_collection_area,56,2,512,1.001E+13,0,17.97359694,17.97359694,18.9461691,19.87691932,8/28/2025 8:18
naive_adjacency,waste_collection_area,56,2,512,1.01E+12,0,18.98799105,17.97359694,18.9461691,19.87691932,8/28/2025 8:18
naive_adjacency,waste_collection_area,56,2,512,1.00001E+13,0,17.97359694,17.97359694,18.9461691,19.87691932,8/28/2025 8:18
naive_adjacency,waste_collection_area,56,2,512,1.001E+12,0,19.87691932,17.97359694,18.9461691,19.87691932,8/28/2025 8:18
node_visit_time,waste_collection_area,56,2,512,110,11,17.97359694,17.97359694,18.9461691,19.87691932,8/28/2025 8:18
node_visit_time,waste_collection_area,56,2,512,1001,3,18.98799105,17.97359694,18.9461691,19.87691932,8/28/2025 8:18
node_visit_time,waste_collection_area,56,2,512,10010,12,19.87691932,17.97359694,18.9461691,19.87691932,8/28/2025 8:18
node_visit_time,waste_collection_area,56,2,512,11000,6,19.87691932,17.97359694,18.9461691,19.87691932,8/28/2025 8:18
node_visit_time,waste_collection_area,56,2,512,100001,5,18.98799105,17.97359694,18.9461691,19.87691932,8/28/2025 8:18
node_visit_time,waste_collection_area,56,2,512,100100,8,17.97359694,17.97359694,18.9461691,19.87691932,8/28/2025 8:18
naive_adjacency,waste_collection_area,108,2,512,100010001,0,14.049711,14.049711,14.049711,14.049711,8/28/2025 8:19
naive_adjacency,waste_collection_area,108,2,512,100001010,0,14.049711,14.049711,14.049711,14.049711,8/28/2025 8:19
naive_adjacency,waste_collection_area,108,2,512,10100001,1,14.049711,14.049711,14.049711,14.049711,8/28/2025 8:19
naive_adjacency,waste_collection_area,108,2,512,1100010,3,14.049711,14.049711,14.049711,14.049711,8/28/2025 8:19
naive_adjacency,waste_collection_area,108,2,512,10001100,0,14.049711,14.049711,14.049711,14.049711,8/28/2025 8:19
naive_adjacency,waste_collection_area,108,2,512,1010100,2,14.049711,14.049711,14.049711,14.049711,8/28/2025 8:19
node_visit_time,waste_collection_area,108,2,512,1,37,14.049711,14.049711,14.049711,14.049711,8/28/2025 8:20
node_visit_time,waste_collection_area,108,2,512,100,41,14.049711,14.049711,14.049711,14.049711,8/28/2025 8:20
naive_adjacency,waste_collection_area,47,2,512,1.00001E+15,0,3.366726069,3.366726069,4.246461226,6.005931539,8/28/2025 8:20
naive_adjacency,waste_collection_area,47,2,512,1.00001E+15,0,6.005931539,3.366726069,4.246461226,6.005931539,8/28/2025 8:20
naive_adjacency,waste_collection_area,47,2,512,1E+15,0,3.366726069,3.366726069,4.246461226,6.005931539,8/28/2025 8:20
naive_adjacency,waste_collection_area,47,2,512,1E+15,0,6.005931539,3.366726069,4.246461226,6.005931539,8/28/2025 8:20
naive_adjacency,waste_collection_area,47,2,512,1E+15,0,3.366726069,3.366726069,4.246461226,6.005931539,8/28/2025 8:20
naive_adjacency,waste_collection_area,47,2,512,1E+15,0,3.366726069,3.366726069,4.246461226,6.005931539,8/28/2025 8:20
naive_adjacency,waste_collection_area,47,2,512,1.001E+14,0,6.005931539,3.366726069,4.246461226,6.005931539,8/28/2025 8:20
naive_adjacency,waste_collection_area,47,2,512,1.001E+14,0,3.366726069,3.366726069,4.246461226,6.005931539,8/28/2025 8:20
naive_adjacency,waste_collection_area,47,2,512,1.01E+13,0,3.366726069,3.366726069,4.246461226,6.005931539,8/28/2025 8:20
naive_adjacency,waste_collection_area,47,2,512,1.1E+12,0,3.366726069,3.366726069,4.246461226,6.005931539,8/28/2025 8:20
naive_adjacency,waste_collection_area,47,2,512,1.01E+13,0,3.366726069,3.366726069,4.246461226,6.005931539,8/28/2025 8:20
naive_adjacency,waste_collection_area,47,2,512,1.1E+12,0,6.005931539,3.366726069,4.246461226,6.005931539,8/28/2025 8:20
naive_adjacency,waste_collection_area,47,2,512,1.00001E+14,0,6.005931539,3.366726069,4.246461226,6.005931539,8/28/2025 8:20
naive_adjacency,waste_collection_area,47,2,512,1E+14,0,3.366726069,3.366726069,4.246461226,6.005931539,8/28/2025 8:20
naive_adjacency,waste_collection_area,47,2,512,1.001E+13,0,3.366726069,3.366726069,4.246461226,6.005931539,8/28/2025 8:20
naive_adjacency,waste_collection_area,47,2,512,1.01001E+12,0,3.366726069,3.366726069,4.246461226,6.005931539,8/28/2025 8:20
naive_adjacency,waste_collection_area,47,2,512,1.00001E+13,0,3.366726069,3.366726069,4.246461226,6.005931539,8/28/2025 8:20
naive_adjacency,waste_collection_area,47,2,512,1.00101E+12,0,6.005931539,3.366726069,4.246461226,6.005931539,8/28/2025 8:20
naive_adjacency,waste_collection_area,47,2,512,1.00001E+14,0,3.366726069,3.366726069,4.246461226,6.005931539,8/28/2025 8:20
naive_adjacency,waste_collection_area,47,2,512,1E+14,0,3.366726069,3.366726069,4.246461226,6.005931539,8/28/2025 8:20
naive_adjacency,waste_collection_area,47,2,512,1.001E+13,0,6.005931539,3.366726069,4.246461226,6.005931539,8/28/2025 8:20
naive_adjacency,waste_collection_area,47,2,512,1.01E+12,0,3.366726069,3.366726069,4.246461226,6.005931539,8/28/2025 8:20
naive_adjacency,waste_collection_area,47,2,512,1.00001E+13,0,6.005931539,3.366726069,4.246461226,6.005931539,8/28/2025 8:20
naive_adjacency,waste_collection_area,47,2,512,1.001E+12,0,3.366726069,3.366726069,4.246461226,6.005931539,8/28/2025 8:20
node_visit_time,waste_collection_area,47,2,512,110,9,3.366726069,3.366726069,4.246461226,6.005931539,8/28/2025 8:21
node_visit_time,waste_collection_area,47,2,512,1001,6,6.005931539,3.366726069,4.246461226,6.005931539,8/28/2025 8:21
node_visit_time,waste_collection_area,47,2,512,10010,9,3.366726069,3.366726069,4.246461226,6.005931539,8/28/2025 8:21
node_visit_time,waste_collection_area,47,2,512,11000,9,3.366726069,3.366726069,4.246461226,6.005931539,8/28/2025 8:21
node_visit_time,waste_collection_area,47,2,512,100001,7,6.005931539,3.366726069,4.246461226,6.005931539,8/28/2025 8:21
node_visit_time,waste_collection_area,47,2,512,100100,9,3.366726069,3.366726069,4.246461226,6.005931539,8/28/2025 8:21
naive_adjacency,waste_facility,5,2,512,1E+35,0,44.88430361,27.15451083,37.4672525,45.90426037,8/28/2025 8:22
naive_adjacency,waste_facility,5,2,512,1E+35,0,42.52872548,27.15451083,37.4672525,45.90426037,8/28/2025 8:22
naive_adjacency,waste_facility,5,2,512,1E+35,0,42.6908204,27.15451083,37.4672525,45.90426037,8/28/2025 8:22
naive_adjacency,waste_facility,5,2,512,1E+35,0,41.64524764,27.15451083,37.4672525,45.90426037,8/28/2025 8:22
naive_adjacency,waste_facility,5,2,512,1E+35,0,43.54868224,27.15451083,37.4672525,45.90426037,8/28/2025 8:22
naive_adjacency,waste_facility,5,2,512,1E+35,0,44.8586876,27.15451083,37.4672525,45.90426037,8/28/2025 8:22
naive_adjacency,waste_facility,5,2,512,1E+35,0,29.51008896,27.15451083,37.4672525,45.90426037,8/28/2025 8:22
naive_adjacency,waste_facility,5,2,512,1E+35,0,30.36795079,27.15451083,37.4672525,45.90426037,8/28/2025 8:22
naive_adjacency,waste_facility,5,2,512,1E+35,0,30.53004571,27.15451083,37.4672525,45.90426037,8/28/2025 8:22
naive_adjacency,waste_facility,5,2,512,1E+35,0,30.36795079,27.15451083,37.4672525,45.90426037,8/28/2025 8:22
naive_adjacency,waste_facility,5,2,512,1E+35,0,28.17446758,27.15451083,37.4672525,45.90426037,8/28/2025 8:22
naive_adjacency,waste_facility,5,2,512,1E+35,0,27.15451083,27.15451083,37.4672525,45.90426037,8/28/2025 8:22
naive_adjacency,waste_facility,5,2,512,1E+35,0,42.6908204,27.15451083,37.4672525,45.90426037,8/28/2025 8:22
naive_adjacency,waste_facility,5,2,512,1E+35,0,42.66520439,27.15451083,37.4672525,45.90426037,8/28/2025 8:22
naive_adjacency,waste_facility,5,2,512,1E+35,0,45.90426037,27.15451083,37.4672525,45.90426037,8/28/2025 8:22
naive_adjacency,waste_facility,5,2,512,1E+35,0,43.54868224,27.15451083,37.4672525,45.90426037,8/28/2025 8:22
naive_adjacency,waste_facility,5,2,512,1E+35,0,44.8586876,27.15451083,37.4672525,45.90426037,8/28/2025 8:22
naive_adjacency,waste_facility,5,2,512,1E+35,0,42.52872548,27.15451083,37.4672525,45.90426037,8/28/2025 8:22
naive_adjacency,waste_facility,5,2,512,1E+35,0,43.54868224,27.15451083,37.4672525,45.90426037,8/28/2025 8:22
naive_adjacency,waste_facility,5,2,512,1E+35,0,42.66520439,27.15451083,37.4672525,45.90426037,8/28/2025 8:22
naive_adjacency,waste_facility,5,2,512,1E+35,0,40.33524227,27.15451083,37.4672525,45.90426037,8/28/2025 8:22
naive_adjacency,waste_facility,5,2,512,1E+35,0,40.33524227,27.15451083,37.4672525,45.90426037,8/28/2025 8:22
naive_adjacency,waste_facility,5,2,512,1E+35,0,41.64524764,27.15451083,37.4672525,45.90426037,8/28/2025 8:22
naive_adjacency,waste_facility,5,2,512,1E+35,0,42.52872548,27.15451083,37.4672525,45.90426037,8/28/2025 8:22
naive_adjacency,waste_facility,5,2,512,1E+35,0,30.3935668,27.15451083,37.4672525,45.90426037,8/28/2025 8:22
naive_adjacency,waste_facility,5,2,512,1E+35,0,28.03798867,27.15451083,37.4672525,45.90426037,8/28/2025 8:22
naive_adjacency,waste_facility,5,2,512,1E+35,0,43.57429825,27.15451083,37.4672525,45.90426037,8/28/2025 8:22
naive_adjacency,waste_facility,5,2,512,1E+35,0,42.52872548,27.15451083,37.4672525,45.90426037,8/28/2025 8:22
naive_adjacency,waste_facility,5,2,512,1E+35,0,41.21872012,27.15451083,37.4672525,45.90426037,8/28/2025 8:22
naive_adjacency,waste_facility,5,2,512,1E+35,0,42.52872548,27.15451083,37.4672525,45.90426037,8/28/2025 8:22
naive_adjacency,waste_facility,5,2,512,1E+35,0,30.3935668,27.15451083,37.4672525,45.90426037,8/28/2025 8:22
naive_adjacency,waste_facility,5,2,512,1E+35,0,28.03798867,27.15451083,37.4672525,45.90426037,8/28/2025 8:22
naive_adjacency,waste_facility,5,2,512,1E+35,0,43.57429825,27.15451083,37.4672525,45.90426037,8/28/2025 8:22
naive_adjacency,waste_facility,5,2,512,1E+35,0,42.52872548,27.15451083,37.4672525,45.90426037,8/28/2025 8:22
naive_adjacency,waste_facility,5,2,512,1E+35,0,41.21872012,27.15451083,37.4672525,45.90426037,8/28/2025 8:22
naive_adjacency,waste_facility,5,2,512,1E+35,0,42.52872548,27.15451083,37.4672525,45.90426037,8/28/2025 8:22
naive_adjacency,waste_facility,5,2,512,1E+35,0,28.2000836,27.15451083,37.4672525,45.90426037,8/28/2025 8:22
naive_adjacency,waste_facility,5,2,512,1E+35,0,40.33524227,27.15451083,37.4672525,45.90426037,8/28/2025 8:22
naive_adjacency,waste_facility,5,2,512,1E+35,0,28.2000836,27.15451083,37.4672525,45.90426037,8/28/2025 8:22
naive_adjacency,waste_facility,5,2,512,1E+35,0,40.33524227,27.15451083,37.4672525,45.90426037,8/28/2025 8:22
naive_adjacency,waste_facility,5,2,512,1E+35,0,27.15451083,27.15451083,37.4672525,45.90426037,8/28/2025 8:22
naive_adjacency,waste_facility,5,2,512,1E+35,0,27.15451083,27.15451083,37.4672525,45.90426037,8/28/2025 8:22
naive_adjacency,waste_facility,5,2,512,1E+35,0,29.05794543,27.15451083,37.4672525,45.90426037,8/28/2025 8:22
naive_adjacency,waste_facility,5,2,512,1E+35,0,43.54868224,27.15451083,37.4672525,45.90426037,8/28/2025 8:22
naive_adjacency,waste_facility,5,2,512,1E+35,0,29.05794543,27.15451083,37.4672525,45.90426037,8/28/2025 8:22
naive_adjacency,waste_facility,5,2,512,1E+35,0,43.54868224,27.15451083,37.4672525,45.90426037,8/28/2025 8:22
naive_adjacency,waste_facility,5,2,512,1E+35,0,30.36795079,27.15451083,37.4672525,45.90426037,8/28/2025 8:22
naive_adjacency,waste_facility,5,2,512,1E+35,0,30.36795079,27.15451083,37.4672525,45.90426037,8/28/2025 8:22
naive_adjacency,waste_facility,5,2,512,1E+35,0,29.51008896,27.15451083,37.4672525,45.90426037,8/28/2025 8:22
naive_adjacency,waste_facility,5,2,512,1E+35,0,30.36795079,27.15451083,37.4672525,45.90426037,8/28/2025 8:22
naive_adjacency,waste_facility,5,2,512,1E+35,0,30.53004571,27.15451083,37.4672525,45.90426037,8/28/2025 8:22
naive_adjacency,waste_facility,5,2,512,1E+35,0,30.36795079,27.15451083,37.4672525,45.90426037,8/28/2025 8:22
naive_adjacency,waste_facility,5,2,512,1E+35,0,28.17446758,27.15451083,37.4672525,45.90426037,8/28/2025 8:22
naive_adjacency,waste_facility,5,2,512,1E+35,0,27.15451083,27.15451083,37.4672525,45.90426037,8/28/2025 8:22
naive_adjacency,waste_facility,5,2,512,1E+35,0,44.88430361,27.15451083,37.4672525,45.90426037,8/28/2025 8:22
naive_adjacency,waste_facility,5,2,512,1E+35,0,42.52872548,27.15451083,37.4672525,45.90426037,8/28/2025 8:22
naive_adjacency,waste_facility,5,2,512,1E+35,0,42.6908204,27.15451083,37.4672525,45.90426037,8/28/2025 8:22
naive_adjacency,waste_facility,5,2,512,1E+35,0,41.64524764,27.15451083,37.4672525,45.90426037,8/28/2025 8:22
naive_adjacency,waste_facility,5,2,512,1E+35,0,43.54868224,27.15451083,37.4672525,45.90426037,8/28/2025 8:22
naive_adjacency,waste_facility,5,2,512,1E+35,0,44.8586876,27.15451083,37.4672525,45.90426037,8/28/2025 8:22
naive_adjacency,waste_facility,5,2,512,1E+35,0,45.90426037,27.15451083,37.4672525,45.90426037,8/28/2025 8:22
naive_adjacency,waste_facility,5,2,512,1E+35,0,43.54868224,27.15451083,37.4672525,45.90426037,8/28/2025 8:22
naive_adjacency,waste_facility,5,2,512,1E+35,0,42.6908204,27.15451083,37.4672525,45.90426037,8/28/2025 8:22
naive_adjacency,waste_facility,5,2,512,1E+35,0,42.66520439,27.15451083,37.4672525,45.90426037,8/28/2025 8:22
naive_adjacency,waste_facility,5,2,512,1E+35,0,42.52872548,27.15451083,37.4672525,45.90426037,8/28/2025 8:22
naive_adjacency,waste_facility,5,2,512,1E+35,0,44.8586876,27.15451083,37.4672525,45.90426037,8/28/2025 8:22
naive_adjacency,waste_facility,5,2,512,1E+35,0,40.33524227,27.15451083,37.4672525,45.90426037,8/28/2025 8:22
naive_adjacency,waste_facility,5,2,512,1E+35,0,40.33524227,27.15451083,37.4672525,45.90426037,8/28/2025 8:22
naive_adjacency,waste_facility,5,2,512,1E+35,0,43.54868224,27.15451083,37.4672525,45.90426037,8/28/2025 8:22
naive_adjacency,waste_facility,5,2,512,1E+35,0,42.66520439,27.15451083,37.4672525,45.90426037,8/28/2025 8:22
naive_adjacency,waste_facility,5,2,512,1E+35,0,42.52872548,27.15451083,37.4672525,45.90426037,8/28/2025 8:22
naive_adjacency,waste_facility,5,2,512,1E+35,0,41.64524764,27.15451083,37.4672525,45.90426037,8/28/2025 8:22
naive_adjacency,waste_facility,5,2,512,1E+35,0,43.57429825,27.15451083,37.4672525,45.90426037,8/28/2025 8:22
naive_adjacency,waste_facility,5,2,512,1E+35,0,43.54868224,27.15451083,37.4672525,45.90426037,8/28/2025 8:22
naive_adjacency,waste_facility,5,2,512,1E+35,0,31.41352356,27.15451083,37.4672525,45.90426037,8/28/2025 8:22
naive_adjacency,waste_facility,5,2,512,1E+35,0,29.05794543,27.15451083,37.4672525,45.90426037,8/28/2025 8:22
naive_adjacency,waste_facility,5,2,512,1E+35,0,43.54868224,27.15451083,37.4672525,45.90426037,8/28/2025 8:22
naive_adjacency,waste_facility,5,2,512,1E+35,0,41.21872012,27.15451083,37.4672525,45.90426037,8/28/2025 8:22
naive_adjacency,waste_facility,5,2,512,1E+35,0,28.2000836,27.15451083,37.4672525,45.90426037,8/28/2025 8:22
naive_adjacency,waste_facility,5,2,512,1E+35,0,40.33524227,27.15451083,37.4672525,45.90426037,8/28/2025 8:22
naive_adjacency,waste_facility,5,2,512,1E+35,0,28.2000836,27.15451083,37.4672525,45.90426037,8/28/2025 8:22
naive_adjacency,waste_facility,5,2,512,1E+35,0,40.33524227,27.15451083,37.4672525,45.90426037,8/28/2025 8:22
naive_adjacency,waste_facility,5,2,512,1E+35,0,28.17446758,27.15451083,37.4672525,45.90426037,8/28/2025 8:22
naive_adjacency,waste_facility,5,2,512,1E+35,0,28.17446758,27.15451083,37.4672525,45.90426037,8/28/2025 8:22
naive_adjacency,waste_facility,5,2,512,1E+35,0,31.41352356,27.15451083,37.4672525,45.90426037,8/28/2025 8:22
naive_adjacency,waste_facility,5,2,512,1E+35,0,29.05794543,27.15451083,37.4672525,45.90426037,8/28/2025 8:22
naive_adjacency,waste_facility,5,2,512,1E+35,0,43.57429825,27.15451083,37.4672525,45.90426037,8/28/2025 8:22
naive_adjacency,waste_facility,5,2,512,1E+35,0,43.54868224,27.15451083,37.4672525,45.90426037,8/28/2025 8:22
naive_adjacency,waste_facility,5,2,512,1E+35,0,41.21872012,27.15451083,37.4672525,45.90426037,8/28/2025 8:22
naive_adjacency,waste_facility,5,2,512,1E+35,0,43.54868224,27.15451083,37.4672525,45.90426037,8/28/2025 8:22
naive_adjacency,waste_facility,5,2,512,1E+35,0,42.52872548,27.15451083,37.4672525,45.90426037,8/28/2025 8:22
naive_adjacency,waste_facility,5,2,512,1E+35,0,28.03798867,27.15451083,37.4672525,45.90426037,8/28/2025 8:22
naive_adjacency,waste_facility,5,2,512,1E+35,0,30.36795079,27.15451083,37.4672525,45.90426037,8/28/2025 8:22
naive_adjacency,waste_facility,5,2,512,1E+35,0,30.36795079,27.15451083,37.4672525,45.90426037,8/28/2025 8:22
naive_adjacency,waste_facility,5,2,512,1E+35,0,28.03798867,27.15451083,37.4672525,45.90426037,8/28/2025 8:22
naive_adjacency,waste_facility,5,2,512,1E+35,0,42.52872548,27.15451083,37.4672525,45.90426037,8/28/2025 8:22
naive_adjacency,waste_facility,5,2,512,1E+35,0,43.57429825,27.15451083,37.4672525,45.90426037,8/28/2025 8:22
naive_adjacency,waste_facility,5,2,512,1E+35,0,42.6908204,27.15451083,37.4672525,45.90426037,8/28/2025 8:22
naive_adjacency,waste_facility,5,2,512,1E+35,0,28.2000836,27.15451083,37.4672525,45.90426037,8/28/2025 8:22
naive_adjacency,waste_facility,5,2,512,1E+35,0,28.2000836,27.15451083,37.4672525,45.90426037,8/28/2025 8:22
naive_adjacency,waste_facility,5,2,512,1E+35,0,42.6908204,27.15451083,37.4672525,45.90426037,8/28/2025 8:22
naive_adjacency,waste_facility,5,2,512,1E+35,0,43.57429825,27.15451083,37.4672525,45.90426037,8/28/2025 8:22
naive_adjacency,waste_facility,5,2,512,1E+35,0,31.41352356,27.15451083,37.4672525,45.90426037,8/28/2025 8:22
naive_adjacency,waste_facility,5,2,512,1E+35,0,45.90426037,27.15451083,37.4672525,45.90426037,8/28/2025 8:22
naive_adjacency,waste_facility,5,2,512,1E+35,0,31.41352356,27.15451083,37.4672525,45.90426037,8/28/2025 8:22
naive_adjacency,waste_facility,5,2,512,1E+35,0,45.90426037,27.15451083,37.4672525,45.90426037,8/28/2025 8:22
naive_adjacency,waste_facility,5,2,512,1E+35,0,30.53004571,27.15451083,37.4672525,45.90426037,8/28/2025 8:22
naive_adjacency,waste_facility,5,2,512,1E+35,0,30.53004571,27.15451083,37.4672525,45.90426037,8/28/2025 8:22
naive_adjacency,waste_facility,5,2,512,1E+35,0,28.2000836,27.15451083,37.4672525,45.90426037,8/28/2025 8:22
naive_adjacency,waste_facility,5,2,512,1E+35,0,28.2000836,27.15451083,37.4672525,45.90426037,8/28/2025 8:22
naive_adjacency,waste_facility,5,2,512,1E+35,0,43.57429825,27.15451083,37.4672525,45.90426037,8/28/2025 8:22
naive_adjacency,waste_facility,5,2,512,1E+35,0,42.6908204,27.15451083,37.4672525,45.90426037,8/28/2025 8:22
naive_adjacency,waste_facility,5,2,512,1E+35,0,43.57429825,27.15451083,37.4672525,45.90426037,8/28/2025 8:22
naive_adjacency,waste_facility,5,2,512,1E+35,0,42.6908204,27.15451083,37.4672525,45.90426037,8/28/2025 8:22
naive_adjacency,waste_facility,5,2,512,1E+35,0,44.88430361,27.15451083,37.4672525,45.90426037,8/28/2025 8:22
naive_adjacency,waste_facility,5,2,512,1E+35,0,30.3935668,27.15451083,37.4672525,45.90426037,8/28/2025 8:22
naive_adjacency,waste_facility,5,2,512,1E+35,0,29.51008896,27.15451083,37.4672525,45.90426037,8/28/2025 8:22
naive_adjacency,waste_facility,5,2,512,1E+35,0,29.51008896,27.15451083,37.4672525,45.90426037,8/28/2025 8:22
naive_adjacency,waste_facility,5,2,512,1E+35,0,30.3935668,27.15451083,37.4672525,45.90426037,8/28/2025 8:22
naive_adjacency,waste_facility,5,2,512,1E+35,0,44.88430361,27.15451083,37.4672525,45.90426037,8/28/2025 8:22
naive_adjacency,waste_facility,5,2,512,1.00001E+34,0,42.52872548,27.15451083,37.4672525,45.90426037,8/28/2025 8:22
naive_adjacency,waste_facility,5,2,512,1.00001E+34,0,42.52872548,27.15451083,37.4672525,45.90426037,8/28/2025 8:22
naive_adjacency,waste_facility,5,2,512,1.00001E+34,0,40.33524227,27.15451083,37.4672525,45.90426037,8/28/2025 8:22
naive_adjacency,waste_facility,5,2,512,1.00001E+34,0,27.15451083,27.15451083,37.4672525,45.90426037,8/28/2025 8:22
naive_adjacency,waste_facility,5,2,512,1.00001E+34,0,43.54868224,27.15451083,37.4672525,45.90426037,8/28/2025 8:22
naive_adjacency,waste_facility,5,2,512,1.00001E+34,0,30.36795079,27.15451083,37.4672525,45.90426037,8/28/2025 8:22
naive_adjacency,waste_facility,5,2,512,1.00001E+34,0,41.64524764,27.15451083,37.4672525,45.90426037,8/28/2025 8:22
naive_adjacency,waste_facility,5,2,512,1.00001E+34,0,44.8586876,27.15451083,37.4672525,45.90426037,8/28/2025 8:22
naive_adjacency,waste_facility,5,2,512,1.00001E+34,0,42.66520439,27.15451083,37.4672525,45.90426037,8/28/2025 8:22
naive_adjacency,waste_facility,5,2,512,1.00001E+34,0,44.8586876,27.15451083,37.4672525,45.90426037,8/28/2025 8:22
naive_adjacency,waste_facility,5,2,512,1.00001E+34,0,42.66520439,27.15451083,37.4672525,45.90426037,8/28/2025 8:22
naive_adjacency,waste_facility,5,2,512,1.00001E+34,0,41.64524764,27.15451083,37.4672525,45.90426037,8/28/2025 8:22
naive_adjacency,waste_facility,5,2,512,1.00001E+34,0,40.33524227,27.15451083,37.4672525,45.90426037,8/28/2025 8:22
naive_adjacency,waste_facility,5,2,512,1.00001E+34,0,28.17446758,27.15451083,37.4672525,45.90426037,8/28/2025 8:22
naive_adjacency,waste_facility,5,2,512,1.00001E+34,0,43.54868224,27.15451083,37.4672525,45.90426037,8/28/2025 8:22
naive_adjacency,waste_facility,5,2,512,1.00001E+34,0,43.54868224,27.15451083,37.4672525,45.90426037,8/28/2025 8:22
naive_adjacency,waste_facility,5,2,512,1.00001E+34,0,30.36795079,27.15451083,37.4672525,45.90426037,8/28/2025 8:22
naive_adjacency,waste_facility,5,2,512,1.00001E+34,0,42.52872548,27.15451083,37.4672525,45.90426037,8/28/2025 8:22
naive_adjacency,waste_facility,5,2,512,1.00001E+34,0,45.90426037,27.15451083,37.4672525,45.90426037,8/28/2025 8:22
naive_adjacency,waste_facility,5,2,512,1.00001E+34,0,30.53004571,27.15451083,37.4672525,45.90426037,8/28/2025 8:22
naive_adjacency,waste_facility,5,2,512,1.00001E+34,0,42.6908204,27.15451083,37.4672525,45.90426037,8/28/2025 8:22
naive_adjacency,waste_facility,5,2,512,1.00001E+34,0,42.6908204,27.15451083,37.4672525,45.90426037,8/28/2025 8:22
naive_adjacency,waste_facility,5,2,512,1.00001E+34,0,29.51008896,27.15451083,37.4672525,45.90426037,8/28/2025 8:22
naive_adjacency,waste_facility,5,2,512,1.00001E+34,0,44.88430361,27.15451083,37.4672525,45.90426037,8/28/2025 8:22
naive_adjacency,waste_facility,5,2,512,1.0001E+33,0,42.52872548,27.15451083,37.4672525,45.90426037,8/28/2025 8:22
naive_adjacency,waste_facility,5,2,512,1.0001E+33,0,42.52872548,27.15451083,37.4672525,45.90426037,8/28/2025 8:22
naive_adjacency,waste_facility,5,2,512,1.0001E+33,0,41.21872012,27.15451083,37.4672525,45.90426037,8/28/2025 8:22
naive_adjacency,waste_facility,5,2,512,1.0001E+33,0,28.03798867,27.15451083,37.4672525,45.90426037,8/28/2025 8:22
naive_adjacency,waste_facility,5,2,512,1.0001E+33,0,43.57429825,27.15451083,37.4672525,45.90426037,8/28/2025 8:22
naive_adjacency,waste_facility,5,2,512,1.0001E+33,0,30.3935668,27.15451083,37.4672525,45.90426037,8/28/2025 8:22
naive_adjacency,waste_facility,5,2,512,1.001E+32,0,42.52872548,27.15451083,37.4672525,45.90426037,8/28/2025 8:22
naive_adjacency,waste_facility,5,2,512,1.001E+32,0,44.88430361,27.15451083,37.4672525,45.90426037,8/28/2025 8:22
naive_adjacency,waste_facility,5,2,512,1.01E+31,0,43.57429825,27.15451083,37.4672525,45.90426037,8/28/2025 8:22
naive_adjacency,waste_facility,5,2,512,1.1E+30,0,44.88430361,27.15451083,37.4672525,45.90426037,8/28/2025 8:22
naive_adjacency,waste_facility,5,2,512,1.01E+31,0,43.57429825,27.15451083,37.4672525,45.90426037,8/28/2025 8:22
naive_adjacency,waste_facility,5,2,512,1.1E+30,0,42.52872548,27.15451083,37.4672525,45.90426037,8/28/2025 8:22
naive_adjacency,waste_facility,5,2,512,1.001E+32,0,40.33524227,27.15451083,37.4672525,45.90426037,8/28/2025 8:22
naive_adjacency,waste_facility,5,2,512,1.001E+32,0,28.2000836,27.15451083,37.4672525,45.90426037,8/28/2025 8:22
naive_adjacency,waste_facility,5,2,512,1.01E+31,0,42.6908204,27.15451083,37.4672525,45.90426037,8/28/2025 8:22
naive_adjacency,waste_facility,5,2,512,1.1E+30,0,42.6908204,27.15451083,37.4672525,45.90426037,8/28/2025 8:22
naive_adjacency,waste_facility,5,2,512,1.01E+31,0,29.51008896,27.15451083,37.4672525,45.90426037,8/28/2025 8:22
naive_adjacency,waste_facility,5,2,512,1.1E+30,0,41.64524764,27.15451083,37.4672525,45.90426037,8/28/2025 8:22
naive_adjacency,waste_facility,5,2,512,1.001E+32,0,45.90426037,27.15451083,37.4672525,45.90426037,8/28/2025 8:22
naive_adjacency,waste_facility,5,2,512,1.001E+32,0,31.41352356,27.15451083,37.4672525,45.90426037,8/28/2025 8:22
naive_adjacency,waste_facility,5,2,512,1.01E+31,0,43.54868224,27.15451083,37.4672525,45.90426037,8/28/2025 8:22
naive_adjacency,waste_facility,5,2,512,1.1E+30,0,43.54868224,27.15451083,37.4672525,45.90426037,8/28/2025 8:22
naive_adjacency,waste_facility,5,2,512,1.01E+31,0,30.36795079,27.15451083,37.4672525,45.90426037,8/28/2025 8:22
naive_adjacency,waste_facility,5,2,512,1.1E+30,0,44.8586876,27.15451083,37.4672525,45.90426037,8/28/2025 8:22
naive_adjacency,waste_facility,5,2,512,1.0001E+33,0,27.15451083,27.15451083,37.4672525,45.90426037,8/28/2025 8:22
naive_adjacency,waste_facility,5,2,512,1.0001E+33,0,30.36795079,27.15451083,37.4672525,45.90426037,8/28/2025 8:22
naive_adjacency,waste_facility,5,2,512,1.0001E+33,0,28.17446758,27.15451083,37.4672525,45.90426037,8/28/2025 8:22
naive_adjacency,waste_facility,5,2,512,1.0001E+33,0,30.36795079,27.15451083,37.4672525,45.90426037,8/28/2025 8:22
naive_adjacency,waste_facility,5,2,512,1.0001E+33,0,30.53004571,27.15451083,37.4672525,45.90426037,8/28/2025 8:22
naive_adjacency,waste_facility,5,2,512,1.0001E+33,0,29.51008896,27.15451083,37.4672525,45.90426037,8/28/2025 8:22
naive_adjacency,waste_facility,5,2,512,1.001E+32,0,28.03798867,27.15451083,37.4672525,45.90426037,8/28/2025 8:22
naive_adjacency,waste_facility,5,2,512,1.001E+32,0,30.3935668,27.15451083,37.4672525,45.90426037,8/28/2025 8:22
naive_adjacency,waste_facility,5,2,512,1.01E+31,0,28.2000836,27.15451083,37.4672525,45.90426037,8/28/2025 8:22
naive_adjacency,waste_facility,5,2,512,1.1E+30,0,29.51008896,27.15451083,37.4672525,45.90426037,8/28/2025 8:22
naive_adjacency,waste_facility,5,2,512,1.01E+31,0,31.41352356,27.15451083,37.4672525,45.90426037,8/28/2025 8:22
naive_adjacency,waste_facility,5,2,512,1.1E+30,0,30.36795079,27.15451083,37.4672525,45.90426037,8/28/2025 8:22
naive_adjacency,waste_facility,5,2,512,1.001E+32,0,29.05794543,27.15451083,37.4672525,45.90426037,8/28/2025 8:22
naive_adjacency,waste_facility,5,2,512,1.001E+32,0,31.41352356,27.15451083,37.4672525,45.90426037,8/28/2025 8:22
naive_adjacency,waste_facility,5,2,512,1.01E+31,0,28.2000836,27.15451083,37.4672525,45.90426037,8/28/2025 8:22
naive_adjacency,waste_facility,5,2,512,1.1E+30,0,30.53004571,27.15451083,37.4672525,45.90426037,8/28/2025 8:22
naive_adjacency,waste_facility,5,2,512,1.01E+31,0,30.3935668,27.15451083,37.4672525,45.90426037,8/28/2025 8:22
naive_adjacency,waste_facility,5,2,512,1.1E+30,0,30.36795079,27.15451083,37.4672525,45.90426037,8/28/2025 8:22
naive_adjacency,waste_facility,5,2,512,1.001E+32,0,28.2000836,27.15451083,37.4672525,45.90426037,8/28/2025 8:22
naive_adjacency,waste_facility,5,2,512,1.001E+32,0,28.2000836,27.15451083,37.4672525,45.90426037,8/28/2025 8:22
naive_adjacency,waste_facility,5,2,512,1.01E+31,0,29.05794543,27.15451083,37.4672525,45.90426037,8/28/2025 8:22
naive_adjacency,waste_facility,5,2,512,1.1E+30,0,28.17446758,27.15451083,37.4672525,45.90426037,8/28/2025 8:22
naive_adjacency,waste_facility,5,2,512,1.01E+31,0,28.03798867,27.15451083,37.4672525,45.90426037,8/28/2025 8:22
naive_adjacency,waste_facility,5,2,512,1.1E+30,0,27.15451083,27.15451083,37.4672525,45.90426037,8/28/2025 8:22
naive_adjacency,waste_facility,5,2,512,1.0001E+33,0,41.21872012,27.15451083,37.4672525,45.90426037,8/28/2025 8:22
naive_adjacency,waste_facility,5,2,512,1.0001E+33,0,29.05794543,27.15451083,37.4672525,45.90426037,8/28/2025 8:22
naive_adjacency,waste_facility,5,2,512,1.0001E+33,0,43.54868224,27.15451083,37.4672525,45.90426037,8/28/2025 8:22
naive_adjacency,waste_facility,5,2,512,1.0001E+33,0,43.54868224,27.15451083,37.4672525,45.90426037,8/28/2025 8:22
naive_adjacency,waste_facility,5,2,512,1.0001E+33,0,31.41352356,27.15451083,37.4672525,45.90426037,8/28/2025 8:22
naive_adjacency,waste_facility,5,2,512,1.0001E+33,0,43.57429825,27.15451083,37.4672525,45.90426037,8/28/2025 8:22
naive_adjacency,waste_facility,5,2,512,1.001E+32,0,40.33524227,27.15451083,37.4672525,45.90426037,8/28/2025 8:22
naive_adjacency,waste_facility,5,2,512,1.001E+32,0,28.2000836,27.15451083,37.4672525,45.90426037,8/28/2025 8:22
naive_adjacency,waste_facility,5,2,512,1.01E+31,0,42.6908204,27.15451083,37.4672525,45.90426037,8/28/2025 8:22
naive_adjacency,waste_facility,5,2,512,1.1E+30,0,42.6908204,27.15451083,37.4672525,45.90426037,8/28/2025 8:22
naive_adjacency,waste_facility,5,2,512,1.01E+31,0,30.53004571,27.15451083,37.4672525,45.90426037,8/28/2025 8:22
naive_adjacency,waste_facility,5,2,512,1.1E+30,0,42.66520439,27.15451083,37.4672525,45.90426037,8/28/2025 8:22
naive_adjacency,waste_facility,5,2,512,1.001E+32,0,43.54868224,27.15451083,37.4672525,45.90426037,8/28/2025 8:22
naive_adjacency,waste_facility,5,2,512,1.001E+32,0,45.90426037,27.15451083,37.4672525,45.90426037,8/28/2025 8:22
naive_adjacency,waste_facility,5,2,512,1.01E+31,0,43.57429825,27.15451083,37.4672525,45.90426037,8/28/2025 8:22
naive_adjacency,waste_facility,5,2,512,1.1E+30,0,45.90426037,27.15451083,37.4672525,45.90426037,8/28/2025 8:22
naive_adjacency,waste_facility,5,2,512,1.01E+31,0,43.57429825,27.15451083,37.4672525,45.90426037,8/28/2025 8:22
naive_adjacency,waste_facility,5,2,512,1.1E+30,0,43.54868224,27.15451083,37.4672525,45.90426037,8/28/2025 8:22
naive_adjacency,waste_facility,5,2,512,1.001E+32,0,30.3935668,27.15451083,37.4672525,45.90426037,8/28/2025 8:22
naive_adjacency,waste_facility,5,2,512,1.001E+32,0,44.88430361,27.15451083,37.4672525,45.90426037,8/28/2025 8:22
naive_adjacency,waste_facility,5,2,512,1.01E+31,0,30.36795079,27.15451083,37.4672525,45.90426037,8/28/2025 8:22
naive_adjacency,waste_facility,5,2,512,1.1E+30,0,44.8586876,27.15451083,37.4672525,45.90426037,8/28/2025 8:22
naive_adjacency,waste_facility,5,2,512,1.01E+31,0,42.52872548,27.15451083,37.4672525,45.90426037,8/28/2025 8:22
naive_adjacency,waste_facility,5,2,512,1.1E+30,0,42.52872548,27.15451083,37.4672525,45.90426037,8/28/2025 8:22
naive_adjacency,waste_facility,5,2,512,1.0001E+33,0,43.57429825,27.15451083,37.4672525,45.90426037,8/28/2025 8:22
naive_adjacency,waste_facility,5,2,512,1.0001E+33,0,28.2000836,27.15451083,37.4672525,45.90426037,8/28/2025 8:22
naive_adjacency,waste_facility,5,2,512,1.0001E+33,0,42.6908204,27.15451083,37.4672525,45.90426037,8/28/2025 8:22
naive_adjacency,waste_facility,5,2,512,1.0001E+33,0,42.6908204,27.15451083,37.4672525,45.90426037,8/28/2025 8:22
naive_adjacency,waste_facility,5,2,512,1.0001E+33,0,28.2000836,27.15451083,37.4672525,45.90426037,8/28/2025 8:22
naive_adjacency,waste_facility,5,2,512,1.0001E+33,0,43.57429825,27.15451083,37.4672525,45.90426037,8/28/2025 8:22
naive_adjacency,waste_facility,5,2,512,1.001E+32,0,43.54868224,27.15451083,37.4672525,45.90426037,8/28/2025 8:22
naive_adjacency,waste_facility,5,2,512,1.001E+32,0,29.05794543,27.15451083,37.4672525,45.90426037,8/28/2025 8:22
naive_adjacency,waste_facility,5,2,512,1.01E+31,0,43.54868224,27.15451083,37.4672525,45.90426037,8/28/2025 8:22
naive_adjacency,waste_facility,5,2,512,1.1E+30,0,43.54868224,27.15451083,37.4672525,45.90426037,8/28/2025 8:22
naive_adjacency,waste_facility,5,2,512,1.01E+31,0,28.17446758,27.15451083,37.4672525,45.90426037,8/28/2025 8:22
naive_adjacency,waste_facility,5,2,512,1.1E+30,0,42.66520439,27.15451083,37.4672525,45.90426037,8/28/2025 8:22
naive_adjacency,waste_facility,5,2,512,1.001E+32,0,40.33524227,27.15451083,37.4672525,45.90426037,8/28/2025 8:22
naive_adjacency,waste_facility,5,2,512,1.001E+32,0,40.33524227,27.15451083,37.4672525,45.90426037,8/28/2025 8:22
naive_adjacency,waste_facility,5,2,512,1.01E+31,0,41.21872012,27.15451083,37.4672525,45.90426037,8/28/2025 8:22
naive_adjacency,waste_facility,5,2,512,1.1E+30,0,40.33524227,27.15451083,37.4672525,45.90426037,8/28/2025 8:22
naive_adjacency,waste_facility,5,2,512,1.01E+31,0,41.21872012,27.15451083,37.4672525,45.90426037,8/28/2025 8:22
naive_adjacency,waste_facility,5,2,512,1.1E+30,0,40.33524227,27.15451083,37.4672525,45.90426037,8/28/2025 8:22
naive_adjacency,waste_facility,5,2,512,1.001E+32,0,28.03798867,27.15451083,37.4672525,45.90426037,8/28/2025 8:22
naive_adjacency,waste_facility,5,2,512,1.001E+32,0,42.52872548,27.15451083,37.4672525,45.90426037,8/28/2025 8:22
naive_adjacency,waste_facility,5,2,512,1.01E+31,0,27.15451083,27.15451083,37.4672525,45.90426037,8/28/2025 8:22
naive_adjacency,waste_facility,5,2,512,1.1E+30,0,41.64524764,27.15451083,37.4672525,45.90426037,8/28/2025 8:22
naive_adjacency,waste_facility,5,2,512,1.01E+31,0,42.52872548,27.15451083,37.4672525,45.90426037,8/28/2025 8:22
naive_adjacency,waste_facility,5,2,512,1.1E+30,0,42.52872548,27.15451083,37.4672525,45.90426037,8/28/2025 8:22
naive_adjacency,waste_facility,5,2,512,1E+34,0,30.36795079,27.15451083,37.4672525,45.90426037,8/28/2025 8:22
naive_adjacency,waste_facility,5,2,512,1E+34,0,27.15451083,27.15451083,37.4672525,45.90426037,8/28/2025 8:22
naive_adjacency,waste_facility,5,2,512,1E+34,0,43.54868224,27.15451083,37.4672525,45.90426037,8/28/2025 8:22
naive_adjacency,waste_facility,5,2,512,1E+34,0,42.52872548,27.15451083,37.4672525,45.90426037,8/28/2025 8:22
naive_adjacency,waste_facility,5,2,512,1E+34,0,40.33524227,27.15451083,37.4672525,45.90426037,8/28/2025 8:22
naive_adjacency,waste_facility,5,2,512,1E+34,0,42.52872548,27.15451083,37.4672525,45.90426037,8/28/2025 8:22
naive_adjacency,waste_facility,5,2,512,1E+34,0,30.36795079,27.15451083,37.4672525,45.90426037,8/28/2025 8:22
naive_adjacency,waste_facility,5,2,512,1E+34,0,27.15451083,27.15451083,37.4672525,45.90426037,8/28/2025 8:22
naive_adjacency,waste_facility,5,2,512,1E+34,0,43.54868224,27.15451083,37.4672525,45.90426037,8/28/2025 8:22
naive_adjacency,waste_facility,5,2,512,1E+34,0,42.52872548,27.15451083,37.4672525,45.90426037,8/28/2025 8:22
naive_adjacency,waste_facility,5,2,512,1E+34,0,40.33524227,27.15451083,37.4672525,45.90426037,8/28/2025 8:22
naive_adjacency,waste_facility,5,2,512,1E+34,0,42.52872548,27.15451083,37.4672525,45.90426037,8/28/2025 8:22
naive_adjacency,waste_facility,5,2,512,1E+34,0,29.05794543,27.15451083,37.4672525,45.90426037,8/28/2025 8:22
naive_adjacency,waste_facility,5,2,512,1E+34,0,41.21872012,27.15451083,37.4672525,45.90426037,8/28/2025 8:22
naive_adjacency,waste_facility,5,2,512,1E+34,0,29.05794543,27.15451083,37.4672525,45.90426037,8/28/2025 8:22
naive_adjacency,waste_facility,5,2,512,1E+34,0,41.21872012,27.15451083,37.4672525,45.90426037,8/28/2025 8:22
naive_adjacency,waste_facility,5,2,512,1E+34,0,28.03798867,27.15451083,37.4672525,45.90426037,8/28/2025 8:22
naive_adjacency,waste_facility,5,2,512,1E+34,0,28.03798867,27.15451083,37.4672525,45.90426037,8/28/2025 8:22
naive_adjacency,waste_facility,5,2,512,1E+34,0,28.2000836,27.15451083,37.4672525,45.90426037,8/28/2025 8:22
naive_adjacency,waste_facility,5,2,512,1E+34,0,43.57429825,27.15451083,37.4672525,45.90426037,8/28/2025 8:22
naive_adjacency,waste_facility,5,2,512,1E+34,0,28.2000836,27.15451083,37.4672525,45.90426037,8/28/2025 8:22
naive_adjacency,waste_facility,5,2,512,1E+34,0,43.57429825,27.15451083,37.4672525,45.90426037,8/28/2025 8:22
naive_adjacency,waste_facility,5,2,512,1E+34,0,30.3935668,27.15451083,37.4672525,45.90426037,8/28/2025 8:22
naive_adjacency,waste_facility,5,2,512,1E+34,0,30.3935668,27.15451083,37.4672525,45.90426037,8/28/2025 8:22
naive_adjacency,waste_facility,5,2,512,1.00001E+33,0,44.8586876,27.15451083,37.4672525,45.90426037,8/28/2025 8:22
naive_adjacency,waste_facility,5,2,512,1.00001E+33,0,41.64524764,27.15451083,37.4672525,45.90426037,8/28/2025 8:22
naive_adjacency,waste_facility,5,2,512,1.00001E+33,0,43.54868224,27.15451083,37.4672525,45.90426037,8/28/2025 8:22
naive_adjacency,waste_facility,5,2,512,1.00001E+33,0,42.52872548,27.15451083,37.4672525,45.90426037,8/28/2025 8:22
naive_adjacency,waste_facility,5,2,512,1.00001E+33,0,42.6908204,27.15451083,37.4672525,45.90426037,8/28/2025 8:22
naive_adjacency,waste_facility,5,2,512,1.00001E+33,0,44.88430361,27.15451083,37.4672525,45.90426037,8/28/2025 8:22
naive_adjacency,waste_facility,5,2,512,1.0001E+32,0,30.36795079,27.15451083,37.4672525,45.90426037,8/28/2025 8:22
naive_adjacency,waste_facility,5,2,512,1.0001E+32,0,29.51008896,27.15451083,37.4672525,45.90426037,8/28/2025 8:22
naive_adjacency,waste_facility,5,2,512,1.001E+31,0,31.41352356,27.15451083,37.4672525,45.90426037,8/28/2025 8:22
naive_adjacency,waste_facility,5,2,512,1.01E+30,0,30.3935668,27.15451083,37.4672525,45.90426037,8/28/2025 8:22
naive_adjacency,waste_facility,5,2,512,1.001E+31,0,28.2000836,27.15451083,37.4672525,45.90426037,8/28/2025 8:22
naive_adjacency,waste_facility,5,2,512,1.01E+30,0,28.03798867,27.15451083,37.4672525,45.90426037,8/28/2025 8:22
naive_adjacency,waste_facility,5,2,512,1.0001E+32,0,43.54868224,27.15451083,37.4672525,45.90426037,8/28/2025 8:22
naive_adjacency,waste_facility,5,2,512,1.0001E+32,0,43.57429825,27.15451083,37.4672525,45.90426037,8/28/2025 8:22
naive_adjacency,waste_facility,5,2,512,1.001E+31,0,45.90426037,27.15451083,37.4672525,45.90426037,8/28/2025 8:22
naive_adjacency,waste_facility,5,2,512,1.01E+30,0,43.57429825,27.15451083,37.4672525,45.90426037,8/28/2025 8:22
naive_adjacency,waste_facility,5,2,512,1.001E+31,0,44.88430361,27.15451083,37.4672525,45.90426037,8/28/2025 8:22
naive_adjacency,waste_facility,5,2,512,1.01E+30,0,42.52872548,27.15451083,37.4672525,45.90426037,8/28/2025 8:22
naive_adjacency,waste_facility,5,2,512,1.0001E+32,0,42.6908204,27.15451083,37.4672525,45.90426037,8/28/2025 8:22
naive_adjacency,waste_facility,5,2,512,1.0001E+32,0,43.57429825,27.15451083,37.4672525,45.90426037,8/28/2025 8:22
naive_adjacency,waste_facility,5,2,512,1.001E+31,0,40.33524227,27.15451083,37.4672525,45.90426037,8/28/2025 8:22
naive_adjacency,waste_facility,5,2,512,1.01E+30,0,41.21872012,27.15451083,37.4672525,45.90426037,8/28/2025 8:22
naive_adjacency,waste_facility,5,2,512,1.001E+31,0,42.52872548,27.15451083,37.4672525,45.90426037,8/28/2025 8:22
naive_adjacency,waste_facility,5,2,512,1.01E+30,0,42.52872548,27.15451083,37.4672525,45.90426037,8/28/2025 8:22
naive_adjacency,waste_facility,5,2,512,1E+33,0,44.8586876,27.15451083,37.4672525,45.90426037,8/28/2025 8:22
naive_adjacency,waste_facility,5,2,512,1E+33,0,41.64524764,27.15451083,37.4672525,45.90426037,8/28/2025 8:22
naive_adjacency,waste_facility,5,2,512,1E+33,0,43.54868224,27.15451083,37.4672525,45.90426037,8/28/2025 8:22
naive_adjacency,waste_facility,5,2,512,1E+33,0,42.52872548,27.15451083,37.4672525,45.90426037,8/28/2025 8:22
naive_adjacency,waste_facility,5,2,512,1E+33,0,42.6908204,27.15451083,37.4672525,45.90426037,8/28/2025 8:22
naive_adjacency,waste_facility,5,2,512,1E+33,0,44.88430361,27.15451083,37.4672525,45.90426037,8/28/2025 8:22
naive_adjacency,waste_facility,5,2,512,1.00001E+32,0,30.36795079,27.15451083,37.4672525,45.90426037,8/28/2025 8:22
naive_adjacency,waste_facility,5,2,512,1.00001E+32,0,29.51008896,27.15451083,37.4672525,45.90426037,8/28/2025 8:22
naive_adjacency,waste_facility,5,2,512,1.0001E+31,0,31.41352356,27.15451083,37.4672525,45.90426037,8/28/2025 8:22
naive_adjacency,waste_facility,5,2,512,1.001E+30,0,30.3935668,27.15451083,37.4672525,45.90426037,8/28/2025 8:22
naive_adjacency,waste_facility,5,2,512,1.0001E+31,0,28.2000836,27.15451083,37.4672525,45.90426037,8/28/2025 8:22
naive_adjacency,waste_facility,5,2,512,1.001E+30,0,28.03798867,27.15451083,37.4672525,45.90426037,8/28/2025 8:22
naive_adjacency,waste_facility,5,2,512,1E+32,0,43.54868224,27.15451083,37.4672525,45.90426037,8/28/2025 8:22
naive_adjacency,waste_facility,5,2,512,1E+32,0,43.57429825,27.15451083,37.4672525,45.90426037,8/28/2025 8:22
naive_adjacency,waste_facility,5,2,512,1.00001E+31,0,45.90426037,27.15451083,37.4672525,45.90426037,8/28/2025 8:22
naive_adjacency,waste_facility,5,2,512,1.0001E+30,0,43.57429825,27.15451083,37.4672525,45.90426037,8/28/2025 8:22
naive_adjacency,waste_facility,5,2,512,1E+31,0,44.88430361,27.15451083,37.4672525,45.90426037,8/28/2025 8:22
naive_adjacency,waste_facility,5,2,512,1.00001E+30,0,42.52872548,27.15451083,37.4672525,45.90426037,8/28/2025 8:22
naive_adjacency,waste_facility,5,2,512,1E+32,0,42.6908204,27.15451083,37.4672525,45.90426037,8/28/2025 8:22
naive_adjacency,waste_facility,5,2,512,1E+32,0,43.57429825,27.15451083,37.4672525,45.90426037,8/28/2025 8:22
naive_adjacency,waste_facility,5,2,512,1.00001E+31,0,40.33524227,27.15451083,37.4672525,45.90426037,8/28/2025 8:22
naive_adjacency,waste_facility,5,2,512,1.0001E+30,0,41.21872012,27.15451083,37.4672525,45.90426037,8/28/2025 8:22
naive_adjacency,waste_facility,5,2,512,1E+31,0,42.52872548,27.15451083,37.4672525,45.90426037,8/28/2025 8:22
naive_adjacency,waste_facility,5,2,512,1.00001E+30,0,42.52872548,27.15451083,37.4672525,45.90426037,8/28/2025 8:22
naive_adjacency,waste_facility,5,2,512,1E+33,0,28.17446758,27.15451083,37.4672525,45.90426037,8/28/2025 8:22
naive_adjacency,waste_facility,5,2,512,1E+33,0,40.33524227,27.15451083,37.4672525,45.90426037,8/28/2025 8:22
naive_adjacency,waste_facility,5,2,512,1E+33,0,28.17446758,27.15451083,37.4672525,45.90426037,8/28/2025 8:22
naive_adjacency,waste_facility,5,2,512,1E+33,0,40.33524227,27.15451083,37.4672525,45.90426037,8/28/2025 8:22
naive_adjacency,waste_facility,5,2,512,1E+33,0,28.2000836,27.15451083,37.4672525,45.90426037,8/28/2025 8:22
naive_adjacency,waste_facility,5,2,512,1E+33,0,28.2000836,27.15451083,37.4672525,45.90426037,8/28/2025 8:22
naive_adjacency,waste_facility,5,2,512,1.00001E+32,0,42.66520439,27.15451083,37.4672525,45.90426037,8/28/2025 8:22
naive_adjacency,waste_facility,5,2,512,1.00001E+32,0,42.6908204,27.15451083,37.4672525,45.90426037,8/28/2025 8:22
naive_adjacency,waste_facility,5,2,512,1.0001E+31,0,30.53004571,27.15451083,37.4672525,45.90426037,8/28/2025 8:22
naive_adjacency,waste_facility,5,2,512,1.001E+30,0,28.2000836,27.15451083,37.4672525,45.90426037,8/28/2025 8:22
naive_adjacency,waste_facility,5,2,512,1.0001E+31,0,42.6908204,27.15451083,37.4672525,45.90426037,8/28/2025 8:22
naive_adjacency,waste_facility,5,2,512,1.001E+30,0,40.33524227,27.15451083,37.4672525,45.90426037,8/28/2025 8:22
naive_adjacency,waste_facility,5,2,512,1E+32,0,42.66520439,27.15451083,37.4672525,45.90426037,8/28/2025 8:22
naive_adjacency,waste_facility,5,2,512,1E+32,0,42.6908204,27.15451083,37.4672525,45.90426037,8/28/2025 8:22
naive_adjacency,waste_facility,5,2,512,1.00001E+31,0,30.53004571,27.15451083,37.4672525,45.90426037,8/28/2025 8:22
naive_adjacency,waste_facility,5,2,512,1.0001E+30,0,28.2000836,27.15451083,37.4672525,45.90426037,8/28/2025 8:22
naive_adjacency,waste_facility,5,2,512,1E+31,0,42.6908204,27.15451083,37.4672525,45.90426037,8/28/2025 8:22
naive_adjacency,waste_facility,5,2,512,1.00001E+30,0,40.33524227,27.15451083,37.4672525,45.90426037,8/28/2025 8:22
naive_adjacency,waste_facility,5,2,512,1E+32,0,29.51008896,27.15451083,37.4672525,45.90426037,8/28/2025 8:22
naive_adjacency,waste_facility,5,2,512,1E+32,0,29.51008896,27.15451083,37.4672525,45.90426037,8/28/2025 8:22
naive_adjacency,waste_facility,5,2,512,1.00001E+31,0,41.64524764,27.15451083,37.4672525,45.90426037,8/28/2025 8:22
naive_adjacency,waste_facility,5,2,512,1.0001E+30,0,27.15451083,27.15451083,37.4672525,45.90426037,8/28/2025 8:22
naive_adjacency,waste_facility,5,2,512,1E+31,0,41.64524764,27.15451083,37.4672525,45.90426037,8/28/2025 8:22
naive_adjacency,waste_facility,5,2,512,1.00001E+30,0,27.15451083,27.15451083,37.4672525,45.90426037,8/28/2025 8:22
naive_adjacency,waste_facility,5,2,512,1E+33,0,30.53004571,27.15451083,37.4672525,45.90426037,8/28/2025 8:22
naive_adjacency,waste_facility,5,2,512,1E+33,0,45.90426037,27.15451083,37.4672525,45.90426037,8/28/2025 8:22
naive_adjacency,waste_facility,5,2,512,1E+33,0,30.53004571,27.15451083,37.4672525,45.90426037,8/28/2025 8:22
naive_adjacency,waste_facility,5,2,512,1E+33,0,45.90426037,27.15451083,37.4672525,45.90426037,8/28/2025 8:22
naive_adjacency,waste_facility,5,2,512,1E+33,0,31.41352356,27.15451083,37.4672525,45.90426037,8/28/2025 8:22
naive_adjacency,waste_facility,5,2,512,1E+33,0,31.41352356,27.15451083,37.4672525,45.90426037,8/28/2025 8:22
naive_adjacency,waste_facility,5,2,512,1.00001E+32,0,42.66520439,27.15451083,37.4672525,45.90426037,8/28/2025 8:22
naive_adjacency,waste_facility,5,2,512,1.00001E+32,0,43.54868224,27.15451083,37.4672525,45.90426037,8/28/2025 8:22
naive_adjacency,waste_facility,5,2,512,1.0001E+31,0,28.17446758,27.15451083,37.4672525,45.90426037,8/28/2025 8:22
naive_adjacency,waste_facility,5,2,512,1.001E+30,0,29.05794543,27.15451083,37.4672525,45.90426037,8/28/2025 8:22
naive_adjacency,waste_facility,5,2,512,1.0001E+31,0,43.54868224,27.15451083,37.4672525,45.90426037,8/28/2025 8:22
naive_adjacency,waste_facility,5,2,512,1.001E+30,0,43.54868224,27.15451083,37.4672525,45.90426037,8/28/2025 8:22
naive_adjacency,waste_facility,5,2,512,1E+32,0,42.66520439,27.15451083,37.4672525,45.90426037,8/28/2025 8:22
naive_adjacency,waste_facility,5,2,512,1E+32,0,43.54868224,27.15451083,37.4672525,45.90426037,8/28/2025 8:22
naive_adjacency,waste_facility,5,2,512,1.00001E+31,0,28.17446758,27.15451083,37.4672525,45.90426037,8/28/2025 8:22
naive_adjacency,waste_facility,5,2,512,1.0001E+30,0,29.05794543,27.15451083,37.4672525,45.90426037,8/28/2025 8:22
naive_adjacency,waste_facility,5,2,512,1E+31,0,43.54868224,27.15451083,37.4672525,45.90426037,8/28/2025 8:22
naive_adjacency,waste_facility,5,2,512,1.00001E+30,0,43.54868224,27.15451083,37.4672525,45.90426037,8/28/2025 8:22
naive_adjacency,waste_facility,5,2,512,1E+32,0,30.36795079,27.15451083,37.4672525,45.90426037,8/28/2025 8:22
naive_adjacency,waste_facility,5,2,512,1E+32,0,30.36795079,27.15451083,37.4672525,45.90426037,8/28/2025 8:22
naive_adjacency,waste_facility,5,2,512,1.00001E+31,0,44.8586876,27.15451083,37.4672525,45.90426037,8/28/2025 8:22
naive_adjacency,waste_facility,5,2,512,1.0001E+30,0,30.36795079,27.15451083,37.4672525,45.90426037,8/28/2025 8:22
naive_adjacency,waste_facility,5,2,512,1E+31,0,44.8586876,27.15451083,37.4672525,45.90426037,8/28/2025 8:22
naive_adjacency,waste_facility,5,2,512,1.00001E+30,0,30.36795079,27.15451083,37.4672525,45.90426037,8/28/2025 8:22
naive_adjacency,waste_facility,5,2,512,1E+34,0,41.64524764,27.15451083,37.4672525,45.90426037,8/28/2025 8:22
naive_adjacency,waste_facility,5,2,512,1E+34,0,44.8586876,27.15451083,37.4672525,45.90426037,8/28/2025 8:22
naive_adjacency,waste_facility,5,2,512,1E+34,0,42.66520439,27.15451083,37.4672525,45.90426037,8/28/2025 8:22
naive_adjacency,waste_facility,5,2,512,1E+34,0,44.8586876,27.15451083,37.4672525,45.90426037,8/28/2025 8:22
naive_adjacency,waste_facility,5,2,512,1E+34,0,42.66520439,27.15451083,37.4672525,45.90426037,8/28/2025 8:22
naive_adjacency,waste_facility,5,2,512,1E+34,0,41.64524764,27.15451083,37.4672525,45.90426037,8/28/2025 8:22
naive_adjacency,waste_facility,5,2,512,1E+34,0,42.52872548,27.15451083,37.4672525,45.90426037,8/28/2025 8:22
naive_adjacency,waste_facility,5,2,512,1E+34,0,42.52872548,27.15451083,37.4672525,45.90426037,8/28/2025 8:22
naive_adjacency,waste_facility,5,2,512,1E+34,0,40.33524227,27.15451083,37.4672525,45.90426037,8/28/2025 8:22
naive_adjacency,waste_facility,5,2,512,1E+34,0,27.15451083,27.15451083,37.4672525,45.90426037,8/28/2025 8:22
naive_adjacency,waste_facility,5,2,512,1E+34,0,43.54868224,27.15451083,37.4672525,45.90426037,8/28/2025 8:22
naive_adjacency,waste_facility,5,2,512,1E+34,0,30.36795079,27.15451083,37.4672525,45.90426037,8/28/2025 8:22
naive_adjacency,waste_facility,5,2,512,1E+34,0,43.54868224,27.15451083,37.4672525,45.90426037,8/28/2025 8:22
naive_adjacency,waste_facility,5,2,512,1E+34,0,43.54868224,27.15451083,37.4672525,45.90426037,8/28/2025 8:22
naive_adjacency,waste_facility,5,2,512,1E+34,0,40.33524227,27.15451083,37.4672525,45.90426037,8/28/2025 8:22
naive_adjacency,waste_facility,5,2,512,1E+34,0,28.17446758,27.15451083,37.4672525,45.90426037,8/28/2025 8:22
naive_adjacency,waste_facility,5,2,512,1E+34,0,42.52872548,27.15451083,37.4672525,45.90426037,8/28/2025 8:22
naive_adjacency,waste_facility,5,2,512,1E+34,0,30.36795079,27.15451083,37.4672525,45.90426037,8/28/2025 8:22
naive_adjacency,waste_facility,5,2,512,1E+34,0,42.6908204,27.15451083,37.4672525,45.90426037,8/28/2025 8:22
naive_adjacency,waste_facility,5,2,512,1E+34,0,42.6908204,27.15451083,37.4672525,45.90426037,8/28/2025 8:22
naive_adjacency,waste_facility,5,2,512,1E+34,0,45.90426037,27.15451083,37.4672525,45.90426037,8/28/2025 8:22
naive_adjacency,waste_facility,5,2,512,1E+34,0,30.53004571,27.15451083,37.4672525,45.90426037,8/28/2025 8:22
naive_adjacency,waste_facility,5,2,512,1E+34,0,44.88430361,27.15451083,37.4672525,45.90426037,8/28/2025 8:22
naive_adjacency,waste_facility,5,2,512,1E+34,0,29.51008896,27.15451083,37.4672525,45.90426037,8/28/2025 8:22
naive_adjacency,waste_facility,5,2,512,1.00001E+33,0,27.15451083,27.15451083,37.4672525,45.90426037,8/28/2025 8:22
naive_adjacency,waste_facility,5,2,512,1.00001E+33,0,30.36795079,27.15451083,37.4672525,45.90426037,8/28/2025 8:22
naive_adjacency,waste_facility,5,2,512,1.00001E+33,0,28.17446758,27.15451083,37.4672525,45.90426037,8/28/2025 8:22
naive_adjacency,waste_facility,5,2,512,1.00001E+33,0,30.36795079,27.15451083,37.4672525,45.90426037,8/28/2025 8:22
naive_adjacency,waste_facility,5,2,512,1.00001E+33,0,30.53004571,27.15451083,37.4672525,45.90426037,8/28/2025 8:22
naive_adjacency,waste_facility,5,2,512,1.00001E+33,0,29.51008896,27.15451083,37.4672525,45.90426037,8/28/2025 8:22
naive_adjacency,waste_facility,5,2,512,1.0001E+32,0,28.03798867,27.15451083,37.4672525,45.90426037,8/28/2025 8:22
naive_adjacency,waste_facility,5,2,512,1.0001E+32,0,30.3935668,27.15451083,37.4672525,45.90426037,8/28/2025 8:22
naive_adjacency,waste_facility,5,2,512,1.001E+31,0,28.2000836,27.15451083,37.4672525,45.90426037,8/28/2025 8:22
naive_adjacency,waste_facility,5,2,512,1.01E+30,0,29.51008896,27.15451083,37.4672525,45.90426037,8/28/2025 8:22
naive_adjacency,waste_facility,5,2,512,1.001E+31,0,31.41352356,27.15451083,37.4672525,45.90426037,8/28/2025 8:22
naive_adjacency,waste_facility,5,2,512,1.01E+30,0,30.36795079,27.15451083,37.4672525,45.90426037,8/28/2025 8:22
naive_adjacency,waste_facility,5,2,512,1.0001E+32,0,29.05794543,27.15451083,37.4672525,45.90426037,8/28/2025 8:22
naive_adjacency,waste_facility,5,2,512,1.0001E+32,0,31.41352356,27.15451083,37.4672525,45.90426037,8/28/2025 8:22
naive_adjacency,waste_facility,5,2,512,1.001E+31,0,28.2000836,27.15451083,37.4672525,45.90426037,8/28/2025 8:22
naive_adjacency,waste_facility,5,2,512,1.01E+30,0,30.53004571,27.15451083,37.4672525,45.90426037,8/28/2025 8:22
naive_adjacency,waste_facility,5,2,512,1.001E+31,0,30.3935668,27.15451083,37.4672525,45.90426037,8/28/2025 8:22
naive_adjacency,waste_facility,5,2,512,1.01E+30,0,30.36795079,27.15451083,37.4672525,45.90426037,8/28/2025 8:22
naive_adjacency,waste_facility,5,2,512,1.0001E+32,0,28.2000836,27.15451083,37.4672525,45.90426037,8/28/2025 8:22
naive_adjacency,waste_facility,5,2,512,1.0001E+32,0,28.2000836,27.15451083,37.4672525,45.90426037,8/28/2025 8:22
naive_adjacency,waste_facility,5,2,512,1.001E+31,0,29.05794543,27.15451083,37.4672525,45.90426037,8/28/2025 8:22
naive_adjacency,waste_facility,5,2,512,1.01E+30,0,28.17446758,27.15451083,37.4672525,45.90426037,8/28/2025 8:22
naive_adjacency,waste_facility,5,2,512,1.001E+31,0,28.03798867,27.15451083,37.4672525,45.90426037,8/28/2025 8:22
naive_adjacency,waste_facility,5,2,512,1.01E+30,0,27.15451083,27.15451083,37.4672525,45.90426037,8/28/2025 8:22
naive_adjacency,waste_facility,5,2,512,1E+33,0,42.52872548,27.15451083,37.4672525,45.90426037,8/28/2025 8:22
naive_adjacency,waste_facility,5,2,512,1E+33,0,42.52872548,27.15451083,37.4672525,45.90426037,8/28/2025 8:22
naive_adjacency,waste_facility,5,2,512,1E+33,0,41.21872012,27.15451083,37.4672525,45.90426037,8/28/2025 8:22
naive_adjacency,waste_facility,5,2,512,1E+33,0,28.03798867,27.15451083,37.4672525,45.90426037,8/28/2025 8:22
naive_adjacency,waste_facility,5,2,512,1E+33,0,43.57429825,27.15451083,37.4672525,45.90426037,8/28/2025 8:22
naive_adjacency,waste_facility,5,2,512,1E+33,0,30.3935668,27.15451083,37.4672525,45.90426037,8/28/2025 8:22
naive_adjacency,waste_facility,5,2,512,1.00001E+32,0,42.52872548,27.15451083,37.4672525,45.90426037,8/28/2025 8:22
naive_adjacency,waste_facility,5,2,512,1.00001E+32,0,44.88430361,27.15451083,37.4672525,45.90426037,8/28/2025 8:22
naive_adjacency,waste_facility,5,2,512,1.0001E+31,0,43.57429825,27.15451083,37.4672525,45.90426037,8/28/2025 8:22
naive_adjacency,waste_facility,5,2,512,1.001E+30,0,44.88430361,27.15451083,37.4672525,45.90426037,8/28/2025 8:22
naive_adjacency,waste_facility,5,2,512,1.0001E+31,0,43.57429825,27.15451083,37.4672525,45.90426037,8/28/2025 8:22
naive_adjacency,waste_facility,5,2,512,1.001E+30,0,42.52872548,27.15451083,37.4672525,45.90426037,8/28/2025 8:22
naive_adjacency,waste_facility,5,2,512,1E+32,0,40.33524227,27.15451083,37.4672525,45.90426037,8/28/2025 8:22
naive_adjacency,waste_facility,5,2,512,1E+32,0,28.2000836,27.15451083,37.4672525,45.90426037,8/28/2025 8:22
naive_adjacency,waste_facility,5,2,512,1.00001E+31,0,42.6908204,27.15451083,37.4672525,45.90426037,8/28/2025 8:22
naive_adjacency,waste_facility,5,2,512,1.0001E+30,0,42.6908204,27.15451083,37.4672525,45.90426037,8/28/2025 8:22
naive_adjacency,waste_facility,5,2,512,1E+31,0,29.51008896,27.15451083,37.4672525,45.90426037,8/28/2025 8:22
naive_adjacency,waste_facility,5,2,512,1.00001E+30,0,41.64524764,27.15451083,37.4672525,45.90426037,8/28/2025 8:22
naive_adjacency,waste_facility,5,2,512,1E+32,0,45.90426037,27.15451083,37.4672525,45.90426037,8/28/2025 8:22
naive_adjacency,waste_facility,5,2,512,1E+32,0,31.41352356,27.15451083,37.4672525,45.90426037,8/28/2025 8:22
naive_adjacency,waste_facility,5,2,512,1.00001E+31,0,43.54868224,27.15451083,37.4672525,45.90426037,8/28/2025 8:22
naive_adjacency,waste_facility,5,2,512,1.0001E+30,0,43.54868224,27.15451083,37.4672525,45.90426037,8/28/2025 8:22
naive_adjacency,waste_facility,5,2,512,1E+31,0,30.36795079,27.15451083,37.4672525,45.90426037,8/28/2025 8:22
naive_adjacency,waste_facility,5,2,512,1.00001E+30,0,44.8586876,27.15451083,37.4672525,45.90426037,8/28/2025 8:22
naive_adjacency,waste_facility,5,2,512,1E+33,0,43.54868224,27.15451083,37.4672525,45.90426037,8/28/2025 8:22
naive_adjacency,waste_facility,5,2,512,1E+33,0,43.54868224,27.15451083,37.4672525,45.90426037,8/28/2025 8:22
naive_adjacency,waste_facility,5,2,512,1E+33,0,41.21872012,27.15451083,37.4672525,45.90426037,8/28/2025 8:22
naive_adjacency,waste_facility,5,2,512,1E+33,0,29.05794543,27.15451083,37.4672525,45.90426037,8/28/2025 8:22
naive_adjacency,waste_facility,5,2,512,1E+33,0,43.57429825,27.15451083,37.4672525,45.90426037,8/28/2025 8:22
naive_adjacency,waste_facility,5,2,512,1E+33,0,31.41352356,27.15451083,37.4672525,45.90426037,8/28/2025 8:22
naive_adjacency,waste_facility,5,2,512,1.00001E+32,0,43.54868224,27.15451083,37.4672525,45.90426037,8/28/2025 8:22
naive_adjacency,waste_facility,5,2,512,1.00001E+32,0,45.90426037,27.15451083,37.4672525,45.90426037,8/28/2025 8:22
naive_adjacency,waste_facility,5,2,512,1.0001E+31,0,43.57429825,27.15451083,37.4672525,45.90426037,8/28/2025 8:22
naive_adjacency,waste_facility,5,2,512,1.001E+30,0,45.90426037,27.15451083,37.4672525,45.90426037,8/28/2025 8:22
naive_adjacency,waste_facility,5,2,512,1.0001E+31,0,43.57429825,27.15451083,37.4672525,45.90426037,8/28/2025 8:22
naive_adjacency,waste_facility,5,2,512,1.001E+30,0,43.54868224,27.15451083,37.4672525,45.90426037,8/28/2025 8:22
naive_adjacency,waste_facility,5,2,512,1E+32,0,40.33524227,27.15451083,37.4672525,45.90426037,8/28/2025 8:22
naive_adjacency,waste_facility,5,2,512,1E+32,0,28.2000836,27.15451083,37.4672525,45.90426037,8/28/2025 8:22
naive_adjacency,waste_facility,5,2,512,1.00001E+31,0,42.6908204,27.15451083,37.4672525,45.90426037,8/28/2025 8:22
naive_adjacency,waste_facility,5,2,512,1.0001E+30,0,42.6908204,27.15451083,37.4672525,45.90426037,8/28/2025 8:22
naive_adjacency,waste_facility,5,2,512,1E+31,0,30.53004571,27.15451083,37.4672525,45.90426037,8/28/2025 8:22
naive_adjacency,waste_facility,5,2,512,1.00001E+30,0,42.66520439,27.15451083,37.4672525,45.90426037,8/28/2025 8:22
naive_adjacency,waste_facility,5,2,512,1E+32,0,44.88430361,27.15451083,37.4672525,45.90426037,8/28/2025 8:22
naive_adjacency,waste_facility,5,2,512,1E+32,0,30.3935668,27.15451083,37.4672525,45.90426037,8/28/2025 8:22
naive_adjacency,waste_facility,5,2,512,1.00001E+31,0,42.52872548,27.15451083,37.4672525,45.90426037,8/28/2025 8:22
naive_adjacency,waste_facility,5,2,512,1.0001E+30,0,42.52872548,27.15451083,37.4672525,45.90426037,8/28/2025 8:22
naive_adjacency,waste_facility,5,2,512,1E+31,0,30.36795079,27.15451083,37.4672525,45.90426037,8/28/2025 8:22
naive_adjacency,waste_facility,5,2,512,1.00001E+30,0,44.8586876,27.15451083,37.4672525,45.90426037,8/28/2025 8:22
naive_adjacency,waste_facility,5,2,512,1E+33,0,42.6908204,27.15451083,37.4672525,45.90426037,8/28/2025 8:22
naive_adjacency,waste_facility,5,2,512,1E+33,0,42.6908204,27.15451083,37.4672525,45.90426037,8/28/2025 8:22
naive_adjacency,waste_facility,5,2,512,1E+33,0,43.57429825,27.15451083,37.4672525,45.90426037,8/28/2025 8:22
naive_adjacency,waste_facility,5,2,512,1E+33,0,28.2000836,27.15451083,37.4672525,45.90426037,8/28/2025 8:22
naive_adjacency,waste_facility,5,2,512,1E+33,0,43.57429825,27.15451083,37.4672525,45.90426037,8/28/2025 8:22
naive_adjacency,waste_facility,5,2,512,1E+33,0,28.2000836,27.15451083,37.4672525,45.90426037,8/28/2025 8:22
naive_adjacency,waste_facility,5,2,512,1.00001E+32,0,40.33524227,27.15451083,37.4672525,45.90426037,8/28/2025 8:22
naive_adjacency,waste_facility,5,2,512,1.00001E+32,0,40.33524227,27.15451083,37.4672525,45.90426037,8/28/2025 8:22
naive_adjacency,waste_facility,5,2,512,1.0001E+31,0,41.21872012,27.15451083,37.4672525,45.90426037,8/28/2025 8:22
naive_adjacency,waste_facility,5,2,512,1.001E+30,0,40.33524227,27.15451083,37.4672525,45.90426037,8/28/2025 8:22
naive_adjacency,waste_facility,5,2,512,1.0001E+31,0,41.21872012,27.15451083,37.4672525,45.90426037,8/28/2025 8:22
naive_adjacency,waste_facility,5,2,512,1.001E+30,0,40.33524227,27.15451083,37.4672525,45.90426037,8/28/2025 8:22
naive_adjacency,waste_facility,5,2,512,1E+32,0,43.54868224,27.15451083,37.4672525,45.90426037,8/28/2025 8:22
naive_adjacency,waste_facility,5,2,512,1E+32,0,29.05794543,27.15451083,37.4672525,45.90426037,8/28/2025 8:22
naive_adjacency,waste_facility,5,2,512,1.00001E+31,0,43.54868224,27.15451083,37.4672525,45.90426037,8/28/2025 8:22
naive_adjacency,waste_facility,5,2,512,1.0001E+30,0,43.54868224,27.15451083,37.4672525,45.90426037,8/28/2025 8:22
naive_adjacency,waste_facility,5,2,512,1E+31,0,28.17446758,27.15451083,37.4672525,45.90426037,8/28/2025 8:22
naive_adjacency,waste_facility,5,2,512,1.00001E+30,0,42.66520439,27.15451083,37.4672525,45.90426037,8/28/2025 8:22
naive_adjacency,waste_facility,5,2,512,1E+32,0,42.52872548,27.15451083,37.4672525,45.90426037,8/28/2025 8:22
naive_adjacency,waste_facility,5,2,512,1E+32,0,28.03798867,27.15451083,37.4672525,45.90426037,8/28/2025 8:22
naive_adjacency,waste_facility,5,2,512,1.00001E+31,0,42.52872548,27.15451083,37.4672525,45.90426037,8/28/2025 8:22
naive_adjacency,waste_facility,5,2,512,1.0001E+30,0,42.52872548,27.15451083,37.4672525,45.90426037,8/28/2025 8:22
naive_adjacency,waste_facility,5,2,512,1E+31,0,27.15451083,27.15451083,37.4672525,45.90426037,8/28/2025 8:22
naive_adjacency,waste_facility,5,2,512,1.00001E+30,0,41.64524764,27.15451083,37.4672525,45.90426037,8/28/2025 8:22
naive_adjacency,waste_facility,5,2,512,1E+34,0,42.52872548,27.15451083,37.4672525,45.90426037,8/28/2025 8:22
naive_adjacency,waste_facility,5,2,512,1E+34,0,43.54868224,27.15451083,37.4672525,45.90426037,8/28/2025 8:22
naive_adjacency,waste_facility,5,2,512,1E+34,0,30.36795079,27.15451083,37.4672525,45.90426037,8/28/2025 8:22
naive_adjacency,waste_facility,5,2,512,1E+34,0,28.17446758,27.15451083,37.4672525,45.90426037,8/28/2025 8:22
naive_adjacency,waste_facility,5,2,512,1E+34,0,43.54868224,27.15451083,37.4672525,45.90426037,8/28/2025 8:22
naive_adjacency,waste_facility,5,2,512,1E+34,0,40.33524227,27.15451083,37.4672525,45.90426037,8/28/2025 8:22
naive_adjacency,waste_facility,5,2,512,1E+34,0,28.03798867,27.15451083,37.4672525,45.90426037,8/28/2025 8:22
naive_adjacency,waste_facility,5,2,512,1E+34,0,41.21872012,27.15451083,37.4672525,45.90426037,8/28/2025 8:22
naive_adjacency,waste_facility,5,2,512,1E+34,0,28.03798867,27.15451083,37.4672525,45.90426037,8/28/2025 8:22
naive_adjacency,waste_facility,5,2,512,1E+34,0,41.21872012,27.15451083,37.4672525,45.90426037,8/28/2025 8:22
naive_adjacency,waste_facility,5,2,512,1E+34,0,29.05794543,27.15451083,37.4672525,45.90426037,8/28/2025 8:22
naive_adjacency,waste_facility,5,2,512,1E+34,0,29.05794543,27.15451083,37.4672525,45.90426037,8/28/2025 8:22
naive_adjacency,waste_facility,5,2,512,1E+34,0,30.36795079,27.15451083,37.4672525,45.90426037,8/28/2025 8:22
naive_adjacency,waste_facility,5,2,512,1E+34,0,28.17446758,27.15451083,37.4672525,45.90426037,8/28/2025 8:22
naive_adjacency,waste_facility,5,2,512,1E+34,0,42.52872548,27.15451083,37.4672525,45.90426037,8/28/2025 8:22
naive_adjacency,waste_facility,5,2,512,1E+34,0,43.54868224,27.15451083,37.4672525,45.90426037,8/28/2025 8:22
naive_adjacency,waste_facility,5,2,512,1E+34,0,40.33524227,27.15451083,37.4672525,45.90426037,8/28/2025 8:22
naive_adjacency,waste_facility,5,2,512,1E+34,0,43.54868224,27.15451083,37.4672525,45.90426037,8/28/2025 8:22
naive_adjacency,waste_facility,5,2,512,1E+34,0,43.57429825,27.15451083,37.4672525,45.90426037,8/28/2025 8:22
naive_adjacency,waste_facility,5,2,512,1E+34,0,28.2000836,27.15451083,37.4672525,45.90426037,8/28/2025 8:22
naive_adjacency,waste_facility,5,2,512,1E+34,0,31.41352356,27.15451083,37.4672525,45.90426037,8/28/2025 8:22
naive_adjacency,waste_facility,5,2,512,1E+34,0,31.41352356,27.15451083,37.4672525,45.90426037,8/28/2025 8:22
naive_adjacency,waste_facility,5,2,512,1E+34,0,28.2000836,27.15451083,37.4672525,45.90426037,8/28/2025 8:22
naive_adjacency,waste_facility,5,2,512,1E+34,0,43.57429825,27.15451083,37.4672525,45.90426037,8/28/2025 8:22
naive_adjacency,waste_facility,5,2,512,1.00001E+33,0,42.52872548,27.15451083,37.4672525,45.90426037,8/28/2025 8:22
naive_adjacency,waste_facility,5,2,512,1.00001E+33,0,43.54868224,27.15451083,37.4672525,45.90426037,8/28/2025 8:22
naive_adjacency,waste_facility,5,2,512,1.00001E+33,0,44.8586876,27.15451083,37.4672525,45.90426037,8/28/2025 8:22
naive_adjacency,waste_facility,5,2,512,1.00001E+33,0,42.66520439,27.15451083,37.4672525,45.90426037,8/28/2025 8:22
naive_adjacency,waste_facility,5,2,512,1.00001E+33,0,45.90426037,27.15451083,37.4672525,45.90426037,8/28/2025 8:22
naive_adjacency,waste_facility,5,2,512,1.00001E+33,0,42.6908204,27.15451083,37.4672525,45.90426037,8/28/2025 8:22
naive_adjacency,waste_facility,5,2,512,1.0001E+32,0,42.52872548,27.15451083,37.4672525,45.90426037,8/28/2025 8:22
naive_adjacency,waste_facility,5,2,512,1.0001E+32,0,43.57429825,27.15451083,37.4672525,45.90426037,8/28/2025 8:22
naive_adjacency,waste_facility,5,2,512,1.001E+31,0,44.88430361,27.15451083,37.4672525,45.90426037,8/28/2025 8:22
naive_adjacency,waste_facility,5,2,512,1.01E+30,0,43.57429825,27.15451083,37.4672525,45.90426037,8/28/2025 8:22
naive_adjacency,waste_facility,5,2,512,1.001E+31,0,45.90426037,27.15451083,37.4672525,45.90426037,8/28/2025 8:22
naive_adjacency,waste_facility,5,2,512,1.01E+30,0,43.54868224,27.15451083,37.4672525,45.90426037,8/28/2025 8:22
naive_adjacency,waste_facility,5,2,512,1.0001E+32,0,30.36795079,27.15451083,37.4672525,45.90426037,8/28/2025 8:22
naive_adjacency,waste_facility,5,2,512,1.0001E+32,0,30.53004571,27.15451083,37.4672525,45.90426037,8/28/2025 8:22
naive_adjacency,waste_facility,5,2,512,1.001E+31,0,30.3935668,27.15451083,37.4672525,45.90426037,8/28/2025 8:22
naive_adjacency,waste_facility,5,2,512,1.01E+30,0,31.41352356,27.15451083,37.4672525,45.90426037,8/28/2025 8:22
naive_adjacency,waste_facility,5,2,512,1.001E+31,0,28.2000836,27.15451083,37.4672525,45.90426037,8/28/2025 8:22
naive_adjacency,waste_facility,5,2,512,1.01E+30,0,29.05794543,27.15451083,37.4672525,45.90426037,8/28/2025 8:22
naive_adjacency,waste_facility,5,2,512,1.0001E+32,0,43.57429825,27.15451083,37.4672525,45.90426037,8/28/2025 8:22
naive_adjacency,waste_facility,5,2,512,1.0001E+32,0,42.6908204,27.15451083,37.4672525,45.90426037,8/28/2025 8:22
naive_adjacency,waste_facility,5,2,512,1.001E+31,0,43.54868224,27.15451083,37.4672525,45.90426037,8/28/2025 8:22
naive_adjacency,waste_facility,5,2,512,1.01E+30,0,43.54868224,27.15451083,37.4672525,45.90426037,8/28/2025 8:22
naive_adjacency,waste_facility,5,2,512,1.001E+31,0,40.33524227,27.15451083,37.4672525,45.90426037,8/28/2025 8:22
naive_adjacency,waste_facility,5,2,512,1.01E+30,0,41.21872012,27.15451083,37.4672525,45.90426037,8/28/2025 8:22
naive_adjacency,waste_facility,5,2,512,1E+33,0,27.15451083,27.15451083,37.4672525,45.90426037,8/28/2025 8:22
naive_adjacency,waste_facility,5,2,512,1E+33,0,40.33524227,27.15451083,37.4672525,45.90426037,8/28/2025 8:22
naive_adjacency,waste_facility,5,2,512,1E+33,0,27.15451083,27.15451083,37.4672525,45.90426037,8/28/2025 8:22
naive_adjacency,waste_facility,5,2,512,1E+33,0,40.33524227,27.15451083,37.4672525,45.90426037,8/28/2025 8:22
naive_adjacency,waste_facility,5,2,512,1E+33,0,28.2000836,27.15451083,37.4672525,45.90426037,8/28/2025 8:22
naive_adjacency,waste_facility,5,2,512,1E+33,0,28.2000836,27.15451083,37.4672525,45.90426037,8/28/2025 8:22
naive_adjacency,waste_facility,5,2,512,1.00001E+32,0,41.64524764,27.15451083,37.4672525,45.90426037,8/28/2025 8:22
naive_adjacency,waste_facility,5,2,512,1.00001E+32,0,42.6908204,27.15451083,37.4672525,45.90426037,8/28/2025 8:22
naive_adjacency,waste_facility,5,2,512,1.0001E+31,0,29.51008896,27.15451083,37.4672525,45.90426037,8/28/2025 8:22
naive_adjacency,waste_facility,5,2,512,1.001E+30,0,28.2000836,27.15451083,37.4672525,45.90426037,8/28/2025 8:22
naive_adjacency,waste_facility,5,2,512,1.0001E+31,0,42.6908204,27.15451083,37.4672525,45.90426037,8/28/2025 8:22
naive_adjacency,waste_facility,5,2,512,1.001E+30,0,40.33524227,27.15451083,37.4672525,45.90426037,8/28/2025 8:22
naive_adjacency,waste_facility,5,2,512,1E+32,0,41.64524764,27.15451083,37.4672525,45.90426037,8/28/2025 8:22
naive_adjacency,waste_facility,5,2,512,1E+32,0,42.6908204,27.15451083,37.4672525,45.90426037,8/28/2025 8:22
naive_adjacency,waste_facility,5,2,512,1.00001E+31,0,29.51008896,27.15451083,37.4672525,45.90426037,8/28/2025 8:22
naive_adjacency,waste_facility,5,2,512,1.0001E+30,0,28.2000836,27.15451083,37.4672525,45.90426037,8/28/2025 8:22
naive_adjacency,waste_facility,5,2,512,1E+31,0,42.6908204,27.15451083,37.4672525,45.90426037,8/28/2025 8:22
naive_adjacency,waste_facility,5,2,512,1.00001E+30,0,40.33524227,27.15451083,37.4672525,45.90426037,8/28/2025 8:22
naive_adjacency,waste_facility,5,2,512,1E+32,0,30.53004571,27.15451083,37.4672525,45.90426037,8/28/2025 8:22
naive_adjacency,waste_facility,5,2,512,1E+32,0,30.53004571,27.15451083,37.4672525,45.90426037,8/28/2025 8:22
naive_adjacency,waste_facility,5,2,512,1.00001E+31,0,42.66520439,27.15451083,37.4672525,45.90426037,8/28/2025 8:22
naive_adjacency,waste_facility,5,2,512,1.0001E+30,0,28.17446758,27.15451083,37.4672525,45.90426037,8/28/2025 8:22
naive_adjacency,waste_facility,5,2,512,1E+31,0,42.66520439,27.15451083,37.4672525,45.90426037,8/28/2025 8:22
naive_adjacency,waste_facility,5,2,512,1.00001E+30,0,28.17446758,27.15451083,37.4672525,45.90426037,8/28/2025 8:22
naive_adjacency,waste_facility,5,2,512,1E+33,0,44.8586876,27.15451083,37.4672525,45.90426037,8/28/2025 8:22
naive_adjacency,waste_facility,5,2,512,1E+33,0,42.66520439,27.15451083,37.4672525,45.90426037,8/28/2025 8:22
naive_adjacency,waste_facility,5,2,512,1E+33,0,42.52872548,27.15451083,37.4672525,45.90426037,8/28/2025 8:22
naive_adjacency,waste_facility,5,2,512,1E+33,0,43.54868224,27.15451083,37.4672525,45.90426037,8/28/2025 8:22
naive_adjacency,waste_facility,5,2,512,1E+33,0,42.6908204,27.15451083,37.4672525,45.90426037,8/28/2025 8:22
naive_adjacency,waste_facility,5,2,512,1E+33,0,45.90426037,27.15451083,37.4672525,45.90426037,8/28/2025 8:22
naive_adjacency,waste_facility,5,2,512,1.00001E+32,0,30.36795079,27.15451083,37.4672525,45.90426037,8/28/2025 8:22
naive_adjacency,waste_facility,5,2,512,1.00001E+32,0,30.53004571,27.15451083,37.4672525,45.90426037,8/28/2025 8:22
naive_adjacency,waste_facility,5,2,512,1.0001E+31,0,30.3935668,27.15451083,37.4672525,45.90426037,8/28/2025 8:22
naive_adjacency,waste_facility,5,2,512,1.001E+30,0,31.41352356,27.15451083,37.4672525,45.90426037,8/28/2025 8:22
naive_adjacency,waste_facility,5,2,512,1.0001E+31,0,28.2000836,27.15451083,37.4672525,45.90426037,8/28/2025 8:22
naive_adjacency,waste_facility,5,2,512,1.001E+30,0,29.05794543,27.15451083,37.4672525,45.90426037,8/28/2025 8:22
naive_adjacency,waste_facility,5,2,512,1E+32,0,42.52872548,27.15451083,37.4672525,45.90426037,8/28/2025 8:22
naive_adjacency,waste_facility,5,2,512,1E+32,0,43.57429825,27.15451083,37.4672525,45.90426037,8/28/2025 8:22
naive_adjacency,waste_facility,5,2,512,1.00001E+31,0,44.88430361,27.15451083,37.4672525,45.90426037,8/28/2025 8:22
naive_adjacency,waste_facility,5,2,512,1.0001E+30,0,43.57429825,27.15451083,37.4672525,45.90426037,8/28/2025 8:22
naive_adjacency,waste_facility,5,2,512,1E+31,0,45.90426037,27.15451083,37.4672525,45.90426037,8/28/2025 8:22
naive_adjacency,waste_facility,5,2,512,1.00001E+30,0,43.54868224,27.15451083,37.4672525,45.90426037,8/28/2025 8:22
naive_adjacency,waste_facility,5,2,512,1E+32,0,42.6908204,27.15451083,37.4672525,45.90426037,8/28/2025 8:22
naive_adjacency,waste_facility,5,2,512,1E+32,0,43.57429825,27.15451083,37.4672525,45.90426037,8/28/2025 8:22
naive_adjacency,waste_facility,5,2,512,1.00001E+31,0,40.33524227,27.15451083,37.4672525,45.90426037,8/28/2025 8:22
naive_adjacency,waste_facility,5,2,512,1.0001E+30,0,41.21872012,27.15451083,37.4672525,45.90426037,8/28/2025 8:22
naive_adjacency,waste_facility,5,2,512,1E+31,0,43.54868224,27.15451083,37.4672525,45.90426037,8/28/2025 8:22
naive_adjacency,waste_facility,5,2,512,1.00001E+30,0,43.54868224,27.15451083,37.4672525,45.90426037,8/28/2025 8:22
naive_adjacency,waste_facility,5,2,512,1E+33,0,44.88430361,27.15451083,37.4672525,45.90426037,8/28/2025 8:22
naive_adjacency,waste_facility,5,2,512,1E+33,0,29.51008896,27.15451083,37.4672525,45.90426037,8/28/2025 8:22
naive_adjacency,waste_facility,5,2,512,1E+33,0,30.3935668,27.15451083,37.4672525,45.90426037,8/28/2025 8:22
naive_adjacency,waste_facility,5,2,512,1E+33,0,30.3935668,27.15451083,37.4672525,45.90426037,8/28/2025 8:22
naive_adjacency,waste_facility,5,2,512,1E+33,0,29.51008896,27.15451083,37.4672525,45.90426037,8/28/2025 8:22
naive_adjacency,waste_facility,5,2,512,1E+33,0,44.88430361,27.15451083,37.4672525,45.90426037,8/28/2025 8:22
naive_adjacency,waste_facility,5,2,512,1.00001E+32,0,42.52872548,27.15451083,37.4672525,45.90426037,8/28/2025 8:22
naive_adjacency,waste_facility,5,2,512,1.00001E+32,0,41.64524764,27.15451083,37.4672525,45.90426037,8/28/2025 8:22
naive_adjacency,waste_facility,5,2,512,1.0001E+31,0,42.52872548,27.15451083,37.4672525,45.90426037,8/28/2025 8:22
naive_adjacency,waste_facility,5,2,512,1.001E+30,0,42.52872548,27.15451083,37.4672525,45.90426037,8/28/2025 8:22
naive_adjacency,waste_facility,5,2,512,1.0001E+31,0,27.15451083,27.15451083,37.4672525,45.90426037,8/28/2025 8:22
naive_adjacency,waste_facility,5,2,512,1.001E+30,0,28.03798867,27.15451083,37.4672525,45.90426037,8/28/2025 8:22
naive_adjacency,waste_facility,5,2,512,1E+32,0,30.36795079,27.15451083,37.4672525,45.90426037,8/28/2025 8:22
naive_adjacency,waste_facility,5,2,512,1E+32,0,30.36795079,27.15451083,37.4672525,45.90426037,8/28/2025 8:22
naive_adjacency,waste_facility,5,2,512,1.00001E+31,0,44.8586876,27.15451083,37.4672525,45.90426037,8/28/2025 8:22
naive_adjacency,waste_facility,5,2,512,1.0001E+30,0,30.36795079,27.15451083,37.4672525,45.90426037,8/28/2025 8:22
naive_adjacency,waste_facility,5,2,512,1E+31,0,44.8586876,27.15451083,37.4672525,45.90426037,8/28/2025 8:22
naive_adjacency,waste_facility,5,2,512,1.00001E+30,0,30.36795079,27.15451083,37.4672525,45.90426037,8/28/2025 8:22
naive_adjacency,waste_facility,5,2,512,1E+32,0,41.64524764,27.15451083,37.4672525,45.90426037,8/28/2025 8:22
naive_adjacency,waste_facility,5,2,512,1E+32,0,42.52872548,27.15451083,37.4672525,45.90426037,8/28/2025 8:22
naive_adjacency,waste_facility,5,2,512,1.00001E+31,0,27.15451083,27.15451083,37.4672525,45.90426037,8/28/2025 8:22
naive_adjacency,waste_facility,5,2,512,1.0001E+30,0,28.03798867,27.15451083,37.4672525,45.90426037,8/28/2025 8:22
naive_adjacency,waste_facility,5,2,512,1E+31,0,42.52872548,27.15451083,37.4672525,45.90426037,8/28/2025 8:22
naive_adjacency,waste_facility,5,2,512,1.00001E+30,0,42.52872548,27.15451083,37.4672525,45.90426037,8/28/2025 8:22
naive_adjacency,waste_facility,5,2,512,1E+34,0,44.88430361,27.15451083,37.4672525,45.90426037,8/28/2025 8:22
naive_adjacency,waste_facility,5,2,512,1E+34,0,42.6908204,27.15451083,37.4672525,45.90426037,8/28/2025 8:22
naive_adjacency,waste_facility,5,2,512,1E+34,0,29.51008896,27.15451083,37.4672525,45.90426037,8/28/2025 8:22
naive_adjacency,waste_facility,5,2,512,1E+34,0,30.53004571,27.15451083,37.4672525,45.90426037,8/28/2025 8:22
naive_adjacency,waste_facility,5,2,512,1E+34,0,42.6908204,27.15451083,37.4672525,45.90426037,8/28/2025 8:22
naive_adjacency,waste_facility,5,2,512,1E+34,0,45.90426037,27.15451083,37.4672525,45.90426037,8/28/2025 8:22
naive_adjacency,waste_facility,5,2,512,1E+34,0,30.3935668,27.15451083,37.4672525,45.90426037,8/28/2025 8:22
naive_adjacency,waste_facility,5,2,512,1E+34,0,43.57429825,27.15451083,37.4672525,45.90426037,8/28/2025 8:22
naive_adjacency,waste_facility,5,2,512,1E+34,0,30.3935668,27.15451083,37.4672525,45.90426037,8/28/2025 8:22
naive_adjacency,waste_facility,5,2,512,1E+34,0,43.57429825,27.15451083,37.4672525,45.90426037,8/28/2025 8:22
naive_adjacency,waste_facility,5,2,512,1E+34,0,28.2000836,27.15451083,37.4672525,45.90426037,8/28/2025 8:22
naive_adjacency,waste_facility,5,2,512,1E+34,0,28.2000836,27.15451083,37.4672525,45.90426037,8/28/2025 8:22
naive_adjacency,waste_facility,5,2,512,1E+34,0,29.51008896,27.15451083,37.4672525,45.90426037,8/28/2025 8:22
naive_adjacency,waste_facility,5,2,512,1E+34,0,30.53004571,27.15451083,37.4672525,45.90426037,8/28/2025 8:22
naive_adjacency,waste_facility,5,2,512,1E+34,0,44.88430361,27.15451083,37.4672525,45.90426037,8/28/2025 8:22
naive_adjacency,waste_facility,5,2,512,1E+34,0,42.6908204,27.15451083,37.4672525,45.90426037,8/28/2025 8:22
naive_adjacency,waste_facility,5,2,512,1E+34,0,45.90426037,27.15451083,37.4672525,45.90426037,8/28/2025 8:22
naive_adjacency,waste_facility,5,2,512,1E+34,0,42.6908204,27.15451083,37.4672525,45.90426037,8/28/2025 8:22
naive_adjacency,waste_facility,5,2,512,1E+34,0,43.57429825,27.15451083,37.4672525,45.90426037,8/28/2025 8:22
naive_adjacency,waste_facility,5,2,512,1E+34,0,31.41352356,27.15451083,37.4672525,45.90426037,8/28/2025 8:22
naive_adjacency,waste_facility,5,2,512,1E+34,0,28.2000836,27.15451083,37.4672525,45.90426037,8/28/2025 8:22
naive_adjacency,waste_facility,5,2,512,1E+34,0,28.2000836,27.15451083,37.4672525,45.90426037,8/28/2025 8:22
naive_adjacency,waste_facility,5,2,512,1E+34,0,31.41352356,27.15451083,37.4672525,45.90426037,8/28/2025 8:22
naive_adjacency,waste_facility,5,2,512,1E+34,0,43.57429825,27.15451083,37.4672525,45.90426037,8/28/2025 8:22
naive_adjacency,waste_facility,5,2,512,1.00001E+33,0,42.52872548,27.15451083,37.4672525,45.90426037,8/28/2025 8:22
naive_adjacency,waste_facility,5,2,512,1.00001E+33,0,40.33524227,27.15451083,37.4672525,45.90426037,8/28/2025 8:22
naive_adjacency,waste_facility,5,2,512,1.00001E+33,0,41.64524764,27.15451083,37.4672525,45.90426037,8/28/2025 8:22
naive_adjacency,waste_facility,5,2,512,1.00001E+33,0,42.66520439,27.15451083,37.4672525,45.90426037,8/28/2025 8:22
naive_adjacency,waste_facility,5,2,512,1.00001E+33,0,40.33524227,27.15451083,37.4672525,45.90426037,8/28/2025 8:22
naive_adjacency,waste_facility,5,2,512,1.00001E+33,0,43.54868224,27.15451083,37.4672525,45.90426037,8/28/2025 8:22
naive_adjacency,waste_facility,5,2,512,1.0001E+32,0,42.52872548,27.15451083,37.4672525,45.90426037,8/28/2025 8:22
naive_adjacency,waste_facility,5,2,512,1.0001E+32,0,41.21872012,27.15451083,37.4672525,45.90426037,8/28/2025 8:22
naive_adjacency,waste_facility,5,2,512,1.001E+31,0,42.52872548,27.15451083,37.4672525,45.90426037,8/28/2025 8:22
naive_adjacency,waste_facility,5,2,512,1.01E+30,0,43.57429825,27.15451083,37.4672525,45.90426037,8/28/2025 8:22
naive_adjacency,waste_facility,5,2,512,1.001E+31,0,40.33524227,27.15451083,37.4672525,45.90426037,8/28/2025 8:22
naive_adjacency,waste_facility,5,2,512,1.01E+30,0,42.6908204,27.15451083,37.4672525,45.90426037,8/28/2025 8:22
naive_adjacency,waste_facility,5,2,512,1.0001E+32,0,27.15451083,27.15451083,37.4672525,45.90426037,8/28/2025 8:22
naive_adjacency,waste_facility,5,2,512,1.0001E+32,0,28.17446758,27.15451083,37.4672525,45.90426037,8/28/2025 8:22
naive_adjacency,waste_facility,5,2,512,1.001E+31,0,28.03798867,27.15451083,37.4672525,45.90426037,8/28/2025 8:22
naive_adjacency,waste_facility,5,2,512,1.01E+30,0,28.2000836,27.15451083,37.4672525,45.90426037,8/28/2025 8:22
naive_adjacency,waste_facility,5,2,512,1.001E+31,0,29.05794543,27.15451083,37.4672525,45.90426037,8/28/2025 8:22
naive_adjacency,waste_facility,5,2,512,1.01E+30,0,28.2000836,27.15451083,37.4672525,45.90426037,8/28/2025 8:22
naive_adjacency,waste_facility,5,2,512,1.0001E+32,0,41.21872012,27.15451083,37.4672525,45.90426037,8/28/2025 8:22
naive_adjacency,waste_facility,5,2,512,1.0001E+32,0,43.54868224,27.15451083,37.4672525,45.90426037,8/28/2025 8:22
naive_adjacency,waste_facility,5,2,512,1.001E+31,0,40.33524227,27.15451083,37.4672525,45.90426037,8/28/2025 8:22
naive_adjacency,waste_facility,5,2,512,1.01E+30,0,42.6908204,27.15451083,37.4672525,45.90426037,8/28/2025 8:22
naive_adjacency,waste_facility,5,2,512,1.001E+31,0,43.54868224,27.15451083,37.4672525,45.90426037,8/28/2025 8:22
naive_adjacency,waste_facility,5,2,512,1.01E+30,0,43.57429825,27.15451083,37.4672525,45.90426037,8/28/2025 8:22
naive_adjacency,waste_facility,5,2,512,1E+33,0,30.36795079,27.15451083,37.4672525,45.90426037,8/28/2025 8:22
naive_adjacency,waste_facility,5,2,512,1E+33,0,43.54868224,27.15451083,37.4672525,45.90426037,8/28/2025 8:22
naive_adjacency,waste_facility,5,2,512,1E+33,0,30.36795079,27.15451083,37.4672525,45.90426037,8/28/2025 8:22
naive_adjacency,waste_facility,5,2,512,1E+33,0,43.54868224,27.15451083,37.4672525,45.90426037,8/28/2025 8:22
naive_adjacency,waste_facility,5,2,512,1E+33,0,29.05794543,27.15451083,37.4672525,45.90426037,8/28/2025 8:22
naive_adjacency,waste_facility,5,2,512,1E+33,0,29.05794543,27.15451083,37.4672525,45.90426037,8/28/2025 8:22
naive_adjacency,waste_facility,5,2,512,1.00001E+32,0,44.8586876,27.15451083,37.4672525,45.90426037,8/28/2025 8:22
naive_adjacency,waste_facility,5,2,512,1.00001E+32,0,43.54868224,27.15451083,37.4672525,45.90426037,8/28/2025 8:22
naive_adjacency,waste_facility,5,2,512,1.0001E+31,0,30.36795079,27.15451083,37.4672525,45.90426037,8/28/2025 8:22
naive_adjacency,waste_facility,5,2,512,1.001E+30,0,31.41352356,27.15451083,37.4672525,45.90426037,8/28/2025 8:22
naive_adjacency,waste_facility,5,2,512,1.0001E+31,0,43.54868224,27.15451083,37.4672525,45.90426037,8/28/2025 8:22
naive_adjacency,waste_facility,5,2,512,1.001E+30,0,45.90426037,27.15451083,37.4672525,45.90426037,8/28/2025 8:22
naive_adjacency,waste_facility,5,2,512,1E+32,0,44.8586876,27.15451083,37.4672525,45.90426037,8/28/2025 8:22
naive_adjacency,waste_facility,5,2,512,1E+32,0,43.54868224,27.15451083,37.4672525,45.90426037,8/28/2025 8:22
naive_adjacency,waste_facility,5,2,512,1.00001E+31,0,30.36795079,27.15451083,37.4672525,45.90426037,8/28/2025 8:22
naive_adjacency,waste_facility,5,2,512,1.0001E+30,0,31.41352356,27.15451083,37.4672525,45.90426037,8/28/2025 8:22
naive_adjacency,waste_facility,5,2,512,1E+31,0,43.54868224,27.15451083,37.4672525,45.90426037,8/28/2025 8:22
naive_adjacency,waste_facility,5,2,512,1.00001E+30,0,45.90426037,27.15451083,37.4672525,45.90426037,8/28/2025 8:22
naive_adjacency,waste_facility,5,2,512,1E+32,0,28.17446758,27.15451083,37.4672525,45.90426037,8/28/2025 8:22
naive_adjacency,waste_facility,5,2,512,1E+32,0,28.17446758,27.15451083,37.4672525,45.90426037,8/28/2025 8:22
naive_adjacency,waste_facility,5,2,512,1.00001E+31,0,42.66520439,27.15451083,37.4672525,45.90426037,8/28/2025 8:22
naive_adjacency,waste_facility,5,2,512,1.0001E+30,0,30.53004571,27.15451083,37.4672525,45.90426037,8/28/2025 8:22
naive_adjacency,waste_facility,5,2,512,1E+31,0,42.66520439,27.15451083,37.4672525,45.90426037,8/28/2025 8:22
naive_adjacency,waste_facility,5,2,512,1.00001E+30,0,30.53004571,27.15451083,37.4672525,45.90426037,8/28/2025 8:22
naive_adjacency,waste_facility,5,2,512,1E+33,0,41.64524764,27.15451083,37.4672525,45.90426037,8/28/2025 8:22
naive_adjacency,waste_facility,5,2,512,1E+33,0,42.66520439,27.15451083,37.4672525,45.90426037,8/28/2025 8:22
naive_adjacency,waste_facility,5,2,512,1E+33,0,42.52872548,27.15451083,37.4672525,45.90426037,8/28/2025 8:22
naive_adjacency,waste_facility,5,2,512,1E+33,0,40.33524227,27.15451083,37.4672525,45.90426037,8/28/2025 8:22
naive_adjacency,waste_facility,5,2,512,1E+33,0,43.54868224,27.15451083,37.4672525,45.90426037,8/28/2025 8:22
naive_adjacency,waste_facility,5,2,512,1E+33,0,40.33524227,27.15451083,37.4672525,45.90426037,8/28/2025 8:22
naive_adjacency,waste_facility,5,2,512,1.00001E+32,0,27.15451083,27.15451083,37.4672525,45.90426037,8/28/2025 8:22
naive_adjacency,waste_facility,5,2,512,1.00001E+32,0,28.17446758,27.15451083,37.4672525,45.90426037,8/28/2025 8:22
naive_adjacency,waste_facility,5,2,512,1.0001E+31,0,28.03798867,27.15451083,37.4672525,45.90426037,8/28/2025 8:22
naive_adjacency,waste_facility,5,2,512,1.001E+30,0,28.2000836,27.15451083,37.4672525,45.90426037,8/28/2025 8:22
naive_adjacency,waste_facility,5,2,512,1.0001E+31,0,29.05794543,27.15451083,37.4672525,45.90426037,8/28/2025 8:22
naive_adjacency,waste_facility,5,2,512,1.001E+30,0,28.2000836,27.15451083,37.4672525,45.90426037,8/28/2025 8:22
naive_adjacency,waste_facility,5,2,512,1E+32,0,42.52872548,27.15451083,37.4672525,45.90426037,8/28/2025 8:22
naive_adjacency,waste_facility,5,2,512,1E+32,0,41.21872012,27.15451083,37.4672525,45.90426037,8/28/2025 8:22
naive_adjacency,waste_facility,5,2,512,1.00001E+31,0,42.52872548,27.15451083,37.4672525,45.90426037,8/28/2025 8:22
naive_adjacency,waste_facility,5,2,512,1.0001E+30,0,43.57429825,27.15451083,37.4672525,45.90426037,8/28/2025 8:22
naive_adjacency,waste_facility,5,2,512,1E+31,0,40.33524227,27.15451083,37.4672525,45.90426037,8/28/2025 8:22
naive_adjacency,waste_facility,5,2,512,1.00001E+30,0,42.6908204,27.15451083,37.4672525,45.90426037,8/28/2025 8:22
naive_adjacency,waste_facility,5,2,512,1E+32,0,43.54868224,27.15451083,37.4672525,45.90426037,8/28/2025 8:22
naive_adjacency,waste_facility,5,2,512,1E+32,0,41.21872012,27.15451083,37.4672525,45.90426037,8/28/2025 8:22
naive_adjacency,waste_facility,5,2,512,1.00001E+31,0,43.54868224,27.15451083,37.4672525,45.90426037,8/28/2025 8:22
naive_adjacency,waste_facility,5,2,512,1.0001E+30,0,43.57429825,27.15451083,37.4672525,45.90426037,8/28/2025 8:22
naive_adjacency,waste_facility,5,2,512,1E+31,0,40.33524227,27.15451083,37.4672525,45.90426037,8/28/2025 8:22
naive_adjacency,waste_facility,5,2,512,1.00001E+30,0,42.6908204,27.15451083,37.4672525,45.90426037,8/28/2025 8:22
naive_adjacency,waste_facility,5,2,512,1E+33,0,42.52872548,27.15451083,37.4672525,45.90426037,8/28/2025 8:22
naive_adjacency,waste_facility,5,2,512,1E+33,0,30.36795079,27.15451083,37.4672525,45.90426037,8/28/2025 8:22
naive_adjacency,waste_facility,5,2,512,1E+33,0,28.03798867,27.15451083,37.4672525,45.90426037,8/28/2025 8:22
naive_adjacency,waste_facility,5,2,512,1E+33,0,28.03798867,27.15451083,37.4672525,45.90426037,8/28/2025 8:22
naive_adjacency,waste_facility,5,2,512,1E+33,0,30.36795079,27.15451083,37.4672525,45.90426037,8/28/2025 8:22
naive_adjacency,waste_facility,5,2,512,1E+33,0,42.52872548,27.15451083,37.4672525,45.90426037,8/28/2025 8:22
naive_adjacency,waste_facility,5,2,512,1.00001E+32,0,42.52872548,27.15451083,37.4672525,45.90426037,8/28/2025 8:22
naive_adjacency,waste_facility,5,2,512,1.00001E+32,0,44.8586876,27.15451083,37.4672525,45.90426037,8/28/2025 8:22
naive_adjacency,waste_facility,5,2,512,1.0001E+31,0,42.52872548,27.15451083,37.4672525,45.90426037,8/28/2025 8:22
naive_adjacency,waste_facility,5,2,512,1.001E+30,0,44.88430361,27.15451083,37.4672525,45.90426037,8/28/2025 8:22
naive_adjacency,waste_facility,5,2,512,1.0001E+31,0,30.36795079,27.15451083,37.4672525,45.90426037,8/28/2025 8:22
naive_adjacency,waste_facility,5,2,512,1.001E+30,0,30.3935668,27.15451083,37.4672525,45.90426037,8/28/2025 8:22
naive_adjacency,waste_facility,5,2,512,1E+32,0,27.15451083,27.15451083,37.4672525,45.90426037,8/28/2025 8:22
naive_adjacency,waste_facility,5,2,512,1E+32,0,27.15451083,27.15451083,37.4672525,45.90426037,8/28/2025 8:22
naive_adjacency,waste_facility,5,2,512,1.00001E+31,0,41.64524764,27.15451083,37.4672525,45.90426037,8/28/2025 8:22
naive_adjacency,waste_facility,5,2,512,1.0001E+30,0,29.51008896,27.15451083,37.4672525,45.90426037,8/28/2025 8:22
naive_adjacency,waste_facility,5,2,512,1E+31,0,41.64524764,27.15451083,37.4672525,45.90426037,8/28/2025 8:22
naive_adjacency,waste_facility,5,2,512,1.00001E+30,0,29.51008896,27.15451083,37.4672525,45.90426037,8/28/2025 8:22
naive_adjacency,waste_facility,5,2,512,1E+32,0,44.8586876,27.15451083,37.4672525,45.90426037,8/28/2025 8:22
naive_adjacency,waste_facility,5,2,512,1E+32,0,42.52872548,27.15451083,37.4672525,45.90426037,8/28/2025 8:22
naive_adjacency,waste_facility,5,2,512,1.00001E+31,0,30.36795079,27.15451083,37.4672525,45.90426037,8/28/2025 8:22
naive_adjacency,waste_facility,5,2,512,1.0001E+30,0,30.3935668,27.15451083,37.4672525,45.90426037,8/28/2025 8:22
naive_adjacency,waste_facility,5,2,512,1E+31,0,42.52872548,27.15451083,37.4672525,45.90426037,8/28/2025 8:22
naive_adjacency,waste_facility,5,2,512,1.00001E+30,0,44.88430361,27.15451083,37.4672525,45.90426037,8/28/2025 8:22
node_visit_time,waste_facility,5,2,512,1010011100,0,44.88430361,27.15451083,37.4672525,45.90426037,8/28/2025 8:23
node_visit_time,waste_facility,5,2,512,1010100011,0,42.52872548,27.15451083,37.4672525,45.90426037,8/28/2025 8:23
node_visit_time,waste_facility,5,2,512,1011010100,0,42.6908204,27.15451083,37.4672525,45.90426037,8/28/2025 8:23
node_visit_time,waste_facility,5,2,512,1011100010,0,43.54868224,27.15451083,37.4672525,45.90426037,8/28/2025 8:23
node_visit_time,waste_facility,5,2,512,1100010011,0,41.64524764,27.15451083,37.4672525,45.90426037,8/28/2025 8:23
node_visit_time,waste_facility,5,2,512,1100011010,0,44.8586876,27.15451083,37.4672525,45.90426037,8/28/2025 8:23
node_visit_time,waste_facility,5,2,512,10001011100,0,29.51008896,27.15451083,37.4672525,45.90426037,8/28/2025 8:23
node_visit_time,waste_facility,5,2,512,10001100011,0,30.36795079,27.15451083,37.4672525,45.90426037,8/28/2025 8:23
node_visit_time,waste_facility,5,2,512,10011001100,0,42.6908204,27.15451083,37.4672525,45.90426037,8/28/2025 8:23
node_visit_time,waste_facility,5,2,512,10011100001,0,43.54868224,27.15451083,37.4672525,45.90426037,8/28/2025 8:23
node_visit_time,waste_facility,5,2,512,10100001011,0,42.66520439,27.15451083,37.4672525,45.90426037,8/28/2025 8:23
node_visit_time,waste_facility,5,2,512,10100011001,0,42.66520439,27.15451083,37.4672525,45.90426037,8/28/2025 8:23
node_visit_time,waste_facility,5,2,512,11001010100,0,30.53004571,27.15451083,37.4672525,45.90426037,8/28/2025 8:23
node_visit_time,waste_facility,5,2,512,11001100010,0,28.17446758,27.15451083,37.4672525,45.90426037,8/28/2025 8:23
node_visit_time,waste_facility,5,2,512,11010001100,0,45.90426037,27.15451083,37.4672525,45.90426037,8/28/2025 8:23
node_visit_time,waste_facility,5,2,512,11010100001,0,40.33524227,27.15451083,37.4672525,45.90426037,8/28/2025 8:23
node_visit_time,waste_facility,5,2,512,11100001010,0,44.8586876,27.15451083,37.4672525,45.90426037,8/28/2025 8:23
node_visit_time,waste_facility,5,2,512,11100010001,0,41.64524764,27.15451083,37.4672525,45.90426037,8/28/2025 8:23
node_visit_time,waste_facility,5,2,512,1.00001E+11,0,30.36795079,27.15451083,37.4672525,45.90426037,8/28/2025 8:23
node_visit_time,waste_facility,5,2,512,1.00001E+11,0,27.15451083,27.15451083,37.4672525,45.90426037,8/28/2025 8:23
node_visit_time,waste_facility,5,2,512,1.0001E+11,0,43.54868224,27.15451083,37.4672525,45.90426037,8/28/2025 8:23
node_visit_time,waste_facility,5,2,512,1.0001E+11,0,40.33524227,27.15451083,37.4672525,45.90426037,8/28/2025 8:23
node_visit_time,waste_facility,5,2,512,1.00011E+11,0,42.52872548,27.15451083,37.4672525,45.90426037,8/28/2025 8:23
node_visit_time,waste_facility,5,2,512,1.00011E+11,0,42.52872548,27.15451083,37.4672525,45.90426037,8/28/2025 8:23
node_visit_time,waste_facility,5,2,512,1.00001E+12,0,30.3935668,27.15451083,37.4672525,45.90426037,8/28/2025 8:23
node_visit_time,waste_facility,5,2,512,1.00001E+12,0,28.03798867,27.15451083,37.4672525,45.90426037,8/28/2025 8:23
node_visit_time,waste_facility,5,2,512,1.00001E+12,0,43.57429825,27.15451083,37.4672525,45.90426037,8/28/2025 8:23
node_visit_time,waste_facility,5,2,512,1.00001E+12,0,41.21872012,27.15451083,37.4672525,45.90426037,8/28/2025 8:23
node_visit_time,waste_facility,5,2,512,1.0001E+12,0,42.52872548,27.15451083,37.4672525,45.90426037,8/28/2025 8:23
node_visit_time,waste_facility,5,2,512,1.0001E+12,0,42.52872548,27.15451083,37.4672525,45.90426037,8/28/2025 8:23
node_visit_time,waste_facility,5,2,512,1.01E+12,0,29.51008896,27.15451083,37.4672525,45.90426037,8/28/2025 8:23
node_visit_time,waste_facility,5,2,512,1.01E+12,0,30.36795079,27.15451083,37.4672525,45.90426037,8/28/2025 8:23
node_visit_time,waste_facility,5,2,512,1.01001E+12,0,43.57429825,27.15451083,37.4672525,45.90426037,8/28/2025 8:23
node_visit_time,waste_facility,5,2,512,1.01001E+12,0,43.57429825,27.15451083,37.4672525,45.90426037,8/28/2025 8:23
node_visit_time,waste_facility,5,2,512,1.0101E+12,0,43.54868224,27.15451083,37.4672525,45.90426037,8/28/2025 8:23
node_visit_time,waste_facility,5,2,512,1.0101E+12,0,42.6908204,27.15451083,37.4672525,45.90426037,8/28/2025 8:23
node_visit_time,waste_facility,5,2,512,1.011E+12,0,30.53004571,27.15451083,37.4672525,45.90426037,8/28/2025 8:23
node_visit_time,waste_facility,5,2,512,1.011E+12,0,28.17446758,27.15451083,37.4672525,45.90426037,8/28/2025 8:23
node_visit_time,waste_facility,5,2,512,1.01101E+12,0,31.41352356,27.15451083,37.4672525,45.90426037,8/28/2025 8:23
node_visit_time,waste_facility,5,2,512,1.01101E+12,0,28.2000836,27.15451083,37.4672525,45.90426037,8/28/2025 8:23
node_visit_time,waste_facility,5,2,512,1.0111E+12,0,43.54868224,27.15451083,37.4672525,45.90426037,8/28/2025 8:23
node_visit_time,waste_facility,5,2,512,1.0111E+12,0,42.6908204,27.15451083,37.4672525,45.90426037,8/28/2025 8:23
node_visit_time,waste_facility,5,2,512,1.1E+12,0,30.36795079,27.15451083,37.4672525,45.90426037,8/28/2025 8:23
node_visit_time,waste_facility,5,2,512,1.1E+12,0,27.15451083,27.15451083,37.4672525,45.90426037,8/28/2025 8:23
node_visit_time,waste_facility,5,2,512,1.10001E+12,0,29.05794543,27.15451083,37.4672525,45.90426037,8/28/2025 8:23
node_visit_time,waste_facility,5,2,512,1.10001E+12,0,28.2000836,27.15451083,37.4672525,45.90426037,8/28/2025 8:23
node_visit_time,waste_facility,5,2,512,1.10001E+12,0,41.21872012,27.15451083,37.4672525,45.90426037,8/28/2025 8:23
node_visit_time,waste_facility,5,2,512,1.10001E+12,0,43.57429825,27.15451083,37.4672525,45.90426037,8/28/2025 8:23
node_visit_time,waste_facility,5,2,512,1E+13,0,30.3935668,27.15451083,37.4672525,45.90426037,8/28/2025 8:23
node_visit_time,waste_facility,5,2,512,1E+13,0,28.03798867,27.15451083,37.4672525,45.90426037,8/28/2025 8:23
node_visit_time,waste_facility,5,2,512,1E+13,0,28.2000836,27.15451083,37.4672525,45.90426037,8/28/2025 8:23
node_visit_time,waste_facility,5,2,512,1E+13,0,29.05794543,27.15451083,37.4672525,45.90426037,8/28/2025 8:23
node_visit_time,waste_facility,5,2,512,1.00001E+13,0,40.33524227,27.15451083,37.4672525,45.90426037,8/28/2025 8:23
node_visit_time,waste_facility,5,2,512,1.00001E+13,0,43.54868224,27.15451083,37.4672525,45.90426037,8/28/2025 8:23
node_visit_time,waste_facility,5,2,512,1.0001E+13,0,44.88430361,27.15451083,37.4672525,45.90426037,8/28/2025 8:23
node_visit_time,waste_facility,5,2,512,1.0001E+13,0,42.52872548,27.15451083,37.4672525,45.90426037,8/28/2025 8:23
node_visit_time,waste_facility,5,2,512,1.0001E+13,0,28.2000836,27.15451083,37.4672525,45.90426037,8/28/2025 8:23
node_visit_time,waste_facility,5,2,512,1.0001E+13,0,31.41352356,27.15451083,37.4672525,45.90426037,8/28/2025 8:23
node_visit_time,waste_facility,5,2,512,1.00011E+13,0,40.33524227,27.15451083,37.4672525,45.90426037,8/28/2025 8:23
node_visit_time,waste_facility,5,2,512,1.00011E+13,0,45.90426037,27.15451083,37.4672525,45.90426037,8/28/2025 8:23
node_visit_time,waste_facility,5,2,512,1.0011E+13,1,45.90426037,27.15451083,37.4672525,45.90426037,8/28/2025 8:23
node_visit_time,waste_facility,5,2,512,1.0011E+13,0,40.33524227,27.15451083,37.4672525,45.90426037,8/28/2025 8:23
node_visit_time,waste_facility,5,2,512,1.0011E+13,0,31.41352356,27.15451083,37.4672525,45.90426037,8/28/2025 8:23
node_visit_time,waste_facility,5,2,512,1.0011E+13,0,28.2000836,27.15451083,37.4672525,45.90426037,8/28/2025 8:23
node_visit_time,waste_facility,5,2,512,1.00111E+13,0,42.52872548,27.15451083,37.4672525,45.90426037,8/28/2025 8:23
node_visit_time,waste_facility,5,2,512,1.00111E+13,0,44.88430361,27.15451083,37.4672525,45.90426037,8/28/2025 8:23
node_visit_time,waste_facility,5,2,512,1.01E+13,0,43.54868224,27.15451083,37.4672525,45.90426037,8/28/2025 8:23
node_visit_time,waste_facility,5,2,512,1.01E+13,0,40.33524227,27.15451083,37.4672525,45.90426037,8/28/2025 8:23
node_visit_time,waste_facility,5,2,512,1.01E+13,0,29.05794543,27.15451083,37.4672525,45.90426037,8/28/2025 8:23
node_visit_time,waste_facility,5,2,512,1.01E+13,0,28.2000836,27.15451083,37.4672525,45.90426037,8/28/2025 8:23
node_visit_time,waste_facility,5,2,512,1.01E+13,0,28.03798867,27.15451083,37.4672525,45.90426037,8/28/2025 8:23
node_visit_time,waste_facility,5,2,512,1.01E+13,0,30.3935668,27.15451083,37.4672525,45.90426037,8/28/2025 8:23
node_visit_time,waste_facility,5,2,512,1.1E+13,0,43.57429825,27.15451083,37.4672525,45.90426037,8/28/2025 8:23
node_visit_time,waste_facility,5,2,512,1.1E+13,0,41.21872012,27.15451083,37.4672525,45.90426037,8/28/2025 8:23
node_visit_time,waste_facility,5,2,512,1.1E+13,0,28.2000836,27.15451083,37.4672525,45.90426037,8/28/2025 8:23
node_visit_time,waste_facility,5,2,512,1.1E+13,0,29.05794543,27.15451083,37.4672525,45.90426037,8/28/2025 8:23
node_visit_time,waste_facility,5,2,512,1.10001E+13,0,27.15451083,27.15451083,37.4672525,45.90426037,8/28/2025 8:23
node_visit_time,waste_facility,5,2,512,1.10001E+13,0,30.36795079,27.15451083,37.4672525,45.90426037,8/28/2025 8:23
node_visit_time,waste_facility,5,2,512,1.1001E+13,0,42.6908204,27.15451083,37.4672525,45.90426037,8/28/2025 8:23
node_visit_time,waste_facility,5,2,512,1.1001E+13,0,43.54868224,27.15451083,37.4672525,45.90426037,8/28/2025 8:23
node_visit_time,waste_facility,5,2,512,1.1001E+13,0,28.2000836,27.15451083,37.4672525,45.90426037,8/28/2025 8:23
node_visit_time,waste_facility,5,2,512,1.1001E+13,0,31.41352356,27.15451083,37.4672525,45.90426037,8/28/2025 8:23
node_visit_time,waste_facility,5,2,512,1.10011E+13,0,28.17446758,27.15451083,37.4672525,45.90426037,8/28/2025 8:23
node_visit_time,waste_facility,5,2,512,1.10011E+13,0,30.53004571,27.15451083,37.4672525,45.90426037,8/28/2025 8:23
node_visit_time,waste_facility,5,2,512,1.101E+13,0,42.6908204,27.15451083,37.4672525,45.90426037,8/28/2025 8:23
node_visit_time,waste_facility,5,2,512,1.101E+13,0,43.54868224,27.15451083,37.4672525,45.90426037,8/28/2025 8:23
node_visit_time,waste_facility,5,2,512,1.101E+13,0,43.57429825,27.15451083,37.4672525,45.90426037,8/28/2025 8:23
node_visit_time,waste_facility,5,2,512,1.101E+13,0,43.57429825,27.15451083,37.4672525,45.90426037,8/28/2025 8:23
node_visit_time,waste_facility,5,2,512,1.10101E+13,0,30.36795079,27.15451083,37.4672525,45.90426037,8/28/2025 8:23
node_visit_time,waste_facility,5,2,512,1.10101E+13,0,29.51008896,27.15451083,37.4672525,45.90426037,8/28/2025 8:23
node_visit_time,waste_facility,5,2,512,1.11E+13,0,42.52872548,27.15451083,37.4672525,45.90426037,8/28/2025 8:23
node_visit_time,waste_facility,5,2,512,1.11E+13,0,42.52872548,27.15451083,37.4672525,45.90426037,8/28/2025 8:23
node_visit_time,waste_facility,5,2,512,1.11E+13,0,41.21872012,27.15451083,37.4672525,45.90426037,8/28/2025 8:23
node_visit_time,waste_facility,5,2,512,1.11E+13,0,43.57429825,27.15451083,37.4672525,45.90426037,8/28/2025 8:23
node_visit_time,waste_facility,5,2,512,1.11E+13,0,28.03798867,27.15451083,37.4672525,45.90426037,8/28/2025 8:23
node_visit_time,waste_facility,5,2,512,1.11E+13,0,30.3935668,27.15451083,37.4672525,45.90426037,8/28/2025 8:23
node_visit_time,waste_facility,5,2,512,1E+14,0,42.52872548,27.15451083,37.4672525,45.90426037,8/28/2025 8:23
node_visit_time,waste_facility,5,2,512,1E+14,0,42.52872548,27.15451083,37.4672525,45.90426037,8/28/2025 8:23
node_visit_time,waste_facility,5,2,512,1E+14,0,40.33524227,27.15451083,37.4672525,45.90426037,8/28/2025 8:23
node_visit_time,waste_facility,5,2,512,1E+14,0,43.54868224,27.15451083,37.4672525,45.90426037,8/28/2025 8:23
node_visit_time,waste_facility,5,2,512,1E+14,0,27.15451083,27.15451083,37.4672525,45.90426037,8/28/2025 8:23
node_visit_time,waste_facility,5,2,512,1E+14,0,30.36795079,27.15451083,37.4672525,45.90426037,8/28/2025 8:23
node_visit_time,waste_facility,5,2,512,1.00001E+14,0,41.64524764,27.15451083,37.4672525,45.90426037,8/28/2025 8:23
node_visit_time,waste_facility,5,2,512,1.00001E+14,0,44.8586876,27.15451083,37.4672525,45.90426037,8/28/2025 8:23
node_visit_time,waste_facility,5,2,512,1.00001E+14,0,40.33524227,27.15451083,37.4672525,45.90426037,8/28/2025 8:23
node_visit_time,waste_facility,5,2,512,1.00001E+14,0,45.90426037,27.15451083,37.4672525,45.90426037,8/28/2025 8:23
node_visit_time,waste_facility,5,2,512,1.00001E+14,0,28.17446758,27.15451083,37.4672525,45.90426037,8/28/2025 8:23
node_visit_time,waste_facility,5,2,512,1.00001E+14,0,30.53004571,27.15451083,37.4672525,45.90426037,8/28/2025 8:23
node_visit_time,waste_facility,5,2,512,1.0001E+14,0,42.66520439,27.15451083,37.4672525,45.90426037,8/28/2025 8:23
node_visit_time,waste_facility,5,2,512,1.0001E+14,0,42.66520439,27.15451083,37.4672525,45.90426037,8/28/2025 8:23
node_visit_time,waste_facility,5,2,512,1.0001E+14,0,43.54868224,27.15451083,37.4672525,45.90426037,8/28/2025 8:23
node_visit_time,waste_facility,5,2,512,1.0001E+14,0,42.6908204,27.15451083,37.4672525,45.90426037,8/28/2025 8:23
node_visit_time,waste_facility,5,2,512,1.0001E+14,0,30.36795079,27.15451083,37.4672525,45.90426037,8/28/2025 8:23
node_visit_time,waste_facility,5,2,512,1.0001E+14,0,29.51008896,27.15451083,37.4672525,45.90426037,8/28/2025 8:23
node_visit_time,waste_facility,5,2,512,1.00011E+14,0,44.8586876,27.15451083,37.4672525,45.90426037,8/28/2025 8:23
node_visit_time,waste_facility,5,2,512,1.00011E+14,0,41.64524764,27.15451083,37.4672525,45.90426037,8/28/2025 8:23
node_visit_time,waste_facility,5,2,512,1.00011E+14,0,43.54868224,27.15451083,37.4672525,45.90426037,8/28/2025 8:23
node_visit_time,waste_facility,5,2,512,1.00011E+14,0,42.6908204,27.15451083,37.4672525,45.90426037,8/28/2025 8:23
node_visit_time,waste_facility,5,2,512,1.00011E+14,0,42.52872548,27.15451083,37.4672525,45.90426037,8/28/2025 8:23
node_visit_time,waste_facility,5,2,512,1.00011E+14,0,44.88430361,27.15451083,37.4672525,45.90426037,8/28/2025 8:23
naive_adjacency,waste_collection_area,103,2,512,1.00001E+15,0,4.832925512,4.832925512,4.832925512,4.832925512,8/28/2025 8:23
naive_adjacency,waste_collection_area,103,2,512,1.00001E+15,0,4.832925512,4.832925512,4.832925512,4.832925512,8/28/2025 8:23
naive_adjacency,waste_collection_area,103,2,512,1E+15,0,4.832925512,4.832925512,4.832925512,4.832925512,8/28/2025 8:23
naive_adjacency,waste_collection_area,103,2,512,1E+15,0,4.832925512,4.832925512,4.832925512,4.832925512,8/28/2025 8:23
naive_adjacency,waste_collection_area,103,2,512,1E+15,0,4.832925512,4.832925512,4.832925512,4.832925512,8/28/2025 8:23
naive_adjacency,waste_collection_area,103,2,512,1E+15,0,4.832925512,4.832925512,4.832925512,4.832925512,8/28/2025 8:23
naive_adjacency,waste_collection_area,103,2,512,1.001E+14,0,4.832925512,4.832925512,4.832925512,4.832925512,8/28/2025 8:23
naive_adjacency,waste_collection_area,103,2,512,1.001E+14,0,4.832925512,4.832925512,4.832925512,4.832925512,8/28/2025 8:23
naive_adjacency,waste_collection_area,103,2,512,1.01E+13,0,4.832925512,4.832925512,4.832925512,4.832925512,8/28/2025 8:23
naive_adjacency,waste_collection_area,103,2,512,1.1E+12,0,4.832925512,4.832925512,4.832925512,4.832925512,8/28/2025 8:23
naive_adjacency,waste_collection_area,103,2,512,1.01E+13,0,4.832925512,4.832925512,4.832925512,4.832925512,8/28/2025 8:23
naive_adjacency,waste_collection_area,103,2,512,1.1E+12,0,4.832925512,4.832925512,4.832925512,4.832925512,8/28/2025 8:23
naive_adjacency,waste_collection_area,103,2,512,1.00001E+14,0,4.832925512,4.832925512,4.832925512,4.832925512,8/28/2025 8:23
naive_adjacency,waste_collection_area,103,2,512,1E+14,0,4.832925512,4.832925512,4.832925512,4.832925512,8/28/2025 8:23
naive_adjacency,waste_collection_area,103,2,512,1.001E+13,0,4.832925512,4.832925512,4.832925512,4.832925512,8/28/2025 8:23
naive_adjacency,waste_collection_area,103,2,512,1.01001E+12,0,4.832925512,4.832925512,4.832925512,4.832925512,8/28/2025 8:23
naive_adjacency,waste_collection_area,103,2,512,1.00001E+13,0,4.832925512,4.832925512,4.832925512,4.832925512,8/28/2025 8:23
naive_adjacency,waste_collection_area,103,2,512,1.00101E+12,0,4.832925512,4.832925512,4.832925512,4.832925512,8/28/2025 8:23
naive_adjacency,waste_collection_area,103,2,512,1.00001E+14,0,4.832925512,4.832925512,4.832925512,4.832925512,8/28/2025 8:23
naive_adjacency,waste_collection_area,103,2,512,1E+14,0,4.832925512,4.832925512,4.832925512,4.832925512,8/28/2025 8:23
naive_adjacency,waste_collection_area,103,2,512,1.001E+13,0,4.832925512,4.832925512,4.832925512,4.832925512,8/28/2025 8:23
naive_adjacency,waste_collection_area,103,2,512,1.01E+12,0,4.832925512,4.832925512,4.832925512,4.832925512,8/28/2025 8:23
naive_adjacency,waste_collection_area,103,2,512,1.00001E+13,0,4.832925512,4.832925512,4.832925512,4.832925512,8/28/2025 8:23
naive_adjacency,waste_collection_area,103,2,512,1.001E+12,0,4.832925512,4.832925512,4.832925512,4.832925512,8/28/2025 8:23
node_visit_time,waste_collection_area,103,2,512,110,6,4.832925512,4.832925512,4.832925512,4.832925512,8/28/2025 8:24
node_visit_time,waste_collection_area,103,2,512,1001,8,4.832925512,4.832925512,4.832925512,4.832925512,8/28/2025 8:24
node_visit_time,waste_collection_area,103,2,512,10010,5,4.832925512,4.832925512,4.832925512,4.832925512,8/28/2025 8:24
node_visit_time,waste_collection_area,103,2,512,11000,5,4.832925512,4.832925512,4.832925512,4.832925512,8/28/2025 8:24
node_visit_time,waste_collection_area,103,2,512,100001,8,4.832925512,4.832925512,4.832925512,4.832925512,8/28/2025 8:24
node_visit_time,waste_collection_area,103,2,512,100100,11,4.832925512,4.832925512,4.832925512,4.832925512,8/28/2025 8:24
naive_adjacency,waste_collection_area,63,2,512,1E+24,0,6.812629642,4.10291856,5.457774101,6.812629642,8/28/2025 8:25
naive_adjacency,waste_collection_area,63,2,512,1E+24,0,6.812629642,4.10291856,5.457774101,6.812629642,8/28/2025 8:25
naive_adjacency,waste_collection_area,63,2,512,1E+24,0,6.812629642,4.10291856,5.457774101,6.812629642,8/28/2025 8:25
naive_adjacency,waste_collection_area,63,2,512,1E+24,0,6.812629642,4.10291856,5.457774101,6.812629642,8/28/2025 8:25
naive_adjacency,waste_collection_area,63,2,512,1E+24,0,4.10291856,4.10291856,5.457774101,6.812629642,8/28/2025 8:25
naive_adjacency,waste_collection_area,63,2,512,1E+24,0,4.10291856,4.10291856,5.457774101,6.812629642,8/28/2025 8:25
naive_adjacency,waste_collection_area,63,2,512,1E+24,0,6.812629642,4.10291856,5.457774101,6.812629642,8/28/2025 8:25
naive_adjacency,waste_collection_area,63,2,512,1E+24,0,4.10291856,4.10291856,5.457774101,6.812629642,8/28/2025 8:25
naive_adjacency,waste_collection_area,63,2,512,1E+24,0,4.10291856,4.10291856,5.457774101,6.812629642,8/28/2025 8:25
naive_adjacency,waste_collection_area,63,2,512,1E+24,0,4.10291856,4.10291856,5.457774101,6.812629642,8/28/2025 8:25
naive_adjacency,waste_collection_area,63,2,512,1E+24,0,4.10291856,4.10291856,5.457774101,6.812629642,8/28/2025 8:25
naive_adjacency,waste_collection_area,63,2,512,1E+24,0,6.812629642,4.10291856,5.457774101,6.812629642,8/28/2025 8:25
naive_adjacency,waste_collection_area,63,2,512,1E+24,0,6.812629642,4.10291856,5.457774101,6.812629642,8/28/2025 8:25
naive_adjacency,waste_collection_area,63,2,512,1E+24,0,4.10291856,4.10291856,5.457774101,6.812629642,8/28/2025 8:25
naive_adjacency,waste_collection_area,63,2,512,1E+24,0,4.10291856,4.10291856,5.457774101,6.812629642,8/28/2025 8:25
naive_adjacency,waste_collection_area,63,2,512,1E+24,0,4.10291856,4.10291856,5.457774101,6.812629642,8/28/2025 8:25
naive_adjacency,waste_collection_area,63,2,512,1E+24,0,4.10291856,4.10291856,5.457774101,6.812629642,8/28/2025 8:25
naive_adjacency,waste_collection_area,63,2,512,1E+24,0,6.812629642,4.10291856,5.457774101,6.812629642,8/28/2025 8:25
naive_adjacency,waste_collection_area,63,2,512,1E+24,0,4.10291856,4.10291856,5.457774101,6.812629642,8/28/2025 8:25
naive_adjacency,waste_collection_area,63,2,512,1E+24,0,4.10291856,4.10291856,5.457774101,6.812629642,8/28/2025 8:25
naive_adjacency,waste_collection_area,63,2,512,1E+24,0,6.812629642,4.10291856,5.457774101,6.812629642,8/28/2025 8:25
naive_adjacency,waste_collection_area,63,2,512,1E+24,0,6.812629642,4.10291856,5.457774101,6.812629642,8/28/2025 8:25
naive_adjacency,waste_collection_area,63,2,512,1E+24,0,6.812629642,4.10291856,5.457774101,6.812629642,8/28/2025 8:25
naive_adjacency,waste_collection_area,63,2,512,1E+24,0,6.812629642,4.10291856,5.457774101,6.812629642,8/28/2025 8:25
naive_adjacency,waste_collection_area,63,2,512,1.0001E+23,0,4.10291856,4.10291856,5.457774101,6.812629642,8/28/2025 8:25
naive_adjacency,waste_collection_area,63,2,512,1.0001E+23,0,6.812629642,4.10291856,5.457774101,6.812629642,8/28/2025 8:25
naive_adjacency,waste_collection_area,63,2,512,1.0001E+23,0,4.10291856,4.10291856,5.457774101,6.812629642,8/28/2025 8:25
naive_adjacency,waste_collection_area,63,2,512,1.0001E+23,0,6.812629642,4.10291856,5.457774101,6.812629642,8/28/2025 8:25
naive_adjacency,waste_collection_area,63,2,512,1.0001E+23,0,6.812629642,4.10291856,5.457774101,6.812629642,8/28/2025 8:25
naive_adjacency,waste_collection_area,63,2,512,1.0001E+23,0,6.812629642,4.10291856,5.457774101,6.812629642,8/28/2025 8:25
naive_adjacency,waste_collection_area,63,2,512,1.001E+22,0,4.10291856,4.10291856,5.457774101,6.812629642,8/28/2025 8:25
naive_adjacency,waste_collection_area,63,2,512,1.001E+22,0,6.812629642,4.10291856,5.457774101,6.812629642,8/28/2025 8:25
naive_adjacency,waste_collection_area,63,2,512,1.01E+21,0,4.10291856,4.10291856,5.457774101,6.812629642,8/28/2025 8:25
naive_adjacency,waste_collection_area,63,2,512,1.1E+20,0,6.812629642,4.10291856,5.457774101,6.812629642,8/28/2025 8:25
naive_adjacency,waste_collection_area,63,2,512,1.01E+21,0,6.812629642,4.10291856,5.457774101,6.812629642,8/28/2025 8:25
naive_adjacency,waste_collection_area,63,2,512,1.1E+20,0,6.812629642,4.10291856,5.457774101,6.812629642,8/28/2025 8:25
naive_adjacency,waste_collection_area,63,2,512,1.001E+22,0,4.10291856,4.10291856,5.457774101,6.812629642,8/28/2025 8:25
naive_adjacency,waste_collection_area,63,2,512,1.001E+22,0,6.812629642,4.10291856,5.457774101,6.812629642,8/28/2025 8:25
naive_adjacency,waste_collection_area,63,2,512,1.01E+21,0,4.10291856,4.10291856,5.457774101,6.812629642,8/28/2025 8:25
naive_adjacency,waste_collection_area,63,2,512,1.1E+20,0,6.812629642,4.10291856,5.457774101,6.812629642,8/28/2025 8:25
naive_adjacency,waste_collection_area,63,2,512,1.01E+21,0,6.812629642,4.10291856,5.457774101,6.812629642,8/28/2025 8:25
naive_adjacency,waste_collection_area,63,2,512,1.1E+20,0,6.812629642,4.10291856,5.457774101,6.812629642,8/28/2025 8:25
naive_adjacency,waste_collection_area,63,2,512,1.001E+22,0,4.10291856,4.10291856,5.457774101,6.812629642,8/28/2025 8:25
naive_adjacency,waste_collection_area,63,2,512,1.001E+22,0,4.10291856,4.10291856,5.457774101,6.812629642,8/28/2025 8:25
naive_adjacency,waste_collection_area,63,2,512,1.01E+21,0,4.10291856,4.10291856,5.457774101,6.812629642,8/28/2025 8:25
naive_adjacency,waste_collection_area,63,2,512,1.1E+20,0,4.10291856,4.10291856,5.457774101,6.812629642,8/28/2025 8:25
naive_adjacency,waste_collection_area,63,2,512,1.01E+21,0,4.10291856,4.10291856,5.457774101,6.812629642,8/28/2025 8:25
naive_adjacency,waste_collection_area,63,2,512,1.1E+20,0,4.10291856,4.10291856,5.457774101,6.812629642,8/28/2025 8:25
naive_adjacency,waste_collection_area,63,2,512,1E+23,0,6.812629642,4.10291856,5.457774101,6.812629642,8/28/2025 8:25
naive_adjacency,waste_collection_area,63,2,512,1E+23,0,4.10291856,4.10291856,5.457774101,6.812629642,8/28/2025 8:25
naive_adjacency,waste_collection_area,63,2,512,1E+23,0,4.10291856,4.10291856,5.457774101,6.812629642,8/28/2025 8:25
naive_adjacency,waste_collection_area,63,2,512,1E+23,0,4.10291856,4.10291856,5.457774101,6.812629642,8/28/2025 8:25
naive_adjacency,waste_collection_area,63,2,512,1E+23,0,4.10291856,4.10291856,5.457774101,6.812629642,8/28/2025 8:25
naive_adjacency,waste_collection_area,63,2,512,1E+23,0,6.812629642,4.10291856,5.457774101,6.812629642,8/28/2025 8:25
naive_adjacency,waste_collection_area,63,2,512,1.0001E+22,0,6.812629642,4.10291856,5.457774101,6.812629642,8/28/2025 8:25
naive_adjacency,waste_collection_area,63,2,512,1.0001E+22,0,6.812629642,4.10291856,5.457774101,6.812629642,8/28/2025 8:25
naive_adjacency,waste_collection_area,63,2,512,1.001E+21,0,6.812629642,4.10291856,5.457774101,6.812629642,8/28/2025 8:25
naive_adjacency,waste_collection_area,63,2,512,1.01E+20,0,6.812629642,4.10291856,5.457774101,6.812629642,8/28/2025 8:25
naive_adjacency,waste_collection_area,63,2,512,1.001E+21,0,4.10291856,4.10291856,5.457774101,6.812629642,8/28/2025 8:25
naive_adjacency,waste_collection_area,63,2,512,1.01E+20,0,4.10291856,4.10291856,5.457774101,6.812629642,8/28/2025 8:25
naive_adjacency,waste_collection_area,63,2,512,1E+22,0,4.10291856,4.10291856,5.457774101,6.812629642,8/28/2025 8:25
naive_adjacency,waste_collection_area,63,2,512,1E+22,0,4.10291856,4.10291856,5.457774101,6.812629642,8/28/2025 8:25
naive_adjacency,waste_collection_area,63,2,512,1.0001E+21,0,6.812629642,4.10291856,5.457774101,6.812629642,8/28/2025 8:25
naive_adjacency,waste_collection_area,63,2,512,1.001E+20,0,4.10291856,4.10291856,5.457774101,6.812629642,8/28/2025 8:25
naive_adjacency,waste_collection_area,63,2,512,1E+21,0,6.812629642,4.10291856,5.457774101,6.812629642,8/28/2025 8:25
naive_adjacency,waste_collection_area,63,2,512,1.0001E+20,0,4.10291856,4.10291856,5.457774101,6.812629642,8/28/2025 8:25
naive_adjacency,waste_collection_area,63,2,512,1E+22,0,6.812629642,4.10291856,5.457774101,6.812629642,8/28/2025 8:25
naive_adjacency,waste_collection_area,63,2,512,1E+22,0,6.812629642,4.10291856,5.457774101,6.812629642,8/28/2025 8:25
naive_adjacency,waste_collection_area,63,2,512,1.0001E+21,0,4.10291856,4.10291856,5.457774101,6.812629642,8/28/2025 8:25
naive_adjacency,waste_collection_area,63,2,512,1.001E+20,0,4.10291856,4.10291856,5.457774101,6.812629642,8/28/2025 8:25
naive_adjacency,waste_collection_area,63,2,512,1E+21,0,6.812629642,4.10291856,5.457774101,6.812629642,8/28/2025 8:25
naive_adjacency,waste_collection_area,63,2,512,1.0001E+20,0,6.812629642,4.10291856,5.457774101,6.812629642,8/28/2025 8:25
naive_adjacency,waste_collection_area,63,2,512,1E+23,0,6.812629642,4.10291856,5.457774101,6.812629642,8/28/2025 8:25
naive_adjacency,waste_collection_area,63,2,512,1E+23,0,4.10291856,4.10291856,5.457774101,6.812629642,8/28/2025 8:25
naive_adjacency,waste_collection_area,63,2,512,1E+23,0,4.10291856,4.10291856,5.457774101,6.812629642,8/28/2025 8:25
naive_adjacency,waste_collection_area,63,2,512,1E+23,0,4.10291856,4.10291856,5.457774101,6.812629642,8/28/2025 8:25
naive_adjacency,waste_collection_area,63,2,512,1E+23,0,4.10291856,4.10291856,5.457774101,6.812629642,8/28/2025 8:25
naive_adjacency,waste_collection_area,63,2,512,1E+23,0,6.812629642,4.10291856,5.457774101,6.812629642,8/28/2025 8:25
naive_adjacency,waste_collection_area,63,2,512,1.0001E+22,0,6.812629642,4.10291856,5.457774101,6.812629642,8/28/2025 8:25
naive_adjacency,waste_collection_area,63,2,512,1.0001E+22,0,6.812629642,4.10291856,5.457774101,6.812629642,8/28/2025 8:25
naive_adjacency,waste_collection_area,63,2,512,1.001E+21,0,6.812629642,4.10291856,5.457774101,6.812629642,8/28/2025 8:25
naive_adjacency,waste_collection_area,63,2,512,1.01E+20,0,6.812629642,4.10291856,5.457774101,6.812629642,8/28/2025 8:25
naive_adjacency,waste_collection_area,63,2,512,1.001E+21,0,4.10291856,4.10291856,5.457774101,6.812629642,8/28/2025 8:25
naive_adjacency,waste_collection_area,63,2,512,1.01E+20,0,4.10291856,4.10291856,5.457774101,6.812629642,8/28/2025 8:25
naive_adjacency,waste_collection_area,63,2,512,1E+22,0,4.10291856,4.10291856,5.457774101,6.812629642,8/28/2025 8:25
naive_adjacency,waste_collection_area,63,2,512,1E+22,0,4.10291856,4.10291856,5.457774101,6.812629642,8/28/2025 8:25
naive_adjacency,waste_collection_area,63,2,512,1.0001E+21,0,6.812629642,4.10291856,5.457774101,6.812629642,8/28/2025 8:25
naive_adjacency,waste_collection_area,63,2,512,1.001E+20,0,4.10291856,4.10291856,5.457774101,6.812629642,8/28/2025 8:25
naive_adjacency,waste_collection_area,63,2,512,1E+21,0,6.812629642,4.10291856,5.457774101,6.812629642,8/28/2025 8:25
naive_adjacency,waste_collection_area,63,2,512,1.0001E+20,0,4.10291856,4.10291856,5.457774101,6.812629642,8/28/2025 8:25
naive_adjacency,waste_collection_area,63,2,512,1E+22,0,6.812629642,4.10291856,5.457774101,6.812629642,8/28/2025 8:25
naive_adjacency,waste_collection_area,63,2,512,1E+22,0,6.812629642,4.10291856,5.457774101,6.812629642,8/28/2025 8:25
naive_adjacency,waste_collection_area,63,2,512,1.0001E+21,0,4.10291856,4.10291856,5.457774101,6.812629642,8/28/2025 8:25
naive_adjacency,waste_collection_area,63,2,512,1.001E+20,0,4.10291856,4.10291856,5.457774101,6.812629642,8/28/2025 8:25
naive_adjacency,waste_collection_area,63,2,512,1E+21,0,6.812629642,4.10291856,5.457774101,6.812629642,8/28/2025 8:25
naive_adjacency,waste_collection_area,63,2,512,1.0001E+20,0,6.812629642,4.10291856,5.457774101,6.812629642,8/28/2025 8:25
naive_adjacency,waste_collection_area,63,2,512,1E+23,0,6.812629642,4.10291856,5.457774101,6.812629642,8/28/2025 8:25
naive_adjacency,waste_collection_area,63,2,512,1E+23,0,6.812629642,4.10291856,5.457774101,6.812629642,8/28/2025 8:25
naive_adjacency,waste_collection_area,63,2,512,1E+23,0,6.812629642,4.10291856,5.457774101,6.812629642,8/28/2025 8:25
naive_adjacency,waste_collection_area,63,2,512,1E+23,0,4.10291856,4.10291856,5.457774101,6.812629642,8/28/2025 8:25
naive_adjacency,waste_collection_area,63,2,512,1E+23,0,6.812629642,4.10291856,5.457774101,6.812629642,8/28/2025 8:25
naive_adjacency,waste_collection_area,63,2,512,1E+23,0,4.10291856,4.10291856,5.457774101,6.812629642,8/28/2025 8:25
naive_adjacency,waste_collection_area,63,2,512,1.0001E+22,0,4.10291856,4.10291856,5.457774101,6.812629642,8/28/2025 8:25
naive_adjacency,waste_collection_area,63,2,512,1.0001E+22,0,4.10291856,4.10291856,5.457774101,6.812629642,8/28/2025 8:25
naive_adjacency,waste_collection_area,63,2,512,1.001E+21,0,4.10291856,4.10291856,5.457774101,6.812629642,8/28/2025 8:25
naive_adjacency,waste_collection_area,63,2,512,1.01E+20,0,4.10291856,4.10291856,5.457774101,6.812629642,8/28/2025 8:25
naive_adjacency,waste_collection_area,63,2,512,1.001E+21,0,4.10291856,4.10291856,5.457774101,6.812629642,8/28/2025 8:25
naive_adjacency,waste_collection_area,63,2,512,1.01E+20,0,4.10291856,4.10291856,5.457774101,6.812629642,8/28/2025 8:25
naive_adjacency,waste_collection_area,63,2,512,1E+22,0,6.812629642,4.10291856,5.457774101,6.812629642,8/28/2025 8:25
naive_adjacency,waste_collection_area,63,2,512,1E+22,0,4.10291856,4.10291856,5.457774101,6.812629642,8/28/2025 8:25
naive_adjacency,waste_collection_area,63,2,512,1.0001E+21,0,6.812629642,4.10291856,5.457774101,6.812629642,8/28/2025 8:25
naive_adjacency,waste_collection_area,63,2,512,1.001E+20,0,6.812629642,4.10291856,5.457774101,6.812629642,8/28/2025 8:25
naive_adjacency,waste_collection_area,63,2,512,1E+21,0,4.10291856,4.10291856,5.457774101,6.812629642,8/28/2025 8:25
naive_adjacency,waste_collection_area,63,2,512,1.0001E+20,0,6.812629642,4.10291856,5.457774101,6.812629642,8/28/2025 8:25
naive_adjacency,waste_collection_area,63,2,512,1E+22,0,6.812629642,4.10291856,5.457774101,6.812629642,8/28/2025 8:25
naive_adjacency,waste_collection_area,63,2,512,1E+22,0,4.10291856,4.10291856,5.457774101,6.812629642,8/28/2025 8:25
naive_adjacency,waste_collection_area,63,2,512,1.0001E+21,0,6.812629642,4.10291856,5.457774101,6.812629642,8/28/2025 8:25
naive_adjacency,waste_collection_area,63,2,512,1.001E+20,0,6.812629642,4.10291856,5.457774101,6.812629642,8/28/2025 8:25
naive_adjacency,waste_collection_area,63,2,512,1E+21,0,4.10291856,4.10291856,5.457774101,6.812629642,8/28/2025 8:25
naive_adjacency,waste_collection_area,63,2,512,1.0001E+20,0,6.812629642,4.10291856,5.457774101,6.812629642,8/28/2025 8:25
node_visit_time,waste_collection_area,63,2,512,1010011,0,6.812629642,4.10291856,5.457774101,6.812629642,8/28/2025 8:26
node_visit_time,waste_collection_area,63,2,512,1011010,0,6.812629642,4.10291856,5.457774101,6.812629642,8/28/2025 8:26
node_visit_time,waste_collection_area,63,2,512,10001011,0,6.812629642,4.10291856,5.457774101,6.812629642,8/28/2025 8:26
node_visit_time,waste_collection_area,63,2,512,10011001,0,4.10291856,4.10291856,5.457774101,6.812629642,8/28/2025 8:26
node_visit_time,waste_collection_area,63,2,512,11001010,0,6.812629642,4.10291856,5.457774101,6.812629642,8/28/2025 8:26
node_visit_time,waste_collection_area,63,2,512,11010001,0,4.10291856,4.10291856,5.457774101,6.812629642,8/28/2025 8:26
node_visit_time,waste_collection_area,63,2,512,1000010011,0,6.812629642,4.10291856,5.457774101,6.812629642,8/28/2025 8:26
node_visit_time,waste_collection_area,63,2,512,1000011010,0,4.10291856,4.10291856,5.457774101,6.812629642,8/28/2025 8:26
node_visit_time,waste_collection_area,63,2,512,1010000011,0,6.812629642,4.10291856,5.457774101,6.812629642,8/28/2025 8:26
node_visit_time,waste_collection_area,63,2,512,1010011000,0,4.10291856,4.10291856,5.457774101,6.812629642,8/28/2025 8:26
node_visit_time,waste_collection_area,63,2,512,1011000010,1,4.10291856,4.10291856,5.457774101,6.812629642,8/28/2025 8:26
node_visit_time,waste_collection_area,63,2,512,1011010000,0,4.10291856,4.10291856,5.457774101,6.812629642,8/28/2025 8:26
node_visit_time,waste_collection_area,63,2,512,10000001011,1,4.10291856,4.10291856,5.457774101,6.812629642,8/28/2025 8:26
node_visit_time,waste_collection_area,63,2,512,10000011001,0,4.10291856,4.10291856,5.457774101,6.812629642,8/28/2025 8:26
node_visit_time,waste_collection_area,63,2,512,10001000011,1,4.10291856,4.10291856,5.457774101,6.812629642,8/28/2025 8:26
node_visit_time,waste_collection_area,63,2,512,10001011000,0,6.812629642,4.10291856,5.457774101,6.812629642,8/28/2025 8:26
node_visit_time,waste_collection_area,63,2,512,10011000001,0,4.10291856,4.10291856,5.457774101,6.812629642,8/28/2025 8:26
node_visit_time,waste_collection_area,63,2,512,10011001000,0,6.812629642,4.10291856,5.457774101,6.812629642,8/28/2025 8:26
node_visit_time,waste_collection_area,63,2,512,11000001010,0,4.10291856,4.10291856,5.457774101,6.812629642,8/28/2025 8:26
node_visit_time,waste_collection_area,63,2,512,11000010001,0,6.812629642,4.10291856,5.457774101,6.812629642,8/28/2025 8:26
node_visit_time,waste_collection_area,63,2,512,11001000010,1,4.10291856,4.10291856,5.457774101,6.812629642,8/28/2025 8:26
node_visit_time,waste_collection_area,63,2,512,11001010000,0,6.812629642,4.10291856,5.457774101,6.812629642,8/28/2025 8:26
node_visit_time,waste_collection_area,63,2,512,11010000001,0,6.812629642,4.10291856,5.457774101,6.812629642,8/28/2025 8:26
node_visit_time,waste_collection_area,63,2,512,11010001000,0,6.812629642,4.10291856,5.457774101,6.812629642,8/28/2025 8:26
naive_adjacency,waste_collection_area,56,2,128,1.00001E+15,0,19.87691932,17.97359694,18.9461691,19.87691932,8/28/2025 8:26
naive_adjacency,waste_collection_area,56,2,128,1.00001E+15,0,17.97359694,17.97359694,18.9461691,19.87691932,8/28/2025 8:26
naive_adjacency,waste_collection_area,56,2,128,1E+15,0,18.98799105,17.97359694,18.9461691,19.87691932,8/28/2025 8:26
naive_adjacency,waste_collection_area,56,2,128,1E+15,0,17.97359694,17.97359694,18.9461691,19.87691932,8/28/2025 8:26
naive_adjacency,waste_collection_area,56,2,128,1E+15,0,18.98799105,17.97359694,18.9461691,19.87691932,8/28/2025 8:26
naive_adjacency,waste_collection_area,56,2,128,1E+15,0,19.87691932,17.97359694,18.9461691,19.87691932,8/28/2025 8:26
naive_adjacency,waste_collection_area,56,2,128,1.001E+14,0,17.97359694,17.97359694,18.9461691,19.87691932,8/28/2025 8:26
naive_adjacency,waste_collection_area,56,2,128,1.001E+14,0,19.87691932,17.97359694,18.9461691,19.87691932,8/28/2025 8:26
naive_adjacency,waste_collection_area,56,2,128,1.01E+13,0,18.98799105,17.97359694,18.9461691,19.87691932,8/28/2025 8:26
naive_adjacency,waste_collection_area,56,2,128,1.1E+12,0,19.87691932,17.97359694,18.9461691,19.87691932,8/28/2025 8:26
naive_adjacency,waste_collection_area,56,2,128,1.01E+13,0,18.98799105,17.97359694,18.9461691,19.87691932,8/28/2025 8:26
naive_adjacency,waste_collection_area,56,2,128,1.1E+12,0,17.97359694,17.97359694,18.9461691,19.87691932,8/28/2025 8:26
naive_adjacency,waste_collection_area,56,2,128,1.00001E+14,0,17.97359694,17.97359694,18.9461691,19.87691932,8/28/2025 8:26
naive_adjacency,waste_collection_area,56,2,128,1E+14,0,18.98799105,17.97359694,18.9461691,19.87691932,8/28/2025 8:26
naive_adjacency,waste_collection_area,56,2,128,1.001E+13,0,19.87691932,17.97359694,18.9461691,19.87691932,8/28/2025 8:26
naive_adjacency,waste_collection_area,56,2,128,1.01001E+12,0,18.98799105,17.97359694,18.9461691,19.87691932,8/28/2025 8:26
naive_adjacency,waste_collection_area,56,2,128,1.00001E+13,0,19.87691932,17.97359694,18.9461691,19.87691932,8/28/2025 8:26
naive_adjacency,waste_collection_area,56,2,128,1.00101E+12,0,17.97359694,17.97359694,18.9461691,19.87691932,8/28/2025 8:26
naive_adjacency,waste_collection_area,56,2,128,1.00001E+14,0,19.87691932,17.97359694,18.9461691,19.87691932,8/28/2025 8:26
naive_adjacency,waste_collection_area,56,2,128,1E+14,0,18.98799105,17.97359694,18.9461691,19.87691932,8/28/2025 8:26
naive_adjacency,waste_collection_area,56,2,128,1.001E+13,0,17.97359694,17.97359694,18.9461691,19.87691932,8/28/2025 8:26
naive_adjacency,waste_collection_area,56,2,128,1.01E+12,0,18.98799105,17.97359694,18.9461691,19.87691932,8/28/2025 8:26
naive_adjacency,waste_collection_area,56,2,128,1.00001E+13,0,17.97359694,17.97359694,18.9461691,19.87691932,8/28/2025 8:26
naive_adjacency,waste_collection_area,56,2,128,1.001E+12,0,19.87691932,17.97359694,18.9461691,19.87691932,8/28/2025 8:26
naive_adjacency,waste_collection_area,56,2,256,1.00001E+15,0,19.87691932,17.97359694,18.9461691,19.87691932,8/28/2025 8:27
naive_adjacency,waste_collection_area,56,2,256,1.00001E+15,0,17.97359694,17.97359694,18.9461691,19.87691932,8/28/2025 8:27
naive_adjacency,waste_collection_area,56,2,256,1E+15,0,18.98799105,17.97359694,18.9461691,19.87691932,8/28/2025 8:27
naive_adjacency,waste_collection_area,56,2,256,1E+15,0,17.97359694,17.97359694,18.9461691,19.87691932,8/28/2025 8:27
naive_adjacency,waste_collection_area,56,2,256,1E+15,0,18.98799105,17.97359694,18.9461691,19.87691932,8/28/2025 8:27
naive_adjacency,waste_collection_area,56,2,256,1E+15,0,19.87691932,17.97359694,18.9461691,19.87691932,8/28/2025 8:27
naive_adjacency,waste_collection_area,56,2,256,1.001E+14,0,17.97359694,17.97359694,18.9461691,19.87691932,8/28/2025 8:27
naive_adjacency,waste_collection_area,56,2,256,1.001E+14,0,19.87691932,17.97359694,18.9461691,19.87691932,8/28/2025 8:27
naive_adjacency,waste_collection_area,56,2,256,1.01E+13,0,18.98799105,17.97359694,18.9461691,19.87691932,8/28/2025 8:27
naive_adjacency,waste_collection_area,56,2,256,1.1E+12,0,19.87691932,17.97359694,18.9461691,19.87691932,8/28/2025 8:27
naive_adjacency,waste_collection_area,56,2,256,1.01E+13,0,18.98799105,17.97359694,18.9461691,19.87691932,8/28/2025 8:27
naive_adjacency,waste_collection_area,56,2,256,1.1E+12,0,17.97359694,17.97359694,18.9461691,19.87691932,8/28/2025 8:27
naive_adjacency,waste_collection_area,56,2,256,1.00001E+14,0,17.97359694,17.97359694,18.9461691,19.87691932,8/28/2025 8:27
naive_adjacency,waste_collection_area,56,2,256,1E+14,0,18.98799105,17.97359694,18.9461691,19.87691932,8/28/2025 8:27
naive_adjacency,waste_collection_area,56,2,256,1.001E+13,0,19.87691932,17.97359694,18.9461691,19.87691932,8/28/2025 8:27
naive_adjacency,waste_collection_area,56,2,256,1.01001E+12,0,18.98799105,17.97359694,18.9461691,19.87691932,8/28/2025 8:27
naive_adjacency,waste_collection_area,56,2,256,1.00001E+13,0,19.87691932,17.97359694,18.9461691,19.87691932,8/28/2025 8:27
naive_adjacency,waste_collection_area,56,2,256,1.00101E+12,0,17.97359694,17.97359694,18.9461691,19.87691932,8/28/2025 8:27
naive_adjacency,waste_collection_area,56,2,256,1.00001E+14,0,19.87691932,17.97359694,18.9461691,19.87691932,8/28/2025 8:27
naive_adjacency,waste_collection_area,56,2,256,1E+14,0,18.98799105,17.97359694,18.9461691,19.87691932,8/28/2025 8:27
naive_adjacency,waste_collection_area,56,2,256,1.001E+13,0,17.97359694,17.97359694,18.9461691,19.87691932,8/28/2025 8:27
naive_adjacency,waste_collection_area,56,2,256,1.01E+12,0,18.98799105,17.97359694,18.9461691,19.87691932,8/28/2025 8:27
naive_adjacency,waste_collection_area,56,2,256,1.00001E+13,0,17.97359694,17.97359694,18.9461691,19.87691932,8/28/2025 8:27
naive_adjacency,waste_collection_area,56,2,256,1.001E+12,0,19.87691932,17.97359694,18.9461691,19.87691932,8/28/2025 8:27
naive_adjacency,waste_collection_area,56,2,1024,1.00001E+15,0,19.87691932,17.97359694,18.9461691,19.87691932,8/28/2025 8:27
naive_adjacency,waste_collection_area,56,2,1024,1.00001E+15,0,17.97359694,17.97359694,18.9461691,19.87691932,8/28/2025 8:27
naive_adjacency,waste_collection_area,56,2,1024,1E+15,0,18.98799105,17.97359694,18.9461691,19.87691932,8/28/2025 8:27
naive_adjacency,waste_collection_area,56,2,1024,1E+15,0,17.97359694,17.97359694,18.9461691,19.87691932,8/28/2025 8:27
naive_adjacency,waste_collection_area,56,2,1024,1E+15,0,18.98799105,17.97359694,18.9461691,19.87691932,8/28/2025 8:27
naive_adjacency,waste_collection_area,56,2,1024,1E+15,0,19.87691932,17.97359694,18.9461691,19.87691932,8/28/2025 8:27
naive_adjacency,waste_collection_area,56,2,1024,1.001E+14,0,17.97359694,17.97359694,18.9461691,19.87691932,8/28/2025 8:27
naive_adjacency,waste_collection_area,56,2,1024,1.001E+14,0,19.87691932,17.97359694,18.9461691,19.87691932,8/28/2025 8:27
naive_adjacency,waste_collection_area,56,2,1024,1.01E+13,0,18.98799105,17.97359694,18.9461691,19.87691932,8/28/2025 8:27
naive_adjacency,waste_collection_area,56,2,1024,1.1E+12,0,19.87691932,17.97359694,18.9461691,19.87691932,8/28/2025 8:27
naive_adjacency,waste_collection_area,56,2,1024,1.01E+13,0,18.98799105,17.97359694,18.9461691,19.87691932,8/28/2025 8:27
naive_adjacency,waste_collection_area,56,2,1024,1.1E+12,0,17.97359694,17.97359694,18.9461691,19.87691932,8/28/2025 8:27
naive_adjacency,waste_collection_area,56,2,1024,1.00001E+14,0,17.97359694,17.97359694,18.9461691,19.87691932,8/28/2025 8:27
naive_adjacency,waste_collection_area,56,2,1024,1E+14,0,18.98799105,17.97359694,18.9461691,19.87691932,8/28/2025 8:27
naive_adjacency,waste_collection_area,56,2,1024,1.001E+13,0,19.87691932,17.97359694,18.9461691,19.87691932,8/28/2025 8:27
naive_adjacency,waste_collection_area,56,2,1024,1.01001E+12,0,18.98799105,17.97359694,18.9461691,19.87691932,8/28/2025 8:27
naive_adjacency,waste_collection_area,56,2,1024,1.00001E+13,0,19.87691932,17.97359694,18.9461691,19.87691932,8/28/2025 8:27
naive_adjacency,waste_collection_area,56,2,1024,1.00101E+12,0,17.97359694,17.97359694,18.9461691,19.87691932,8/28/2025 8:27
naive_adjacency,waste_collection_area,56,2,1024,1.00001E+14,0,19.87691932,17.97359694,18.9461691,19.87691932,8/28/2025 8:27
naive_adjacency,waste_collection_area,56,2,1024,1E+14,0,18.98799105,17.97359694,18.9461691,19.87691932,8/28/2025 8:27
naive_adjacency,waste_collection_area,56,2,1024,1.001E+13,0,17.97359694,17.97359694,18.9461691,19.87691932,8/28/2025 8:27
naive_adjacency,waste_collection_area,56,2,1024,1.01E+12,0,18.98799105,17.97359694,18.9461691,19.87691932,8/28/2025 8:27
naive_adjacency,waste_collection_area,56,2,1024,1.00001E+13,0,17.97359694,17.97359694,18.9461691,19.87691932,8/28/2025 8:27
naive_adjacency,waste_collection_area,56,2,1024,1.001E+12,0,19.87691932,17.97359694,18.9461691,19.87691932,8/28/2025 8:27
naive_adjacency,waste_collection_area,56,2,2048,1.00001E+15,0,19.87691932,17.97359694,18.9461691,19.87691932,8/28/2025 8:28
naive_adjacency,waste_collection_area,56,2,2048,1.00001E+15,0,17.97359694,17.97359694,18.9461691,19.87691932,8/28/2025 8:28
naive_adjacency,waste_collection_area,56,2,2048,1E+15,0,18.98799105,17.97359694,18.9461691,19.87691932,8/28/2025 8:28
naive_adjacency,waste_collection_area,56,2,2048,1E+15,0,17.97359694,17.97359694,18.9461691,19.87691932,8/28/2025 8:28
naive_adjacency,waste_collection_area,56,2,2048,1E+15,0,18.98799105,17.97359694,18.9461691,19.87691932,8/28/2025 8:28
naive_adjacency,waste_collection_area,56,2,2048,1E+15,0,19.87691932,17.97359694,18.9461691,19.87691932,8/28/2025 8:28
naive_adjacency,waste_collection_area,56,2,2048,1.001E+14,0,17.97359694,17.97359694,18.9461691,19.87691932,8/28/2025 8:28
naive_adjacency,waste_collection_area,56,2,2048,1.001E+14,0,19.87691932,17.97359694,18.9461691,19.87691932,8/28/2025 8:28
naive_adjacency,waste_collection_area,56,2,2048,1.01E+13,0,18.98799105,17.97359694,18.9461691,19.87691932,8/28/2025 8:28
naive_adjacency,waste_collection_area,56,2,2048,1.1E+12,0,19.87691932,17.97359694,18.9461691,19.87691932,8/28/2025 8:28
naive_adjacency,waste_collection_area,56,2,2048,1.01E+13,0,18.98799105,17.97359694,18.9461691,19.87691932,8/28/2025 8:28
naive_adjacency,waste_collection_area,56,2,2048,1.1E+12,0,17.97359694,17.97359694,18.9461691,19.87691932,8/28/2025 8:28
naive_adjacency,waste_collection_area,56,2,2048,1.00001E+14,0,17.97359694,17.97359694,18.9461691,19.87691932,8/28/2025 8:28
naive_adjacency,waste_collection_area,56,2,2048,1E+14,0,18.98799105,17.97359694,18.9461691,19.87691932,8/28/2025 8:28
naive_adjacency,waste_collection_area,56,2,2048,1.001E+13,0,19.87691932,17.97359694,18.9461691,19.87691932,8/28/2025 8:28
naive_adjacency,waste_collection_area,56,2,2048,1.01001E+12,0,18.98799105,17.97359694,18.9461691,19.87691932,8/28/2025 8:28
naive_adjacency,waste_collection_area,56,2,2048,1.00001E+13,0,19.87691932,17.97359694,18.9461691,19.87691932,8/28/2025 8:28
naive_adjacency,waste_collection_area,56,2,2048,1.00101E+12,0,17.97359694,17.97359694,18.9461691,19.87691932,8/28/2025 8:28
naive_adjacency,waste_collection_area,56,2,2048,1.00001E+14,0,19.87691932,17.97359694,18.9461691,19.87691932,8/28/2025 8:28
naive_adjacency,waste_collection_area,56,2,2048,1E+14,0,18.98799105,17.97359694,18.9461691,19.87691932,8/28/2025 8:28
naive_adjacency,waste_collection_area,56,2,2048,1.001E+13,0,17.97359694,17.97359694,18.9461691,19.87691932,8/28/2025 8:28
naive_adjacency,waste_collection_area,56,2,2048,1.01E+12,0,18.98799105,17.97359694,18.9461691,19.87691932,8/28/2025 8:28
naive_adjacency,waste_collection_area,56,2,2048,1.00001E+13,0,17.97359694,17.97359694,18.9461691,19.87691932,8/28/2025 8:28
naive_adjacency,waste_collection_area,56,2,2048,1.001E+12,0,19.87691932,17.97359694,18.9461691,19.87691932,8/28/2025 8:28
naive_adjacency,waste_collection_area,56,3,512,1.00001E+15,0,19.87691932,17.97359694,18.9461691,19.87691932,8/28/2025 8:29
naive_adjacency,waste_collection_area,56,3,512,1.00001E+15,0,17.97359694,17.97359694,18.9461691,19.87691932,8/28/2025 8:29
naive_adjacency,waste_collection_area,56,3,512,1E+15,0,18.98799105,17.97359694,18.9461691,19.87691932,8/28/2025 8:29
naive_adjacency,waste_collection_area,56,3,512,1E+15,0,17.97359694,17.97359694,18.9461691,19.87691932,8/28/2025 8:29
naive_adjacency,waste_collection_area,56,3,512,1E+15,0,18.98799105,17.97359694,18.9461691,19.87691932,8/28/2025 8:29
naive_adjacency,waste_collection_area,56,3,512,1E+15,0,19.87691932,17.97359694,18.9461691,19.87691932,8/28/2025 8:29
naive_adjacency,waste_collection_area,56,3,512,1.001E+14,0,17.97359694,17.97359694,18.9461691,19.87691932,8/28/2025 8:29
naive_adjacency,waste_collection_area,56,3,512,1.001E+14,0,19.87691932,17.97359694,18.9461691,19.87691932,8/28/2025 8:29
naive_adjacency,waste_collection_area,56,3,512,1.01E+13,0,18.98799105,17.97359694,18.9461691,19.87691932,8/28/2025 8:29
naive_adjacency,waste_collection_area,56,3,512,1.1E+12,0,19.87691932,17.97359694,18.9461691,19.87691932,8/28/2025 8:29
naive_adjacency,waste_collection_area,56,3,512,1.01E+13,0,18.98799105,17.97359694,18.9461691,19.87691932,8/28/2025 8:29
naive_adjacency,waste_collection_area,56,3,512,1.1E+12,0,17.97359694,17.97359694,18.9461691,19.87691932,8/28/2025 8:29
naive_adjacency,waste_collection_area,56,3,512,1.00001E+14,0,17.97359694,17.97359694,18.9461691,19.87691932,8/28/2025 8:29
naive_adjacency,waste_collection_area,56,3,512,1E+14,0,18.98799105,17.97359694,18.9461691,19.87691932,8/28/2025 8:29
naive_adjacency,waste_collection_area,56,3,512,1.001E+13,0,19.87691932,17.97359694,18.9461691,19.87691932,8/28/2025 8:29
naive_adjacency,waste_collection_area,56,3,512,1.01001E+12,0,18.98799105,17.97359694,18.9461691,19.87691932,8/28/2025 8:29
naive_adjacency,waste_collection_area,56,3,512,1.00001E+13,0,19.87691932,17.97359694,18.9461691,19.87691932,8/28/2025 8:29
naive_adjacency,waste_collection_area,56,3,512,1.00101E+12,0,17.97359694,17.97359694,18.9461691,19.87691932,8/28/2025 8:29
naive_adjacency,waste_collection_area,56,3,512,1.00001E+14,0,19.87691932,17.97359694,18.9461691,19.87691932,8/28/2025 8:29
naive_adjacency,waste_collection_area,56,3,512,1E+14,0,18.98799105,17.97359694,18.9461691,19.87691932,8/28/2025 8:29
naive_adjacency,waste_collection_area,56,3,512,1.001E+13,0,17.97359694,17.97359694,18.9461691,19.87691932,8/28/2025 8:29
naive_adjacency,waste_collection_area,56,3,512,1.01E+12,0,18.98799105,17.97359694,18.9461691,19.87691932,8/28/2025 8:29
naive_adjacency,waste_collection_area,56,3,512,1.00001E+13,0,17.97359694,17.97359694,18.9461691,19.87691932,8/28/2025 8:29
naive_adjacency,waste_collection_area,56,3,512,1.001E+12,0,19.87691932,17.97359694,18.9461691,19.87691932,8/28/2025 8:29
node_visit_time,waste_collection_area,56,3,512,110,13,17.97359694,17.97359694,18.9461691,19.87691932,8/28/2025 8:30
node_visit_time,waste_collection_area,56,3,512,1001,12,18.98799105,17.97359694,18.9461691,19.87691932,8/28/2025 8:30
node_visit_time,waste_collection_area,56,3,512,10010,3,19.87691932,17.97359694,18.9461691,19.87691932,8/28/2025 8:30
node_visit_time,waste_collection_area,56,3,512,11000,10,19.87691932,17.97359694,18.9461691,19.87691932,8/28/2025 8:30
node_visit_time,waste_collection_area,56,3,512,100001,7,18.98799105,17.97359694,18.9461691,19.87691932,8/28/2025 8:30
node_visit_time,waste_collection_area,56,3,512,100100,12,17.97359694,17.97359694,18.9461691,19.87691932,8/28/2025 8:30
naive_adjacency,waste_collection_area,56,4,512,1.00001E+15,0,19.87691932,17.97359694,18.9461691,19.87691932,8/28/2025 8:31
naive_adjacency,waste_collection_area,56,4,512,1.00001E+15,0,17.97359694,17.97359694,18.9461691,19.87691932,8/28/2025 8:31
naive_adjacency,waste_collection_area,56,4,512,1E+15,0,18.98799105,17.97359694,18.9461691,19.87691932,8/28/2025 8:31
naive_adjacency,waste_collection_area,56,4,512,1E+15,0,17.97359694,17.97359694,18.9461691,19.87691932,8/28/2025 8:31
naive_adjacency,waste_collection_area,56,4,512,1E+15,0,18.98799105,17.97359694,18.9461691,19.87691932,8/28/2025 8:31
naive_adjacency,waste_collection_area,56,4,512,1E+15,0,19.87691932,17.97359694,18.9461691,19.87691932,8/28/2025 8:31
naive_adjacency,waste_collection_area,56,4,512,1.001E+14,0,17.97359694,17.97359694,18.9461691,19.87691932,8/28/2025 8:31
naive_adjacency,waste_collection_area,56,4,512,1.001E+14,0,19.87691932,17.97359694,18.9461691,19.87691932,8/28/2025 8:31
naive_adjacency,waste_collection_area,56,4,512,1.01E+13,0,18.98799105,17.97359694,18.9461691,19.87691932,8/28/2025 8:31
naive_adjacency,waste_collection_area,56,4,512,1.1E+12,0,19.87691932,17.97359694,18.9461691,19.87691932,8/28/2025 8:31
naive_adjacency,waste_collection_area,56,4,512,1.01E+13,0,18.98799105,17.97359694,18.9461691,19.87691932,8/28/2025 8:31
naive_adjacency,waste_collection_area,56,4,512,1.1E+12,0,17.97359694,17.97359694,18.9461691,19.87691932,8/28/2025 8:31
naive_adjacency,waste_collection_area,56,4,512,1.00001E+14,0,17.97359694,17.97359694,18.9461691,19.87691932,8/28/2025 8:31
naive_adjacency,waste_collection_area,56,4,512,1E+14,0,18.98799105,17.97359694,18.9461691,19.87691932,8/28/2025 8:31
naive_adjacency,waste_collection_area,56,4,512,1.001E+13,0,19.87691932,17.97359694,18.9461691,19.87691932,8/28/2025 8:31
naive_adjacency,waste_collection_area,56,4,512,1.01001E+12,0,18.98799105,17.97359694,18.9461691,19.87691932,8/28/2025 8:31
naive_adjacency,waste_collection_area,56,4,512,1.00001E+13,0,19.87691932,17.97359694,18.9461691,19.87691932,8/28/2025 8:31
naive_adjacency,waste_collection_area,56,4,512,1.00101E+12,0,17.97359694,17.97359694,18.9461691,19.87691932,8/28/2025 8:31
naive_adjacency,waste_collection_area,56,4,512,1.00001E+14,0,19.87691932,17.97359694,18.9461691,19.87691932,8/28/2025 8:31
naive_adjacency,waste_collection_area,56,4,512,1E+14,0,18.98799105,17.97359694,18.9461691,19.87691932,8/28/2025 8:31
naive_adjacency,waste_collection_area,56,4,512,1.001E+13,0,17.97359694,17.97359694,18.9461691,19.87691932,8/28/2025 8:31
naive_adjacency,waste_collection_area,56,4,512,1.01E+12,0,18.98799105,17.97359694,18.9461691,19.87691932,8/28/2025 8:31
naive_adjacency,waste_collection_area,56,4,512,1.00001E+13,0,17.97359694,17.97359694,18.9461691,19.87691932,8/28/2025 8:31
naive_adjacency,waste_collection_area,56,4,512,1.001E+12,0,19.87691932,17.97359694,18.9461691,19.87691932,8/28/2025 8:31
node_visit_time,waste_collection_area,56,4,512,110,10,17.97359694,17.97359694,18.9461691,19.87691932,8/28/2025 8:36
node_visit_time,waste_collection_area,56,4,512,1001,8,18.98799105,17.97359694,18.9461691,19.87691932,8/28/2025 8:36
node_visit_time,waste_collection_area,56,4,512,10010,5,19.87691932,17.97359694,18.9461691,19.87691932,8/28/2025 8:36
node_visit_time,waste_collection_area,56,4,512,11000,10,19.87691932,17.97359694,18.9461691,19.87691932,8/28/2025 8:36
node_visit_time,waste_collection_area,56,4,512,100001,6,18.98799105,17.97359694,18.9461691,19.87691932,8/28/2025 8:36
node_visit_time,waste_collection_area,56,4,512,100100,9,17.97359694,17.97359694,18.9461691,19.87691932,8/28/2025 8:36
naive_adjacency,waste_collection_area,56,5,512,1.00001E+15,0,19.87691932,17.97359694,18.9461691,19.87691932,8/28/2025 8:37
naive_adjacency,waste_collection_area,56,5,512,1.00001E+15,0,17.97359694,17.97359694,18.9461691,19.87691932,8/28/2025 8:37
naive_adjacency,waste_collection_area,56,5,512,1E+15,0,18.98799105,17.97359694,18.9461691,19.87691932,8/28/2025 8:37
naive_adjacency,waste_collection_area,56,5,512,1E+15,0,17.97359694,17.97359694,18.9461691,19.87691932,8/28/2025 8:37
naive_adjacency,waste_collection_area,56,5,512,1E+15,0,18.98799105,17.97359694,18.9461691,19.87691932,8/28/2025 8:37
naive_adjacency,waste_collection_area,56,5,512,1E+15,0,19.87691932,17.97359694,18.9461691,19.87691932,8/28/2025 8:37
naive_adjacency,waste_collection_area,56,5,512,1.001E+14,0,17.97359694,17.97359694,18.9461691,19.87691932,8/28/2025 8:37
naive_adjacency,waste_collection_area,56,5,512,1.001E+14,0,19.87691932,17.97359694,18.9461691,19.87691932,8/28/2025 8:37
naive_adjacency,waste_collection_area,56,5,512,1.01E+13,0,18.98799105,17.97359694,18.9461691,19.87691932,8/28/2025 8:37
naive_adjacency,waste_collection_area,56,5,512,1.1E+12,0,19.87691932,17.97359694,18.9461691,19.87691932,8/28/2025 8:37
naive_adjacency,waste_collection_area,56,5,512,1.01E+13,0,18.98799105,17.97359694,18.9461691,19.87691932,8/28/2025 8:37
naive_adjacency,waste_collection_area,56,5,512,1.1E+12,0,17.97359694,17.97359694,18.9461691,19.87691932,8/28/2025 8:37
naive_adjacency,waste_collection_area,56,5,512,1.00001E+14,0,17.97359694,17.97359694,18.9461691,19.87691932,8/28/2025 8:37
naive_adjacency,waste_collection_area,56,5,512,1E+14,0,18.98799105,17.97359694,18.9461691,19.87691932,8/28/2025 8:37
naive_adjacency,waste_collection_area,56,5,512,1.001E+13,0,19.87691932,17.97359694,18.9461691,19.87691932,8/28/2025 8:37
naive_adjacency,waste_collection_area,56,5,512,1.01001E+12,0,18.98799105,17.97359694,18.9461691,19.87691932,8/28/2025 8:37
naive_adjacency,waste_collection_area,56,5,512,1.00001E+13,0,19.87691932,17.97359694,18.9461691,19.87691932,8/28/2025 8:37
naive_adjacency,waste_collection_area,56,5,512,1.00101E+12,0,17.97359694,17.97359694,18.9461691,19.87691932,8/28/2025 8:37
naive_adjacency,waste_collection_area,56,5,512,1.00001E+14,0,19.87691932,17.97359694,18.9461691,19.87691932,8/28/2025 8:37
naive_adjacency,waste_collection_area,56,5,512,1E+14,0,18.98799105,17.97359694,18.9461691,19.87691932,8/28/2025 8:37
naive_adjacency,waste_collection_area,56,5,512,1.001E+13,0,17.97359694,17.97359694,18.9461691,19.87691932,8/28/2025 8:37
naive_adjacency,waste_collection_area,56,5,512,1.01E+12,0,18.98799105,17.97359694,18.9461691,19.87691932,8/28/2025 8:37
naive_adjacency,waste_collection_area,56,5,512,1.00001E+13,0,17.97359694,17.97359694,18.9461691,19.87691932,8/28/2025 8:37
naive_adjacency,waste_collection_area,56,5,512,1.001E+12,0,19.87691932,17.97359694,18.9461691,19.87691932,8/28/2025 8:37
node_visit_time,waste_collection_area,56,5,512,110,6,17.97359694,17.97359694,18.9461691,19.87691932,8/28/2025 8:38
node_visit_time,waste_collection_area,56,5,512,1001,8,18.98799105,17.97359694,18.9461691,19.87691932,8/28/2025 8:38
node_visit_time,waste_collection_area,56,5,512,10010,17,19.87691932,17.97359694,18.9461691,19.87691932,8/28/2025 8:38
node_visit_time,waste_collection_area,56,5,512,11000,8,19.87691932,17.97359694,18.9461691,19.87691932,8/28/2025 8:38
node_visit_time,waste_collection_area,56,5,512,100001,3,18.98799105,17.97359694,18.9461691,19.87691932,8/28/2025 8:38
node_visit_time,waste_collection_area,56,5,512,100100,6,17.97359694,17.97359694,18.9461691,19.87691932,8/28/2025 8:38
node_visit_time,waste_collection_area,56,2,128,110,3,17.97359694,17.97359694,18.9461691,19.87691932,8/28/2025 11:14
node_visit_time,waste_collection_area,56,2,128,1001,2,18.98799105,17.97359694,18.9461691,19.87691932,8/28/2025 11:14
node_visit_time,waste_collection_area,56,2,128,10010,1,19.87691932,17.97359694,18.9461691,19.87691932,8/28/2025 11:14
node_visit_time,waste_collection_area,56,2,128,11000,4,19.87691932,17.97359694,18.9461691,19.87691932,8/28/2025 11:14
node_visit_time,waste_collection_area,56,2,128,100001,5,18.98799105,17.97359694,18.9461691,19.87691932,8/28/2025 11:14
node_visit_time,waste_collection_area,56,2,128,100100,0,17.97359694,17.97359694,18.9461691,19.87691932,8/28/2025 11:14
node_visit_time,waste_collection_area,56,2,256,110,4,17.97359694,17.97359694,18.9461691,19.87691932,8/28/2025 11:16
node_visit_time,waste_collection_area,56,2,256,1001,3,18.98799105,17.97359694,18.9461691,19.87691932,8/28/2025 11:16
node_visit_time,waste_collection_area,56,2,256,10010,2,19.87691932,17.97359694,18.9461691,19.87691932,8/28/2025 11:16
node_visit_time,waste_collection_area,56,2,256,11000,6,19.87691932,17.97359694,18.9461691,19.87691932,8/28/2025 11:16
node_visit_time,waste_collection_area,56,2,256,100001,6,18.98799105,17.97359694,18.9461691,19.87691932,8/28/2025 11:16
node_visit_time,waste_collection_area,56,2,256,100100,1,17.97359694,17.97359694,18.9461691,19.87691932,8/28/2025 11:16
node_visit_time,waste_collection_area,56,2,1024,110,9,17.97359694,17.97359694,18.9461691,19.87691932,8/28/2025 11:17
node_visit_time,waste_collection_area,56,2,1024,1001,15,18.98799105,17.97359694,18.9461691,19.87691932,8/28/2025 11:17
node_visit_time,waste_collection_area,56,2,1024,10010,8,19.87691932,17.97359694,18.9461691,19.87691932,8/28/2025 11:17
node_visit_time,waste_collection_area,56,2,1024,11000,14,19.87691932,17.97359694,18.9461691,19.87691932,8/28/2025 11:17
node_visit_time,waste_collection_area,56,2,1024,100001,22,18.98799105,17.97359694,18.9461691,19.87691932,8/28/2025 11:17
node_visit_time,waste_collection_area,56,2,1024,100100,10,17.97359694,17.97359694,18.9461691,19.87691932,8/28/2025 11:17
