Location Coordinate;Feature Extent;Latitude Coordinate;Longitude Coordinate;Road Name;Installed Year;Range;Counter Type;Installed Date;Easting Coordinate;Northing Coordinate;Projection;Postcode;85th Percentile (Kmh);Volume in 12Hours;Volume in 24Hours;Commercial Vehicles (%);Peak Volume (%);GISFid
-38.1004677297, 145.2883321149;"{""coordinates"": [145.2883321149, -38.1004677297], ""type"": ""Point""}";-38.10046772971046;145.28833211485934;Normanby Street;2019;Between 50km/h and 60km/h;W;2019-11-12;349920;5781655;MGA2020 zone 55;3977;54.5;257;319;2.33;12.75;1
-38.0110919639, 145.3067907775;"{""coordinates"": [145.3067907775, -38.0110919639], ""type"": ""Point""}";-38.01109196386131;145.30679077751992;Prospect Hill Road;2019;Between 50km/h and 60km/h;W;2019-03-20;351358;5791603;MGA2020 zone 55;3805;55.0;1232;1635;1.9;8.81;6
-38.028972599, 145.31131357;"{""coordinates"": [145.31131357, -38.028972599], ""type"": ""Point""}";-38.028972598953175;145.31131356999137;Kent Road;2018;Between 50km/h and 60km/h;W;2018-03-02;351791;5789626;MGA2020 zone 55;3805;53.1;306;401;3.65;10.22;12
-38.0492610483, 145.3384208407;"{""coordinates"": [145.3384208407, -38.0492610483], ""type"": ""Point""}";-38.04926104833665;145.33842084068547;County Drive;2018;Between 50km/h and 60km/h;W;2018-03-02;354210;5787417;MGA2020 zone 55;3806;57.9;3042;4057;2.95;9.22;36
-37.9967586499, 145.241517811;"{""coordinates"": [145.241517811, -37.9967586499], ""type"": ""Point""}";-37.996758649923585;145.24151781103697;Oak Avenue Doveton;2019;Between 40km/h and 50km/h;W;2019-03-20;345597;5793087;MGA2020 zone 55;3177;49.0;211;297;4.5;8.08;83
-38.0540947356, 145.3543884418;"{""coordinates"": [145.3543884418, -38.0540947356], ""type"": ""Point""}";-38.05409473558246;145.35438844175926;Barton Mews Berwick;2019;Between 30km/h and 40km/h;W;2019-02-23;355621;5786906;MGA2020 zone 55;3806;37.8;184;225;5.46;19.56;85
-38.1258501896, 145.2625669991;"{""coordinates"": [145.2625669991, -38.1258501896], ""type"": ""Point""}";-38.1258501896229;145.26256699910175;Ballarto Road;2019;More than 60km/h;W;2019-03-26;347713;5778797;MGA2020 zone 55;3977;71.0;609;757;42.2;9.3;98
-37.9737889779, 145.2588729181;"{""coordinates"": [145.2588729181, -37.9737889779], ""type"": ""Point""}";-37.97378897789538;145.25887291814612;Mossgiel Park Drive;2018;More than 60km/h;W;2018-06-23;347074;5795664;MGA2020 zone 55;3802;60.4;7944;10418;4.6;9.0;100
-38.0824227024, 145.2915293738;"{""coordinates"": [145.2915293738, -38.0824227024], ""type"": ""Point""}";-38.08242270237316;145.2915293738323;Carey Street Cranbourne Nth;2019;Between 50km/h and 60km/h;W;2019-02-26;350164;5783663;MGA2020 zone 55;3977;55.8;534;715;3.4;12.45;144
-38.2133113693, 145.315300236;"{""coordinates"": [145.315300236, -38.2133113693], ""type"": ""Point""}";-38.21331136929143;145.31530023596707;Cannons Creek Road;2021;Between 50km/h and 60km/h;W;2021-03-23;352512;5769177;MGA2020 zone 55;3977;53.8;277;336;3.9;10.1;189
-38.0998591155, 145.3350156396;"{""coordinates"": [145.3350156396, -38.0998591155], ""type"": ""Point""}";-38.09985911549568;145.33501563964717;Appenzellar Drive;2021;Between 50km/h and 60km/h;W;2021-03-23;354012;5781797;MGA2020 zone 55;3978;52.1;721;969;5.0;8.8;198
-38.1465571198, 145.2350983419;"{""coordinates"": [145.2350983419, -38.1465571198], ""type"": ""Point""}";-38.14655711975588;145.23509834194104;Browns Road Cranbourne South;2021;More than 60km/h;W;2021-04-21;345349;5776453;MGA2020 zone 55;3977;68.1;4783;5953;9.8;10.38;253
-38.0011690026, 145.265775024;"{""coordinates"": [145.265775024, -38.0011690026], ""type"": ""Point""}";-38.00116900263205;145.2657750239788;Windsor Street;2022;Between 40km/h and 50km/h;W;2022-02-22;347736;5792637;MGA2020 zone 55;3803;41.4;1589;1976;2.31;9.73;256
-38.0730900038, 145.2571790243;"{""coordinates"": [145.2571790243, -38.0730900038], ""type"": ""Point""}";-38.07309000383699;145.25717902427596;Brookwater Parade;2022;Between 40km/h and 50km/h;W;2022-02-22;347131;5784642;MGA2020 zone 55;3975;48.1;565;753;7.03;10.61;282
-38.0244560012, 145.3113450423;"{""coordinates"": [145.3113450423, -38.0244560012], ""type"": ""Point""}";-38.024456001174286;145.31134504233998;Verdun Drive;2022;Between 50km/h and 60km/h;W;2022-08-24;351785;5790127;MGA2020 zone 55;3805;51.0;1599;1788;4.02;10.81;533
-38.1103730035, 145.2853630246;"{""coordinates"": [145.2853630246, -38.1103730035], ""type"": ""Point""}";-38.11037300346689;145.28536302463576;Codrington Street;2021;Between 40km/h and 50km/h;W;2021-11-15;349680;5780551;MGA2020 zone 55;3977;45.8;2059;2286;3.89;13.11;555
-38.1106250041, 145.2878930279;"{""coordinates"": [145.2878930279, -38.1106250041], ""type"": ""Point""}";-38.11062500407426;145.28789302787547;Russell Street;2021;Between 40km/h and 50km/h;W;2021-11-15;349902;5780527;MGA2020 zone 55;3977;40.9;1024;1135;9.03;19.82;562
-38.1198600033, 145.3073830216;"{""coordinates"": [145.3073830216, -38.1198600033], ""type"": ""Point""}";-38.119860003274724;145.3073830216395;Casey Fields, East Of Casey Fields Boulevard;2021;Between 30km/h and 40km/h;W;2021-11-16;351630;5779534;MGA2020 zone 55;3977;36.0;2023;2311;5.0;11.07;566
-38.0620973067, 145.2551851837;"{""coordinates"": [145.2551851837, -38.0620973067], ""type"": ""Point""}";-38.06209730669491;145.2551851836564;Paterson Drive;2018;Between 50km/h and 60km/h;W;2018-03-02;346933;5785859;MGA2020 zone 55;3975;57.3;686;854;2.82;13.47;581
-38.1241639426, 145.3009428599;"{""coordinates"": [145.3009428599, -38.1241639426], ""type"": ""Point""}";-38.124163942550965;145.3009428598558;Lineham Drive;2019;Between 50km/h and 60km/h;W;2019-02-25;351074;5779046;MGA2020 zone 55;3977;58.3;1464;2010;4.39;9.95;609
-38.0345775186, 145.2593069754;"{""coordinates"": [145.2593069754, -38.0345775186], ""type"": ""Point""}";-38.03457751863662;145.259306975351;Fordholm Road;2019;Between 50km/h and 60km/h;W;2019-05-30;347238;5788919;MGA2020 zone 55;3976;53.2;2141;2620;2.6;14.35;625
-38.0586525119, 145.2902822829;"{""coordinates"": [145.2902822829, -38.0586525119], ""type"": ""Point""}";-38.058652511850106;145.2902822829283;Ormond Road Narre Warren South;2019;Between 50km/h and 60km/h;W;2019-11-12;350006;5786298;MGA2020 zone 55;3805;56.8;8547;11017;4.29;9.14;669
-38.0703916273, 145.3234467737;"{""coordinates"": [145.3234467737, -38.0703916273], ""type"": ""Point""}";-38.07039162733547;145.3234467736514;The Esplanade;2018;More than 60km/h;W;2018-05-09;352939;5785049;MGA2020 zone 55;3805;61.0;1383;1759;5.2;11.03;676
-38.0148647085, 145.3249809014;"{""coordinates"": [145.3249809014, -38.0148647085], ""type"": ""Point""}";-38.014864708472096;145.32498090140075;Ernst Wanke Road;2020;More than 60km/h;W;2020-02-13;352962;5791213;MGA2020 zone 55;3806;61.7;7342;9030;5.65;12.16;690
-38.0991473297, 145.2671930322;"{""coordinates"": [145.2671930322, -38.0991473297], ""type"": ""Point""}";-38.099147329711904;145.26719303221842;Monahans Road;2018;Between 50km/h and 60km/h;W;2018-06-23;348064;5781767;MGA2020 zone 55;3977;54.4;6285;8005;2.51;9.82;744
-38.065548153, 145.3146957445;"{""coordinates"": [145.3146957445, -38.065548153], ""type"": ""Point""}";-38.065548153009885;145.31469574446686;Heritage Drive;2018;Between 50km/h and 60km/h;W;2018-05-09;352161;5785572;MGA2020 zone 55;3805;51.0;1002;1260;7.4;13.57;745
-38.1493386317, 145.263973212;"{""coordinates"": [145.263973212, -38.1493386317], ""type"": ""Point""}";-38.14933863172507;145.2639732119877;Smiths Lane   Botanic Ridge;2019;Between 50km/h and 60km/h;W;2019-05-22;347886;5776193;MGA2020 zone 55;3977;50.0;898;1127;5.9;9.94;755
-38.0040649105, 145.264856504;"{""coordinates"": [145.264856504, -38.0040649105], ""type"": ""Point""}";-38.00406491052975;145.26485650403154;Princes Domain Drive;2018;Between 30km/h and 40km/h;W;2018-08-10;347662;5792314;MGA2020 zone 55;3803;37.0;3200;3999;2.4;8.35;771
-38.1364353389, 145.2563217894;"{""coordinates"": [145.2563217894, -38.1364353389], ""type"": ""Point""}";-38.13643533892108;145.25632178935564;Settlers Run;2019;Between 40km/h and 50km/h;W;2019-11-12;347188;5777612;MGA2020 zone 55;3977;45.1;1759;2277;8.94;9.3;776
-38.0042433478, 145.300910905;"{""coordinates"": [145.300910905, -38.0042433478], ""type"": ""Point""}";-38.004243347833736;145.3009109050123;Josephine Avenue, Nw;2019;Between 50km/h and 60km/h;W;2019-02-14;350828;5792353;MGA2020 zone 55;3805;58.0;3190;4248;5.1;13.06;794
-38.0290030228, 145.3362367448;"{""coordinates"": [145.3362367448, -38.0290030228], ""type"": ""Point""}";-38.029003022805966;145.33623674483215;Wilson Botanic Park Access Road;2019;Between 40km/h and 50km/h;W;2019-11-12;353979;5789662;MGA2020 zone 55;3806;41.7;510;561;1.55;11.96;815
-38.1298852493, 145.3199855046;"{""coordinates"": [145.3199855046, -38.1298852493], ""type"": ""Point""}";-38.12988524934443;145.31998550455606;Grande Belmonde Avenue;2021;Between 50km/h and 60km/h;W;2021-03-23;352755;5778442;MGA2020 zone 55;3978;50.9;1109;1358;8.4;10.24;828
-38.0733996098, 145.3254116982;"{""coordinates"": [145.3254116982, -38.0733996098], ""type"": ""Point""}";-38.07339960977371;145.3254116981788;Glasscocks Road;2021;More than 60km/h;W;2021-03-25;353117;5784718;MGA2020 zone 55;3977;74.1;9004;11518;6.7;9.63;829
-38.0503177208, 145.3518260638;"{""coordinates"": [145.3518260638, -38.0503177208], ""type"": ""Point""}";-38.050317720785834;145.35182606379615;Strathavan Drive;2021;Between 50km/h and 60km/h;W;2021-03-23;355389;5787321;MGA2020 zone 55;3806;55.4;319;421;5.6;11.47;849
-38.11401034, 145.2415685479;"{""coordinates"": [145.2415685479, -38.11401034], ""type"": ""Point""}";-38.11401033999975;145.2415685479413;Bradman Drive;2021;Between 50km/h and 60km/h;W;2021-03-26;345848;5780076;MGA2020 zone 55;3977;59.7;2222;2778;7.0;14.62;883
-37.9918680024, 145.2600910235;"{""coordinates"": [145.2600910235, -37.9918680024], ""type"": ""Point""}";-37.991868002440455;145.26009102347538;Arthur Phillip Drive;2022;Between 30km/h and 40km/h;W;2022-02-22;347218;5793660;MGA2020 zone 55;3802;35.2;70;94;5.84;8.42;903
-38.0712596242, 145.3413269277;"{""coordinates"": [145.3413269277, -38.0712596242], ""type"": ""Point""}";-38.071259624233896;145.34132692771874;Skyline Way;2019;Between 40km/h and 50km/h;W;2019-11-12;354509;5784981;MGA2020 zone 55;3806;40.3;2273;2769;3.33;15.85;914
-38.086162, 145.335339;"{""coordinates"": [145.335339, -38.086162], ""type"": ""Point""}";-38.08616199999634;145.3353389999976;Anfield Road;2024;Between 30km/h and 40km/h;W;2024-08-21;354013;5783318;MGA2020 zone 55;3978;37.1;302;356;12.55;10.87;1386
-38.04389, 145.353923;"{""coordinates"": [145.353923, -38.04389], ""type"": ""Point""}";-38.043889999996374;145.35392299999768;Fairholme Boulevard;2024;Between 40km/h and 50km/h;W;2024-08-17;355560;5788037;MGA2020 zone 55;3806;46.2;1938;2193;5.41;20.71;1414
-38.045718, 145.267077;"{""coordinates"": [145.267077, -38.045718], ""type"": ""Point""}";-38.04571799999618;145.26707699999707;Horizon Boulevard;2024;Between 40km/h and 50km/h;W;2024-08-21;347943;5787696;MGA2020 zone 55;3976;44.4;537;689;4.9;9.82;1437
-38.143222, 145.242722;"{""coordinates"": [145.242722, -38.143222], ""type"": ""Point""}";-38.143221999996065;145.2427219999969;Keipha Road;2024;Between 30km/h and 40km/h;W;2024-06-13;346010;5776836;MGA2020 zone 55;3977;38.4;35;39;16.48;39.53;1445
-38.06666645, 145.3116101244;"{""coordinates"": [145.3116101244, -38.06666645], ""type"": ""Point""}";-38.06666645004414;145.3116101244224;Robinswood Parade;2018;Between 50km/h and 60km/h;W;2018-05-18;351893;5785443;MGA2020 zone 55;3805;55.0;1301;1619;1.5;13.22;71
-37.9877051782, 145.2668277467;"{""coordinates"": [145.2668277467, -37.9877051782], ""type"": ""Point""}";-37.98770517821488;145.26682774674427;James Cook Drive;2019;Between 50km/h and 60km/h;W;2019-05-17;347801;5794133;MGA2020 zone 55;3802;57.0;3908;4851;3.7;12.27;103
-38.2118418897, 145.337342575;"{""coordinates"": [145.337342575, -38.2118418897], ""type"": ""Point""}";-38.21184188965312;145.33734257496684;Warneet Road;2019;More than 60km/h;W;2019-11-12;354439;5769375;MGA2020 zone 55;3980;64.9;1557;1991;5.01;9.12;109
-38.067969119, 145.3077426338;"{""coordinates"": [145.3077426338, -38.067969119], ""type"": ""Point""}";-38.06796911903349;145.30774263377037;Robinswood Parade;2019;Between 40km/h and 50km/h;W;2019-05-30;351556;5785293;MGA2020 zone 55;3805;46.9;6398;7848;1.8;11.57;125
-38.0003966494, 145.3185908696;"{""coordinates"": [145.3185908696, -38.0003966494], ""type"": ""Point""}";-38.00039664937379;145.31859086957138;Amber Crescent  Narre Warren;2018;Between 50km/h and 60km/h;W;2018-03-14;352372;5792808;MGA2020 zone 55;3805;55.3;478;626;4.98;10.22;135
-38.1123893265, 145.3219332554;"{""coordinates"": [145.3219332554, -38.1123893265], ""type"": ""Point""}";-38.11238932647618;145.32193325544918;Mackillop Way, Clyde North;2019;Between 50km/h and 60km/h;W;2019-05-30;352890;5780386;MGA2020 zone 55;3978;53.3;1868;2254;2.7;15.75;150
-38.0912338643, 145.3491509803;"{""coordinates"": [145.3491509803, -38.0912338643], ""type"": ""Point""}";-38.0912338642652;145.34915098025178;Thompsons Road Clyde North;2018;More than 60km/h;W;2018-03-14;355235;5782776;MGA2020 zone 55;3978;68.0;4311;4777;18.21;10.61;172
-38.0059540022, 145.2783230211;"{""coordinates"": [145.2783230211, -38.0059540022], ""type"": ""Point""}";-38.00595400222376;145.27832302106546;Marson Crescent;2022;Between 40km/h and 50km/h;W;2022-02-22;348848;5792127;MGA2020 zone 55;3803;48.5;412;565;4.08;8.06;257
-38.0542110005, 145.3542500192;"{""coordinates"": [145.3542500192, -38.0542110005], ""type"": ""Point""}";-38.05421100050017;145.3542500191848;Barton Mews;2022;Less than 30km/h;W;2022-02-22;355609;5786893;MGA2020 zone 55;3806;29.2;127;158;5.46;18.34;311
-38.0259720034, 145.3502320333;"{""coordinates"": [145.3502320333, -38.0259720034], ""type"": ""Point""}";-38.025972003441055;145.35023203326122;Lyall Road;2022;More than 60km/h;W;2022-02-22;355201;5790020;MGA2020 zone 55;3806;62.0;5691;7057;6.79;9.25;312
-38.1105230028, 145.3145320113;"{""coordinates"": [145.3145320113, -38.1105230028], ""type"": ""Point""}";-38.11052300278617;145.31453201128065;Heather Grove;2022;Between 40km/h and 50km/h;W;2022-02-22;352238;5780582;MGA2020 zone 55;3977;44.2;3924;4859;4.29;17.09;381
-38.0920790028, 145.258203025;"{""coordinates"": [145.258203025, -38.0920790028], ""type"": ""Point""}";-38.09207900280486;145.25820302495157;Fairhaven Boulevard;2022;Between 50km/h and 60km/h;W;2022-02-22;347261;5782537;MGA2020 zone 55;3977;56.4;878;1240;13.59;9.17;406
-38.0884070032, 145.2565870317;"{""coordinates"": [145.2565870317, -38.0884070032], ""type"": ""Point""}";-38.0884070032454;145.25658703171496;Evans Road;2022;More than 60km/h;W;2022-02-22;347111;5782942;MGA2020 zone 55;3977;74.6;19001;25680;5.26;8.45;410
-38.1794030041, 145.3145200223;"{""coordinates"": [145.3145200223, -38.1794030041], ""type"": ""Point""}";-38.17940300413069;145.31452002232837;Fisheries Road;2022;More than 60km/h;W;2022-02-22;352376;5772938;MGA2020 zone 55;3977;86.4;4884;6264;7.41;9.43;416
-38.0729389998, 145.3095620114;"{""coordinates"": [145.3095620114, -38.0729389998], ""type"": ""Point""}";-38.07293899984708;145.3095620113868;Nurture Avenue;2022;Between 40km/h and 50km/h;W;2022-05-19;351726;5784744;MGA2020 zone 55;3977;47.4;1072;1189;9.09;16.3;427
-38.1118190027, 145.3377700277;"{""coordinates"": [145.3377700277, -38.1118190027], ""type"": ""Point""}";-38.111819002689785;145.3377700276901;Heather Grove;2022;Between 40km/h and 50km/h;W;2022-05-19;354278;5780474;MGA2020 zone 55;3978;44.8;3848;5039;5.03;9.09;428
-38.0604460022, 145.2441830056;"{""coordinates"": [145.2441830056, -38.0604460022], ""type"": ""Point""}";-38.06044600219238;145.244183005603;Carbine Way;2022;Between 40km/h and 50km/h;W;2022-05-19;345965;5786024;MGA2020 zone 55;3975;49.9;610;747;10.24;27.18;432
-38.0811750022, 145.3154490289;"{""coordinates"": [145.3154490289, -38.0811750022], ""type"": ""Point""}";-38.08117500216304;145.31544902889175;William Thwaites Boulevard;2022;More than 60km/h;W;2022-05-19;352259;5783840;MGA2020 zone 55;3977;60.6;2599;3290;6.19;9.54;445
-38.1204160017, 145.2559760142;"{""coordinates"": [145.2559760142, -38.1204160017], ""type"": ""Point""}";-38.1204160016697;145.25597601423445;Brookland Greens Boulevard;2022;Between 50km/h and 60km/h;W;2022-05-20;347124;5779389;MGA2020 zone 55;3977;50.4;1041;1274;7.53;9.67;462
-38.0451810032, 145.2615830342;"{""coordinates"": [145.2615830342, -38.0451810032], ""type"": ""Point""}";-38.04518100317816;145.26158303421852;Olive Road;2022;More than 60km/h;W;2022-05-20;347460;5787747;MGA2020 zone 55;3975;62.4;937;1262;10.87;11.71;474
-38.2136660021, 145.3388020537;"{""coordinates"": [145.3388020537, -38.2136660021], ""type"": ""Point""}";-38.213666002081915;145.33880205369513;Fishermans Drive;2022;Between 40km/h and 50km/h;W;2022-08-24;354571;5769174;MGA2020 zone 55;3980;46.7;260;311;6.72;11.11;494
-37.9833350027, 145.379861039;"{""coordinates"": [145.379861039, -37.9833350027], ""type"": ""Point""}";-37.983335002717425;145.37986103900002;Chadwick Road;2022;Between 30km/h and 40km/h;W;2022-08-24;357719;5794797;MGA2020 zone 55;3806;34.9;29;30;3.79;25.0;525
-37.9799210052, 145.317196033;"{""coordinates"": [145.317196033, -37.9799210052], ""type"": ""Point""}";-37.979921005231034;145.31719603304057;Main Street;2022;Between 50km/h and 60km/h;W;2022-09-08;352209;5795078;MGA2020 zone 55;3804;52.8;1089;1199;5.79;12.07;544
-38.089464122, 145.265336574;"{""coordinates"": [145.265336574, -38.089464122], ""type"": ""Point""}";-38.089464122037754;145.26533657400742;Calais Circuit;2018;Between 40km/h and 50km/h;W;2018-05-10;347881;5782839;MGA2020 zone 55;3977;44.3;1063;1428;3.93;10.15;583
-38.1085419193, 145.3041445624;"{""coordinates"": [145.3041445624, -38.1085419193], ""type"": ""Point""}";-38.10854191928459;145.30414456238037;Statesman Circuit;2019;Between 40km/h and 50km/h;W;2019-05-16;351323;5780785;MGA2020 zone 55;3977;47.0;137;155;4.2;34.19;598
-38.0807875515, 145.3676950037;"{""coordinates"": [145.3676950037, -38.0807875515], ""type"": ""Point""}";-38.08078755153092;145.36769500367387;Glenrose Boulevard;2019;Between 40km/h and 50km/h;W;2019-11-12;356841;5783964;MGA2020 zone 55;3978;49.1;950;1327;2.94;9.3;607
-38.0341072543, 145.2547019834;"{""coordinates"": [145.2547019834, -38.0341072543], ""type"": ""Point""}";-38.034107254321;145.25470198338147;Fordholm Road;2019;Between 40km/h and 50km/h;W;2019-05-30;346833;5788964;MGA2020 zone 55;3976;47.4;1110;1404;3.4;11.18;626
-38.0291171627, 145.3496142558;"{""coordinates"": [145.3496142558, -38.0291171627], ""type"": ""Point""}";-38.02911716274235;145.34961425577197;Peel Street;2018;Between 50km/h and 60km/h;W;2018-08-15;355153;5789670;MGA2020 zone 55;3806;55.0;2455;2813;5.9;12.33;633
-38.0888418204, 145.2616845915;"{""coordinates"": [145.2616845915, -38.0888418204], ""type"": ""Point""}";-38.08884182042334;145.26168459151666;Taplan Crescent;2021;Between 40km/h and 50km/h;W;2021-03-26;347559;5782902;MGA2020 zone 55;3977;49.9;197;279;3.3;9.7;846
-38.0024199506, 145.3231220967;"{""coordinates"": [145.3231220967, -38.0024199506], ""type"": ""Point""}";-38.00241995058656;145.32312209669422;Montbrae Circuit;2021;Between 50km/h and 60km/h;W;2021-03-26;352774;5792591;MGA2020 zone 55;3804;52.1;442;578;8.0;8.3;859
-38.1044153632, 145.2896602021;"{""coordinates"": [145.2896602021, -38.1044153632], ""type"": ""Point""}";-38.10441536316596;145.28966020206371;Marklin Street;2021;Between 50km/h and 60km/h;W;2021-03-26;350045;5781219;MGA2020 zone 55;3977;53.3;337;423;7.4;11.18;863
-37.9645242341, 145.2666044212;"{""coordinates"": [145.2666044212, -37.9645242341], ""type"": ""Point""}";-37.96452423412916;145.26660442124611;Inverness Street;2021;Between 40km/h and 50km/h;W;2021-03-17;347733;5796705;MGA2020 zone 55;3802;47.2;132;167;6.5;13.1;865
-38.1111705969, 145.3322262249;"{""coordinates"": [145.3322262249, -38.1111705969], ""type"": ""Point""}";-38.11117059690224;145.33222622492622;Heather Grove;2021;Between 50km/h and 60km/h;W;2021-03-23;353790;5780538;MGA2020 zone 55;3978;54.7;5758;7706;5.3;8.26;868
-38.115558728, 145.2341665274;"{""coordinates"": [145.2341665274, -38.115558728], ""type"": ""Point""}";-38.115558727986176;145.23416652741227;Bacchus Road;2021;Between 50km/h and 60km/h;W;2021-03-26;345202;5779892;MGA2020 zone 55;3977;53.1;261;353;2.3;9.14;891
-38.0292986536, 145.3084618583;"{""coordinates"": [145.3084618583, -38.0292986536], ""type"": ""Point""}";-38.029298653560815;145.30846185827738;Sweeney Drive;2019;Between 40km/h and 50km/h;W;2019-03-19;351541;5789585;MGA2020 zone 55;3805;48.0;55;77;8.0;14.29;1001
-38.0227791371, 145.3127961472;"{""coordinates"": [145.3127961472, -38.0227791371], ""type"": ""Point""}";-38.022779137138535;145.3127961472413;Victor Crescent;2022;Between 50km/h and 60km/h;W;2022-10-21;351909;5790315;MGA2020 zone 55;3805;54.3;387;504;18.04;11.01;1031
-38.0823701383, 145.2914381502;"{""coordinates"": [145.2914381502, -38.0823701383], ""type"": ""Point""}";-38.08237013826016;145.29143815015377;Carey Street;2022;Between 50km/h and 60km/h;W;2022-10-21;350155;5783668;MGA2020 zone 55;3977;56.5;764;913;12.06;15.96;1039
-38.0138551348, 145.3471301522;"{""coordinates"": [145.3471301522, -38.0138551348], ""type"": ""Point""}";-38.0138551347952;145.34713015224042;Old Coach Road;2022;Between 50km/h and 60km/h;W;2022-11-01;354905;5791360;MGA2020 zone 55;3806;59.1;74;150;23.74;14.16;1043
-38.0176671355, 145.3367051508;"{""coordinates"": [145.3367051508, -38.0176671355], ""type"": ""Point""}";-38.017667135500425;145.33670515084611;Ernst Wanke Road;2023;More than 60km/h;W;2023-02-07;353997;5790920;MGA2020 zone 55;3806;71.6;4359;5299;2.31;9.98;1056
-37.9969691424, 145.2389531315;"{""coordinates"": [145.2389531315, -37.9969691424], ""type"": ""Point""}";-37.99696914244021;145.23895313147585;Fugosia Street;2023;Between 40km/h and 50km/h;W;2023-02-07;345372;5793059;MGA2020 zone 55;3177;43.5;715;930;5.47;15.22;1071
-38.0269041375, 145.3077861468;"{""coordinates"": [145.3077861468, -38.0269041375], ""type"": ""Point""}";-38.02690413746262;145.30778614682617;Princess Highway Service Road;2023;Between 40km/h and 50km/h;W;2023-02-07;351477;5789850;MGA2020 zone 55;3805;42.6;69;88;2.61;9.0;1093
-38.1696911421, 145.2288361489;"{""coordinates"": [145.2288361489, -38.1696911421], ""type"": ""Point""}";-38.16969114207772;145.2288361489106;North Road;2023;More than 60km/h;W;2023-02-08;344850;5773876;MGA2020 zone 55;3977;85.6;6611;8133;12.36;10.09;1104
-38.170925142, 145.2297981492;"{""coordinates"": [145.2297981492, -38.170925142], ""type"": ""Point""}";-38.17092514200332;145.22979814921717;Middle Road;2023;Between 40km/h and 50km/h;W;2023-02-08;344937;5773741;MGA2020 zone 55;3912;42.1;65;73;1.69;10.39;1105
-38.0847821388, 145.283281149;"{""coordinates"": [145.283281149, -38.0847821388], ""type"": ""Point""}";-38.084782138813736;145.28328114899466;Springhill Drive;2023;Between 50km/h and 60km/h;W;2023-05-09;349445;5783388;MGA2020 zone 55;3977;58.0;6174;7927;18.74;10.52;1110
-38.1242701373, 145.3009491565;"{""coordinates"": [145.3009491565, -38.1242701373], ""type"": ""Point""}";-38.12427013733863;145.30094915649914;Lineham Drive;2023;More than 60km/h;W;2023-05-09;351075;5779034;MGA2020 zone 55;3977;64.7;2752;3499;27.08;12.03;1123
-38.0287971374, 145.3084431472;"{""coordinates"": [145.3084431472, -38.0287971374], ""type"": ""Point""}";-38.02879713740509;145.30844314715202;Moran Street;2023;Between 50km/h and 60km/h;W;2023-05-11;351539;5789641;MGA2020 zone 55;3805;55.4;103;136;31.27;11.04;1132
-38.1226091325, 145.3707661686;"{""coordinates"": [145.3707661686, -38.1226091325], ""type"": ""Point""}";-38.12260913246961;145.37076616855185;Watercolour Boulevard;2023;Between 50km/h and 60km/h;W;2023-05-09;357191;5779328;MGA2020 zone 55;3978;57.2;1126;1432;30.0;9.15;1138
-38.0915791384, 145.2879001506;"{""coordinates"": [145.2879001506, -38.0915791384], ""type"": ""Point""}";-38.09157913844993;145.28790015056174;Cleopatra Drive;2023;More than 60km/h;W;2023-05-09;349864;5782641;MGA2020 zone 55;3977;63.6;3943;4894;18.03;13.72;1141
-37.9646011401, 145.2747571341;"{""coordinates"": [145.2747571341, -37.9646011401], ""type"": ""Point""}";-37.964601140149995;145.27475713412795;Showjump Crescent;2023;More than 60km/h;W;2023-05-10;348450;5796710;MGA2020 zone 55;3802;66.1;220;286;23.75;10.53;1147
-38.0214831348, 145.3457741529;"{""coordinates"": [145.3457741529, -38.0214831348], ""type"": ""Point""}";-38.02148313484286;145.3457741528559;Harkaway Road;2023;More than 60km/h;W;2023-07-26;354801;5790511;MGA2020 zone 55;3806;62.0;12992;15580;7.02;10.72;1160
-38.1188321377, 145.2967241552;"{""coordinates"": [145.2967241552, -38.1188321377], ""type"": ""Point""}";-38.1188321376668;145.29672415515074;Elmslie Drive;2023;Between 50km/h and 60km/h;W;2023-07-30;350693;5779631;MGA2020 zone 55;3977;52.9;1900;2283;2.22;17.11;1179
-37.9859741411, 145.2595641339;"{""coordinates"": [145.2595641339, -37.9859741411], ""type"": ""Point""}";-37.985974141075204;145.2595641338524;John Edgcumbe Way;2023;Between 50km/h and 60km/h;W;2023-07-26;347160;5794313;MGA2020 zone 55;3802;53.2;698;834;1.41;14.08;1189
-38.0021441406, 145.2650151366;"{""coordinates"": [145.2650151366, -38.0021441406], ""type"": ""Point""}";-38.00214414059593;145.2650151366003;Cornwall Street;2023;Between 40km/h and 50km/h;W;2023-07-26;347672;5792528;MGA2020 zone 55;3803;44.2;541;648;6.87;10.62;1193
-38.0302821416, 145.2476071367;"{""coordinates"": [145.2476071367, -38.0302821416], ""type"": ""Point""}";-38.030282141632874;145.2476071366867;Robjant Street;2023;Between 50km/h and 60km/h;W;2023-07-26;346202;5789377;MGA2020 zone 55;3976;54.8;594;796;2.29;10.4;1198
-38.1950471417, 145.2313341522;"{""coordinates"": [145.2313341522, -38.1950471417], ""type"": ""Point""}";-38.19504714174823;145.23133415217654;Victoria Road;2023;Between 40km/h and 50km/h;W;2023-07-30;345122;5771066;MGA2020 zone 55;3912;49.5;118;140;4.56;15.0;1210
-38.045872, 145.33794;"{""coordinates"": [145.33794, -38.045872], ""type"": ""Point""}";-38.04587199999635;145.33793999999762;County Drive;2023;Between 50km/h and 60km/h;W;2023-10-22;354162;5787793;MGA2020 zone 55;3806;52.8;2754;3448;2.51;332.0;1213
-38.071745, 145.345366;"{""coordinates"": [145.345366, -38.071745], ""type"": ""Point""}";-38.07174499999633;145.34536599999765;Wurundjeri Boulevard;2023;Between 50km/h and 60km/h;W;2023-10-22;354864;5784933;MGA2020 zone 55;3806;54.7;1951;2344;4.38;468.0;1215
-38.073338, 145.355523;"{""coordinates"": [145.355523, -38.073338], ""type"": ""Point""}";-38.07333799999637;145.35552299999773;Wurundjeri Boulevard;2023;Between 40km/h and 50km/h;W;2023-10-22;355758;5784772;MGA2020 zone 55;3806;43.6;2128;2673;3.35;339.0;1216
-38.098397, 145.332294;"{""coordinates"": [145.332294, -38.098397], ""type"": ""Point""}";-38.098396999996304;145.33229399999755;Frizzle Lane;2023;Less than 30km/h;W;2023-10-22;353771;5781955;MGA2020 zone 55;3978;21.9;21;32;2.78;4.0;1225
-38.084222, 145.270674;"{""coordinates"": [145.270674, -38.084222], ""type"": ""Point""}";-38.08422199999615;145.2706739999971;Lesdon Avenue;2023;Between 50km/h and 60km/h;W;2023-10-19;348338;5783429;MGA2020 zone 55;3977;57.1;2401;2928;6.28;526.0;1227
-38.108447, 145.286606;"{""coordinates"": [145.286606, -38.108447], ""type"": ""Point""}";-38.10844699999616;145.28660599999722;Stawell Street;2023;Between 40km/h and 50km/h;W;2023-10-19;349785;5780767;MGA2020 zone 55;3977;45.6;4353;5317;2.86;494.0;1228
-38.119178, 145.2956;"{""coordinates"": [145.2956, -38.119178], ""type"": ""Point""}";-38.119177999996204;145.2955999999973;Parkhurst Drive;2023;Between 40km/h and 50km/h;W;2023-10-22;350595;5779591;MGA2020 zone 55;3977;46.8;1341;1706;4.28;305.0;1234
-38.099634, 145.261276;"{""coordinates"": [145.261276, -38.099634], ""type"": ""Point""}";-38.09963399999613;145.26127599999705;Cirai Crescent;2023;Between 40km/h and 50km/h;W;2023-10-19;347546;5781704;MGA2020 zone 55;3977;48.6;463;593;3.41;63.0;1240
-38.063726, 145.290257;"{""coordinates"": [145.290257, -38.063726], ""type"": ""Point""}";-38.06372599999623;145.29025699999727;Community Parade;2023;Between 40km/h and 50km/h;W;2023-10-22;350014;5785735;MGA2020 zone 55;3805;48.0;1399;1756;7.59;353.0;1256
-38.204832, 145.240353;"{""coordinates"": [145.240353, -38.204832], ""type"": ""Point""}";-38.20483199999602;145.24035299999684;Hann Street;2023;Between 30km/h and 40km/h;W;2023-10-25;345933;5769996;MGA2020 zone 55;3912;39.7;194;226;7.25;26.0;1259
-38.155469, 145.306821;"{""coordinates"": [145.306821, -38.155469], ""type"": ""Point""}";-38.1554689999962;145.30682099999743;Browns Road;2024;Between 50km/h and 60km/h;W;2024-02-05;351653;5775582;MGA2020 zone 55;3977;57.3;2983;3672;8.9;472.0;1271
-38.07245, 145.362184;"{""coordinates"": [145.362184, -38.07245], ""type"": ""Point""}";-38.07244999999637;145.3621839999977;Carnival Boulevard;2024;Between 40km/h and 50km/h;W;2024-02-07;356341;5784881;MGA2020 zone 55;3806;43.7;2003;2544;9.58;292.0;1275
-37.950574, 145.248234;"{""coordinates"": [145.248234, -37.950574], ""type"": ""Point""}";-37.95057399999616;145.2482339999969;Churchill Park Drive;2024;More than 60km/h;W;2024-02-05;346091;5798223;MGA2020 zone 55;3156;78.7;7991;9836;5.29;1308.0;1277
-38.055526, 145.330636;"{""coordinates"": [145.330636, -38.055526], ""type"": ""Point""}";-38.05552599999633;145.3306359999975;Domain Drive;2024;Between 40km/h and 50km/h;W;2024-02-07;353540;5786710;MGA2020 zone 55;3806;49.7;1897;2466;3.79;309.0;1279
-38.101307, 145.279279;"{""coordinates"": [145.279279, -38.101307], ""type"": ""Point""}";-38.10130699999616;145.2792789999972;Duff Street;2024;Between 40km/h and 50km/h;W;2024-02-05;349128;5781547;MGA2020 zone 55;3977;42.6;1723;2261;8.81;188.0;1281
-38.177259, 145.249369;"{""coordinates"": [145.249369, -38.177259], ""type"": ""Point""}";-38.17725899999605;145.24936899999696;East Road;2024;Between 40km/h and 50km/h;W;2024-02-05;346664;5773070;MGA2020 zone 55;3912;41.8;73;92;9.97;10.0;1282
-38.115551, 145.315964;"{""coordinates"": [145.315964, -38.115551], ""type"": ""Point""}";-38.115550999996266;145.31596399999745;Fiorelli Boulevard;2024;Between 40km/h and 50km/h;W;2024-02-05;352373;5780026;MGA2020 zone 55;3977;49.6;1245;1572;2.2;328.0;1284
-38.077056, 145.286222;"{""coordinates"": [145.286222, -38.077056], ""type"": ""Point""}";-38.077055999996205;145.28622199999725;Godwin Crescent;2024;Between 50km/h and 60km/h;W;2024-02-05;349687;5784250;MGA2020 zone 55;3977;53.7;651;842;2.75;83.0;1286
-38.062651, 145.312076;"{""coordinates"": [145.312076, -38.062651], ""type"": ""Point""}";-38.062650999996286;145.3120759999974;Heritage Drive;2024;Between 50km/h and 60km/h;W;2024-02-07;351926;5785890;MGA2020 zone 55;3805;56.0;1157;1420;5.53;222.0;1289
-38.036216, 145.321703;"{""coordinates"": [145.321703, -38.036216], ""type"": ""Point""}";-38.03621599999633;145.32170299999748;Lantana Drive;2024;Between 40km/h and 50km/h;W;2024-02-07;352717;5788838;MGA2020 zone 55;3805;45.4;136;180;3.39;15.0;1296
-38.056413, 145.291698;"{""coordinates"": [145.291698, -38.056413], ""type"": ""Point""}";-38.05641299999624;145.29169799999727;Raleigh Drive;2024;Between 50km/h and 60km/h;W;2024-02-07;350125;5786549;MGA2020 zone 55;3805;58.0;1380;1807;3.6;209.0;1309
-37.989649, 145.260863;"{""coordinates"": [145.260863, -37.989649], ""type"": ""Point""}";-37.989648999996184;145.26086299999704;Robert Molyneux Avenue;2024;Between 40km/h and 50km/h;W;2024-02-05;347281;5793908;MGA2020 zone 55;3802;47.6;977;1309;4.65;117.0;1310
-38.058231, 145.245618;"{""coordinates"": [145.245618, -38.058231], ""type"": ""Point""}";-38.058230999996105;145.2456179999969;Waterbush Crescent;2024;Between 40km/h and 50km/h;W;2024-02-05;346086;5786272;MGA2020 zone 55;3975;48.5;681;887;4.63;88.0;1316
-38.072699, 145.364379;"{""coordinates"": [145.364379, -38.072699], ""type"": ""Point""}";-38.07269899999638;145.3643789999978;Carnival Boulevard;2024;Between 40km/h and 50km/h;W;2024-05-17;356534;5784857;MGA2020 zone 55;3806;47.7;1458;1780;7.5;208.0;1326
-38.114279, 145.270622;"{""coordinates"": [145.270622, -38.114279], ""type"": ""Point""}";-38.11427899999614;145.2706219999971;Cemetry Road;2024;More than 60km/h;W;2024-05-10;348396;5780094;MGA2020 zone 55;3977;70.9;692;991;11.68;146.0;1327
-38.077878, 145.276475;"{""coordinates"": [145.276475, -38.077878], ""type"": ""Point""}";-38.07787799999618;145.27647499999713;Courtenay Avenue;2024;Between 50km/h and 60km/h;W;2024-05-12;348834;5784143;MGA2020 zone 55;3977;50.9;749;965;3.74;94.0;1332
-38.034336, 145.310454;"{""coordinates"": [145.310454, -38.034336], ""type"": ""Point""}";-38.0343359999963;145.3104539999974;Wesley Drive;2024;Between 30km/h and 40km/h;W;2024-05-17;351726;5789029;MGA2020 zone 55;3805;33.4;80;94;2.9;11.0;1384
-38.085715, 145.335428;"{""coordinates"": [145.335428, -38.085715], ""type"": ""Point""}";-38.08571499999633;145.3354279999976;Anfield Road;2024;Between 30km/h and 40km/h;W;2024-08-21;354020;5783367;MGA2020 zone 55;3978;34.2;239;278;12.26;9.37;1387
-38.099833, 145.335159;"{""coordinates"": [145.335159, -38.099833], ""type"": ""Point""}";-38.0998329999963;145.33515899999756;Appenzeller Drive;2024;Between 50km/h and 60km/h;W;2024-08-29;354025;5781800;MGA2020 zone 55;3978;53.1;972;1286;6.35;8.58;1388
-38.224139, 145.311167;"{""coordinates"": [145.311167, -38.224139], ""type"": ""Point""}";-38.22413899999619;145.31116699999743;Elimatta Street;2024;Less than 30km/h;W;2024-06-13;352172;5767969;MGA2020 zone 55;3980;24.5;30;31;8.41;11.76;1411
-38.210556, 145.379361;"{""coordinates"": [145.379361, -38.210556], ""type"": ""Point""}";-38.21055599999633;145.3793609999978;Evans Street;2024;Between 30km/h and 40km/h;W;2024-06-13;358116;5769583;MGA2020 zone 55;3980;33.8;195;222;18.24;17.65;1412
-38.086088, 145.371783;"{""coordinates"": [145.371783, -38.086088], ""type"": ""Point""}";-38.0860879999964;145.37178299999778;Ferdinand Drive;2024;Less than 30km/h;W;2024-08-21;357210;5783383;MGA2020 zone 55;3978;27.5;1025;1048;7.0;34.49;1416
-38.073774, 145.344907;"{""coordinates"": [145.344907, -38.073774], ""type"": ""Point""}";-38.073773999996355;145.34490699999762;Grand Manor Drive;2024;Between 50km/h and 60km/h;W;2024-08-21;354828;5784707;MGA2020 zone 55;3806;51.6;1032;1235;3.17;14.73;1429
-37.973544, 145.360911;"{""coordinates"": [145.360911, -37.973544], ""type"": ""Point""}";-37.97354399999642;145.36091099999769;Harkaway Road;2024;More than 60km/h;W;2024-08-17;356036;5795854;MGA2020 zone 55;3804;84.1;6829;8285;7.97;10.2;1432
-38.078082, 145.282569;"{""coordinates"": [145.282569, -38.078082], ""type"": ""Point""}";-38.07808199999619;145.2825689999972;Hazelwood Avenue;2024;Between 40km/h and 50km/h;W;2024-08-21;349369;5784130;MGA2020 zone 55;3977;40.2;2396;2971;4.36;10.02;1433
-38.041496, 145.363659;"{""coordinates"": [145.363659, -38.041496], ""type"": ""Point""}";-38.04149599999641;145.3636589999977;High Street;2024;Between 30km/h and 40km/h;W;2024-06-13;356410;5788318;MGA2020 zone 55;3806;39.9;166;178;10.56;25.42;1435
-38.100359, 145.278685;"{""coordinates"": [145.278685, -38.100359], ""type"": ""Point""}";-38.10035899999618;145.27868499999718;Fairfield Street;2024;Between 40km/h and 50km/h;W;2024-10-22;349074;5781652;MGA2020 zone 55;3977;49.2;1226;1583;19.1;11.1;1479
-38.0014186, 145.271975;"{""coordinates"": [145.271975, -38.0014186], ""type"": ""Point""}";-38.001418599996214;145.27197499999716;Frawley Road;2024;Between 50km/h and 60km/h;W;2024-10-23;348281;5792620;MGA2020 zone 55;3803;53.1;7115;9028;7.8;10.2;1482
-38.072454, 145.359294;"{""coordinates"": [145.359294, -38.072454], ""type"": ""Point""}";-38.07245399999637;145.35929399999773;Greenwich Drive;2024;Between 40km/h and 50km/h;W;2024-10-23;356087;5784876;MGA2020 zone 55;3806;46.8;628;822;7.7;10.3;1484
-38.0889027841, 145.2855023124;"{""coordinates"": [145.2855023124, -38.0889027841], ""type"": ""Point""}";-38.08890278411411;145.285502312408;Majestic Boulevard;2020;Between 30km/h and 40km/h;W;2020-02-13;349648;5782934;MGA2020 zone 55;3977;38.0;2793;3498;2.5;14.41;911
-38.1222098744, 145.3042919084;"{""coordinates"": [145.3042919084, -38.1222098744], ""type"": ""Point""}";-38.1222098744392;145.30429190842244;Mcewan Drive;2019;Between 40km/h and 50km/h;W;2019-05-22;351364;5779268;MGA2020 zone 55;3977;48.0;387;526;6.1;8.94;936
-38.1162534467, 145.3390071897;"{""coordinates"": [145.3390071897, -38.1162534467], ""type"": ""Point""}";-38.11625344670681;145.33900718974465;Ramlegh Boulevard;2020;Between 50km/h and 60km/h;W;2020-02-13;354395;5779984;MGA2020 zone 55;3978;52.5;893;1257;6.96;9.31;949
-37.9870778326, 145.3147433474;"{""coordinates"": [145.3147433474, -37.9870778326], ""type"": ""Point""}";-37.98707783262191;145.31474334744183;Memorial Drive;2019;More than 60km/h;W;2019-10-22;352008;5794280;MGA2020 zone 55;3804;64.8;2606;3071;8.65;11.1;951
-38.0100366687, 145.2885665831;"{""coordinates"": [145.2885665831, -38.0100366687], ""type"": ""Point""}";-38.0100366686873;145.28856658314535;Guildford Crescent;2019;Between 50km/h and 60km/h;W;2019-03-14;349756;5791690;MGA2020 zone 55;3805;54.6;819;1134;3.53;9.26;959
-37.9928638459, 145.3099653786;"{""coordinates"": [145.3099653786, -37.9928638459], ""type"": ""Point""}";-37.9928638459094;145.30996537855435;Fox Road;2019;Between 50km/h and 60km/h;W;2019-05-30;351600;5793630;MGA2020 zone 55;3804;59.8;2079;2487;3.0;14.6;961
-37.9822551452, 145.239281324;"{""coordinates"": [145.239281324, -37.9822551452], ""type"": ""Point""}";-37.982255145161346;145.23928132398794;Conferta Crescent;2019;Between 40km/h and 50km/h;W;2019-03-13;345370;5794692;MGA2020 zone 55;3177;40.9;109;142;2.67;11.27;972
-38.2069866018, 145.3126972309;"{""coordinates"": [145.3126972309, -38.2069866018], ""type"": ""Point""}";-38.206986601797205;145.31269723094601;Cannons Creek Road;2019;More than 60km/h;W;2019-11-12;352272;5769874;MGA2020 zone 55;3977;81.0;863;1091;5.95;9.8;986
-38.1000722376, 145.2841486388;"{""coordinates"": [145.2841486388, -38.1000722376], ""type"": ""Point""}";-38.10007223764942;145.28414863879257;Normanby Street;2019;Between 50km/h and 60km/h;W;2019-11-12;349552;5781692;MGA2020 zone 55;3977;51.6;718;884;5.12;11.0;996
-38.0954098943, 145.2712640443;"{""coordinates"": [145.2712640443, -38.0954098943], ""type"": ""Point""}";-38.095409894281836;145.27126404428364;Roberts Road;2019;Between 50km/h and 60km/h;W;2019-05-30;348413;5782189;MGA2020 zone 55;3977;53.3;651;849;2.1;9.89;1004
-38.1085622019, 145.2782123845;"{""coordinates"": [145.2782123845, -38.1085622019], ""type"": ""Point""}";-38.10856220185047;145.27821238454638;Cranbourne Drive;2019;Between 40km/h and 50km/h;W;2019-05-17;349049;5780741;MGA2020 zone 55;3977;48.0;1833;2063;1.8;13.38;1006
-38.0326171409, 145.2583481388;"{""coordinates"": [145.2583481388, -38.0326171409], ""type"": ""Point""}";-38.03261714087149;145.25834813882358;Parkland Avenue;2022;Between 50km/h and 60km/h;W;2022-10-21;347150;5789135;MGA2020 zone 55;3976;54.7;323;401;17.37;17.33;1016
-38.0974621321, 145.377832167;"{""coordinates"": [145.377832167, -38.0974621321], ""type"": ""Point""}";-38.09746213212981;145.3778321669681;Smiths Lane;2022;Between 50km/h and 60km/h;W;2022-10-21;357762;5782130;MGA2020 zone 55;3978;54.4;4211;5213;25.71;9.96;1038
-38.0411121346, 145.3476101554;"{""coordinates"": [145.3476101554, -38.0411121346], ""type"": ""Point""}";-38.041112134593156;145.34761015537066;Melville Park Drive;2022;Between 50km/h and 60km/h;W;2022-10-21;355001;5788336;MGA2020 zone 55;3806;57.4;2397;2877;21.28;15.52;1042
-37.994825143, 145.2312851299;"{""coordinates"": [145.2312851299, -37.994825143], ""type"": ""Point""}";-37.994825142986144;145.23128512989945;Ficifolia Drive;2023;Between 40km/h and 50km/h;W;2023-07-26;344695;5793284;MGA2020 zone 55;3177;44.0;499;655;2.98;9.33;1188
-37.9878681411, 145.2597111341;"{""coordinates"": [145.2597111341, -37.9878681411], ""type"": ""Point""}";-37.98786814105325;145.25971113408838;James Cook Drive;2023;Between 50km/h and 60km/h;W;2023-07-26;347176;5794103;MGA2020 zone 55;3802;50.0;3994;4911;3.93;10.98;1190
-38.0004111396, 145.2795611389;"{""coordinates"": [145.2795611389, -38.0004111396], ""type"": ""Point""}";-38.00041113959396;145.27956113894683;Sigvard Boulevard;2023;Between 40km/h and 50km/h;W;2023-07-26;348945;5792744;MGA2020 zone 55;3803;46.3;266;342;3.77;8.75;1195
-38.038083, 145.254275;"{""coordinates"": [145.254275, -38.038083], ""type"": ""Point""}";-38.03808299999612;145.254274999997;Cairns Road;2023;Between 30km/h and 40km/h;W;2023-10-22;346804;5788522;MGA2020 zone 55;3976;38.9;3784;5214;6.22;496.0;1252
-37.988912, 145.316889;"{""coordinates"": [145.316889, -37.988912], ""type"": ""Point""}";-37.98891199999633;145.31688899999742;Crawley Road;2023;Between 50km/h and 60km/h;W;2023-10-25;352200;5794080;MGA2020 zone 55;3804;51.6;1026;1337;7.58;120.0;1254
-38.068451, 145.295642;"{""coordinates"": [145.295642, -38.068451], ""type"": ""Point""}";-38.06845099999624;145.29564199999726;Cherrywood Way;2023;Less than 30km/h;W;2023-10-22;350496;5785220;MGA2020 zone 55;3805;23.9;149;211;3.35;21.0;1257
-38.029171, 145.349623;"{""coordinates"": [145.349623, -38.029171], ""type"": ""Point""}";-38.029170999996374;145.34962299999768;Peel Street;2024;Between 40km/h and 50km/h;W;2024-02-07;355154;5789664;MGA2020 zone 55;3806;49.1;2419;2791;4.29;361.0;1306
-38.096044, 145.350338;"{""coordinates"": [145.350338, -38.096044], ""type"": ""Point""}";-38.096043999996354;145.3503379999977;Verdant Drive;2024;Between 40km/h and 50km/h;W;2024-02-07;355348;5782245;MGA2020 zone 55;3978;49.5;8887;11402;8.62;1183.0;1314
-38.109729, 145.308376;"{""coordinates"": [145.308376, -38.109729], ""type"": ""Point""}";-38.10972899999623;145.30837599999742;Bradford Drive;2024;Between 50km/h and 60km/h;W;2024-05-12;351696;5780660;MGA2020 zone 55;3977;53.0;3875;4493;3.33;1062.0;1323
-38.178036, 145.286363;"{""coordinates"": [145.286363, -38.178036], ""type"": ""Point""}";-38.17803599999617;145.28636299999724;Craig Road;2024;More than 60km/h;W;2024-05-24;349906;5773045;MGA2020 zone 55;3912;74.8;1466;1800;5.76;211.0;1334
-38.102079, 145.286401;"{""coordinates"": [145.286401, -38.102079], ""type"": ""Point""}";-38.102078999996195;145.28640099999726;Latrobe Street;2024;Between 40km/h and 50km/h;W;2024-05-12;349754;5781473;MGA2020 zone 55;3977;46.8;344;419;8.67;100.0;1353
-38.122602, 145.370294;"{""coordinates"": [145.370294, -38.122602], ""type"": ""Point""}";-38.12260199999638;145.3702939999978;Lyric Way;2024;Between 30km/h and 40km/h;W;2024-05-17;357150;5779328;MGA2020 zone 55;3978;35.2;704;862;11.09;74.0;1354
-38.045325, 145.260656;"{""coordinates"": [145.260656, -38.045325], ""type"": ""Point""}";-38.04532499999615;145.26065599999703;Olive Road;2024;Between 50km/h and 60km/h;W;2024-05-12;347379;5787729;MGA2020 zone 55;3975;52.8;1338;1812;5.42;161.0;1361
-38.214241, 145.317494;"{""coordinates"": [145.317494, -38.214241], ""type"": ""Point""}";-38.21424099999622;145.31749399999748;May St;2024;Less than 30km/h;W;2024-07-23;352706;5769077;MGA2020 zone 55;3977;26.5;64;75;5.6;9.3;1452
-38.214241, 145.317494;"{""coordinates"": [145.317494, -38.214241], ""type"": ""Point""}";-38.21424099999622;145.31749399999748;May St;2024;Less than 30km/h;W;2024-07-23;352706;5769077;MGA2020 zone 55;3977;26.5;64;75;5.6;9.3;1453
-38.223994, 145.31207;"{""coordinates"": [145.31207, -38.223994], ""type"": ""Point""}";-38.2239939999962;145.31206999999742;Bungadool St;2024;Less than 30km/h;W;2024-07-23;352251;5767986;MGA2020 zone 55;3980;24.0;9;8;1.3;25.0;1467
-38.217657, 145.316154;"{""coordinates"": [145.316154, -38.217657], ""type"": ""Point""}";-38.21765699999623;145.31615399999745;Edgewater Terrace;2024;Less than 30km/h;W;2024-07-23;352596;5768696;MGA2020 zone 55;3980;28.4;32;39;5.5;12.8;1478
-38.223183, 145.31043;"{""coordinates"": [145.31043, -38.223183], ""type"": ""Point""}";-38.223182999996205;145.3104299999974;Gnoorong St;2024;Between 40km/h and 50km/h;W;2024-07-23;352106;5768073;MGA2020 zone 55;3980;40.9;76;92;2.5;12.0;1483
-38.037706, 145.357905;"{""coordinates"": [145.357905, -38.037706], ""type"": ""Point""}";-38.037705999996376;145.3579049999977;High St;2024;Less than 30km/h;W;2024-07-23;355897;5788730;MGA2020 zone 55;3806;26.5;69;80;5.4;13.8;1488
-38.048152, 145.250567;"{""coordinates"": [145.250567, -38.048152], ""type"": ""Point""}";-38.04815199999611;145.25056699999698;Hutchinson Drive;2024;Between 50km/h and 60km/h;W;2024-10-22;346499;5787399;MGA2020 zone 55;3975;52.2;1940;2468;8.7;12.8;1490
-37.9862181282, 145.2355964092;"{""coordinates"": [145.2355964092, -37.9862181282], ""type"": ""Point""}";-37.986218128204534;145.2355964092179;Rowan Drive;2021;Between 50km/h and 60km/h;W;2021-03-17;345055;5794246;MGA2020 zone 55;3177;51.7;2401;3043;2.6;13.2;210
-38.0726414366, 145.3409747845;"{""coordinates"": [145.3409747845, -38.0726414366], ""type"": ""Point""}";-38.07264143657564;145.34097478447663;Ridgemont Drive;2021;Between 50km/h and 60km/h;W;2021-03-23;354481;5784827;MGA2020 zone 55;3806;55.3;2254;2686;1.7;15.0;216
-38.0356503047, 145.3408958054;"{""coordinates"": [145.3408958054, -38.0356503047], ""type"": ""Point""}";-38.03565030466413;145.34089580543463;Jane Street;2021;Between 50km/h and 60km/h;W;2021-03-24;354401;5788931;MGA2020 zone 55;3806;53.3;367;489;3.9;9.8;234
-38.0983119003, 145.334037295;"{""coordinates"": [145.334037295, -38.0983119003], ""type"": ""Point""}";-38.098311900337414;145.33403729499028;Plymouth Boulevard Clyde North;2019;Between 50km/h and 60km/h;W;2019-02-23;353923;5781967;MGA2020 zone 55;3978;55.5;364;483;17.28;8.7;75
-38.0386207307, 145.2579012386;"{""coordinates"": [145.2579012386, -38.0386207307], ""type"": ""Point""}";-38.03862073067842;145.25790123857726;Cairns Road;2019;Between 50km/h and 60km/h;W;2019-05-22;347123;5788469;MGA2020 zone 55;3976;53.0;3967;5216;3.5;10.06;89
-37.9999256382, 145.3139496247;"{""coordinates"": [145.3139496247, -37.9999256382], ""type"": ""Point""}";-37.99992563815019;145.31394962471623;Amber Crescent  Narre Warren;2018;Between 40km/h and 50km/h;W;2018-03-14;351964;5792853;MGA2020 zone 55;3805;48.6;174;229;7.83;11.35;134
-37.9507715302, 145.2484011334;"{""coordinates"": [145.2484011334, -37.9507715302], ""type"": ""Point""}";-37.95077153024257;145.24840113342913;Churchill Park Drive;2019;More than 60km/h;W;2019-08-26;346106;5798201;MGA2020 zone 55;3156;72.4;7590;9406;2.2;12.97;164
-38.0501690018, 145.3342800352;"{""coordinates"": [145.3342800352, -38.0501690018], ""type"": ""Point""}";-38.05016900175888;145.33428003518998;Centre Road;2022;Between 50km/h and 60km/h;W;2022-02-22;353849;5787310;MGA2020 zone 55;3806;54.0;5541;7075;5.21;10.03;318
-38.0261840037, 145.3659190075;"{""coordinates"": [145.3659190075, -38.0261840037], ""type"": ""Point""}";-38.0261840036772;145.36591900751978;Inglis Road;2022;More than 60km/h;W;2022-02-22;356578;5790021;MGA2020 zone 55;3806;68.5;6382;7622;8.09;11.61;323
-38.0347700053, 145.3545100235;"{""coordinates"": [145.3545100235, -38.0347700053], ""type"": ""Point""}";-38.03477000527328;145.35451002352303;Peel Street;2022;Between 40km/h and 50km/h;W;2022-02-22;355594;5789050;MGA2020 zone 55;3806;42.4;1593;1869;3.79;15.17;329
-38.1163740023, 145.344023042;"{""coordinates"": [145.344023042, -38.1163740023], ""type"": ""Point""}";-38.11637400231555;145.3440230419671;Bundaleer Lane;2022;Less than 30km/h;W;2022-02-22;354835;5779979;MGA2020 zone 55;3978;22.1;133;165;4.5;17.61;355
-38.1048020037, 145.3260369885;"{""coordinates"": [145.3260369885, -38.1048020037], ""type"": ""Point""}";-38.10480200366928;145.32603698846563;Harmony Chase;2022;Between 30km/h and 40km/h;W;2022-02-22;353235;5781235;MGA2020 zone 55;3978;32.7;894;971;3.25;10.93;364
-38.0968670037, 145.2717440206;"{""coordinates"": [145.2717440206, -38.0968670037], ""type"": ""Point""}";-38.09686700373235;145.27174402062886;Camms Road;2022;More than 60km/h;W;2022-02-22;348458;5782028;MGA2020 zone 55;3977;61.7;3155;4094;6.34;10.21;371
-38.0796060042, 145.2912710139;"{""coordinates"": [145.2912710139, -38.0796060042], ""type"": ""Point""}";-38.079606004210724;145.29127101391325;Josephine Avenue;2022;Between 50km/h and 60km/h;W;2022-02-22;350135;5783975;MGA2020 zone 55;3977;51.7;881;1078;6.9;14.3;372
-38.1011960043, 145.2775480392;"{""coordinates"": [145.2775480392, -38.1011960043], ""type"": ""Point""}";-38.101196004311035;145.27754803918688;Duff Street;2022;Between 40km/h and 50km/h;W;2022-02-22;348976;5781557;MGA2020 zone 55;3977;49.9;2659;3298;7.42;9.98;380
-38.1368560041, 145.2931010239;"{""coordinates"": [145.2931010239, -38.1368560041], ""type"": ""Point""}";-38.13685600407029;145.2931010238719;Sherwood Road;2022;Between 40km/h and 50km/h;W;2022-02-22;350412;5777625;MGA2020 zone 55;3977;46.5;422;555;5.65;12.43;418
-38.095695005, 145.2967540382;"{""coordinates"": [145.2967540382, -38.095695005], ""type"": ""Point""}";-38.095695005001254;145.29675403823927;Dartmoor Drive;2022;Between 40km/h and 50km/h;W;2022-08-24;350649;5782198;MGA2020 zone 55;3977;43.9;315;393;4.95;10.12;507
-38.1031650055, 145.2966450449;"{""coordinates"": [145.2966450449, -38.1031650055], ""type"": ""Point""}";-38.10316500554758;145.2966450449011;Scotsdale Drive;2022;Between 40km/h and 50km/h;W;2022-08-24;350654;5781369;MGA2020 zone 55;3977;44.3;2763;3463;6.1;9.83;508
-38.0149410002, 145.3019720156;"{""coordinates"": [145.3019720156, -38.0149410002], ""type"": ""Point""}";-38.0149410001707;145.30197201561708;Fountain Drive;2022;Between 40km/h and 50km/h;W;2022-08-24;350943;5791168;MGA2020 zone 55;3805;46.0;217;271;4.94;9.06;529
-37.9797440053, 145.3162520316;"{""coordinates"": [145.3162520316, -37.9797440053], ""type"": ""Point""}";-37.97974400530944;145.31625203163864;Winters Lane;2022;Between 30km/h and 40km/h;W;2022-09-08;352126;5795096;MGA2020 zone 55;3804;34.9;219;236;2.58;25.85;546
-38.0719254938, 145.3491741134;"{""coordinates"": [145.3491741134, -38.0719254938], ""type"": ""Point""}";-38.071925493838506;145.34917411336573;Wurundjeri Boulevard;2019;Between 50km/h and 60km/h;W;2019-03-19;355199;5784919;MGA2020 zone 55;3806;54.0;1393;1713;4.3;13.95;586
-38.1127912106, 145.3383583985;"{""coordinates"": [145.3383583985, -38.1127912106], ""type"": ""Point""}";-38.112791210564666;145.3383583985241;Thoroughbred Drive;2019;Between 50km/h and 60km/h;W;2019-08-26;354331;5780367;MGA2020 zone 55;3978;52.4;1096;1414;4.6;9.87;617
-38.1111996348, 145.3322161035;"{""coordinates"": [145.3322161035, -38.1111996348], ""type"": ""Point""}";-38.111199634789024;145.33221610350648;Heather Grove;2018;Between 50km/h and 60km/h;W;2018-05-10;353789;5780534;MGA2020 zone 55;3978;58.7;2552;3215;7.03;10.08;619
-37.9880791632, 145.2421499281;"{""coordinates"": [145.2421499281, -37.9880791632], ""type"": ""Point""}";-37.98807916322446;145.24214992809252;Kidds Road;2019;Between 50km/h and 60km/h;W;2019-05-17;345635;5794051;MGA2020 zone 55;3177;57.0;4111;5294;4.2;10.33;635
-38.0916107851, 145.2533628532;"{""coordinates"": [145.2533628532, -38.0916107851], ""type"": ""Point""}";-38.09161078512749;145.2533628531833;Paramount Boulevard;2019;More than 60km/h;W;2019-05-17;346835;5782581;MGA2020 zone 55;3977;60.0;1053;1310;31.1;8.47;672
-38.0414056803, 145.3077979584;"{""coordinates"": [145.3077979584, -38.0414056803], ""type"": ""Point""}";-38.04140568025727;145.3077979583701;Player Drive;2019;Between 50km/h and 60km/h;W;2019-05-21;351507;5788240;MGA2020 zone 55;3805;52.0;822;1142;3.1;8.58;674
-38.0791959155, 145.3451946316;"{""coordinates"": [145.3451946316, -38.0791959155], ""type"": ""Point""}";-38.07919591545291;145.34519463156326;Riverstone Boulevard;2018;Between 50km/h and 60km/h;W;2018-09-12;354864;5784106;MGA2020 zone 55;3978;56.5;1346;1716;10.02;9.09;714
-38.0485594845, 145.280536793;"{""coordinates"": [145.280536793, -38.0485594845], ""type"": ""Point""}";-38.0485594845203;145.28053679298438;Coral Drive;2019;Between 50km/h and 60km/h;W;2019-05-22;349130;5787403;MGA2020 zone 55;3976;53.0;3817;4827;3.8;10.63;721
-37.979477073, 145.2653047707;"{""coordinates"": [145.2653047707, -37.979477073], ""type"": ""Point""}";-37.97947707299833;145.26530477073325;Raymond Mcmahon Blvd;2019;Between 50km/h and 60km/h;W;2019-12-06;347650;5795044;MGA2020 zone 55;3802;52.6;5607;6876;1.21;9.61;729
-38.0414795758, 145.2687334904;"{""coordinates"": [145.2687334904, -38.0414795758], ""type"": ""Point""}";-38.04147957578557;145.26873349036177;Springfield Crescent;2019;Between 40km/h and 50km/h;W;2019-11-20;348079;5788169;MGA2020 zone 55;3976;47.5;545;772;2.31;9.17;733
-38.0906484973, 145.2604661576;"{""coordinates"": [145.2604661576, -38.0906484973], ""type"": ""Point""}";-38.090648497343956;145.26046615758128;Fairhaven Blvd;2020;Between 50km/h and 60km/h;W;2020-02-13;347456;5782699;MGA2020 zone 55;3977;50.2;380;506;2.64;10.67;768
-38.0005862023, 145.3415316871;"{""coordinates"": [145.3415316871, -38.0005862023], ""type"": ""Point""}";-38.000586202326076;145.34153168710804;Harkaway Road;2018;More than 60km/h;W;2018-08-15;354387;5792823;MGA2020 zone 55;3806;66.0;8310;10210;3.1;11.0;788
-38.022171469, 145.345500825;"{""coordinates"": [145.345500825, -38.022171469], ""type"": ""Point""}";-38.02217146904441;145.3455008250291;Harkaway Road;2019;More than 60km/h;W;2019-03-19;354778;5790434;MGA2020 zone 55;3806;66.0;12955;16189;4.2;10.72;790
-38.0337597992, 145.3652772913;"{""coordinates"": [145.3652772913, -38.0337597992], ""type"": ""Point""}";-38.033759799236975;145.36527729127639;Manuka Road;2019;More than 60km/h;W;2019-05-16;356537;5789179;MGA2020 zone 55;3806;65.0;3383;3763;5.9;21.42;798
-38.1687115571, 145.3737257921;"{""coordinates"": [145.3737257921, -38.1687115571], ""type"": ""Point""}";-38.168711557115465;145.3737257920692;Muddy Gates Lane;2018;Between 50km/h and 60km/h;W;2018-08-15;357541;5774217;MGA2020 zone 55;3978;57.0;103;116;36.3;13.79;802
-38.0327852558, 145.257123584;"{""coordinates"": [145.257123584, -38.0327852558], ""type"": ""Point""}";-38.03278525577785;145.2571235840326;The Fairway, H.pk;2021;Between 50km/h and 60km/h;6-DAY;2021-03-16;347043;5789115;MGA2020 zone 55;3976;57.6;395;506;4.0;12.4;842
-38.0374180494, 145.3530013005;"{""coordinates"": [145.3530013005, -38.0374180494], ""type"": ""Point""}";-38.037418049379575;145.35300130047463;Melville Park Drive;2021;Between 50km/h and 60km/h;W????;2021-05-26;355467;5788754;MGA2020 zone 55;3806;51.9;2640;2965;4.74;19.76;861
-38.1157495981, 145.291989142;"{""coordinates"": [145.291989142, -38.1157495981], ""type"": ""Point""}";-38.1157495980606;145.2919891420006;Gwenton Avenue;2021;Between 50km/h and 60km/h;W;2021-03-25;350272;5779965;MGA2020 zone 55;3977;52.7;1073;1447;4.0;7.73;872
-38.0756003506, 145.2830285488;"{""coordinates"": [145.2830285488, -38.0756003506], ""type"": ""Point""}";-38.07560035061235;145.28302854884078;Huon Park Road;2019;Between 40km/h and 50km/h;W;2019-09-02;349404;5784406;MGA2020 zone 55;3977;40.6;41;56;0.0;16.67;925
-38.1087318351, 145.2444312701;"{""coordinates"": [145.2444312701, -38.1087318351], ""type"": ""Point""}";-38.108731835088584;145.24443127010753;City Vista Circuit;2018;Between 40km/h and 50km/h;W;2018-11-14;346088;5780666;MGA2020 zone 55;3977;43.7;59;83;6.31;20.48;938
-38.0775198787, 145.3504778555;"{""coordinates"": [145.3504778555, -38.0775198787], ""type"": ""Point""}";-38.07751987872463;145.3504778555036;Rhynhurst Street;2019;Between 30km/h and 40km/h;W;2019-05-21;355324;5784300;MGA2020 zone 55;3978;39.0;141;158;15.1;13.92;940
-38.0110522912, 145.2872876404;"{""coordinates"": [145.2872876404, -38.0110522912], ""type"": ""Point""}";-38.01105229118365;145.28728764036418;Guildford Crescent;2019;Between 40km/h and 50km/h;W;2019-03-14;349646;5791576;MGA2020 zone 55;3805;46.9;139;183;7.26;13.12;960
-37.9606363223, 145.2792364678;"{""coordinates"": [145.2792364678, -37.9606363223], ""type"": ""Point""}";-37.96063632233695;145.27923646778362;Churchill Park Drive;2019;Between 50km/h and 60km/h;W;2019-09-02;348835;5797157;MGA2020 zone 55;3156;54.5;2021;2459;2.1;16.03;976
-38.0605199265, 145.2874768609;"{""coordinates"": [145.2874768609, -38.0605199265], ""type"": ""Point""}";-38.060519926458824;145.287476860874;Strathaird Drive;2019;Between 50km/h and 60km/h;W;2019-03-20;349763;5786087;MGA2020 zone 55;3805;56.0;1659;2216;3.0;10.24;982
-38.1243738197, 145.2874716247;"{""coordinates"": [145.2874716247, -38.1243738197], ""type"": ""Point""}";-38.12437381965788;145.28747162467084;Earlston Circuit;2019;Between 50km/h and 60km/h;W;2019-05-30;349893;5779001;MGA2020 zone 55;3977;53.6;155;203;0.0;8.37;989
-38.2069120706, 145.2351782946;"{""coordinates"": [145.2351782946, -38.2069120706], ""type"": ""Point""}";-38.206912070591216;145.23517829462972;Hastings Street;2020;Between 40km/h and 50km/h;W;2020-02-13;345484;5769756;MGA2020 zone 55;3912;40.4;319;391;7.9;11.0;990
-38.1017603015, 145.2875049526;"{""coordinates"": [145.2875049526, -38.1017603015], ""type"": ""Point""}";-38.10176030151772;145.28750495258996;Barkly Street;2019;Between 40km/h and 50km/h;W;2019-11-12;349850;5781510;MGA2020 zone 55;3977;48.1;216;285;3.15;9.97;995
-38.0295911323, 145.3164864153;"{""coordinates"": [145.3164864153, -38.0295911323], ""type"": ""Point""}";-38.02959113234106;145.31648641534647;Richardson Street;2018;Between 50km/h and 60km/h;W;2018-03-02;352246;5789565;MGA2020 zone 55;3805;58.7;973;1408;4.3;9.45;999
-38.0246927924, 145.2592044265;"{""coordinates"": [145.2592044265, -38.0246927924], ""type"": ""Point""}";-38.024692792388464;145.2592044265164;Narellan Drive;2019;Between 40km/h and 50km/h;W;2019-08-26;347208;5790016;MGA2020 zone 55;3976;45.7;252;347;1.2;10.42;2
-38.1037232639, 145.259576559;"{""coordinates"": [145.259576559, -38.1037232639], ""type"": ""Point""}";-38.10372326394475;145.25957655896437;Willora Crescent;2018;Between 50km/h and 60km/h;W;2018-06-23;347405;5781247;MGA2020 zone 55;3977;52.7;792;966;2.85;11.08;29
-38.0765260781, 145.3295437227;"{""coordinates"": [145.3295437227, -38.0765260781], ""type"": ""Point""}";-38.07652607811111;145.32954372272613;Rossiter Retreat Cranbourne North;2019;Between 30km/h and 40km/h;W;2019-02-26;353486;5784378;MGA2020 zone 55;3977;33.9;546;743;4.79;10.63;76
-38.0819296581, 145.3700643609;"{""coordinates"": [145.3700643609, -38.0819296581], ""type"": ""Point""}";-38.08192965807726;145.37006436086733;Skylark Boulevard Clyde North;2019;Between 50km/h and 60km/h;W;2019-03-19;357051;5783841;MGA2020 zone 55;3978;58.0;1762;2164;5.9;19.92;78
-38.0372905498, 145.2605384121;"{""coordinates"": [145.2605384121, -38.0372905498], ""type"": ""Point""}";-38.037290549816476;145.26053841214414;Campbell Drive, Hpk;2018;Between 50km/h and 60km/h;W;2018-06-23;347352;5788620;MGA2020 zone 55;3976;54.1;3495;4328;1.74;11.14;81
-38.09561308, 145.2769942163;"{""coordinates"": [145.2769942163, -38.09561308], ""type"": ""Point""}";-38.09561307998261;145.27699421626332;Circle Drive South;2019;Between 50km/h and 60km/h;W;2019-05-30;348916;5782176;MGA2020 zone 55;3977;54.4;593;745;1.9;11.68;94
-38.0689555198, 145.2479522888;"{""coordinates"": [145.2479522888, -38.0689555198], ""type"": ""Point""}";-38.06895551982261;145.24795228882726;Lyndhurst Bvd;2018;Between 40km/h and 50km/h;W;2018-05-08;346313;5785086;MGA2020 zone 55;3975;45.4;5827;7480;3.5;13.5;149
-38.0275512642, 145.2980482927;"{""coordinates"": [145.2980482927, -38.0275512642], ""type"": ""Point""}";-38.02755126420511;145.29804829273425;Centre Road - Narre Warren;2019;More than 60km/h;W;2019-09-02;350624;5789762;MGA2020 zone 55;3805;65.4;485;666;5.8;9.71;160
-38.0848935032, 145.3622732473;"{""coordinates"": [145.3622732473, -38.0848935032], ""type"": ""Point""}";-38.08489350315804;145.36227324730805;Soldiers Road;2021;More than 60km/h;W;2021-03-23;356373;5783500;MGA2020 zone 55;3978;69.0;3019;3385;9.6;18.1;184
-37.9686163281, 145.2384191212;"{""coordinates"": [145.2384191212, -37.9686163281], ""type"": ""Point""}";-37.96861632811026;145.2384191212309;Essex Park Drive;2021;Between 50km/h and 60km/h;W;2021-03-17;345266;5796204;MGA2020 zone 55;3802;56.1;241;327;1.8;8.2;238
-38.0015020027, 145.2720620222;"{""coordinates"": [145.2720620222, -38.0015020027], ""type"": ""Point""}";-38.00150200267939;145.27206202222902;Frawley Road;2022;Between 50km/h and 60km/h;W;2022-02-22;348289;5792611;MGA2020 zone 55;3803;51.7;7421;9430;4.88;9.82;260
-38.0671200036, 145.2606220231;"{""coordinates"": [145.2606220231, -38.0671200036], ""type"": ""Point""}";-38.067120003602554;145.26062202313992;Evans Road;2022;More than 60km/h;W;2022-02-22;347421;5785311;MGA2020 zone 55;3975;75.0;11080;14588;8.04;9.63;278
-38.0074850025, 145.2882170126;"{""coordinates"": [145.2882170126, -38.0074850025], ""type"": ""Point""}";-38.00748500254706;145.28821701261506;Bunbury Avenue;2022;Between 50km/h and 60km/h;W;2022-02-22;349720;5791973;MGA2020 zone 55;3805;51.3;454;615;4.04;9.89;291
-38.0150640013, 145.2906490139;"{""coordinates"": [145.2906490139, -38.0150640013], ""type"": ""Point""}";-38.0150640013172;145.29064901394202;Princess Highway Service Road;2022;Between 40km/h and 50km/h;W;2022-02-22;349949;5791136;MGA2020 zone 55;3805;49.2;85;117;5.35;7.44;293
-37.9807450049, 145.3182120337;"{""coordinates"": [145.3182120337, -37.9807450049], ""type"": ""Point""}";-37.980745004888306;145.318212033652;Oakview Boulevard;2022;Between 40km/h and 50km/h;W;2022-02-22;352300;5794988;MGA2020 zone 55;3804;46.9;464;567;7.99;9.68;295
-38.0272510002, 145.2884570209;"{""coordinates"": [145.2884570209, -38.0272510002], ""type"": ""Point""}";-38.027251000229136;145.28845702093517;Harold Keys Drive;2022;Between 50km/h and 60km/h;W;2022-02-22;349781;5789780;MGA2020 zone 55;3805;51.9;579;806;7.07;8.33;303
-38.1342260615, 145.3299165461;"{""coordinates"": [145.3299165461, -38.1342260615], ""type"": ""Point""}";-38.134226061484206;145.32991654614415;Ballarto Road;2018;More than 60km/h;W;2018-03-14;353634;5777976;MGA2020 zone 55;3978;65.0;893;1139;10.68;11.59;46
-38.2106565827, 145.3147831739;"{""coordinates"": [145.3147831739, -38.2106565827], ""type"": ""Point""}";-38.21065658267584;145.31478317388718;Cannons Creek Road;2019;More than 60km/h;W;2019-11-12;352462;5769470;MGA2020 zone 55;3977;73.4;722;916;9.56;10.41;47
-38.0422924946, 145.3491156294;"{""coordinates"": [145.3491156294, -38.0422924946], ""type"": ""Point""}";-38.042292494649395;145.34911562937089;John Fisher Drive;2019;Between 40km/h and 50km/h;W;2019-08-26;355135;5788207;MGA2020 zone 55;3806;46.3;442;526;1.3;23.18;51
-38.063664293, 145.3222629288;"{""coordinates"": [145.3222629288, -38.063664293], ""type"": ""Point""}";-38.063664293015094;145.32226292880674;View Park Circuit;2018;Between 50km/h and 60km/h;W;2018-03-02;352821;5785793;MGA2020 zone 55;3805;52.6;411;544;3.85;12.13;62
-38.0647490735, 145.300376022;"{""coordinates"": [145.300376022, -38.0647490735], ""type"": ""Point""}";-38.064749073522805;145.30037602201722;Tilmouth Place;2018;Between 40km/h and 50km/h;W;2018-08-10;350904;5785638;MGA2020 zone 55;3805;45.0;323;419;1.5;8.6;110
-38.0158927303, 145.3184416408;"{""coordinates"": [145.3184416408, -38.0158927303], ""type"": ""Point""}";-38.015892730306824;145.3184416408315;Ryelands Drive;2018;Between 50km/h and 60km/h;W;2018-06-22;352390;5791088;MGA2020 zone 55;3805;57.0;1285;1569;2.74;10.77;112
-38.0013867517, 145.3242529105;"{""coordinates"": [145.3242529105, -38.0013867517], ""type"": ""Point""}";-38.00138675173201;145.32425291049728;Montbrae Circuit;2020;Between 30km/h and 40km/h;W;2020-02-13;352872;5792707;MGA2020 zone 55;3804;39.7;162;210;5.2;9.05;128
-38.0848814093, 145.3196252953;"{""coordinates"": [145.3196252953, -38.0848814093], ""type"": ""Point""}";-38.08488140931309;145.31962529528425;Mickleham Drive;2018;Between 40km/h and 50km/h;W;2018-03-02;352633;5783435;MGA2020 zone 55;3977;47.6;222;309;2.94;11.0;156
-38.0303707015, 145.2476120815;"{""coordinates"": [145.2476120815, -38.0303707015], ""type"": ""Point""}";-38.03037070148842;145.24761208145105;Robjant Street;2021;More than 60km/h;W;2021-03-17;346203;5789367;MGA2020 zone 55;3976;61.0;600;826;5.1;9.1;215
-37.9903994258, 145.2405093432;"{""coordinates"": [145.2405093432, -37.9903994258], ""type"": ""Point""}";-37.9903994258228;145.2405093431925;Pittosporum Grove;2021;Between 40km/h and 50km/h;W;2021-03-17;345495;5793791;MGA2020 zone 55;3177;42.4;322;428;3.3;12.3;218
-37.9775202099, 145.2704649281;"{""coordinates"": [145.2704649281, -37.9775202099], ""type"": ""Point""}";-37.97752020988524;145.27046492812494;John Fawkner Drive;2021;Between 40km/h and 50km/h;W;2021-03-17;348099;5795269;MGA2020 zone 55;3802;49.2;5161;6392;3.4;11.9;232
-38.0104150018, 145.2774560232;"{""coordinates"": [145.2774560232, -38.0104150018], ""type"": ""Point""}";-38.01041500180878;145.27745602321397;Hinrichsen Drive;2022;Between 40km/h and 50km/h;W;2022-02-22;348781;5791630;MGA2020 zone 55;3803;49.3;2043;2617;5.05;10.55;255
-37.997470002, 145.2550930284;"{""coordinates"": [145.2550930284, -37.997470002], ""type"": ""Point""}";-37.997470002040664;145.25509302842633;Frawley Road;2022;Between 50km/h and 60km/h;W;2022-02-22;346791;5793030;MGA2020 zone 55;3803;55.4;6769;8445;7.14;11.82;264
-37.993002001, 145.3175910185;"{""coordinates"": [145.3175910185, -37.993002001], ""type"": ""Point""}";-37.993002001001365;145.31759101850395;Brundrett Road;2022;More than 60km/h;W;2022-02-22;352270;5793627;MGA2020 zone 55;3804;60.4;1242;1579;4.88;8.98;298
-38.0563790018, 145.2841840346;"{""coordinates"": [145.2841840346, -38.0563790018], ""type"": ""Point""}";-38.05637900184806;145.284184034615;Langbourne Drive;2022;Between 50km/h and 60km/h;W;2022-02-22;349466;5786541;MGA2020 zone 55;3805;54.6;1079;1462;4.08;13.95;307
-38.0520170014, 145.3496730239;"{""coordinates"": [145.3496730239, -38.0520170014], ""type"": ""Point""}";-38.05201700140215;145.34967302385434;Chirnside Road;2022;Between 50km/h and 60km/h;W;2022-02-22;355203;5787129;MGA2020 zone 55;3806;54.7;2958;3787;7.41;12.08;315
-38.1473020028, 145.2847120386;"{""coordinates"": [145.2847120386, -38.1473020028], ""type"": ""Point""}";-38.147302002843;145.28471203855716;Hummingbird Drive;2022;Between 40km/h and 50km/h;W;2022-02-22;349699;5776452;MGA2020 zone 55;3977;45.7;1788;2238;7.6;9.63;336
-38.1332210011, 145.3310230189;"{""coordinates"": [145.3310230189, -38.1332210011], ""type"": ""Point""}";-38.13322100110909;145.33102301890722;Railway Road;2022;Between 30km/h and 40km/h;W;2022-02-22;353729;5778089;MGA2020 zone 55;3978;39.6;169;192;11.0;14.86;339
-38.1757760032, 145.3925060228;"{""coordinates"": [145.3925060228, -38.1757760032], ""type"": ""Point""}";-38.17577600320978;145.39250602278852;Tooradin Station Road;2022;More than 60km/h;W;2022-02-22;359199;5773462;MGA2020 zone 55;3981;82.0;476;576;11.62;10.94;348
-38.0933740033, 145.3390409983;"{""coordinates"": [145.3390409983, -38.0933740033], ""type"": ""Point""}";-38.09337400326929;145.33904099825006;Hamersley Drive;2022;Between 50km/h and 60km/h;W;2022-02-22;354352;5782523;MGA2020 zone 55;3978;59.1;4470;5456;8.06;10.22;352
-38.117722002, 145.3465800409;"{""coordinates"": [145.3465800409, -38.117722002], ""type"": ""Point""}";-38.11772200204429;145.3465800408987;Tuckers Road;2022;More than 60km/h;W;2022-02-22;355062;5779833;MGA2020 zone 55;3978;65.1;1110;1357;6.17;12.5;358
-38.1195230022, 145.337158029;"{""coordinates"": [145.337158029, -38.1195230022], ""type"": ""Point""}";-38.11952300215132;145.33715802901114;Thoroughbred Drive;2022;More than 60km/h;W;2022-02-22;354239;5779619;MGA2020 zone 55;3978;70.0;9761;13189;9.86;7.65;365
-38.0839430049, 145.2708060091;"{""coordinates"": [145.2708060091, -38.0839430049], ""type"": ""Point""}";-38.083943004878336;145.27080600907667;Lesdon Avenue;2022;Between 50km/h and 60km/h;W;2022-02-22;348349;5783460;MGA2020 zone 55;3977;55.6;2017;2465;3.89;13.44;368
-38.0842990044, 145.3270300287;"{""coordinates"": [145.3270300287, -38.0842990044], ""type"": ""Point""}";-38.084299004368845;145.32703002868283;Wheelers Park Drive;2022;Between 50km/h and 60km/h;W;2022-02-22;353281;5783511;MGA2020 zone 55;3977;57.6;3291;4277;3.2;10.93;390
-38.1476620028, 145.2447410239;"{""coordinates"": [145.2447410239, -38.1476620028], ""type"": ""Point""}";-38.14766200280544;145.24474102390457;Browns Road;2022;More than 60km/h;W;2022-02-22;346197;5776347;MGA2020 zone 55;3977;62.4;5039;6319;7.31;10.22;397
-38.0905530027, 145.2535020327;"{""coordinates"": [145.2535020327, -38.0905530027], ""type"": ""Point""}";-38.09055300267007;145.25350203273723;Fergus Lane;2022;Between 30km/h and 40km/h;W;2022-02-22;346845;5782699;MGA2020 zone 55;3977;38.9;85;116;6.85;8.55;409
-38.1844690043, 145.3035520102;"{""coordinates"": [145.3035520102, -38.1844690043], ""type"": ""Point""}";-38.184469004285305;145.30355201018915;Lemnos Road;2022;Between 50km/h and 60km/h;W;2022-02-22;351425;5772358;MGA2020 zone 55;3977;58.1;108;120;17.76;11.49;415
-38.2151630037, 145.2462320464;"{""coordinates"": [145.2462320464, -38.2151630037], ""type"": ""Point""}";-38.215163003715936;145.24623204639903;Tyabb-Tooradin Road;2022;More than 60km/h;W;2022-02-22;346469;5768859;MGA2020 zone 55;3912;87.4;5984;7516;9.7;10.19;421
-38.049273004, 145.3124910319;"{""coordinates"": [145.3124910319, -38.049273004], ""type"": ""Point""}";-38.04927300400238;145.31249103185095;Centre Road;2022;More than 60km/h;W;2022-05-19;351935;5787375;MGA2020 zone 55;3805;66.7;5641;7004;15.65;10.6;438
-38.0842190023, 145.3154860326;"{""coordinates"": [145.3154860326, -38.0842190023], ""type"": ""Point""}";-38.084219002279255;145.31548603257656;William Thwaites Boulevard;2022;Between 50km/h and 60km/h;W;2022-05-19;352268;5783502;MGA2020 zone 55;3977;58.4;3197;4117;4.71;8.75;447
-38.0737190031, 145.2450850294;"{""coordinates"": [145.2450850294, -38.0737190031], ""type"": ""Point""}";-38.073719003081564;145.24508502940404;Marriott Boulevard;2022;Between 40km/h and 50km/h;W;2022-05-19;346072;5784553;MGA2020 zone 55;3975;47.4;156;196;5.77;10.38;452
-37.9721600029, 145.2491320306;"{""coordinates"": [145.2491320306, -37.9721600029], ""type"": ""Point""}";-37.972160002946026;145.2491320305812;Chalcot Drive;2022;More than 60km/h;W;2022-05-20;346214;5795829;MGA2020 zone 55;3802;62.0;655;733;4.18;14.43;476
-38.0374580028, 145.3091970323;"{""coordinates"": [145.3091970323, -38.0374580028], ""type"": ""Point""}";-38.03745800277896;145.30919703230205;Wesley Drive;2022;Between 50km/h and 60km/h;W;2022-05-20;351622;5788681;MGA2020 zone 55;3805;51.2;200;260;6.92;10.6;478
-38.0343750025, 145.3105090368;"{""coordinates"": [145.3105090368, -38.0343750025], ""type"": ""Point""}";-38.03437500249025;145.31050903680782;Wesley Drive;2022;Between 40km/h and 50km/h;W;2022-05-20;351731;5789025;MGA2020 zone 55;3805;42.9;81;96;5.34;14.15;479
-38.1104960038, 145.3257249945;"{""coordinates"": [145.3257249945, -38.1104960038], ""type"": ""Point""}";-38.11049600375868;145.32572499451632;Heather Grove;2022;Between 40km/h and 50km/h;W;2022-05-20;353219;5780602;MGA2020 zone 55;3978;49.0;9332;11723;9.29;9.25;480
-38.0631150011, 145.3409690254;"{""coordinates"": [145.3409690254, -38.0631150011], ""type"": ""Point""}";-38.06311500107191;145.340969025366;Laguna Street;2022;Less than 30km/h;W;2022-08-24;354461;5785884;MGA2020 zone 55;3806;22.9;547;676;2.29;8.71;490
-38.0389400042, 145.3460280269;"{""coordinates"": [145.3460280269, -38.0389400042], ""type"": ""Point""}";-38.03894000419199;145.34602802685305;Melville Park Drive;2022;Between 40km/h and 50km/h;W;2022-08-24;354858;5788574;MGA2020 zone 55;3806;45.8;2508;2979;4.59;15.14;493
-38.1212170025, 145.3180830093;"{""coordinates"": [145.3180830093, -38.1212170025], ""type"": ""Point""}";-38.1212170025476;145.31808300931422;Morison Road;2022;More than 60km/h;W;2022-08-24;352570;5779400;MGA2020 zone 55;3978;60.1;3694;4871;3.13;9.38;499
-38.1070710034, 145.3045490273;"{""coordinates"": [145.3045490273, -38.1070710034], ""type"": ""Point""}";-38.10707100335177;145.3045490273086;Limerick Road;2022;Between 40km/h and 50km/h;W;2022-08-24;351355;5780949;MGA2020 zone 55;3977;40.1;321;363;2.78;31.1;509
-38.0759600041, 145.2909360216;"{""coordinates"": [145.2909360216, -38.0759600041], ""type"": ""Point""}";-38.07596000405183;145.2909360216118;Rosebank Drive;2022;Between 50km/h and 60km/h;W;2022-08-24;350098;5784379;MGA2020 zone 55;3977;53.4;4131;4909;3.71;12.9;510
-37.9811350013, 145.2405630292;"{""coordinates"": [145.2405630292, -37.9811350013], ""type"": ""Point""}";-37.98113500132288;145.24056302916347;Power Road;2022;Between 50km/h and 60km/h;W;2022-08-24;345481;5794819;MGA2020 zone 55;3177;59.3;13005;16269;6.72;9.59;519
-37.9827220028, 145.3793880392;"{""coordinates"": [145.3793880392, -37.9827220028], ""type"": ""Point""}";-37.982722002751196;145.37938803920156;Chadwick Road;2022;Between 50km/h and 60km/h;W;2022-08-24;357677;5794864;MGA2020 zone 55;3806;52.6;31;34;11.34;20.0;528
-37.9885020038, 145.3021220236;"{""coordinates"": [145.3021220236, -37.9885020038], ""type"": ""Point""}";-37.98850200379855;145.3021220235931;Fox Road;2022;More than 60km/h;W;2022-08-24;350902;5794102;MGA2020 zone 55;3804;65.2;1951;2284;5.93;11.8;535
-38.1057580043, 145.2849050358;"{""coordinates"": [145.2849050358, -38.1057580043], ""type"": ""Point""}";-38.105758004281434;145.28490503582717;Clarendon Street;2021;More than 60km/h;W;2021-11-15;349630;5781063;MGA2020 zone 55;3977;64.7;848;1027;3.94;9.92;553
-38.1088120047, 145.289539034;"{""coordinates"": [145.289539034, -38.1088120047], ""type"": ""Point""}";-38.1088120047163;145.2895390339903;Stawell Street;2021;Between 40km/h and 50km/h;W;2021-11-15;350043;5780731;MGA2020 zone 55;3977;49.4;2742;3240;1.53;8.33;565
-38.1069650311, 145.2956299579;"{""coordinates"": [145.2956299579, -38.1069650311], ""type"": ""Point""}";-38.106965031138564;145.29562995787734;Scotsdale Drive;2018;Between 50km/h and 60km/h;W;2018-11-14;350573;5780946;MGA2020 zone 55;3977;56.2;0;1962;4.5;10.4;575
-38.0896683097, 145.2637927755;"{""coordinates"": [145.2637927755, -38.0896683097], ""type"": ""Point""}";-38.08966830968837;145.26379277551172;Kulkami Way;2018;Between 50km/h and 60km/h;W;2018-03-14;347746;5782814;MGA2020 zone 55;3977;53.9;1035;1477;3.62;9.14;584
-38.0837895982, 145.2858721608;"{""coordinates"": [145.2858721608, -38.0837895982], ""type"": ""Point""}";-38.08378959821663;145.2858721607565;Waterbury Street;2019;Between 50km/h and 60km/h;W;2019-05-30;349670;5783502;MGA2020 zone 55;3977;56.9;180;245;4.5;7.35;587
-38.1373720099, 145.2566081263;"{""coordinates"": [145.2566081263, -38.1373720099], ""type"": ""Point""}";-38.1373720099205;145.2566081263397;Settlers Run;2018;Between 40km/h and 50km/h;W;2018-05-10;347215;5777508;MGA2020 zone 55;3977;49.0;2017;2488;4.64;8.68;594
-38.0431756676, 145.3192028235;"{""coordinates"": [145.3192028235, -38.0431756676], ""type"": ""Point""}";-38.04317566758309;145.31920282353107;Fleetwood Drive;2018;Between 50km/h and 60km/h;W;2018-06-23;352512;5788062;MGA2020 zone 55;3805;53.8;2754;3341;3.13;12.36;603
-37.9994902043, 145.3058954509;"{""coordinates"": [145.3058954509, -37.9994902043], ""type"": ""Point""}";-37.99949020434674;145.30589545088108;Jacksons Road;2020;Between 50km/h and 60km/h;W;2020-02-13;351256;5792888;MGA2020 zone 55;3805;50.0;1020;1272;2.6;11.48;628
-38.0369560992, 145.3226802969;"{""coordinates"": [145.3226802969, -38.0369560992], ""type"": ""Point""}";-38.03695609916192;145.3226802969328;Darling Way;2019;Between 50km/h and 60km/h;W;2019-03-14;352805;5788758;MGA2020 zone 55;3805;57.3;850;1164;10.1;9.79;629
-38.0176941965, 145.3136189819;"{""coordinates"": [145.3136189819, -38.0176941965], ""type"": ""Point""}";-38.01769419654628;145.31361898189368;Ryelands Drive;2018;Between 50km/h and 60km/h;W;2018-06-22;351971;5790881;MGA2020 zone 55;3805;59.0;2292;2819;2.83;10.43;651
-38.0805226833, 145.3355051206;"{""coordinates"": [145.3355051206, -38.0805226833], ""type"": ""Point""}";-38.08052268332;145.3355051205958;Littleshore Crescent;2019;Between 30km/h and 40km/h;W;2019-11-12;354017;5783944;MGA2020 zone 55;3978;39.8;200;254;3.88;12.68;662
-38.0675806265, 145.3018946487;"{""coordinates"": [145.3018946487, -38.0675806265], ""type"": ""Point""}";-38.06758062648573;145.30189464869318;The Strand;2020;Between 40km/h and 50km/h;W;2020-02-13;351043;5785326;MGA2020 zone 55;3805;46.7;3346;4291;4.62;9.79;678
-38.0690512882, 145.3014884456;"{""coordinates"": [145.3014884456, -38.0690512882], ""type"": ""Point""}";-38.06905128819208;145.30148844558212;The Strand;2020;Between 40km/h and 50km/h;W;2020-02-13;351010;5785163;MGA2020 zone 55;3805;40.3;229;268;3.76;14.93;679
-38.0680004472, 145.2852477324;"{""coordinates"": [145.2852477324, -38.0680004472], ""type"": ""Point""}";-38.068000447219845;145.28524773237902;Glasscocks Road;2019;More than 60km/h;W;2019-03-14;349583;5785253;MGA2020 zone 55;3805;75.7;1563;2059;4.14;11.22;694
-37.9851541485, 145.2388942338;"{""coordinates"": [145.2388942338, -37.9851541485], ""type"": ""Point""}";-37.98515414853704;145.2388942337877;Linden Place;2020;Less than 30km/h;W;2020-02-13;345342;5794370;MGA2020 zone 55;3177;24.7;36;42;10.7;11.9;705
-38.0788313916, 145.3539824154;"{""coordinates"": [145.3539824154, -38.0788313916], ""type"": ""Point""}";-38.078831391569125;145.35398241536458;Macumba Drive;2018;Between 50km/h and 60km/h;W;2018-03-02;355634;5784160;MGA2020 zone 55;3978;55.8;2269;3052;4.14;9.47;709
-38.1009369294, 145.2946796217;"{""coordinates"": [145.2946796217, -38.1009369294], ""type"": ""Point""}";-38.1009369294154;145.29467962169613;Rochester Parade;2018;Between 50km/h and 60km/h;W;2018-03-14;350478;5781613;MGA2020 zone 55;3977;57.8;3553;4400;3.52;10.57;715
-38.1008820661, 145.29424107;"{""coordinates"": [145.29424107, -38.1008820661], ""type"": ""Point""}";-38.10088206613894;145.29424107002527;Rochester Parade;2019;Between 50km/h and 60km/h;W;2019-05-30;350439;5781619;MGA2020 zone 55;3977;57.7;3497;4279;3.1;11.31;718
-38.0682025422, 145.2688427487;"{""coordinates"": [145.2688427487, -38.0682025422], ""type"": ""Point""}";-38.068202542164904;145.26884274872734;Waverley Park Drive;2019;Between 40km/h and 50km/h;W;2019-09-02;348144;5785204;MGA2020 zone 55;3977;47.2;1335;1764;3.1;12.65;737
-38.0492819079, 145.2790011414;"{""coordinates"": [145.2790011414, -38.0492819079], ""type"": ""Point""}";-38.04928190792349;145.27900114136756;Ormond Road Hampton Park;2019;More than 60km/h;W;2019-05-22;348997;5787320;MGA2020 zone 55;3976;60.0;9515;12941;5.8;9.29;750
-38.0723809445, 145.3110809957;"{""coordinates"": [145.3110809957, -38.0723809445], ""type"": ""Point""}";-38.07238094451148;145.3110809957314;Merrowland Avenue Cranbourne North;2019;Between 50km/h and 60km/h;W;2019-02-26;351858;5784808;MGA2020 zone 55;3977;52.6;1970;2426;2.89;22.88;751
-37.9754607366, 145.2870738328;"{""coordinates"": [145.2870738328, -37.9754607366], ""type"": ""Point""}";-37.97546073656891;145.28707383275326;Rockleigh Park Road;2020;More than 60km/h;6 Days;2020-11-14;349554;5795525;MGA2020 zone 55;3804;61.0;415;467;14.25;15.42;773
-38.1114779472, 145.3204488775;"{""coordinates"": [145.3204488775, -38.1114779472], ""type"": ""Point""}";-38.11147794720322;145.32044887754998;Heather Grove;2019;Between 50km/h and 60km/h;W;2019-11-12;352758;5780485;MGA2020 zone 55;3978;50.9;1954;2378;4.09;20.78;791
-38.0498396221, 145.2825055748;"{""coordinates"": [145.2825055748, -38.0498396221], ""type"": ""Point""}";-38.04983962211082;145.2825055748084;Ormond Road Hampton Park;2019;Between 40km/h and 50km/h;W;2019-05-22;349305;5787264;MGA2020 zone 55;3976;48.0;9595;12535;5.1;9.41;804
-38.2080673027, 145.3446040704;"{""coordinates"": [145.3446040704, -38.2080673027], ""type"": ""Point""}";-38.20806730272927;145.34460407037622;Warneet Road;2019;More than 60km/h;W;2019-11-12;355067;5769805;MGA2020 zone 55;3980;87.9;2865;3649;6.21;9.44;811
-38.0812534433, 145.3603093883;"{""coordinates"": [145.3603093883, -38.0812534433], ""type"": ""Point""}";-38.08125344332228;145.36030938827582;Viewbright Road;2021;Between 50km/h and 60km/h;W;2021-03-23;356194;5783901;MGA2020 zone 55;3978;58.9;1092;1246;4.8;21.5;835
-37.9965979463, 145.2365925758;"{""coordinates"": [145.2365925758, -37.9965979463], ""type"": ""Point""}";-37.99659794630141;145.23659257578242;Oleander Street;2021;Between 40km/h and 50km/h;W;2021-03-18;345164;5793096;MGA2020 zone 55;3177;43.1;116;156;3.7;9.6;852
-38.0801593646, 145.3489670061;"{""coordinates"": [145.3489670061, -38.0801593646], ""type"": ""Point""}";-38.08015936459301;145.34896700608894;Bonnington Boulevard;2021;Between 50km/h and 60km/h;W;2021-03-23;355197;5784005;MGA2020 zone 55;3978;51.6;227;286;3.2;12.7;885
-38.0615496536, 145.2432998413;"{""coordinates"": [145.2432998413, -38.0615496536], ""type"": ""Point""}";-38.06154965363103;145.2432998412768;Biscay Grove;2021;Between 50km/h and 60km/h;W;2021-03-26;345890;5785900;MGA2020 zone 55;3975;50.8;60;72;1.2;20.5;887
-38.0896423444, 145.2621483282;"{""coordinates"": [145.2621483282, -38.0896423444], ""type"": ""Point""}";-38.08964234444844;145.26214832821063;Kulkami Way;2018;Between 50km/h and 60km/h;W;2018-03-14;347602;5782814;MGA2020 zone 55;3977;53.1;1352;1942;3.57;8.96;908
-38.1239687482, 145.3047787967;"{""coordinates"": [145.3047787967, -38.1239687482], ""type"": ""Point""}";-38.12396874816735;145.30477879674226;Cortula Road;2019;Between 40km/h and 50km/h;W;2019-05-22;351410;5779074;MGA2020 zone 55;3977;42.0;100;129;8.8;10.85;945
-38.1434753486, 145.286726506;"{""coordinates"": [145.286726506, -38.1434753486], ""type"": ""Point""}";-38.14347534858738;145.28672650601644;Riverwood Drive;2019;Between 40km/h and 50km/h;W;2019-05-16;349867;5776880;MGA2020 zone 55;3977;41.0;186;217;14.5;9.68;955
-38.0053421959, 145.301093617;"{""coordinates"": [145.301093617, -38.0053421959], ""type"": ""Point""}";-38.00534219586076;145.30109361704785;Barondi Avenue;2018;Between 50km/h and 60km/h;W;2018-03-14;350846;5792231;MGA2020 zone 55;3805;50.6;585;784;3.48;10.71;964
-38.006962944, 145.3022723406;"{""coordinates"": [145.3022723406, -38.006962944], ""type"": ""Point""}";-38.00696294399963;145.30227234063858;Barondi Avenue;2018;Between 50km/h and 60km/h;W;2018-03-14;350953;5792053;MGA2020 zone 55;3805;54.4;627;840;3.95;11.43;965
-38.0351999467, 145.3083113642;"{""coordinates"": [145.3083113642, -38.0351999467], ""type"": ""Point""}";-38.035199946723196;145.3083113642413;Norfolk Drive;2019;Between 50km/h and 60km/h;W;2019-05-30;351540;5788930;MGA2020 zone 55;3805;52.0;1069;1431;1.2;8.53;968
-38.0551123932, 145.2879220673;"{""coordinates"": [145.2879220673, -38.0551123932], ""type"": ""Point""}";-38.05511239321105;145.2879220672743;Kershaw Drive;2018;Between 40km/h and 50km/h;W;2018-05-10;349791;5786687;MGA2020 zone 55;3805;41.1;1023;1361;9.17;9.04;983
-38.11161, 145.321079;"{""coordinates"": [145.321079, -38.11161], ""type"": ""Point""}";-38.111609999996276;145.32107899999747;Heather Grove;2023;Between 50km/h and 60km/h;W;2023-10-22;352814;5780471;MGA2020 zone 55;3978;51.8;4345;5398;5.97;929.0;1233
-38.078339, 145.329809;"{""coordinates"": [145.329809, -38.078339], ""type"": ""Point""}";-38.07833899999632;145.32980899999754;Tulliallan Boulevard;2023;Between 30km/h and 40km/h;W;2023-10-22;353513;5784177;MGA2020 zone 55;3977;32.7;259;332;7.74;38.0;1236
-37.961612, 145.264349;"{""coordinates"": [145.264349, -37.961612], ""type"": ""Point""}";-37.9616119999962;145.2643489999971;Girvan Circuit;2023;Between 40km/h and 50km/h;W;2023-10-25;347529;5797024;MGA2020 zone 55;3802;49.1;498;676;3.8;71.0;1245
-38.207017, 145.376636;"{""coordinates"": [145.376636, -38.207017], ""type"": ""Point""}";-38.20701699999635;145.3766359999978;Bayview Road;2024;Between 40km/h and 50km/h;W;2024-02-07;357870;5769971;MGA2020 zone 55;3980;43.4;1061;1297;8.29;191.0;1267
-37.983307, 145.238128;"{""coordinates"": [145.238128, -37.983307], ""type"": ""Point""}";-37.98330699999612;145.2381279999969;Liquidamber Street;2024;Between 40km/h and 50km/h;W;2024-02-05;345271;5794574;MGA2020 zone 55;3177;46.3;574;696;5.42;109.0;1297
-38.094185, 145.350658;"{""coordinates"": [145.350658, -38.094185], ""type"": ""Point""}";-38.09418499999636;145.3506579999977;Verdant Drive;2024;Between 30km/h and 40km/h;W;2024-02-07;355373;5782451;MGA2020 zone 55;3978;38.0;8457;10976;8.31;976.0;1315
-38.095138, 145.260269;"{""coordinates"": [145.260269, -38.095138], ""type"": ""Point""}";-38.09513799999613;145.26026899999704;Central Parkway;2024;Between 40km/h and 50km/h;W;2024-05-10;347448;5782201;MGA2020 zone 55;3977;45.9;2131;2680;8.63;359.0;1328
-38.025929, 145.363964;"{""coordinates"": [145.363964, -38.025929], ""type"": ""Point""}";-38.02592899999638;145.3639639999978;Inglis Road;2024;More than 60km/h;W;2024-05-17;356406;5790046;MGA2020 zone 55;3806;66.3;5742;6747;3.56;868.0;1348
-37.980656, 145.245106;"{""coordinates"": [145.245106, -37.980656], ""type"": ""Point""}";-37.980655999996145;145.24510599999692;James Cook Drive;2024;Between 40km/h and 50km/h;W;2024-05-26;345879;5794879;MGA2020 zone 55;3802;49.5;6025;7539;4.87;774.0;1350
-38.093898, 145.29842;"{""coordinates"": [145.29842, -38.093898], ""type"": ""Point""}";-38.09389799999624;145.2984199999973;Spirit Boulevard;2024;Between 50km/h and 60km/h;W;2024-05-12;350791;5782401;MGA2020 zone 55;3977;51.9;1927;2483;5.18;396.0;1373
-38.017776, 145.288803;"{""coordinates"": [145.288803, -38.017776], ""type"": ""Point""}";-38.017775999996225;145.28880299999722;Springfield Drive;2024;Between 40km/h and 50km/h;W;2024-05-17;349792;5790832;MGA2020 zone 55;3805;44.7;330;417;3.55;43.0;1375
-38.015165, 145.287858;"{""coordinates"": [145.287858, -38.015165], ""type"": ""Point""}";-38.01516499999623;145.28785799999724;Springfield Drive;2024;Between 50km/h and 60km/h;W;2024-05-17;349704;5791120;MGA2020 zone 55;3805;51.1;497;658;6.01;59.0;1376
-38.106797, 145.24611;"{""coordinates"": [145.24611, -38.106797], ""type"": ""Point""}";-38.106796999996085;145.24610999999695;Strathlea Drive;2024;Between 40km/h and 50km/h;W;2024-05-10;346231;5780884;MGA2020 zone 55;3977;46.3;829;941;3.89;413.0;1379
-38.14986, 145.397786;"{""coordinates"": [145.397786, -38.14986], ""type"": ""Point""}";-38.14985999999641;145.3977859999979;Tooradin Station Road;2024;More than 60km/h;W;2024-05-17;359612;5776346;MGA2020 zone 55;3978;79.2;187;215;17.95;34.0;1381
-38.133756, 145.285206;"{""coordinates"": [145.285206, -38.133756], ""type"": ""Point""}";-38.133755999996175;145.2852059999972;Botanic Drive;2024;Less than 30km/h;W;2024-06-13;349714;5777956;MGA2020 zone 55;3977;26.9;10;8;4.35;33.33;1395
-38.219085, 145.314687;"{""coordinates"": [145.314687, -38.219085], ""type"": ""Point""}";-38.21908499999622;145.31468699999746;Gilgandra Street;2024;Less than 30km/h;W;2024-06-13;352470;5768535;MGA2020 zone 55;3980;27.8;21;25;10.93;11.54;1423
-38.200144, 145.242475;"{""coordinates"": [145.242475, -38.200144], ""type"": ""Point""}";-38.20014399999602;145.24247499999694;Evans St;2024;Less than 30km/h;W;2024-07-23;346109;5770519;MGA2020 zone 55;3912;27.5;7;7;13.8;28.6;1451
-38.225618, 145.307682;"{""coordinates"": [145.307682, -38.225618], ""type"": ""Point""}";-38.225617999996174;145.3076819999974;Banks St;2024;Less than 30km/h;W;2024-07-23;351870;5767799;MGA2020 zone 55;3980;24.7;67;82;6.0;9.8;1463
-38.213336, 145.310408;"{""coordinates"": [145.310408, -38.213336], ""type"": ""Point""}";-38.21333599999619;145.3104079999974;Bluff Rd;2024;Less than 30km/h;W;2024-07-23;352084;5769166;MGA2020 zone 55;3977;28.2;68;84;5.8;9.5;1465
-38.214755, 145.380571;"{""coordinates"": [145.380571, -38.214755], ""type"": ""Point""}";-38.21475499999636;145.38057099999787;Lyallâ St;2024;Between 30km/h and 40km/h;W;2024-07-24;358230;5769118;MGA2020 zone 55;3980;30.7;73;88;6.9;10.2;1501
-38.0627351369, 145.3121111516;"{""coordinates"": [145.3121111516, -38.0627351369], ""type"": ""Point""}";-38.06273513693952;145.31211115158007;Heritage Drive;2022;Between 50km/h and 60km/h;W;2022-10-21;351929;5785880;MGA2020 zone 55;3805;59.2;1145;1386;17.23;17.25;1017
-38.1119631405, 145.2564531473;"{""coordinates"": [145.2564531473, -38.1119631405], ""type"": ""Point""}";-38.11196314051373;145.25645314732458;Snead Boulevard;2022;Between 40km/h and 50km/h;W;2022-10-31;347149;5780328;MGA2020 zone 55;3977;46.9;571;703;17.24;11.73;1023
-38.0613211408, 145.2572201418;"{""coordinates"": [145.2572201418, -38.0613211408], ""type"": ""Point""}";-38.06132114077274;145.25722014181937;Elliot Parade;2022;Between 50km/h and 60km/h;W;2022-10-31;347110;5785948;MGA2020 zone 55;3975;51.7;1179;1548;8.92;10.79;1046
-37.967981141, 145.2615821322;"{""coordinates"": [145.2615821322, -37.967981141], ""type"": ""Point""}";-37.9679811410461;145.26158213220634;Mossgiel Park Drive;2023;Between 50km/h and 60km/h;W;2023-02-07;347299;5796313;MGA2020 zone 55;3802;50.2;4155;5409;4.45;11.31;1074
-37.9748201407, 145.2662921338;"{""coordinates"": [145.2662921338, -37.9748201407], ""type"": ""Point""}";-37.97482014067604;145.26629213378715;Coledale Close;2023;Between 30km/h and 40km/h;W;2023-02-07;347727;5795562;MGA2020 zone 55;3802;35.3;109;136;6.15;11.35;1077
-38.0320811412, 145.253863138;"{""coordinates"": [145.253863138, -38.0320811412], ""type"": ""Point""}";-38.03208114118677;145.25386313798006;Kerrison Drive;2023;Between 40km/h and 50km/h;W;2023-02-07;346755;5789188;MGA2020 zone 55;3976;42.7;244;328;3.12;11.59;1080
-38.0475251411, 145.2534581396;"{""coordinates"": [145.2534581396, -38.0475251411], ""type"": ""Point""}";-38.04752514111955;145.25345813962647;Gilmore Crescent;2023;Between 40km/h and 50km/h;W;2023-02-07;346752;5787473;MGA2020 zone 55;3975;41.5;358;447;2.63;10.1;1091
-38.0840461399, 145.2681211463;"{""coordinates"": [145.2681211463, -38.0840461399], ""type"": ""Point""}";-38.084046139873976;145.26812114625798;Toirram Crescent;2023;Between 40km/h and 50km/h;W;2023-05-09;348114;5783445;MGA2020 zone 55;3977;49.5;154;201;17.27;10.29;1144
-37.9677501416, 145.2539011308;"{""coordinates"": [145.2539011308, -37.9677501416], ""type"": ""Point""}";-37.967750141581824;145.2539011308415;Kennington Park Drive;2023;Between 50km/h and 60km/h;W;2023-07-26;346624;5796326;MGA2020 zone 55;3802;52.8;2485;3063;4.6;10.27;1191
-38.027505137, 145.313892148;"{""coordinates"": [145.313892148, -38.027505137], ""type"": ""Point""}";-38.02750513703286;145.31389214795982;Princes Highway Service Road;2023;Between 50km/h and 60km/h;W;2023-07-26;352014;5789793;MGA2020 zone 55;3805;50.5;263;295;4.28;13.83;1201
-38.019745, 145.357759;"{""coordinates"": [145.357759, -38.019745], ""type"": ""Point""}";-38.019744999996384;145.3577589999977;Buchanan Road;2024;Between 50km/h and 60km/h;W;2024-05-17;355849;5790723;MGA2020 zone 55;3806;59.4;341;395;9.3;39.0;1324
-38.064476, 145.258359;"{""coordinates"": [145.258359, -38.064476], ""type"": ""Point""}";-38.06447599999614;145.25835899999706;Hal Porter Terrace;2024;Between 30km/h and 40km/h;W;2024-05-12;347217;5785600;MGA2020 zone 55;3975;34.6;176;238;2.9;24.0;1343
-38.145256, 145.264733;"{""coordinates"": [145.264733, -38.145256], ""type"": ""Point""}";-38.145255999996124;145.2647329999971;Smiths Lane;2024;Between 50km/h and 60km/h;W;2024-05-10;347944;5776647;MGA2020 zone 55;3977;53.5;264;306;12.09;30.0;1372
-38.213663, 145.33878;"{""coordinates"": [145.33878, -38.213663], ""type"": ""Point""}";-38.213662999996245;145.33877999999763;Fishermans Drive;2024;Between 40km/h and 50km/h;W;2024-08-22;354569;5769175;MGA2020 zone 55;3980;42.9;246;295;17.62;10.13;1419
-38.206249, 145.406715;"{""coordinates"": [145.406715, -38.206249], ""type"": ""Point""}";-38.2062489999964;145.406714999998;Harewood Mains Road;2024;More than 60km/h;W;2024-06-13;360502;5770102;MGA2020 zone 55;3980;63.6;89;97;20.26;10.48;1431
-38.195947, 145.395039;"{""coordinates"": [145.395039, -38.195947], ""type"": ""Point""}";-38.19594699999638;145.39503899999792;Arthur Ayres Rd;2024;Between 30km/h and 40km/h;W;2024-07-23;359460;5771228;MGA2020 zone 55;3980;31.3;19;21;2.0;19.0;1460
-38.0730913, 145.2570913;"{""coordinates"": [145.2570913, -38.0730913], ""type"": ""Point""}";-38.073091299996136;145.25709129999703;Brookwater Parade;2024;Between 50km/h and 60km/h;W;2024-10-22;347124;5784642;MGA2020 zone 55;3975;54.2;678;912;8.6;11.7;1466
-38.213514, 145.385002;"{""coordinates"": [145.385002, -38.213514], ""type"": ""Point""}";-38.21351399999636;145.38500199999785;Harewood St;2024;Less than 30km/h;W;2024-07-24;358615;5769263;MGA2020 zone 55;3980;29.0;71;82;5.2;8.5;1485
-38.209284, 145.38542;"{""coordinates"": [145.38542, -38.209284], ""type"": ""Point""}";-38.20928399999635;145.38541999999788;Inlet Parade;2024;Less than 30km/h;W;2024-07-24;358644;5769733;MGA2020 zone 55;3980;22.9;9;3;17.3;33.3;1492
-38.03394, 145.313865;"{""coordinates"": [145.313865, -38.03394], ""type"": ""Point""}";-38.03393999999631;145.31386499999738;Saxonwood Drive;2024;Between 50km/h and 60km/h;W;2024-10-23;352025;5789078;MGA2020 zone 55;3805;52.6;2934;3666;12.3;11.3;1521
-38.212206, 145.384368;"{""coordinates"": [145.384368, -38.212206], ""type"": ""Point""}";-38.212205999996364;145.38436799999786;Yallock St;2024;Less than 30km/h;W;2024-07-24;358557;5769407;MGA2020 zone 55;3980;16.7;15;12;1.7;33.3;1538
-38.210099, 145.38352;"{""coordinates"": [145.38352, -38.210099], ""type"": ""Point""}";-38.21009899999636;145.38351999999787;Yannathan St;2024;Between 30km/h and 40km/h;W;2024-07-24;358479;5769640;MGA2020 zone 55;3980;35.0;21;24;3.6;16.7;1539
-38.2251064567, 145.3089997711;"{""coordinates"": [145.3089997711, -38.2251064567], ""type"": ""Point""}";-38.225106456661365;145.30899977114277;Culgoa Street;2019;Between 30km/h and 40km/h;W;2019-08-26;351985;5767858;MGA2020 zone 55;3980;30.7;88;102;1.9;19.64;48
-38.0564162415, 145.2843018797;"{""coordinates"": [145.2843018797, -38.0564162415], ""type"": ""Point""}";-38.05641624153633;145.28430187971503;Langbourne Drive;2018;Between 50km/h and 60km/h;w;2018-08-18;349476;5786537;MGA2020 zone 55;3805;57.0;1150;1680;6.1;13.75;50
-38.0986415032, 145.2603140271;"{""coordinates"": [145.2603140271, -38.0986415032], ""type"": ""Point""}";-38.09864150319295;145.26031402708279;Bates Street;2018;Between 40km/h and 50km/h;W;2018-07-10;347459;5781812;MGA2020 zone 55;3977;46.0;284;376;1.9;9.0;88
-38.03756199, 145.3171649747;"{""coordinates"": [145.3171649747, -38.03756199], ""type"": ""Point""}";-38.0375619899974;145.3171649746526;Norfolk Drive;2019;Between 50km/h and 60km/h;W;2019-05-30;352322;5788682;MGA2020 zone 55;3805;56.2;1884;2281;1.5;13.81;158
-38.1176477792, 145.3316872201;"{""coordinates"": [145.3316872201, -38.1176477792], ""type"": ""Point""}";-38.11764777924724;145.3316872200523;Blundy Boulevard;2021;Between 50km/h and 60km/h;W;2021-03-23;353756;5779818;MGA2020 zone 55;3978;52.4;652;873;2.7;8.38;196
-38.0262365243, 145.3307366772;"{""coordinates"": [145.3307366772, -38.0262365243], ""type"": ""Point""}";-38.02623652432315;145.33073667718557;Lydia Mary Drive;2021;Between 50km/h and 60km/h;W;2021-03-24;353490;5789960;MGA2020 zone 55;3806;57.6;923;1098;3.2;9.6;221
-37.9984920027, 145.2656080201;"{""coordinates"": [145.2656080201, -37.9984920027], ""type"": ""Point""}";-37.998492002677935;145.2656080201457;Kilberry Crescent;2022;Between 40km/h and 50km/h;W;2022-02-22;347716;5792934;MGA2020 zone 55;3803;48.5;228;310;4.32;7.99;259
-38.0650800012, 145.3449040222;"{""coordinates"": [145.3449040222, -38.0650800012], ""type"": ""Point""}";-38.06508000118783;145.34490402224336;Bernly Boulevard;2022;Between 40km/h and 50km/h;W;2022-02-22;354811;5785672;MGA2020 zone 55;3806;45.2;479;603;3.05;13.76;313
-38.1683910032, 145.394110014;"{""coordinates"": [145.394110014, -38.1683910032], ""type"": ""Point""}";-38.16839100317797;145.39411001403985;Tooradin Station Road;2022;More than 60km/h;W;2022-02-22;359326;5774284;MGA2020 zone 55;3978;79.5;258;321;19.21;11.73;347
-38.1449220017, 145.3452410397;"{""coordinates"": [145.3452410397, -38.1449220017], ""type"": ""Point""}";-38.14492200174185;145.3452410396868;Yallambee Road;2022;More than 60km/h;W;2022-02-22;354998;5776813;MGA2020 zone 55;3978;85.0;117;134;16.26;14.02;349
-38.0770210043, 145.2807850143;"{""coordinates"": [145.2807850143, -38.0770210043], ""type"": ""Point""}";-38.077021004304584;145.28078501428448;Elizabeth Street;2022;Between 50km/h and 60km/h;W;2022-02-22;349210;5784245;MGA2020 zone 55;3977;51.1;604;776;2.94;12.34;395
-38.1278090021, 145.2343330085;"{""coordinates"": [145.2343330085, -38.1278090021], ""type"": ""Point""}";-38.12780900211966;145.23433300851013;Lefrant Way;2022;Between 40km/h and 50km/h;W;2022-02-22;345243;5778533;MGA2020 zone 55;3977;42.5;1405;1764;10.48;8.32;398
-38.1036800011, 145.2489760254;"{""coordinates"": [145.2489760254, -38.1036800011], ""type"": ""Point""}";-38.1036800011437;145.24897602541017;Flicka Boulevard;2022;Between 50km/h and 60km/h;W;2022-02-22;346476;5781234;MGA2020 zone 55;3977;55.0;2497;3106;4.11;10.94;404
-38.0633130011, 145.3405750253;"{""coordinates"": [145.3405750253, -38.0633130011], ""type"": ""Point""}";-38.06331300106593;145.34057502533574;Cresthaven Boulevard;2022;Between 40km/h and 50km/h;W;2022-05-19;354427;5785861;MGA2020 zone 55;3806;49.7;3966;4636;6.19;10.79;436
-38.1196760046, 145.292749023;"{""coordinates"": [145.292749023, -38.1196760046], ""type"": ""Point""}";-38.119676004605665;145.29274902301856;Annabella Street;2022;Between 50km/h and 60km/h;W;2022-05-19;350347;5779531;MGA2020 zone 55;3977;54.6;668;768;13.17;9.89;448
-38.0861570051, 145.2737999999;"{""coordinates"": [145.2737999999, -38.0861570051], ""type"": ""Point""}";-38.086157005082335;145.27379999989807;Marylyn Place;2022;Between 50km/h and 60km/h;W;2022-05-20;348616;5783220;MGA2020 zone 55;3977;55.5;136;173;13.82;10.48;464
-37.9707690028, 145.2439170294;"{""coordinates"": [145.2439170294, -37.9707690028], ""type"": ""Point""}";-37.97076900281626;145.2439170294249;Chalcot Drive;2022;More than 60km/h;W;2022-05-20;345753;5795975;MGA2020 zone 55;3802;61.1;521;627;7.46;10.05;477
-37.9772410029, 145.2980780307;"{""coordinates"": [145.2980780307, -37.9772410029], ""type"": ""Point""}";-37.97724100287123;145.29807803070486;Reservoir Road;2022;Between 50km/h and 60km/h;W;2022-05-20;350524;5795345;MGA2020 zone 55;3804;53.6;165;180;14.03;25.32;482
-38.0511440024, 145.3632720198;"{""coordinates"": [145.3632720198, -38.0511440024], ""type"": ""Point""}";-38.051144002396654;145.3632720198088;Adamson Road;2022;Between 40km/h and 50km/h;W;2022-08-24;356395;5787247;MGA2020 zone 55;3807;42.6;287;355;6.48;9.46;486
-38.025323004, 145.3588330248;"{""coordinates"": [145.3588330248, -38.025323004], ""type"": ""Point""}";-38.02532300404706;145.35883302475435;Inglis Road;2022;More than 60km/h;W;2022-08-24;355955;5790105;MGA2020 zone 55;3806;66.5;6096;7188;5.78;11.75;492
-38.008107002, 145.2558250346;"{""coordinates"": [145.2558250346, -38.008107002], ""type"": ""Point""}";-38.00810700202931;145.2558250346;Wedgewood Road;2022;Between 50km/h and 60km/h;W;2022-08-24;346877;5791851;MGA2020 zone 55;3803;56.5;6372;7655;14.42;8.06;521
-38.0341290028, 145.3258780349;"{""coordinates"": [145.3258780349, -38.0341290028], ""type"": ""Point""}";-38.03412900276089;145.325878034926;Sweeney Drive;2022;Between 40km/h and 50km/h;W;2022-08-24;353080;5789077;MGA2020 zone 55;3805;44.8;671;765;2.32;20.0;530
-38.110582003, 145.2836940216;"{""coordinates"": [145.2836940216, -38.110582003], ""type"": ""Point""}";-38.11058200299483;145.283694021564;Bakewell Street;2021;Between 40km/h and 50km/h;W;2021-11-15;349534;5780525;MGA2020 zone 55;3977;43.5;1474;1605;2.73;20.01;549
-38.1099500039, 145.2867210277;"{""coordinates"": [145.2867210277, -38.1099500039], ""type"": ""Point""}";-38.10995000388454;145.286721027662;Lyall Street;2021;Between 40km/h and 50km/h;W;2021-11-15;349798;5780600;MGA2020 zone 55;3977;42.6;1111;1539;4.72;12.69;558
-38.1095980032, 145.2838030244;"{""coordinates"": [145.2838030244, -38.1095980032], ""type"": ""Point""}";-38.10959800324103;145.28380302440112;Lyall Street;2021;Between 40km/h and 50km/h;W;2021-11-15;349542;5780635;MGA2020 zone 55;3977;40.6;1630;1941;4.49;11.11;560
-38.1082940038, 145.2851010295;"{""coordinates"": [145.2851010295, -38.1082940038], ""type"": ""Point""}";-38.10829400381233;145.28510102954192;Stawell Street;2021;Less than 30km/h;W;2021-11-15;349653;5780782;MGA2020 zone 55;3977;24.7;5073;5873;5.76;10.84;564
-38.1364272614, 145.2563143644;"{""coordinates"": [145.2563143644, -38.1364272614], ""type"": ""Point""}";-38.13642726143892;145.25631436444948;Settlers Run;2018;Between 40km/h and 50km/h;W;2018-05-10;347187;5777613;MGA2020 zone 55;3977;48.5;2217;2757;6.53;8.85;592
-38.0785901882, 145.3334127078;"{""coordinates"": [145.3334127078, -38.0785901882], ""type"": ""Point""}";-38.07859018823735;145.3334127078385;Alisma Boulevard;2020;Between 50km/h and 60km/h;W;2020-02-13;353829;5784155;MGA2020 zone 55;3977;55.3;2222;3228;1.21;8.43;608
-37.9698410547, 145.2538179125;"{""coordinates"": [145.2538179125, -37.9698410547], ""type"": ""Point""}";-37.969841054749814;145.2538179125434;Grove End Road;2019;Between 50km/h and 60km/h;W;2019-05-30;346621;5796094;MGA2020 zone 55;3802;55.5;645;849;1.4;10.72;636
-38.0247726041, 145.2996324851;"{""coordinates"": [145.2996324851, -38.0247726041], ""type"": ""Point""}";-38.024772604112684;145.29963248510762;Valley Fair Dve;2020;Between 40km/h and 50km/h;W;2020-02-13;350757;5790073;MGA2020 zone 55;3805;41.0;721;874;4.0;13.39;680
-38.092918055, 145.2556151135;"{""coordinates"": [145.2556151135, -38.092918055], ""type"": ""Point""}";-38.09291805501161;145.25561511353834;Evans Road, Cranbourne West;2020;More than 60km/h;W;2020-02-13;347035;5782440;MGA2020 zone 55;3977;73.6;13974;19078;2.89;9.2;692
-38.0633583599, 145.2450666709;"{""coordinates"": [145.2450666709, -38.0633583599], ""type"": ""Point""}";-38.06335835994948;145.24506667085018;Glasscocks Road;2019;More than 60km/h;W;2019-11-12;346048;5785702;MGA2020 zone 55;3975;68.4;4748;6215;6.23;11.02;695
-38.0882413693, 145.2847476862;"{""coordinates"": [145.2847476862, -38.0882413693], ""type"": ""Point""}";-38.0882413693109;145.28474768624886;Majestic Boulevard;2020;Between 40km/h and 50km/h;W;2020-02-13;349581;5783006;MGA2020 zone 55;3977;42.4;2964;3724;1.9;13.64;725
-38.077063096, 145.2604927404;"{""coordinates"": [145.2604927404, -38.077063096], ""type"": ""Point""}";-38.07706309599419;145.26049274041048;Merinda Park Boulevard;2019;More than 60km/h;W;2019-10-13;347430;5784207;MGA2020 zone 55;3975;62.2;790;1053;3.66;12.01;727
-38.0422868482, 145.2731487918;"{""coordinates"": [145.2731487918, -38.0422868482], ""type"": ""Point""}";-38.0422868481703;145.27314879181858;Springfield Crescent;2019;Between 50km/h and 60km/h;W;2019-11-20;348469;5788087;MGA2020 zone 55;3976;50.7;276;370;1.81;11.28;735
-38.0532319761, 145.3569723639;"{""coordinates"": [145.3569723639, -38.0532319761], ""type"": ""Point""}";-38.053231976138306;145.3569723638905;Soldiers Road;2019;More than 60km/h;W;2019-02-23;355846;5787006;MGA2020 zone 55;3806;62.2;14957;18974;4.04;10.22;808
-38.0303851198, 145.3480426654;"{""coordinates"": [145.3480426654, -38.0303851198], ""type"": ""Point""}";-38.03038511979619;145.34804266541627;Wheeler Street;2019;Between 40km/h and 50km/h;W;2019-05-21;355018;5789527;MGA2020 zone 55;3806;40.0;5381;6653;3.1;8.97;814
-38.2098351755, 145.3144455287;"{""coordinates"": [145.3144455287, -38.2098351755], ""type"": ""Point""}";-38.20983517546065;145.31444552866066;Cannons Creek Road;2018;Between 50km/h and 60km/h;W;2018-09-12;352430;5769561;MGA2020 zone 55;3977;57.8;356;437;3.93;11.9;816
-38.0586608305, 145.360486431;"{""coordinates"": [145.360486431, -38.0586608305], ""type"": ""Point""}";-38.05866083048189;145.36048643095717;Kingsmere Drive;2021;Between 50km/h and 60km/h;w;2021-04-20;356165;5786409;MGA2020 zone 55;3806;54.9;1878;2380;4.9;8.7;821
-37.9988684084, 145.2485108621;"{""coordinates"": [145.2485108621, -37.9988684084], ""type"": ""Point""}";-37.99886840838905;145.24851086212067;Waygara Street;2021;Between 50km/h and 60km/h;W;2021-03-17;346216;5792864;MGA2020 zone 55;3177;52.3;869;1048;3.3;12.0;834
-38.0271200191, 145.2666401504;"{""coordinates"": [145.2666401504, -38.0271200191], ""type"": ""Point""}";-38.02712001905719;145.2666401503855;The Grange;2021;Between 50km/h and 60km/h;W;2021-03-17;347866;5789759;MGA2020 zone 55;3976;51.3;226;313;2.6;8.6;841
-38.0663924301, 145.2970627097;"{""coordinates"": [145.2970627097, -38.0663924301], ""type"": ""Point""}";-38.066392430085116;145.29706270973483;Tangerine Drive;2021;Between 50km/h and 60km/h;W;2021-03-24;350616;5785451;MGA2020 zone 55;3805;54.5;904;1250;3.5;8.6;847
-38.0008570898, 145.3385465052;"{""coordinates"": [145.3385465052, -38.0008570898], ""type"": ""Point""}";-38.00085708983519;145.33854650523696;Peak Drive Harkaway;2021;Between 50km/h and 60km/h;W;2021-03-26;354126;5792788;MGA2020 zone 55;3806;52.1;252;307;13.4;9.1;851
-38.0257514886, 145.265101233;"{""coordinates"": [145.265101233, -38.0257514886], ""type"": ""Point""}";-38.02575148863954;145.2651012330445;Oaktree Drive;2021;Between 50km/h and 60km/h;W;2021-03-17;347728;5789908;MGA2020 zone 55;3976;52.7;1340;1838;8.1;8.2;854
-38.111934965, 145.2481320562;"{""coordinates"": [145.2481320562, -38.111934965], ""type"": ""Point""}";-38.11193496498475;145.2481320561883;Hayton Park Boulevard;2021;Between 50km/h and 60km/h;W;2021-03-26;346419;5780317;MGA2020 zone 55;3977;54.6;1461;1894;4.4;9.41;870
-38.1072084285, 145.3010645472;"{""coordinates"": [145.3010645472, -38.1072084285], ""type"": ""Point""}";-38.10720842846488;145.30106454718978;Broad Oak Drive;2021;Between 50km/h and 60km/h;W;2021-03-25;351050;5780928;MGA2020 zone 55;3977;55.5;3446;4223;6.3;13.15;881
-38.097844587, 145.2576074341;"{""coordinates"": [145.2576074341, -38.097844587], ""type"": ""Point""}";-38.09784458698051;145.2576074340697;Bernborough Avenue;2021;Between 50km/h and 60km/h;W;2021-03-26;347220;5781896;MGA2020 zone 55;3977;53.2;812;1034;2.4;9.87;888
-38.0670954232, 145.3237778148;"{""coordinates"": [145.3237778148, -38.0670954232], ""type"": ""Point""}";-38.06709542323495;145.32377781477513;Armitage Drive;2021;Between 50km/h and 60km/h;W;2021-03-25;352961;5785415;MGA2020 zone 55;3805;56.2;307;391;7.6;10.68;892
-38.0418564914, 145.310695964;"{""coordinates"": [145.310695964, -38.0418564914], ""type"": ""Point""}";-38.04185649135877;145.31069596402574;Player Drive;2019;Between 40km/h and 50km/h;W;2019-03-19;351763;5788195;MGA2020 zone 55;3805;44.0;435;621;2.6;8.86;937
-38.0490312308, 145.2940380962;"{""coordinates"": [145.2940380962, -38.0490312308], ""type"": ""Point""}";-38.0490312307902;145.2940380962041;Sneddon Drive;2018;Between 40km/h and 50km/h;W;2018-03-02;350315;5787372;MGA2020 zone 55;3805;48.4;1387;1653;5.99;16.27;981
-38.0939059774, 145.2698090962;"{""coordinates"": [145.2698090962, -38.0939059774], ""type"": ""Point""}";-38.093905977375236;145.26980909621463;Roberts Road;2019;Between 40km/h and 50km/h;W;2019-05-30;348282;5782353;MGA2020 zone 55;3977;47.8;210;279;2.2;9.32;1005
-38.0146671398, 145.2759371399;"{""coordinates"": [145.2759371399, -38.0146671398], ""type"": ""Point""}";-38.01466713975821;145.27593713990004;Cheshunt Drive;2022;Between 50km/h and 60km/h;W;2022-10-21;348656;5791156;MGA2020 zone 55;3803;53.6;366;456;14.96;11.85;1030
-37.9800111371, 145.3171931432;"{""coordinates"": [145.3171931432, -37.9800111371], ""type"": ""Point""}";-37.980011137096135;145.31719314324118;Main Street;2022;Between 50km/h and 60km/h;W;2022-11-05;352209;5795068;MGA2020 zone 55;3804;57.24;983;1140;23.84;14.44;1049
-38.1087611376, 145.2991781545;"{""coordinates"": [145.2991781545, -38.1087611376], ""type"": ""Point""}";-38.10876113755774;145.29917815445575;Scotsdale Drive;2023;Between 50km/h and 60km/h;W;2023-02-07;350888;5780752;MGA2020 zone 55;3977;57.7;2866;3672;5.06;10.68;1067
-37.9951211348, 145.3486651504;"{""coordinates"": [145.3486651504, -37.9951211348], ""type"": ""Point""}";-37.99512113480374;145.34866515041577;Harkaway Road;2023;More than 60km/h;W;2023-02-07;355003;5793441;MGA2020 zone 55;3806;77.4;7063;8945;3.35;9.31;1090
-38.0486111411, 145.2543601399;"{""coordinates"": [145.2543601399, -38.0486111411], ""type"": ""Point""}";-38.04861114105012;145.25436013990506;Gilmore Crescent;2023;Between 40km/h and 50km/h;W;2023-02-07;346833;5787354;MGA2020 zone 55;3975;43.6;467;606;6.17;9.61;1092
-38.1166651343, 145.3446591633;"{""coordinates"": [145.3446591633, -38.1166651343], ""type"": ""Point""}";-38.116665134333125;145.34465916331015;Bundaleer Lane;2023;Less than 30km/h;W;2023-05-09;354891;5779947;MGA2020 zone 55;3978;28.3;24;33;8.33;21.05;1131
-38.0888681346, 145.34336916;"{""coordinates"": [145.34336916, -38.0888681346], ""type"": ""Point""}";-38.08886813459481;145.34336915997147;Laker Boulevard;2023;Between 50km/h and 60km/h;W;2023-07-26;354723;5783030;MGA2020 zone 55;3978;51.9;2729;3277;8.89;11.38;1170
-38.0822041338, 145.3552531613;"{""coordinates"": [145.3552531613, -38.0822041338], ""type"": ""Point""}";-38.082204133804765;145.35525316130548;Elmtree Crescent;2023;Less than 30km/h;W;2023-07-26;355752;5783788;MGA2020 zone 55;3978;29.2;40;48;6.21;13.33;1174
-38.0558791368, 145.3145991512;"{""coordinates"": [145.3145991512, -38.0558791368], ""type"": ""Point""}";-38.05587913680823;145.31459915124978;Wood Road;2023;Between 50km/h and 60km/h;W;2023-07-26;352133;5786645;MGA2020 zone 55;3805;50.9;4411;5567;4.93;10.79;1208
-37.97358, 145.272954;"{""coordinates"": [145.272954, -37.97358], ""type"": ""Point""}";-37.97357999999622;145.27295399999716;Reema Boulevard;2023;Between 40km/h and 50km/h;W;2023-10-25;348310;5795710;MGA2020 zone 55;3802;48.2;1414;1796;4.19;205.0;1246
-38.206851, 145.234886;"{""coordinates"": [145.234886, -38.206851], ""type"": ""Point""}";-38.206850999995986;145.2348859999968;Hasting Street;2023;Between 30km/h and 40km/h;W;2023-10-19;345458;5769762;MGA2020 zone 55;3912;32.5;537;646;3.85;60.0;1260
-38.067076, 145.323782;"{""coordinates"": [145.323782, -38.067076], ""type"": ""Point""}";-38.06707599999629;145.3237819999975;Armitage Drive;2024;Between 40km/h and 50km/h;W;2024-02-07;352962;5785417;MGA2020 zone 55;3805;47.4;266;341;5.04;39.0;1265
-38.098289, 145.28457;"{""coordinates"": [145.28457, -38.098289], ""type"": ""Point""}";-38.09828899999619;145.28456999999725;Camms Road;2024;Between 50km/h and 60km/h;W;2024-02-05;349586;5781891;MGA2020 zone 55;3977;51.6;9340;13401;8.94;1017.0;1272
-38.063897, 145.314036;"{""coordinates"": [145.314036, -38.063897], ""type"": ""Point""}";-38.06389699999628;145.31403599999743;Heritage Drive;2024;Between 40km/h and 50km/h;W;2024-02-07;352100;5785755;MGA2020 zone 55;3805;46.4;1525;1950;6.45;280.0;1288
-38.006698, 145.279064;"{""coordinates"": [145.279064, -38.006698], ""type"": ""Point""}";-38.006697999996234;145.27906399999716;Fitzgerald Road;2024;Between 50km/h and 60km/h;W;2024-05-17;348915;5792045;MGA2020 zone 55;3803;50.5;3694;4827;4.88;414.0;1341
-38.003229, 145.281158;"{""coordinates"": [145.281158, -38.003229], ""type"": ""Point""}";-38.00322899999623;145.2811579999972;Nettle Drive;2024;Between 50km/h and 60km/h;W;2024-05-17;349091;5792434;MGA2020 zone 55;3803;55.1;1577;1916;3.31;265.0;1357
-38.143452, 145.258974;"{""coordinates"": [145.258974, -38.143452], ""type"": ""Point""}";-38.1434519999961;145.25897399999707;Sandstone Drive;2024;Between 40km/h and 50km/h;W;2024-05-10;347435;5776838;MGA2020 zone 55;3977;49.6;121;141;3.09;21.0;1369
-38.008815, 145.305418;"{""coordinates"": [145.305418, -38.008815], ""type"": ""Point""}";-38.00881499999629;145.3054179999974;Columbia Road;2024;Between 50km/h and 60km/h;W;2024-08-17;351233;5791853;MGA2020 zone 55;3805;55.1;806;998;5.3;9.71;1401
-38.11965, 145.292762;"{""coordinates"": [145.292762, -38.11965], ""type"": ""Point""}";-38.11964999999619;145.29276199999728;Annabella Street;2024;Between 50km/h and 60km/h;W;2024-10-23;350348;5779534;MGA2020 zone 55;3977;53.8;1125;1393;17.6;10.3;1458
-38.081828, 145.330595;"{""coordinates"": [145.330595, -38.081828], ""type"": ""Point""}";-38.0818279999963;145.3305949999975;Arbourlea Boulevard;2024;Between 50km/h and 60km/h;W;2024-10-23;353589;5783791;MGA2020 zone 55;3977;56.5;2678;3267;2.9;13.2;1459
-38.03264, 145.351675;"{""coordinates"": [145.351675, -38.03264], ""type"": ""Point""}";-38.032639999996384;145.3516749999977;Marygate Pl;2024;Less than 30km/h;W;2024-07-23;355341;5789282;MGA2020 zone 55;3806;20.5;15;19;3.1;15.8;1503
-38.0769495, 145.323705;"{""coordinates"": [145.323705, -38.0769495], ""type"": ""Point""}";-38.07694949999629;145.3237049999975;Mountainview Boulevard;2024;Between 50km/h and 60km/h;W;2024-10-23;352975;5784322;MGA2020 zone 55;3977;57.5;1961;2578;4.4;12.6;1511
-38.004626, 145.262232;"{""coordinates"": [145.262232, -38.004626], ""type"": ""Point""}";-38.00462599999618;145.2622319999971;Princes Highway Service Road;2024;More than 60km/h;W;2024-10-22;347432;5792248;MGA2020 zone 55;3803;60.6;210;253;4.1;43.7;1515
-38.0772070227, 145.2921831578;"{""coordinates"": [145.2921831578, -38.0772070227], ""type"": ""Point""}";-38.07720702266571;145.292183157834;Hamilton Drive;2019;Between 50km/h and 60km/h;W;2019-03-20;350210;5784243;MGA2020 zone 55;3977;54.0;328;420;3.3;15.71;20
-38.0394105974, 145.3189108272;"{""coordinates"": [145.3189108272, -38.0394105974], ""type"": ""Point""}";-38.03941059738167;145.31891082719338;Fleetwood Drive;2018;Between 50km/h and 60km/h;W;2018-06-23;352479;5788479;MGA2020 zone 55;3805;50.0;2750;3318;5.04;12.09;30
-38.0628388879, 145.301708809;"{""coordinates"": [145.301708809, -38.0628388879], ""type"": ""Point""}";-38.062838887899225;145.30170880904873;Galloway Drive;2019;Between 40km/h and 50km/h;W;2019-05-30;351017;5785852;MGA2020 zone 55;3805;43.7;913;1135;3.4;15.51;34
-37.9840385851, 145.2617042956;"{""coordinates"": [145.2617042956, -37.9840385851], ""type"": ""Point""}";-37.98403858514291;145.26170429561557;William Hovell Drive;2018;More than 60km/h;W;2018-06-23;347343;5794531;MGA2020 zone 55;3802;60.2;594;715;4.43;14.27;45
-38.0820042344, 145.2933297208;"{""coordinates"": [145.2933297208, -38.0820042344], ""type"": ""Point""}";-38.082004234447055;145.29332972083077;Jessie Street;2019;Between 40km/h and 50km/h;W;2019-08-26;350321;5783712;MGA2020 zone 55;3977;42.9;1001;1205;3.8;14.97;49
-38.0659245338, 145.3075042355;"{""coordinates"": [145.3075042355, -38.0659245338], ""type"": ""Point""}";-38.06592453377202;145.30750423547818;The Promenade;2018;Between 40km/h and 50km/h;W;2018-05-09;351531;5785519;MGA2020 zone 55;3805;49.0;1349;1566;4.5;24.84;59
-38.0578787223, 145.2855939436;"{""coordinates"": [145.2855939436, -38.0578787223], ""type"": ""Point""}";-38.057878722330635;145.28559394363916;Kershaw Drive;2020;Between 50km/h and 60km/h;W;2020-02-13;349593;5786377;MGA2020 zone 55;3805;55.2;1493;2008;7.8;15.09;119
-38.0026270416, 145.2578565262;"{""coordinates"": [145.2578565262, -38.0026270416], ""type"": ""Point""}";-38.00262704164584;145.25785652622446;Harmer Road;2019;Between 50km/h and 60km/h;W;2019-05-22;347044;5792462;MGA2020 zone 55;3803;51.0;2595;3243;7.5;12.33;123
-38.0266890033, 145.3725570043;"{""coordinates"": [145.3725570043, -38.0266890033], ""type"": ""Point""}";-38.02668900333762;145.37255700432175;Inglis Road;2022;More than 60km/h;W;2022-02-22;357162;5789975;MGA2020 zone 55;3806;75.1;5718;6858;9.74;11.37;317
-38.0242960036, 145.3515360341;"{""coordinates"": [145.3515360341, -38.0242960036], ""type"": ""Point""}";-38.0242960036472;145.35153603414295;Gardiner Street;2022;Between 50km/h and 60km/h;W;2022-02-22;355312;5790208;MGA2020 zone 55;3806;53.4;2900;3419;8.49;12.91;321
-38.1341700014, 145.3294860211;"{""coordinates"": [145.3294860211, -38.1341700014], ""type"": ""Point""}";-38.13417000142372;145.3294860211138;Ballarto Road;2022;Between 50km/h and 60km/h;W;2022-02-22;353596;5777981;MGA2020 zone 55;3978;52.2;410;495;15.21;10.86;340
-38.1011330053, 145.2863990482;"{""coordinates"": [145.2863990482, -38.1011330053], ""type"": ""Point""}";-38.101133005347876;145.2863990482096;Loch Street;2022;Between 40km/h and 50km/h;W;2022-08-24;349752;5781578;MGA2020 zone 55;3977;49.4;852;1044;2.59;9.7;503
-38.0971320053, 145.2812990365;"{""coordinates"": [145.2812990365, -38.0971320053], ""type"": ""Point""}";-38.09713200525679;145.2812990365234;Cranbourne Place;2022;Between 30km/h and 40km/h;W;2022-08-24;349296;5782014;MGA2020 zone 55;3977;34.2;1129;1334;5.61;11.61;504
-38.0401997203, 145.2788198238;"{""coordinates"": [145.2788198238, -38.0401997203], ""type"": ""Point""}";-38.040199720331486;145.27881982382502;James Wyman Place;2019;Between 40km/h and 50km/h;W;2019-11-12;348962;5788328;MGA2020 zone 55;3976;47.4;571;802;2.03;9.65;22
-38.1023425517, 145.2555548637;"{""coordinates"": [145.2555548637, -38.1023425517], ""type"": ""Point""}";-38.10234255171089;145.2555548636943;Duff Street;2019;More than 60km/h;W;2019-09-02;347050;5781394;MGA2020 zone 55;3977;60.8;3812;4818;3.1;10.47;170
-38.0155399202, 145.3372158126;"{""coordinates"": [145.3372158126, -38.0155399202], ""type"": ""Point""}";-38.01553992023116;145.33721581256398;Whilster Drive;2021;Between 40km/h and 50km/h;W;2021-03-26;354038;5791157;MGA2020 zone 55;3806;49.2;579;713;6.4;9.85;177
-38.0944641321, 145.2982146773;"{""coordinates"": [145.2982146773, -38.0944641321], ""type"": ""Point""}";-38.09446413212126;145.29821467731134;Villager Drive;2021;Between 30km/h and 40km/h;W;2021-03-25;350774;5782337;MGA2020 zone 55;3977;38.1;156;208;5.0;10.55;179
-38.0590366947, 145.3572772844;"{""coordinates"": [145.3572772844, -38.0590366947], ""type"": ""Point""}";-38.05903669468679;145.35727728439076;Soldiers Road;2021;More than 60km/h;W;2021-04-20;355884;5786362;MGA2020 zone 55;3806;61.7;11136;13516;2.9;10.08;182
-38.0139572285, 145.3379758498;"{""coordinates"": [145.3379758498, -38.0139572285], ""type"": ""Point""}";-38.01395722849565;145.33797584976668;Caserta Drive;2021;More than 60km/h;W;2021-03-26;354101;5791334;MGA2020 zone 55;3806;60.5;454;561;5.0;9.15;187
-38.1168351947, 145.3438685063;"{""coordinates"": [145.3438685063, -38.1168351947], ""type"": ""Point""}";-38.116835194660894;145.34386850629406;Bundaleer Lane;2021;Less than 30km/h;W;2021-03-23;354822;5779927;MGA2020 zone 55;3978;25.3;101;131;2.9;11.27;191
-38.1127771543, 145.2543191288;"{""coordinates"": [145.2543191288, -38.1127771543], ""type"": ""Point""}";-38.112777154282405;145.25431912877258;Sparrow Street;2021;Less than 30km/h;W;2021-04-23;346963;5780234;MGA2020 zone 55;3977;27.7;131;151;3.8;12.3;204
-38.0348820904, 145.2480651896;"{""coordinates"": [145.2480651896, -38.0348820904], ""type"": ""Point""}";-38.03488209040399;145.24806518956106;Robjant Street;2021;More than 60km/h;W;2021-03-26;346252;5788867;MGA2020 zone 55;3976;62.0;610;850;9.7;9.38;214
-38.0517806248, 145.2834565301;"{""coordinates"": [145.2834565301, -38.0517806248], ""type"": ""Point""}";-38.05178062478222;145.28345653014807;Langbourne Drive;2021;Between 50km/h and 60km/h;W;2021-04-20;349393;5787050;MGA2020 zone 55;3805;52.8;1451;1914;6.3;13.69;223
-38.0802354106, 145.3588582976;"{""coordinates"": [145.3588582976, -38.0802354106], ""type"": ""Point""}";-38.0802354106486;145.35885829758269;Como Parade;2021;Between 50km/h and 60km/h;W;2021-03-23;356065;5784012;MGA2020 zone 55;3978;55.0;1071;1398;4.9;10.2;241
-38.0761880032, 145.2465900309;"{""coordinates"": [145.2465900309, -38.0761880032], ""type"": ""Point""}";-38.07618800315576;145.2465900308943;Brookwater Parade;2022;Between 50km/h and 60km/h;W;2022-02-22;346209;5784281;MGA2020 zone 55;3975;52.3;1416;1753;3.49;10.18;281
-38.0274800004, 145.3027600317;"{""coordinates"": [145.3027600317, -38.0274800004], ""type"": ""Point""}";-38.027480000401695;145.3027600317474;Webb Street;2022;Between 30km/h and 40km/h;W;2022-02-22;351037;5789778;MGA2020 zone 55;3805;38.5;9829;13157;2.74;7.73;290
-37.9963109998, 145.3265420131;"{""coordinates"": [145.3265420131, -37.9963109998], ""type"": ""Point""}";-37.996310999791646;145.32654201313463;Brundrett Road;2022;Between 50km/h and 60km/h;W;2022-02-22;353062;5793274;MGA2020 zone 55;3804;59.3;742;942;6.29;9.24;297
-37.9776940028, 145.2976030318;"{""coordinates"": [145.2976030318, -37.9776940028], ""type"": ""Point""}";-37.97769400281861;145.29760303179424;Reservoir Road;2022;Between 40km/h and 50km/h;W;2022-02-22;350483;5795294;MGA2020 zone 55;3804;44.8;206;235;7.37;9.46;299
-38.1269910008, 145.3481750311;"{""coordinates"": [145.3481750311, -38.1269910008], ""type"": ""Point""}";-38.1269910007677;145.34817503106004;Applejack Boulevard;2022;Between 40km/h and 50km/h;W;2022-02-22;355220;5778807;MGA2020 zone 55;3978;47.4;775;1017;10.43;7.48;343
-38.0914390034, 145.3429019996;"{""coordinates"": [145.3429019996, -38.0914390034], ""type"": ""Point""}";-38.091439003361664;145.34290199955592;Matterhorn Drive;2022;More than 60km/h;W;2022-02-22;354687;5782744;MGA2020 zone 55;3978;62.4;3621;4439;10.3;11.21;353
-38.1075350034, 145.321674996;"{""coordinates"": [145.321674996, -38.1075350034], ""type"": ""Point""}";-38.107535003384605;145.32167499596974;Haflinger Avenue;2022;Between 40km/h and 50km/h;W;2022-02-22;352858;5780924;MGA2020 zone 55;3978;45.8;1500;1810;3.15;21.34;354
-38.0956980054, 145.2899000365;"{""coordinates"": [145.2899000365, -38.0956980054], ""type"": ""Point""}";-38.0956980054455;145.289900036532;Bellarine Drive;2022;Between 40km/h and 50km/h;W;2022-02-22;350048;5782187;MGA2020 zone 55;3977;40.9;1590;1864;2.54;17.54;374
-38.1068200026, 145.2723210156;"{""coordinates"": [145.2723210156, -38.1068200026], ""type"": ""Point""}";-38.10682000263228;145.2723210155844;Fairbairn Road;2022;Between 50km/h and 60km/h;W;2022-02-22;348529;5780924;MGA2020 zone 55;3977;57.1;1600;1875;6.67;9.81;378
-38.1014180045, 145.2791090428;"{""coordinates"": [145.2791090428, -38.1014180045], ""type"": ""Point""}";-38.10141800453629;145.27910904282732;Duff Street;2022;Between 40km/h and 50km/h;W;2022-02-22;349113;5781535;MGA2020 zone 55;3977;44.0;1780;2259;4.84;9.04;379
-38.0837500029, 145.3182360324;"{""coordinates"": [145.3182360324, -38.0837500029], ""type"": ""Point""}";-38.08375000287382;145.31823603237197;Mountainview Boulevard;2022;Between 50km/h and 60km/h;W;2022-02-22;352509;5783558;MGA2020 zone 55;3977;53.7;2579;3503;3.84;8.82;389
-38.1372950043, 145.2941900244;"{""coordinates"": [145.2941900244, -38.1372950043], ""type"": ""Point""}";-38.137295004340665;145.29419002440451;Craig Road;2022;More than 60km/h;W;2022-02-22;350509;5777578;MGA2020 zone 55;3977;68.0;6845;8527;5.54;8.91;417
-38.1898090044, 145.3668280117;"{""coordinates"": [145.3668280117, -38.1898090044], ""type"": ""Point""}";-38.18980900441633;145.36682801166808;Lynes Road;2022;More than 60km/h;W;2022-02-22;356978;5771865;MGA2020 zone 55;3980;81.9;245;290;18.7;11.93;423
-38.1109350026, 145.3387570277;"{""coordinates"": [145.3387570277, -38.1109350026], ""type"": ""Point""}";-38.110935002559074;145.33875702772346;Thoroughbred Drive;2022;Between 50km/h and 60km/h;W;2022-05-19;354362;5780574;MGA2020 zone 55;3978;54.1;1125;1353;9.09;15.16;430
-38.0533240021, 145.3636960199;"{""coordinates"": [145.3636960199, -38.0533240021], ""type"": ""Point""}";-38.05332400206739;145.36369601986655;Soldiers Road;2022;Between 40km/h and 50km/h;W;2022-05-20;356436;5787006;MGA2020 zone 55;3807;48.9;6280;8078;29.49;8.77;456
-38.1215220023, 145.3237270014;"{""coordinates"": [145.3237270014, -38.1215220023], ""type"": ""Point""}";-38.121522002278034;145.32372700141434;Trickett Street;2022;Between 40km/h and 50km/h;W;2022-08-24;353066;5779376;MGA2020 zone 55;3978;40.6;314;407;5.95;9.02;498
-38.1237133338, 145.306446083;"{""coordinates"": [145.306446083, -38.1237133338], ""type"": ""Point""}";-38.12371333379051;145.30644608304712;"Casey Fields Boulevard
Casey Fields Boulevard";2019;Between 50km/h and 60km/h;W;2019-05-29;351555;5779105;MGA2020 zone 55;3977;59.0;1174;1493;4.1;12.32;685
-38.1004361343, 145.2958163946;"{""coordinates"": [145.2958163946, -38.1004361343], ""type"": ""Point""}";-38.10043613433737;145.29581639463078;Rochester Parade;2018;Between 40km/h and 50km/h;W;2018-07-10;350576;5781671;MGA2020 zone 55;3977;47.0;2821;3323;3.5;10.53;717
-38.0832775844, 145.2922925941;"{""coordinates"": [145.2922925941, -38.0832775844], ""type"": ""Point""}";-38.08327758440967;145.29229259411903;Rapallo Way;2019;Between 40km/h and 50km/h;W;2019-08-26;350232;5783569;MGA2020 zone 55;3977;44.3;604;735;1.6;13.03;738
-38.0996333873, 145.2612829831;"{""coordinates"": [145.2612829831, -38.0996333873], ""type"": ""Point""}";-38.09963338727081;145.26128298311394;Cirai Crescent;2018;Between 50km/h and 60km/h;W;2018-11-14;347546;5781704;MGA2020 zone 55;3977;52.1;639;846;2.98;9.1;739
-38.101416111, 145.2555609445;"{""coordinates"": [145.2555609445, -38.101416111], ""type"": ""Point""}";-38.101416111034354;145.2555609445007;Jacinta Drive;2020;Between 40km/h and 50km/h;W;2020-02-13;347048;5781497;MGA2020 zone 55;3977;41.4;200;263;1.1;9.13;741
-38.210479926, 145.3786119092;"{""coordinates"": [145.3786119092, -38.210479926], ""type"": ""Point""}";-38.21047992601165;145.37861190920017;Evans Street Tooradin;2018;Between 30km/h and 40km/h;W;2018-03-14;358050;5769590;MGA2020 zone 55;3980;37.2;262;333;11.53;13.21;765
-38.1474686019, 145.24558142;"{""coordinates"": [145.24558142, -38.1474686019], ""type"": ""Point""}";-38.14746860188625;145.24558142001186;Pearcedale Road;2018;More than 60km/h;W;2018-09-12;346270;5776370;MGA2020 zone 55;3977;66.2;4323;5266;6.94;10.84;805
-38.0037911022, 145.2926883787;"{""coordinates"": [145.2926883787, -38.0037911022], ""type"": ""Point""}";-38.00379110223029;145.2926883787013;Tinks Road;2019;More than 60km/h;W;2019-02-14;350105;5792390;MGA2020 zone 55;3805;60.0;5957;8134;6.9;9.36;809
-38.2025427861, 145.3457116545;"{""coordinates"": [145.3457116545, -38.2025427861], ""type"": ""Point""}";-38.20254278612459;145.34571165445607;Warneet Road;2019;More than 60km/h;W;2019-11-12;355153;5770420;MGA2020 zone 55;3980;99.8;2879;3664;8.44;9.46;813
-38.0503522067, 145.3573138374;"{""coordinates"": [145.3573138374, -38.0503522067], ""type"": ""Point""}";-38.050352206679634;145.3573138374175;Kangan Drive;2021;Between 50km/h and 60km/h;W;2021-04-20;355870;5787326;MGA2020 zone 55;3806;56.0;5064;6290;3.5;10.25;822
-38.0009375723, 145.2684810076;"{""coordinates"": [145.2684810076, -38.0009375723], ""type"": ""Point""}";-38.00093757232451;145.2684810076468;Frawley Road;2021;Between 50km/h and 60km/h;W;2021-03-26;347974;5792667;MGA2020 zone 55;3803;51.8;7940;9768;5.3;9.8;830
-38.025059313, 145.2667851914;"{""coordinates"": [145.2667851914, -38.025059313], ""type"": ""Point""}";-38.02505931297856;145.26678519142948;The Grange;2021;Between 50km/h and 60km/h;W;2021-03-17;347875;5789988;MGA2020 zone 55;3976;50.6;161;217;4.0;9.8;839
-38.0663566825, 145.291143443;"{""coordinates"": [145.291143443, -38.0663566825], ""type"": ""Point""}";-38.0663566824955;145.2911434429602;Tangerine Drive;2021;Between 40km/h and 50km/h;W;2021-03-24;350097;5785445;MGA2020 zone 55;3805;45.9;143;189;4.7;11.9;848
-38.024171545, 145.2640551866;"{""coordinates"": [145.2640551866, -38.024171545], ""type"": ""Point""}";-38.02417154497345;145.26405518659422;Oaktree Drive;2021;Between 50km/h and 60km/h;W;2021-03-17;347633;5790082;MGA2020 zone 55;3976;52.9;706;948;14.9;8.6;853
-38.0604815934, 145.2566324528;"{""coordinates"": [145.2566324528, -38.0604815934], ""type"": ""Point""}";-38.06048159335732;145.2566324527644;Glenbrook Crescent;2021;Between 40km/h and 50km/h;W;2021-03-26;347057;5786041;MGA2020 zone 55;3975;42.0;234;308;3.2;8.4;874
-38.1154795416, 145.3328619594;"{""coordinates"": [145.3328619594, -38.1154795416], ""type"": ""Point""}";-38.115479541591384;145.3328619593591;Fitzwilliam Circuit;2021;Between 40km/h and 50km/h;W;2021-03-23;353855;5780061;MGA2020 zone 55;3978;46.4;344;438;4.8;16.2;877
-37.9908230018, 145.2314070165;"{""coordinates"": [145.2314070165, -37.9908230018], ""type"": ""Point""}";-37.99082300177758;145.23140701653097;Betula Street;2022;Between 50km/h and 60km/h;W;2022-02-22;344697;5793728;MGA2020 zone 55;3177;50.0;539;712;2.98;9.09;898
-37.9784330017, 145.2443020304;"{""coordinates"": [145.2443020304, -37.9784330017], ""type"": ""Point""}";-37.97843300174221;145.24430203040546;Amalfi Drive;2022;Between 50km/h and 60km/h;W;2022-02-22;345803;5795125;MGA2020 zone 55;3802;57.3;3848;4884;6.24;10.26;902
-38.1263169812, 145.295458128;"{""coordinates"": [145.295458128, -38.1263169812], ""type"": ""Point""}";-38.1263169812349;145.2954581280164;Gemma Street;2020;Between 30km/h and 40km/h;W;2020-02-13;350598;5778798;MGA2020 zone 55;3977;38.4;112;169;3.0;10.06;952
-38.0815591955, 145.3328322289;"{""coordinates"": [145.3328322289, -38.0815591955], ""type"": ""Point""}";-38.081559195530744;145.3328322288519;Tamarind Road;2019;Between 40km/h and 50km/h;W;2019-05-21;353784;5783824;MGA2020 zone 55;3977;47.0;137;186;8.4;10.21;958
-37.9891773859, 145.2476657295;"{""coordinates"": [145.2476657295, -37.9891773859], ""type"": ""Point""}";-37.98917738594822;145.24766572952203;Sheoak Street;2018;Between 40km/h and 50km/h;W;2018-03-14;346121;5793938;MGA2020 zone 55;3177;48.8;252;341;3.32;11.14;974
-38.0676500341, 145.3480144247;"{""coordinates"": [145.3480144247, -38.0676500341], ""type"": ""Point""}";-38.067650034057124;145.34801442467221;Viewgrand Drive;2019;Between 50km/h and 60km/h;W;2019-05-16;355089;5785392;MGA2020 zone 55;3806;52.0;2410;2834;4.4;16.44;579
-38.0919758355, 145.2858516346;"{""coordinates"": [145.2858516346, -38.0919758355], ""type"": ""Point""}";-38.09197583553979;145.2858516346234;Kingdom Drive;2020;Between 40km/h and 50km/h;W;2020-02-13;349685;5782594;MGA2020 zone 55;3977;49.5;554;781;2.3;8.32;589
-38.1080080655, 145.3043488095;"{""coordinates"": [145.3043488095, -38.1080080655], ""type"": ""Point""}";-38.108008065546116;145.30434880949824;Statesman Circuit;2019;Between 40km/h and 50km/h;W;2019-05-16;351340;5780844;MGA2020 zone 55;3977;47.0;111;127;3.9;29.92;599
-38.0346894495, 145.260079105;"{""coordinates"": [145.260079105, -38.0346894495], ""type"": ""Point""}";-38.0346894494832;145.2600791049574;Fordholm Road;2019;Between 40km/h and 50km/h;W;2019-09-02;347306;5788908;MGA2020 zone 55;3976;47.2;2495;3085;2.2;12.05;624
-38.0407516556, 145.308838189;"{""coordinates"": [145.308838189, -38.0407516556], ""type"": ""Point""}";-38.04075165557852;145.30883818895393;Pentland Drive;2019;Between 40km/h and 50km/h;W;2019-09-02;351597;5788315;MGA2020 zone 55;3805;47.2;261;342;2.6;12.04;632
-37.9889251198, 145.3153092933;"{""coordinates"": [145.3153092933, -37.9889251198], ""type"": ""Point""}";-37.98892511984764;145.3153092933471;Crawley Road;2019;Between 50km/h and 60km/h;W;2019-10-22;352061;5794076;MGA2020 zone 55;3804;53.8;1446;1878;3.53;8.4;650
-38.0551982352, 145.2868287077;"{""coordinates"": [145.2868287077, -38.0551982352], ""type"": ""Point""}";-38.05519823518382;145.28682870765536;Kershaw Drive;2018;Between 30km/h and 40km/h;W;2018-05-10;349696;5786676;MGA2020 zone 55;3805;39.3;766;1031;6.5;10.28;657
-38.0307732676, 145.270207182;"{""coordinates"": [145.270207182, -38.0307732676], ""type"": ""Point""}";-38.03077326755672;145.27020718202868;Lauren Drive;2018;Between 40km/h and 50km/h;w;2018-11-13;348187;5789359;MGA2020 zone 55;3976;42.4;0;534;2.65;9.7;661
-38.0620244925, 145.2925061673;"{""coordinates"": [145.2925061673, -38.0620244925], ""type"": ""Point""}";-38.06202449249392;145.29250616734362;Ormond Road Narre Warren South;2019;Between 50km/h and 60km/h;W;2019-11-12;350208;5785928;MGA2020 zone 55;3805;53.5;8333;10894;3.76;9.37;670
-38.0633067886, 145.2450733901;"{""coordinates"": [145.2450733901, -38.0633067886], ""type"": ""Point""}";-38.063306788557654;145.24507339008557;Glasscocks Road;2018;More than 60km/h;W;2018-05-08;346049;5785708;MGA2020 zone 55;3975;67.0;7315;9599;5.6;11.6;693
-38.1012343121, 145.3108371433;"{""coordinates"": [145.3108371433, -38.1012343121], ""type"": ""Point""}";-38.10123431210049;145.31083714326058;Linsell Blvd;2019;More than 60km/h;W;2019-09-20;351895;5781606;MGA2020 zone 55;3977;62.7;11660;15338;3.27;8.6;706
-38.1054912612, 145.2546100864;"{""coordinates"": [145.2546100864, -38.1054912612], ""type"": ""Point""}";-38.10549126115354;145.2546100864105;Elandra Way;2018;Between 50km/h and 60km/h;W;2018-05-10;346973;5781043;MGA2020 zone 55;3977;52.6;670;828;3.55;18.12;740
-38.0248231372, 145.3466260844;"{""coordinates"": [145.3466260844, -38.0248231372], ""type"": ""Point""}";-38.0248231371658;145.34662608436625;Harkaway Road;2018;More than 60km/h;W;2018-08-15;354882;5790142;MGA2020 zone 55;3806;62.0;11802;14709;6.0;9.79;786
-38.0001628355, 145.3419450031;"{""coordinates"": [145.3419450031, -38.0001628355], ""type"": ""Point""}";-38.0001628355225;145.34194500313325;Harkaway Road;2018;More than 60km/h;W;2018-08-15;354423;5792871;MGA2020 zone 55;3806;69.0;6244;7756;6.4;10.6;787
-38.1703277168, 145.3734403896;"{""coordinates"": [145.3734403896, -38.1703277168], ""type"": ""Point""}";-38.170327716797956;145.37344038957596;Muddy Gates Lane;2018;More than 60km/h;W;2018-08-15;357519;5774037;MGA2020 zone 55;3980;62.0;83;98;23.4;15.31;801
-38.1020679084, 145.3023870447;"{""coordinates"": [145.3023870447, -38.1020679084], ""type"": ""Point""}";-38.10206790842532;145.30238704471154;Broad Oak Drive;2021;Between 50km/h and 60km/h;W;2021-03-25;351156;5781500;MGA2020 zone 55;3977;55.0;2943;3650;2.6;11.56;880
-37.9844350022, 145.2553200308;"{""coordinates"": [145.2553200308, -37.9844350022], ""type"": ""Point""}";-37.98443500220588;145.25532003079402;Matthew Flinders Avenue;2022;Between 50km/h and 60km/h;W;2022-02-22;346784;5794477;MGA2020 zone 55;3802;53.8;1804;2254;6.14;10.13;899
-38.193087, 145.236198;"{""coordinates"": [145.236198, -38.193087], ""type"": ""Point""}";-38.193086999996;145.23619799999688;Mount Grandview Rd;2024;Less than 30km/h;W;2024-07-23;345544;5771292;MGA2020 zone 55;3912;15.4;11;15;11.5;13.3;1510
-38.0787381328, 145.3695261634;"{""coordinates"": [145.3695261634, -38.0787381328], ""type"": ""Point""}";-38.078738132827134;145.3695261634148;Grices Road;2022;More than 60km/h;W;2022-10-21;356997;5784195;MGA2020 zone 55;3978;67.7;283;338;18.21;13.07;1019
-37.9927921429, 145.23338113;"{""coordinates"": [145.23338113, -37.9927921429], ""type"": ""Point""}";-37.99279214285312;145.23338113003985;Chestnut Road;2022;Between 40km/h and 50km/h;W;2022-10-31;344874;5793513;MGA2020 zone 55;3177;42.2;499;662;17.63;12.28;1026
-38.0665963305, 145.3157092233;"{""coordinates"": [145.3157092233, -38.0665963305], ""type"": ""Point""}";-38.06659633052018;145.3157092233406;Robinswood Parade;2019;Between 50km/h and 60km/h;W;2019-05-30;352252;5785458;MGA2020 zone 55;3805;56.0;2058;2538;2.3;12.49;67
-38.1087520001, 145.2399039789;"{""coordinates"": [145.2399039789, -38.1087520001], ""type"": ""Point""}";-38.10875200009867;145.23990397890938;Erindale Street Cranbourne West;2019;Between 40km/h and 50km/h;W;2019-03-26;345691;5780657;MGA2020 zone 55;3977;47.0;103;142;8.1;9.86;74
-38.0509262887, 145.3131442808;"{""coordinates"": [145.3131442808, -38.0509262887], ""type"": ""Point""}";-38.05092628871111;145.31314428079273;Cobblestone Avenue;2019;Between 30km/h and 40km/h;W;2019-08-26;351996;5787192;MGA2020 zone 55;3805;39.1;300;386;2.6;12.18;95
-37.9877075457, 145.2695686398;"{""coordinates"": [145.2695686398, -37.9877075457], ""type"": ""Point""}";-37.98770754568442;145.2695686397877;James Cook Drive;2019;More than 60km/h;W;2019-03-13;348042;5794137;MGA2020 zone 55;3802;60.9;4287;5589;4.14;10.86;102
-38.1982652779, 145.3868561033;"{""coordinates"": [145.3868561033, -38.1982652779], ""type"": ""Point""}";-38.19826527793156;145.38685610325723;Tooradin Station Road;2019;More than 60km/h;W;2019-03-20;358748;5770958;MGA2020 zone 55;3980;81.0;374;437;12.7;13.73;108
-38.0656865456, 145.3045602807;"{""coordinates"": [145.3045602807, -38.0656865456], ""type"": ""Point""}";-38.06568654556804;145.30456028066837;Galloway Drive;2019;Between 40km/h and 50km/h;W;2019-05-30;351273;5785541;MGA2020 zone 55;3805;49.3;5070;6342;2.8;12.2;115
-38.0549742732, 145.2522944274;"{""coordinates"": [145.2522944274, -38.0549742732], ""type"": ""Point""}";-38.05497427323574;145.25229442740923;Paterson Drive;2018;Between 40km/h and 50km/h;W;2018-03-02;346665;5786645;MGA2020 zone 55;3975;48.4;2882;3653;3.22;13.77;129
-37.9835213566, 145.3220698344;"{""coordinates"": [145.3220698344, -37.9835213566], ""type"": ""Point""}";-37.983521356593435;145.3220698344369;Robinson Road Narre Warren North;2020;More than 60km/h;W;2020-02-13;352644;5794686;MGA2020 zone 55;3804;76.5;2229;2673;3.04;12.16;137
-38.049905877, 145.3594446073;"{""coordinates"": [145.3594446073, -38.049905877], ""type"": ""Point""}";-38.04990587698432;145.35944460732813;Bryn Mawr Boulevard;2021;More than 60km/h;W;2021-03-26;356056;5787378;MGA2020 zone 55;3806;61.6;10036;12021;3.1;10.62;192
-38.0266810025, 145.2700510343;"{""coordinates"": [145.2700510343, -38.0266810025], ""type"": ""Point""}";-38.02668100252204;145.27005103433277;Justin Circuit;2022;Between 40km/h and 50km/h;W;2022-02-22;348165;5789813;MGA2020 zone 55;3976;43.0;185;250;2.53;10.08;265
-38.0554190031, 145.298881012;"{""coordinates"": [145.298881012, -38.0554190031], ""type"": ""Point""}";-38.05541900309518;145.29888101198148;Oakgrove Drive;2022;Between 50km/h and 60km/h;W;2022-02-22;350753;5786671;MGA2020 zone 55;3805;56.1;1536;1928;2.67;17.8;305
-38.0301910041, 145.3508850297;"{""coordinates"": [145.3508850297, -38.0301910041], ""type"": ""Point""}";-38.030191004060335;145.3508850297026;Rutland Road;2022;Between 40km/h and 50km/h;W;2022-02-22;355267;5789553;MGA2020 zone 55;3806;49.9;753;854;2.3;15.5;327
-38.1228480012, 145.3512030375;"{""coordinates"": [145.3512030375, -38.1228480012], ""type"": ""Point""}";-38.12284800122667;145.3512030375136;Merribrook Boulevard;2022;Between 50km/h and 60km/h;W;2022-02-22;355477;5779272;MGA2020 zone 55;3978;51.7;1658;2258;7.9;8.22;338
-38.1271370019, 145.3162700127;"{""coordinates"": [145.3162700127, -38.1271370019], ""type"": ""Point""}";-38.12713700191469;145.3162700126802;Morison Road;2022;Between 40km/h and 50km/h;W;2022-02-22;352423;5778741;MGA2020 zone 55;3978;49.6;1945;2534;5.88;8.71;341
-38.0965830037, 145.2716670201;"{""coordinates"": [145.2716670201, -38.0965830037], ""type"": ""Point""}";-38.09658300374978;145.27166702011553;Camms Road;2022;Between 50km/h and 60km/h;W;2022-02-22;348451;5782059;MGA2020 zone 55;3977;57.4;3539;4465;5.38;9.07;370
-38.0856500043, 145.2934630094;"{""coordinates"": [145.2934630094, -38.0856500043], ""type"": ""Point""}";-38.085650004293996;145.29346300937897;Aleppo Place;2022;Between 30km/h and 40km/h;W;2022-02-22;350340;5783308;MGA2020 zone 55;3977;38.3;66;97;5.14;8.91;376
-38.1097860025, 145.3088440207;"{""coordinates"": [145.3088440207, -38.1097860025], ""type"": ""Point""}";-38.109786002516294;145.30884402065533;Bradford Drive;2022;Between 50km/h and 60km/h;W;2022-02-22;351737;5780654;MGA2020 zone 55;3977;51.9;2667;3164;3.34;21.55;382
-38.0812570041, 145.3229250323;"{""coordinates"": [145.3229250323, -38.0812570041], ""type"": ""Point""}";-38.08125700412341;145.32292503227566;Mountainview Boulevard;2022;Between 50km/h and 60km/h;W;2022-02-22;352915;5783842;MGA2020 zone 55;3977;53.1;2024;2698;3.97;9.62;387
-38.0988480013, 145.2494100268;"{""coordinates"": [145.2494100268, -38.0988480013], ""type"": ""Point""}";-38.09884800125617;145.24941002680686;Morningside Boulevard;2022;Between 50km/h and 60km/h;W;2022-02-22;346504;5781771;MGA2020 zone 55;3977;57.7;2023;2516;6.15;10.68;413
-38.0679140003, 145.3095040095;"{""coordinates"": [145.3095040095, -38.0679140003], ""type"": ""Point""}";-38.067914000295126;145.30950400945517;The Promenade;2022;Between 50km/h and 60km/h;W;2022-05-20;351711;5785302;MGA2020 zone 55;3805;54.4;6834;8365;31.06;10.21;457
-38.0840040027, 145.3172450325;"{""coordinates"": [145.3172450325, -38.0840040027], ""type"": ""Point""}";-38.08400400265544;145.31724503249288;Bibury Street;2022;Between 40km/h and 50km/h;W;2022-05-20;352422;5783529;MGA2020 zone 55;3977;44.4;1448;1770;9.69;12.19;475
-38.060533428, 145.2450380827;"{""coordinates"": [145.2450380827, -38.060533428], ""type"": ""Point""}";-38.06053342799226;145.24503808270887;Carbine Way;2019;Between 40km/h and 50km/h;W;2019-03-14;346040;5786016;MGA2020 zone 55;3975;48.6;493;637;3.52;17.9;921
-38.1160355015, 145.2442984557;"{""coordinates"": [145.2442984557, -38.1160355015], ""type"": ""Point""}";-38.11603550154921;145.24429845571643;Everlasting Boulevard;2019;Between 50km/h and 60km/h;W;2019-09-02;346091;5779856;MGA2020 zone 55;3977;58.4;2230;2736;3.5;11.34;934
-38.0476226253, 145.2761774827;"{""coordinates"": [145.2761774827, -38.0476226253], ""type"": ""Point""}";-38.04762262527749;145.27617748267775;Highmount Drive Hpk;2019;Between 40km/h and 50km/h;W;2019-02-26;348745;5787500;MGA2020 zone 55;3976;48.1;257;365;4.57;9.31;79
-38.0368954953, 145.3440299933;"{""coordinates"": [145.3440299933, -38.0368954953], ""type"": ""Point""}";-38.03689549528679;145.3440299932515;Reserve Street;2019;Between 50km/h and 60km/h;W;2019-05-30;354678;5788798;MGA2020 zone 55;3806;52.6;3233;4047;4.6;14.11;114
-38.0636890232, 145.3088284886;"{""coordinates"": [145.3088284886, -38.0636890232], ""type"": ""Point""}";-38.06368902317234;145.30882848858087;The Promenade;2019;Between 50km/h and 60km/h;W;2019-02-21;351643;5785769;MGA2020 zone 55;3805;50.0;2439;3028;6.8;1.16;118
-38.0724059759, 145.2461673276;"{""coordinates"": [145.2461673276, -38.0724059759], ""type"": ""Point""}";-38.072405975892686;145.24616732759853;Lyndhurst Bvd;2018;Between 50km/h and 60km/h;W;2018-05-08;346164;5784700;MGA2020 zone 55;3975;54.3;3510;4665;3.5;15.7;148
-38.1680370919, 145.3629857361;"{""coordinates"": [145.3629857361, -38.1680370919], ""type"": ""Point""}";-38.1680370919436;145.36298573612788;Manks Road;2018;More than 60km/h;W;2018-08-16;356598;5774275;MGA2020 zone 55;3978;101.0;1997;2456;10.8;12.34;151
-37.954520365, 145.2533316152;"{""coordinates"": [145.2533316152, -37.954520365], ""type"": ""Point""}";-37.954520365044;145.25333161521726;Churchill Park Drive;2020;More than 60km/h;W;2020-07-14;346547;5797793;MGA2020 zone 55;3802;79.7;2633;3046;9.49;12.86;166
-38.0121040019, 145.2908900111;"{""coordinates"": [145.2908900111, -38.0121040019], ""type"": ""Point""}";-38.012104001921955;145.29089001110472;Tinks Road;2022;Between 50km/h and 60km/h;W;2022-02-22;349964;5791465;MGA2020 zone 55;3805;58.2;6617;8687;4.71;9.34;292
-38.0642520028, 145.2847060381;"{""coordinates"": [145.2847060381, -38.0642520028], ""type"": ""Point""}";-38.064252002765734;145.28470603812593;Sherwood Road;2022;Between 40km/h and 50km/h;W;2022-02-22;349528;5785668;MGA2020 zone 55;3805;47.3;1683;2293;2.86;9.96;300
-38.0498980018, 145.3329960356;"{""coordinates"": [145.3329960356, -38.0498980018], ""type"": ""Point""}";-38.04989800179891;145.33299603562065;Centre Road;2022;Between 50km/h and 60km/h;W;2022-02-22;353736;5787338;MGA2020 zone 55;3806;54.9;5570;7101;4.24;9.84;310
-38.0416610035, 145.3311120423;"{""coordinates"": [145.3311120423, -38.0416610035], ""type"": ""Point""}";-38.04166100353319;145.33111204232085;Melzak Way;2022;Between 40km/h and 50km/h;W;2022-02-22;353554;5788249;MGA2020 zone 55;3806;48.5;578;744;2.84;10.06;320
-38.0839200021, 145.3624739972;"{""coordinates"": [145.3624739972, -38.0839200021], ""type"": ""Point""}";-38.083920002107384;145.36247399720378;Soldiers Road;2022;More than 60km/h;W;2022-02-22;356389;5783609;MGA2020 zone 55;3978;70.0;4615;5418;12.48;13.87;324
-38.1455310041, 145.2910820395;"{""coordinates"": [145.2910820395, -38.1455310041], ""type"": ""Point""}";-38.14553100407392;145.2910820394658;Riverrun Drive;2022;Between 40km/h and 50km/h;W;2022-02-22;350253;5776659;MGA2020 zone 55;3977;43.9;400;521;3.36;9.74;334
-38.0452740035, 145.3064150249;"{""coordinates"": [145.3064150249, -38.0452740035], ""type"": ""Point""}";-38.04527400351392;145.30641502489613;Centre Road;2022;More than 60km/h;W;2022-05-19;351394;5787809;MGA2020 zone 55;3805;75.0;6222;7746;10.25;10.23;440
-38.0979420014, 145.2509850272;"{""coordinates"": [145.2509850272, -38.0979420014], ""type"": ""Point""}";-38.097942001409734;145.2509850272387;Quarters Boulevard;2022;Between 50km/h and 60km/h;W;2022-05-19;346640;5781874;MGA2020 zone 55;3977;56.7;835;1094;10.14;10.45;443
-38.0459620028, 145.3259320423;"{""coordinates"": [145.3259320423, -38.0459620028], ""type"": ""Point""}";-38.04596200275383;145.32593204234058;Grand Arch Way;2022;Between 40km/h and 50km/h;W;2022-05-20;353108;5787764;MGA2020 zone 55;3806;49.8;337;412;2.46;11.85;455
-38.0910970029, 145.2570780276;"{""coordinates"": [145.2570780276, -38.0910970029], ""type"": ""Point""}";-38.091097002870384;145.25707802764452;Genoa Way;2022;Between 40km/h and 50km/h;W;2022-05-20;347160;5782644;MGA2020 zone 55;3977;43.5;98;129;9.07;13.91;461
-38.0725180017, 145.3432000149;"{""coordinates"": [145.3432000149, -38.0725180017], ""type"": ""Point""}";-38.072518001719374;145.3432000148655;Bernadette Drive;2022;Between 50km/h and 60km/h;W;2022-05-20;354676;5784844;MGA2020 zone 55;3806;51.0;63;72;2.78;31.0;481
-38.0806310029, 145.3728440118;"{""coordinates"": [145.3728440118, -38.0806310029], ""type"": ""Point""}";-38.08063100286939;145.37284401182882;Ferdinand Drive;2022;More than 60km/h;W;2022-05-20;357292;5783990;MGA2020 zone 55;3978;60.0;1001;1187;11.48;15.88;485
-37.9748000045, 145.2722920164;"{""coordinates"": [145.2722920164, -37.9748000045], ""type"": ""Point""}";-37.974800004451055;145.27229201636507;Hanna Drive;2022;Between 50km/h and 60km/h;W;2022-08-24;348254;5795574;MGA2020 zone 55;3802;54.2;3661;4293;6.0;21.7;520
-38.1117990027, 145.2837870184;"{""coordinates"": [145.2837870184, -38.1117990027], ""type"": ""Point""}";-38.11179900274891;145.28378701840006;Childers Street;2021;Between 50km/h and 60km/h;W;2021-11-15;349545;5780391;MGA2020 zone 55;3977;54.9;1525;1799;8.36;10.66;551
-38.1250330022, 145.3154440135;"{""coordinates"": [145.3154440135, -38.1250330022], ""type"": ""Point""}";-38.12503300223943;145.31544401349726;Casey Fields Internal Road, West Of Morison Road;2021;Between 40km/h and 50km/h;W;2021-11-16;352347;5778973;MGA2020 zone 55;3977;49.4;1363;1583;11.7;11.05;567
-38.0289800018, 145.3362550295;"{""coordinates"": [145.3362550295, -38.0289800018], ""type"": ""Point""}";-38.02898000176572;145.33625502950156;Wilson Botanic Park;2021;Between 30km/h and 40km/h;W;2021-11-16;353980;5789664;MGA2020 zone 55;3806;32.6;1166;1342;5.8;11.19;568
-38.0532368982, 145.2987093372;"{""coordinates"": [145.2987093372, -38.0532368982], ""type"": ""Point""}";-38.053236898248656;145.29870933718388;Oakgrove Drive;2019;Between 50km/h and 60km/h;W;2019-05-30;350734;5786913;MGA2020 zone 55;3805;54.6;1455;1786;3.7;16.91;570
-38.0732905386, 145.3558507184;"{""coordinates"": [145.3558507184, -38.0732905386], ""type"": ""Point""}";-38.07329053861777;145.35585071836516;Wurundjeri Boulevard;2019;Between 50km/h and 60km/h;W;2019-04-01;355787;5784778;MGA2020 zone 55;3806;51.0;733;925;4.0;11.78;597
-38.0726781323, 145.3437578186;"{""coordinates"": [145.3437578186, -38.0726781323], ""type"": ""Point""}";-38.072678132284445;145.343757818635;Viewgrand Drive;2018;Between 50km/h and 60km/h;W;2018-06-23;354725;5784827;MGA2020 zone 55;3806;57.8;2257;2654;2.91;17.78;600
-38.0907359201, 145.283999178;"{""coordinates"": [145.283999178, -38.0907359201], ""type"": ""Point""}";-38.09073592012164;145.28399917799175;Kingdom Drive;2020;Between 50km/h and 60km/h;W;2020-02-13;349520;5782728;MGA2020 zone 55;3977;52.4;351;488;3.9;9.84;604
-38.1268417707, 145.3025180263;"{""coordinates"": [145.3025180263, -38.1268417707], ""type"": ""Point""}";-38.12684177074111;145.30251802628854;Nelson Street;2019;Between 50km/h and 60km/h;W;2019-02-14;351217;5778751;MGA2020 zone 55;3977;53.0;214;268;12.6;11.94;611
-38.1443361372, 145.2904436567;"{""coordinates"": [145.2904436567, -38.1443361372], ""type"": ""Point""}";-38.14433613723301;145.29044365666402;Homevale Drive;2018;Between 30km/h and 40km/h;W;2018-05-10;350195;5776791;MGA2020 zone 55;3977;36.1;875;1007;12.55;11.12;613
-38.1168482502, 145.3327260205;"{""coordinates"": [145.3327260205, -38.1168482502], ""type"": ""Point""}";-38.116848250231506;145.33272602051716;Everard Avenue;2020;Between 30km/h and 40km/h;W;2020-02-13;353845;5779908;MGA2020 zone 55;3978;30.7;42;55;0.0;9.09;614
-38.0210387287, 145.3388190388;"{""coordinates"": [145.3388190388, -38.0210387287], ""type"": ""Point""}";-38.02103872866198;145.33881903880342;Avebury Drive;2018;Between 50km/h and 60km/h;W;2018-06-23;354189;5790549;MGA2020 zone 55;3806;52.0;1213;1479;6.93;10.68;648
-37.9878363942, 145.2602386623;"{""coordinates"": [145.2602386623, -37.9878363942], ""type"": ""Point""}";-37.987836394245335;145.2602386623222;James Cook Drive;2019;Between 50km/h and 60km/h;W;2019-05-17;347223;5794108;MGA2020 zone 55;3802;59.0;4136;5203;3.8;11.63;655
-38.0995816623, 145.2965317722;"{""coordinates"": [145.2965317722, -38.0995816623], ""type"": ""Point""}";-38.099581662339624;145.2965317721547;Rochester Parade;2018;Between 40km/h and 50km/h;W;2018-07-10;350637;5781767;MGA2020 zone 55;3977;42.0;1577;1963;5.3;10.64;716
-38.0760192802, 145.2868684734;"{""coordinates"": [145.2868684734, -38.0760192802], ""type"": ""Point""}";-38.07601928017529;145.2868684733823;Rosebank Drive;2019;Between 50km/h and 60km/h;W;2019-02-26;349742;5784366;MGA2020 zone 55;3977;54.8;3628;4509;2.55;12.51;719
-38.1358337325, 145.2945816453;"{""coordinates"": [145.2945816453, -38.1358337325], ""type"": ""Point""}";-38.13583373249281;145.29458164528583;Craig Road Junction Village;2019;More than 60km/h;W;2019-05-16;350540;5777741;MGA2020 zone 55;3977;68.0;6345;7816;11.3;9.69;722
-38.1324403323, 145.252623096;"{""coordinates"": [145.252623096, -38.1324403323], ""type"": ""Point""}";-38.132440332282584;145.252623095965;Settlers Run;2019;Between 40km/h and 50km/h;W;2019-11-12;346856;5778049;MGA2020 zone 55;3977;40.3;2118;2761;6.61;9.15;775
-38.0626218197, 145.3227385962;"{""coordinates"": [145.3227385962, -38.0626218197], ""type"": ""Point""}";-38.06262181966209;145.322738596157;The Esplanade;2018;Between 50km/h and 60km/h;W;2018-05-09;352861;5785910;MGA2020 zone 55;3805;51.0;2365;3094;4.2;9.21;780
-38.0435412992, 145.3208865874;"{""coordinates"": [145.3208865874, -38.0435412992], ""type"": ""Point""}";-38.04354129923635;145.32088658735842;Golf Links Road;2019;Between 50km/h and 60km/h;W;2019-05-30;352660;5788024;MGA2020 zone 55;3805;59.0;3995;5115;1.3;10.38;784
-38.0324604656, 145.3655609109;"{""coordinates"": [145.3655609109, -38.0324604656], ""type"": ""Point""}";-38.03246046560657;145.36556091094323;Manuka Road;2018;More than 60km/h;W;2018-08-15;356559;5789324;MGA2020 zone 55;3806;61.0;3020;3416;6.6;22.16;795
-38.0371540929, 145.3627742597;"{""coordinates"": [145.3627742597, -38.0371540929], ""type"": ""Point""}";-38.03715409290241;145.3627742597194;Manuka Road;2018;More than 60km/h;W;2018-08-25;356324;5788799;MGA2020 zone 55;3806;62.0;4812;5469;5.5;17.59;796
-38.1828522239, 145.3358979857;"{""coordinates"": [145.3358979857, -38.1828522239], ""type"": ""Point""}";-38.18285222386449;145.33589798568673;North Road;2018;More than 60km/h;W;2018-05-10;354255;5772589;MGA2020 zone 55;3977;88.3;1338;1636;8.85;12.47;803
-37.9672120963, 145.2819094666;"{""coordinates"": [145.2819094666, -37.9672120963], ""type"": ""Point""}";-37.96721209634764;145.28190946655488;Hallam North Road;2021;Between 50km/h and 60km/h;W;2021-03-17;349084;5796432;MGA2020 zone 55;3804;58.8;3296;4149;5.8;10.2;825
-37.9979163789, 145.2647876527;"{""coordinates"": [145.2647876527, -37.9979163789], ""type"": ""Point""}";-37.9979163788934;145.26478765272805;Gunns Road;2021;Between 50km/h and 60km/h;W;2021-03-17;347643;5792997;MGA2020 zone 55;3803;55.3;257;331;7.2;10.5;826
-38.0555624544, 145.3201854206;"{""coordinates"": [145.3201854206, -38.0555624544], ""type"": ""Point""}";-38.05556245440067;145.320185420575;Montebello Blvd;2021;More than 60km/h;W;2021-03-24;352623;5786689;MGA2020 zone 55;3805;60.7;429;559;3.3;12.0;858
-38.1140307754, 145.2477107468;"{""coordinates"": [145.2477107468, -38.1140307754], ""type"": ""Point""}";-38.114030775365684;145.24771074681772;Hayton Park Boulevard;2021;Between 50km/h and 60km/h;W;2021-03-26;346386;5780084;MGA2020 zone 55;3977;55.4;1010;1267;4.2;11.18;869
-38.1109919348, 145.2421699678;"{""coordinates"": [145.2421699678, -38.1109919348], ""type"": ""Point""}";-38.110991934821094;145.24216996779123;Bradman Drive;2021;Between 50km/h and 60km/h;W;2021-03-26;345894;5780412;MGA2020 zone 55;3977;57.5;2645;3387;5.0;13.25;884
-37.9812578034, 145.2577361076;"{""coordinates"": [145.2577361076, -37.9812578034], ""type"": ""Point""}";-37.981257803388;145.25773610755746;William Hovell Drive;2018;Between 50km/h and 60km/h;W;2018-06-23;346989;5794834;MGA2020 zone 55;3802;50.9;1203;1457;3.47;14.0;43
-38.2195260714, 145.3203738779;"{""coordinates"": [145.3203738779, -38.2195260714], ""type"": ""Point""}";-38.21952607144823;145.3203738779126;Warneet Road;2019;More than 60km/h;W;2019-11-12;352969;5768495;MGA2020 zone 55;3980;82.0;1008;1267;7.86;9.46;56
-38.0408842972, 145.2608963299;"{""coordinates"": [145.2608963299, -38.0408842972], ""type"": ""Point""}";-38.0408842972109;145.2608963298542;Strabane Way Hampton Park;2019;Between 40km/h and 50km/h;W;2019-03-20;347390;5788222;MGA2020 zone 55;3976;45.0;184;287;3.1;11.15;87
-38.0954451604, 145.2807803758;"{""coordinates"": [145.2807803758, -38.0954451604], ""type"": ""Point""}";-38.09544516041798;145.28078037580528;Circle Drive North;2019;Between 50km/h and 60km/h;W;2019-05-17;349247;5782200;MGA2020 zone 55;3977;57.0;642;784;4.4;12.5;92
-38.09561308, 145.2769942163;"{""coordinates"": [145.2769942163, -38.09561308], ""type"": ""Point""}";-38.09561307998261;145.27699421626332;Circle Drive South;2018;Between 50km/h and 60km/h;W;2018-08-16;348916;5782176;MGA2020 zone 55;3977;55.0;575;723;2.8;11.2;93
-37.9863004159, 145.2509436171;"{""coordinates"": [145.2509436171, -37.9863004159], ""type"": ""Point""}";-37.98630041593025;145.25094361706502;James Cook Drive;2019;Between 50km/h and 60km/h;W;2019-05-17;346403;5794263;MGA2020 zone 55;3802;52.0;3802;5009;2.7;12.18;104
-38.0024201923, 145.3231374778;"{""coordinates"": [145.3231374778, -38.0024201923], ""type"": ""Point""}";-38.002420192282834;145.32313747776976;Montbrae Circuit;2020;Between 40km/h and 50km/h;W;2020-02-13;352776;5792591;MGA2020 zone 55;3804;49.1;365;476;3.8;8.82;111
-38.0818972278, 145.2947646414;"{""coordinates"": [145.2947646414, -38.0818972278], ""type"": ""Point""}";-38.081897227767286;145.29476464141482;Portofino Drive;2019;Between 40km/h and 50km/h;W;2019-09-02;350446;5783726;MGA2020 zone 55;3977;47.1;476;578;2.1;18.12;120
-38.0673030392, 145.3073740262;"{""coordinates"": [145.3073740262, -38.0673030392], ""type"": ""Point""}";-38.06730303923039;145.30737402618877;Eastbourne Way;2019;Between 50km/h and 60km/h;W;2019-05-21;351523;5785366;MGA2020 zone 55;3805;53.0;949;1263;2.1;10.93;126
-38.1329514828, 145.2357897719;"{""coordinates"": [145.2357897719, -38.1329514828], ""type"": ""Point""}";-38.132951482847595;145.23578977189663;Woodlands Road Cranbourne South;2018;Between 40km/h and 50km/h;W;2018-03-14;345381;5777964;MGA2020 zone 55;3977;49.0;184;226;9.54;12.83;140
-38.0929376808, 145.2706109983;"{""coordinates"": [145.2706109983, -38.0929376808], ""type"": ""Point""}";-38.09293768079601;145.27061099834546;Sidney Street Cranbourne;2019;Between 40km/h and 50km/h;W;2019-03-14;348351;5782462;MGA2020 zone 55;3977;40.2;59;85;4.6;15.29;141
-38.0823103927, 145.2915055118;"{""coordinates"": [145.2915055118, -38.0823103927], ""type"": ""Point""}";-38.08231039270119;145.29150551176798;Carey Street Cranbourne Nth;2019;Between 50km/h and 60km/h;W;2019-09-02;350161;5783675;MGA2020 zone 55;3977;50.4;607;735;1.2;13.95;143
-38.023199878, 145.3002814795;"{""coordinates"": [145.3002814795, -38.023199878], ""type"": ""Point""}";-38.02319987804145;145.30028147954215;Meadow Wood Walk;2018;Between 40km/h and 50km/h;W;2018-09-12;350811;5790249;MGA2020 zone 55;3805;45.6;367;466;3.69;12.02;153
-38.0467684664, 145.2561152598;"{""coordinates"": [145.2561152598, -38.0467684664], ""type"": ""Point""}";-38.04676846641202;145.25611525983558;Olive Road Hampton Park;2019;Between 50km/h and 60km/h;W;2019-03-20;346983;5787561;MGA2020 zone 55;3975;51.0;1674;2423;3.6;7.51;159
-38.0271570034, 145.2487209994;"{""coordinates"": [145.2487209994, -38.0271570034], ""type"": ""Point""}";-38.02715700343094;145.24872099936948;Mary Street;2022;Between 50km/h and 60km/h;W;2022-02-22;346293;5789725;MGA2020 zone 55;3976;50.5;459;649;2.68;8.62;267
-38.1464550031, 145.2499640343;"{""coordinates"": [145.2499640343, -38.1464550031], ""type"": ""Point""}";-38.14645500312567;145.2499640343245;Station Creek Way;2022;Between 50km/h and 60km/h;W;2022-02-22;346652;5776489;MGA2020 zone 55;3977;52.3;1284;1584;6.59;11.45;335
-38.1339640037, 145.2920680187;"{""coordinates"": [145.2920680187, -38.1339640037], ""type"": ""Point""}";-38.13396400368784;145.29206801870393;Glendoon Road;2022;Between 40km/h and 50km/h;W;2022-03-07;350316;5777944;MGA2020 zone 55;3977;44.0;242;297;3.6;10.9;419
-38.0741620033, 145.2485810275;"{""coordinates"": [145.2485810275, -38.0741620033], ""type"": ""Point""}";-38.07416200333503;145.24858102750866;Marriott Boulevard;2022;Between 50km/h and 60km/h;W;2022-05-19;346379;5784509;MGA2020 zone 55;3975;59.1;1447;1747;9.24;14.46;451
-38.1620570052, 145.3032490248;"{""coordinates"": [145.3032490248, -38.1620570052], ""type"": ""Point""}";-38.16205700521194;145.30324902476832;Worthing Road;2022;Between 50km/h and 60km/h;W;2022-08-24;351353;5774845;MGA2020 zone 55;3977;52.9;161;189;27.37;13.3;518
-38.0436550036, 145.313155034;"{""coordinates"": [145.313155034, -38.0436550036], ""type"": ""Point""}";-38.04365500358938;145.31315503399196;Golf Links Road;2022;More than 60km/h;W;2022-09-08;351982;5787999;MGA2020 zone 55;3805;68.6;3203;4248;2.75;9.0;532
-37.9802450052, 145.3171400327;"{""coordinates"": [145.3171400327, -37.9802450052], ""type"": ""Point""}";-37.98024500516878;145.31714003269101;Oakview Boulevard;2022;Between 30km/h and 40km/h;W;2022-09-08;352205;5795042;MGA2020 zone 55;3804;33.2;2383;2578;3.55;11.84;547
-38.106411005, 145.2892610385;"{""coordinates"": [145.2892610385, -38.106411005], ""type"": ""Point""}";-38.10641100495014;145.28926103847468;Clarendon Street;2021;More than 60km/h;W;2021-11-15;350014;5780997;MGA2020 zone 55;3977;66.5;1495;1820;9.51;9.91;554
-37.954520365, 145.2533316152;"{""coordinates"": [145.2533316152, -37.954520365], ""type"": ""Point""}";-37.954520365044;145.25333161521726;Churchill Park Drive;2019;More than 60km/h;W;2019-08-26;346547;5797793;MGA2020 zone 55;3802;71.9;2929;3559;2.1;14.26;163
-38.0275823564, 145.2980213603;"{""coordinates"": [145.2980213603, -38.0275823564], ""type"": ""Point""}";-38.0275823563833;145.29802136034013;Centre Road - Narre Warren;2019;Between 50km/h and 60km/h;W;2019-05-21;350621;5789759;MGA2020 zone 55;3805;57.0;9408;12268;6.1;9.4;175
-38.1040016217, 145.3237752236;"{""coordinates"": [145.3237752236, -38.1040016217], ""type"": ""Point""}";-38.10400162167085;145.32377522359408;Vantage Avenue;2021;Between 40km/h and 50km/h;W;2021-03-23;353035;5781320;MGA2020 zone 55;3978;49.8;1803;2190;2.0;13.1;180
-38.0539467896, 145.3570889414;"{""coordinates"": [145.3570889414, -38.0539467896], ""type"": ""Point""}";-38.053946789609356;145.35708894139358;Soldiers Road;2021;More than 60km/h;W;2021-03-26;355858;5786926;MGA2020 zone 55;3806;62.4;14938;18183;4.5;9.98;181
-38.1292385812, 145.323937636;"{""coordinates"": [145.323937636, -38.1292385812], ""type"": ""Point""}";-38.12923858120039;145.32393763601442;Capstone  Street;2021;Between 40km/h and 50km/h;W;2021-04-20;353100;5778520;MGA2020 zone 55;3978;48.8;413;546;3.6;9.92;188
-38.1011553096, 145.3278297656;"{""coordinates"": [145.3278297656, -38.1011553096], ""type"": ""Point""}";-38.1011553095799;145.3278297656488;Bunyip Lane;2021;Less than 30km/h;W;2021-03-23;353385;5781642;MGA2020 zone 55;3978;25.5;20;37;6.3;16.67;190
-38.1459859484, 145.2303664149;"{""coordinates"": [145.2303664149, -38.1459859484], ""type"": ""Point""}";-38.145985948363844;145.2303664148707;Browns Road Cranbourne South;2021;More than 60km/h;W;2021-03-26;344933;5776509;MGA2020 zone 55;3977;66.4;4940;6205;12.9;10.14;194
-38.1180833415, 145.3335038741;"{""coordinates"": [145.3335038741, -38.1180833415], ""type"": ""Point""}";-38.1180833415174;145.3335038741337;Westbourne Street;2021;Between 40km/h and 50km/h;W;2021-04-20;353916;5779773;MGA2020 zone 55;3978;47.1;417;540;4.6;9.31;202
-38.0532314851, 145.283214576;"{""coordinates"": [145.283214576, -38.0532314851], ""type"": ""Point""}";-38.05323148512082;145.2832145759529;Langbourne Drive;2021;Between 40km/h and 50km/h;W;2021-03-24;349374;5786889;MGA2020 zone 55;3805;49.6;1468;1961;3.9;13.7;225
-38.0136987432, 145.3132045514;"{""coordinates"": [145.3132045514, -38.0136987432], ""type"": ""Point""}";-38.013698743234805;145.31320455135648;Kurrajong Road;2021;Between 50km/h and 60km/h;W;2021-04-20;351926;5791323;MGA2020 zone 55;3805;59.0;3475;4200;7.3;13.48;226
-38.0278690025, 145.2719280317;"{""coordinates"": [145.2719280317, -38.0278690025], ""type"": ""Point""}";-38.02786900251875;145.27192803169632;Justin Circuit;2022;Between 40km/h and 50km/h;W;2022-02-22;348332;5789685;MGA2020 zone 55;3976;41.2;365;491;2.48;9.32;266
-38.0460330015, 145.2511350112;"{""coordinates"": [145.2511350112, -38.0460330015], ""type"": ""Point""}";-38.0460330015429;145.25113501122715;Northey Road;2022;More than 60km/h;W;2022-02-22;346545;5787635;MGA2020 zone 55;3975;60.6;1961;2661;8.33;8.18;276
-38.0055269995, 145.3129600178;"{""coordinates"": [145.3129600178, -38.0055269995], ""type"": ""Point""}";-38.00552699953343;145.31296001784582;Murdoch Avenue;2022;Between 40km/h and 50km/h;W;2022-02-22;351888;5792230;MGA2020 zone 55;3805;48.2;459;582;4.53;11.76;285
-38.0164180007, 145.2960550128;"{""coordinates"": [145.2960550128, -38.0164180007], ""type"": ""Point""}";-38.01641800069809;145.29605501277683;Raven Crescent;2022;Between 50km/h and 60km/h;W;2022-02-22;350426;5790994;MGA2020 zone 55;3805;53.7;2270;2946;7.36;10.81;286
-38.031509004, 145.349530029;"{""coordinates"": [145.349530029, -38.031509004], ""type"": ""Point""}";-38.031509003963706;145.34953002904652;Rutland Road;2022;Between 40km/h and 50km/h;W;2022-02-22;355150;5789404;MGA2020 zone 55;3806;46.6;1059;1221;2.91;12.45;326
-38.1459360041, 145.2910890392;"{""coordinates"": [145.2910890392, -38.1459360041], ""type"": ""Point""}";-38.14593600413156;145.29108903923427;Riverrun Drive;2022;Between 40km/h and 50km/h;W;2022-02-22;350255;5776614;MGA2020 zone 55;3977;43.5;261;333;3.59;11.54;333
-38.1271170007, 145.3493070319;"{""coordinates"": [145.3493070319, -38.1271170007], ""type"": ""Point""}";-38.12711700072366;145.34930703189852;Applejack Boulevard;2022;Between 50km/h and 60km/h;W;2022-03-07;355319;5778795;MGA2020 zone 55;3978;50.5;242;303;13.18;9.78;342
-38.1104610021, 145.2766830134;"{""coordinates"": [145.2766830134, -38.1104610021], ""type"": ""Point""}";-38.110461002113375;145.27668301343556;Campbell Parade;2022;Between 40km/h and 50km/h;W;2022-02-22;348919;5780527;MGA2020 zone 55;3977;45.3;328;382;4.93;26.06;373
-38.1200050051, 145.2956300254;"{""coordinates"": [145.2956300254, -38.1200050051], ""type"": ""Point""}";-38.12000500510657;145.29563002538652;Parkhurst Drive;2022;Between 40km/h and 50km/h;W;2022-02-22;350600;5779499;MGA2020 zone 55;3977;47.8;939;1158;3.51;13.79;383
-38.1313010029, 145.3068400218;"{""coordinates"": [145.3068400218, -38.1313010029], ""type"": ""Point""}";-38.131301002938805;145.30684002180826;Ballarto Road;2022;More than 60km/h;W;2022-02-22;351605;5778264;MGA2020 zone 55;3977;69.9;831;1005;11.61;12.57;385
-38.0831430039, 145.3225600327;"{""coordinates"": [145.3225600327, -38.0831430039], ""type"": ""Point""}";-38.083143003881524;145.3225600327385;Mountainview Boulevard;2022;Between 50km/h and 60km/h;W;2022-02-22;352887;5783632;MGA2020 zone 55;3977;53.8;1785;2408;7.76;9.46;388
-38.1044750011, 145.2496040262;"{""coordinates"": [145.2496040262, -38.1044750011], ""type"": ""Point""}";-38.104475001102166;145.24960402616207;Flicka Boulevard;2022;Between 50km/h and 60km/h;W;2022-02-22;346532;5781147;MGA2020 zone 55;3977;52.2;2436;3041;4.95;10.14;405
-38.1011000033, 145.3223809886;"{""coordinates"": [145.3223809886, -38.1011000033], ""type"": ""Point""}";-38.10110000327391;145.32238098862854;Goulburn Street;2022;Between 40km/h and 50km/h;W;2022-05-19;352907;5781640;MGA2020 zone 55;3977;43.9;2280;3010;14.35;9.08;426
-38.0598010009, 145.3514460214;"{""coordinates"": [145.3514460214, -38.0598010009], ""type"": ""Point""}";-38.05980100086715;145.35144602135233;Riviera Drive;2022;Between 40km/h and 50km/h;W;2022-08-24;355374;5786268;MGA2020 zone 55;3806;43.5;1324;1659;6.99;23.23;487
-38.1142300036, 145.3213240025;"{""coordinates"": [145.3213240025, -38.1142300036], ""type"": ""Point""}";-38.11423000361167;145.321324002529;Gelderland Drive;2022;Between 40km/h and 50km/h;W;2022-08-24;352841;5780181;MGA2020 zone 55;3978;40.9;314;395;2.25;15.64;500
-38.0140708128, 145.3238220319;"{""coordinates"": [145.3238220319, -38.0140708128], ""type"": ""Point""}";-38.01407081278595;145.32382203186853;Ernst Wanke Road;2020;Between 50km/h and 60km/h;W;2020-02-13;352859;5791299;MGA2020 zone 55;3806;57.5;3923;4771;7.13;16.05;691
-38.0728338016, 145.322310456;"{""coordinates"": [145.322310456, -38.0728338016], ""type"": ""Point""}";-38.07283380160356;145.32231045600733;Glasscocks Road;2019;More than 60km/h;W;2019-08-27;352844;5784776;MGA2020 zone 55;3805;70.3;7902;9999;2.6;10.13;697
-38.0002327253, 145.3410469445;"{""coordinates"": [145.3410469445, -38.0002327253], ""type"": ""Point""}";-38.00023272525977;145.34104694447336;King Road;2018;Between 50km/h and 60km/h;W;2018-08-15;354344;5792862;MGA2020 zone 55;3806;55.0;2511;3001;5.0;12.4;700
-38.039680811, 145.2802066674;"{""coordinates"": [145.2802066674, -38.039680811], ""type"": ""Point""}";-38.03968081095784;145.28020666736253;Ralph Crescent;2019;Between 40km/h and 50km/h;W;2019-11-12;349083;5788387;MGA2020 zone 55;3976;48.0;458;635;7.52;10.21;732
-38.0409119414, 145.2717747513;"{""coordinates"": [145.2717747513, -38.0409119414], ""type"": ""Point""}";-38.0409119413561;145.27177475134064;Springfield Crescent;2019;Between 40km/h and 50km/h;W;2019-11-20;348345;5788237;MGA2020 zone 55;3976;46.5;257;365;1.53;9.83;734
-38.1056646827, 145.2759625189;"{""coordinates"": [145.2759625189, -38.1056646827], ""type"": ""Point""}";-38.1056646827498;145.27596251893388;Dearing Avenue;2019;Between 40km/h and 50km/h;W;2019-11-12;348846;5781058;MGA2020 zone 55;3977;45.0;57;70;12.24;13.33;761
-38.0194862602, 145.2788913714;"{""coordinates"": [145.2788913714, -38.0194862602], ""type"": ""Point""}";-38.019486260208545;145.2788913714104;Rimfire Drive;2018;Between 30km/h and 40km/h;W;2018-08-15;348926;5790626;MGA2020 zone 55;3803;34.0;249;304;29.8;11.51;772
-38.1189218744, 145.3191444132;"{""coordinates"": [145.3191444132, -38.1189218744], ""type"": ""Point""}";-38.118921874442286;145.31914441321953;Morison Road;2018;Between 30km/h and 40km/h;W;2018-10-09;352659;5779657;MGA2020 zone 55;3978;34.8;2615;3367;2.78;9.03;800
-38.208964426, 145.3444216009;"{""coordinates"": [145.3444216009, -38.208964426], ""type"": ""Point""}";-38.208964426020444;145.34442160085857;Warneet Road;2019;More than 60km/h;W;2019-11-12;355053;5769705;MGA2020 zone 55;3980;74.0;2842;3622;7.82;9.5;812
-37.9508250841, 145.2483220716;"{""coordinates"": [145.2483220716, -37.9508250841], ""type"": ""Point""}";-37.9508250841467;145.2483220715919;Churchill Park Drive;2020;More than 60km/h;W;2020-02-13;346099;5798195;MGA2020 zone 55;3802;80.6;8354;10506;4.28;12.53;818
-38.0131399066, 145.3287339513;"{""coordinates"": [145.3287339513, -38.0131399066], ""type"": ""Point""}";-38.013139906614526;145.32873395133595;Hessell Road;2021;Between 50km/h and 60km/h;W;2021-03-26;353288;5791410;MGA2020 zone 55;3806;53.6;1064;1342;9.1;9.1;823
-38.1300693439, 145.3230193647;"{""coordinates"": [145.3230193647, -38.1300693439], ""type"": ""Point""}";-38.130069343878844;145.32301936472405;Grande Belmonde Avenue;2021;Between 50km/h and 60km/h;W;2021-04-20;353021;5778426;MGA2020 zone 55;3978;55.8;1870;2385;9.6;9.97;827
-38.0038293525, 145.3056228105;"{""coordinates"": [145.3056228105, -38.0038293525], ""type"": ""Point""}";-38.00382935247913;145.30562281049484;Tarcoola Drive;2021;Between 50km/h and 60km/h;W;2021-03-18;351241;5792407;MGA2020 zone 55;3805;50.0;428;554;5.5;9.7;843
-38.0889925977, 145.2633688137;"{""coordinates"": [145.2633688137, -38.0889925977], ""type"": ""Point""}";-38.08899259771858;145.26336881368886;Taplan Crescent;2021;Between 50km/h and 60km/h;W;2021-03-26;347707;5782888;MGA2020 zone 55;3977;50.0;187;259;3.9;10.62;845
-38.0031694869, 145.3382047835;"{""coordinates"": [145.3382047835, -38.0031694869], ""type"": ""Point""}";-38.003169486860514;145.3382047835093;Peak Drive Harkaway;2021;Between 40km/h and 50km/h;W;2021-03-26;354100;5792531;MGA2020 zone 55;3806;49.3;166;199;15.9;9.8;850
-38.2123593302, 145.3436538114;"{""coordinates"": [145.3436538114, -38.2123593302], ""type"": ""Point""}";-38.212359330230804;145.3436538114202;Blind Bight Road;2021;Between 50km/h and 60km/h;W;2021-03-23;354993;5769327;MGA2020 zone 55;3980;57.6;769;941;12.6;10.31;886
-37.9891440015, 145.2452340284;"{""coordinates"": [145.2452340284, -37.9891440015], ""type"": ""Point""}";-37.9891440015499;145.24523402835564;Ash Street;2022;Between 40km/h and 50km/h;W;2022-02-22;345908;5793938;MGA2020 zone 55;3177;46.5;574;726;3.06;13.79;895
-38.0842107782, 145.2894482534;"{""coordinates"": [145.2894482534, -38.0842107782], ""type"": ""Point""}";-38.08421077817299;145.28944825344064;Waterbury Street;2019;Between 50km/h and 60km/h;W;2019-05-30;349985;5783461;MGA2020 zone 55;3977;53.2;219;293;3.1;9.9;920
-38.0520393509, 145.297346988;"{""coordinates"": [145.297346988, -38.0520393509], ""type"": ""Point""}";-38.05203935089167;145.29734698799848;Oakgrove Drive;2019;Between 50km/h and 60km/h;W;2019-05-30;350612;5787044;MGA2020 zone 55;3805;50.0;1624;2010;1.3;15.87;944
-38.1264235197, 145.3234283591;"{""coordinates"": [145.3234283591, -38.1264235197], ""type"": ""Point""}";-38.126423519733706;145.32342835910737;Heybridge Street;2020;Between 40km/h and 50km/h;W;2020-02-13;353049;5778831;MGA2020 zone 55;3978;42.5;342;433;6.7;9.7;947
-38.009390291, 145.3054713155;"{""coordinates"": [145.3054713155, -38.009390291], ""type"": ""Point""}";-38.00939029102618;145.3054713155251;Columbia Road;2019;Between 50km/h and 60km/h;W;2019-03-30;351239;5791789;MGA2020 zone 55;3805;57.0;940;1239;3.4;9.2;963
-38.0387875354, 145.3105380315;"{""coordinates"": [145.3105380315, -38.0387875354], ""type"": ""Point""}";-38.03878753544934;145.31053803147404;Fleetwood Drive;2018;Between 50km/h and 60km/h;W;2018-06-23;351743;5788535;MGA2020 zone 55;3805;57.6;1219;1676;8.18;9.43;970
-37.9719701556, 145.2439894446;"{""coordinates"": [145.2439894446, -37.9719701556], ""type"": ""Point""}";-37.97197015564215;145.2439894446199;Chalcot Drive;2018;Between 50km/h and 60km/h;W;2018-11-13;345762;5795841;MGA2020 zone 55;3802;55.7;580;726;5.24;11.98;973
-38.2080480552, 145.2265986157;"{""coordinates"": [145.2265986157, -38.2080480552], ""type"": ""Point""}";-38.20804805518992;145.2265986157041;Queens Road;2019;More than 60km/h;W;2019-05-16;344735;5769616;MGA2020 zone 55;3912;81.0;2103;2476;7.9;10.3;992
-38.2153723771, 145.2461296177;"{""coordinates"": [145.2461296177, -38.2153723771], ""type"": ""Point""}";-38.215372377147006;145.24612961770455;Tyabb-Tooradin Rd;2019;More than 60km/h;W;2019-05-16;346461;5768835;MGA2020 zone 55;3912;97.0;5983;7354;11.9;11.21;993
-38.0282063708, 145.3154060463;"{""coordinates"": [145.3154060463, -38.0282063708], ""type"": ""Point""}";-38.02820637081606;145.31540604633054;Dunkinson Street;2018;Between 40km/h and 50km/h;W;2018-03-02;352149;5789717;MGA2020 zone 55;3805;43.8;158;200;3.86;14.0;998
-38.0740463889, 145.3160807564;"{""coordinates"": [145.3160807564, -38.0740463889], ""type"": ""Point""}";-38.07404638892534;145.31608075636848;William Thwaites Boulevard;2019;Between 50km/h and 60km/h;W;2019-03-19;352300;5784632;MGA2020 zone 55;3977;53.0;3432;4481;3.8;9.91;602
-38.0998633314, 145.2877269093;"{""coordinates"": [145.2877269093, -38.0998633314], ""type"": ""Point""}";-38.09986333136284;145.28772690930302;Barkly Street;2019;Between 40km/h and 50km/h;W;2019-11-12;349866;5781721;MGA2020 zone 55;3977;47.8;322;409;2.93;10.45;616
-38.1023484203, 145.2655356937;"{""coordinates"": [145.2655356937, -38.1023484203], ""type"": ""Point""}";-38.10234842028631;145.26553569370958;Duff Street;2019;Between 40km/h and 50km/h;W;2019-09-02;347925;5781409;MGA2020 zone 55;3977;47.6;6258;7785;2.9;9.87;618
-38.0237421831, 145.3478087842;"{""coordinates"": [145.3478087842, -38.0237421831], ""type"": ""Point""}";-38.023742183146446;145.34780878423754;Gardiner Street;2019;Between 50km/h and 60km/h;W;2019-03-13;354984;5790264;MGA2020 zone 55;3806;53.2;2517;2784;6.77;20.3;644
-38.0559627621, 145.2872485209;"{""coordinates"": [145.2872485209, -38.0559627621], ""type"": ""Point""}";-38.05596276212404;145.28724852092688;Kershaw Drive;2018;Between 30km/h and 40km/h;W;2018-05-10;349734;5786592;MGA2020 zone 55;3805;38.5;760;1027;7.33;10.91;658
-38.0544290802, 145.2881209407;"{""coordinates"": [145.2881209407, -38.0544290802], ""type"": ""Point""}";-38.05442908023781;145.28812094066157;Ormond Road Narre Warren South;2019;Between 50km/h and 60km/h;W;2019-11-12;349807;5786764;MGA2020 zone 55;3805;53.5;8771;11748;3.97;9.52;668
-38.0414056803, 145.3077979584;"{""coordinates"": [145.3077979584, -38.0414056803], ""type"": ""Point""}";-38.04140568025727;145.3077979583701;Player Drive;2019;Between 40km/h and 50km/h;W;2019-03-19;351507;5788240;MGA2020 zone 55;3805;49.0;836;1210;1.8;8.76;673
-38.0703916273, 145.3234467737;"{""coordinates"": [145.3234467737, -38.0703916273], ""type"": ""Point""}";-38.07039162733547;145.3234467736514;The Esplanade;2019;Between 50km/h and 60km/h;W;2019-02-26;352939;5785049;MGA2020 zone 55;3805;59.6;1587;2088;3.85;11.26;677
-38.0253092905, 145.3010121553;"{""coordinates"": [145.3010121553, -38.0253092905], ""type"": ""Point""}";-38.02530929045369;145.30101215530684;Valley Fair Dve;2020;Between 30km/h and 40km/h;W;2020-02-13;350879;5790016;MGA2020 zone 55;3805;39.8;805;978;3.8;13.39;681
-38.1347235334, 145.3337096655;"{""coordinates"": [145.3337096655, -38.1347235334], ""type"": ""Point""}";-38.134723533386826;145.33370966552903;Ballarto Road Bridge;2018;Less than 30km/h;W;2018-06-23;353967;5777926;MGA2020 zone 55;3978;28.1;1078;1311;9.74;10.83;683
-38.0602582102, 145.2431865873;"{""coordinates"": [145.2431865873, -38.0602582102], ""type"": ""Point""}";-38.06025821018766;145.2431865873444;Carbine Way;2019;Between 30km/h and 40km/h;W;2019-03-14;345877;5786043;MGA2020 zone 55;3975;37.2;987;1197;4.44;29.74;684
-37.9784641513, 145.2585639694;"{""coordinates"": [145.2585639694, -37.9784641513], ""type"": ""Point""}";-37.978464151341576;145.25856396942675;Raymond Mcmahon Blvd;2019;Between 40km/h and 50km/h;W;2019-12-06;347056;5795145;MGA2020 zone 55;3802;43.7;3345;4171;3.35;9.13;713
-38.0599213968, 145.2834067765;"{""coordinates"": [145.2834067765, -38.0599213968], ""type"": ""Point""}";-38.059921396808626;145.28340677652247;St Georges Road;2019;Between 50km/h and 60km/h;W;2019-05-17;349405;5786147;MGA2020 zone 55;3805;52.0;332;446;4.6;10.54;730
-38.100758901, 145.2568284237;"{""coordinates"": [145.2568284237, -38.100758901], ""type"": ""Point""}";-38.100758901000866;145.25682842371722;Jacinta Drive;2020;Between 40km/h and 50km/h;W;2020-02-13;347158;5781572;MGA2020 zone 55;3977;40.3;77;99;3.9;11.11;742
-38.1045597875, 145.2997570536;"{""coordinates"": [145.2997570536, -38.1045597875], ""type"": ""Point""}";-38.10455978751034;145.29975705361184;Stone Hill Circuit Cranbourne East;2019;Between 40km/h and 50km/h;W;2019-03-20;350930;5781220;MGA2020 zone 55;3977;40.0;167;214;3.7;9.35;748
-38.0412239568, 145.3539520597;"{""coordinates"": [145.3539520597, -38.0412239568], ""type"": ""Point""}";-38.04122395684135;145.35395205972398;Edrington Park Drive;2018;Between 50km/h and 60km/h;W;2018-06-23;355557;5788333;MGA2020 zone 55;3806;54.6;687;817;3.08;10.77;763
-38.1004090783, 145.2787677471;"{""coordinates"": [145.2787677471, -38.1004090783], ""type"": ""Point""}";-38.10040907828114;145.2787677470599;Fairfield Street;2019;Between 40km/h and 50km/h;W;2019-08-26;349081;5781646;MGA2020 zone 55;3977;48.5;1457;1856;3.5;12.13;767
-38.0998648595, 145.3255245195;"{""coordinates"": [145.3255245195, -38.0998648595], ""type"": ""Point""}";-38.09986485945647;145.32552451951503;Frankland Street;2021;Between 50km/h and 60km/h;W;2021-03-23;353180;5781782;MGA2020 zone 55;3978;53.5;1407;1940;5.3;8.35;876
-37.9894370033, 145.2696450186;"{""coordinates"": [145.2696450186, -37.9894370033], ""type"": ""Point""}";-37.9894370033305;145.26964501862489;George Bass Avenue;2022;Between 50km/h and 60km/h;W;2022-02-22;348052;5793945;MGA2020 zone 55;3802;55.2;302;377;3.46;9.41;904
-37.9835700018, 145.2496210319;"{""coordinates"": [145.2496210319, -37.9835700018], ""type"": ""Point""}";-37.983570001776165;145.24962103187437;Zachary Hicks Crescent;2022;Between 30km/h and 40km/h;W;2022-02-22;346281;5794564;MGA2020 zone 55;3802;35.9;79;106;7.56;8.74;905
-38.0892188341, 145.2736367052;"{""coordinates"": [145.2736367052, -38.0892188341], ""type"": ""Point""}";-38.089218834091504;145.27363670521993;Clairmont Avenue;2019;Between 50km/h and 60km/h;W;2019-02-26;348608;5782880;MGA2020 zone 55;3977;55.6;905;1163;2.97;12.73;924
-38.0698350648, 145.3452849216;"{""coordinates"": [145.3452849216, -38.0698350648], ""type"": ""Point""}";-38.06983506482103;145.34528492156346;Viewgrand Drive;2018;Between 50km/h and 60km/h;W;2018-06-23;354853;5785145;MGA2020 zone 55;3806;58.6;1897;2182;2.51;17.87;929
-38.0694918599, 145.2434180095;"{""coordinates"": [145.2434180095, -38.0694918599], ""type"": ""Point""}";-38.06949185993096;145.24341800953866;Melington Drive;2018;Between 50km/h and 60km/h;W;2018-06-23;345917;5785019;MGA2020 zone 55;3975;55.7;1802;2272;7.63;13.47;930
-38.033761, 145.359676;"{""coordinates"": [145.359676, -38.033761], ""type"": ""Point""}";-38.03376099999641;145.35967599999773;Scotsgate Way;2024;Less than 30km/h;W;2024-07-23;356045;5789170;MGA2020 zone 55;3806;21.2;38;44;12.9;15.9;1523
-38.100308, 145.280313;"{""coordinates"": [145.280313, -38.100308], ""type"": ""Point""}";-38.1003079999962;145.2803129999972;Station Street;2024;Between 40km/h and 50km/h;W;2024-10-22;349216;5781660;MGA2020 zone 55;3977;47.1;1283;1718;5.5;12.3;1528
-38.052754, 145.356833;"{""coordinates"": [145.356833, -38.052754], ""type"": ""Point""}";-38.05275399999637;145.35683299999772;Sugarloaf Ln;2024;Less than 30km/h;W;2024-07-23;355833;5787058;MGA2020 zone 55;3806;17.2;2;2;12.5;50.0;1529
-37.979799, 145.324633;"{""coordinates"": [145.324633, -37.979799], ""type"": ""Point""}";-37.979798999996355;145.3246329999975;Tacaberry Ave;2024;Less than 30km/h;W;2024-07-23;352862;5795103;MGA2020 zone 55;3804;26.9;55;56;8.6;14.3;1531
-37.974907, 145.378103;"{""coordinates"": [145.378103, -37.974907], ""type"": ""Point""}";-37.97490699999647;145.37810299999782;Tangara Ln;2024;Less than 30km/h;W;2024-07-23;357549;5795729;MGA2020 zone 55;3804;19.3;12;12;5.8;16.7;1532
-38.0929148474, 145.2760409332;"{""coordinates"": [145.2760409332, -38.0929148474], ""type"": ""Point""}";-38.09291484742088;145.27604093324442;Clairmont Avenue;2019;Between 50km/h and 60km/h;W;2019-02-26;348827;5782473;MGA2020 zone 55;3977;53.9;436;559;4.11;11.63;1002
-38.1010154958, 145.2757459223;"{""coordinates"": [145.2757459223, -38.1010154958], ""type"": ""Point""}";-38.10101549584917;145.27574592234154;Duff Street;2018;Between 50km/h and 60km/h;W;2018-05-10;348817;5781574;MGA2020 zone 55;3977;52.0;2853;3506;4.22;9.78;1007
-38.1089368023, 145.2718923493;"{""coordinates"": [145.2718923493, -38.1089368023], ""type"": ""Point""}";-38.1089368022953;145.2718923493063;Fairbairn Road;2018;Between 50km/h and 60km/h;W;2018-08-16;348496;5780689;MGA2020 zone 55;3977;53.0;2493;2953;3.7;10.23;1008
-38.1082417659, 145.2720321929;"{""coordinates"": [145.2720321929, -38.1082417659], ""type"": ""Point""}";-38.10824176589148;145.27203219294702;Fairbairn Road;2018;Between 40km/h and 50km/h;W;2018-08-16;348507;5780766;MGA2020 zone 55;3977;43.0;2708;3212;3.4;10.15;1009
-38.1525051365, 145.3106011614;"{""coordinates"": [145.3106011614, -38.1525051365], ""type"": ""Point""}";-38.1525051364913;145.3106011613503;Facey Road;2022;Between 50km/h and 60km/h;W;2022-10-21;351978;5775917;MGA2020 zone 55;3977;53.1;113;138;18.36;12.5;1013
-37.9926111408, 145.2636401353;"{""coordinates"": [145.2636401353, -37.9926111408], ""type"": ""Point""}";-37.99261114075056;145.2636401353009;Preston Avenue;2022;Between 40km/h and 50km/h;W;2022-10-21;347531;5793583;MGA2020 zone 55;3802;49.2;278;373;9.88;10.1;1020
-38.0275711373, 145.3102081473;"{""coordinates"": [145.3102081473, -38.0275711373], ""type"": ""Point""}";-38.02757113728952;145.31020814732364;Stewart Avenue;2022;Between 40km/h and 50km/h;W;2022-10-21;351691;5789779;MGA2020 zone 55;3805;42.2;1007;1275;7.95;11.95;1028
-38.0817401331, 145.365354163;"{""coordinates"": [145.365354163, -38.0817401331], ""type"": ""Point""}";-38.08174013310072;145.3653541630212;Belcam Circuit;2022;Between 40km/h and 50km/h;W;2022-11-01;356637;5783855;MGA2020 zone 55;3978;41.8;162;206;9.99;9.67;1035
-38.1262971344, 145.342332164;"{""coordinates"": [145.342332164, -38.1262971344], ""type"": ""Point""}";-38.12629713443642;145.34233216398144;Creekside Street;2022;Between 50km/h and 60km/h;W;2022-10-21;354706;5778875;MGA2020 zone 55;3978;56.4;664;808;13.96;14.69;1044
-38.0734751338, 145.3564271605;"{""coordinates"": [145.3564271605, -38.0734751338], ""type"": ""Point""}";-38.07347513377652;145.35642716053343;Wurundjeri Boulevard;2023;Less than 30km/h;W;2023-02-07;355838;5784758;MGA2020 zone 55;3806;27.0;3553;4452;6.54;9.82;1055
-37.9740311412, 145.2584591323;"{""coordinates"": [145.2584591323, -37.9740311412], ""type"": ""Point""}";-37.97403114122594;145.25845913233348;Mossgiel Park Drive;2023;Between 40km/h and 50km/h;W;2023-02-07;347038;5795637;MGA2020 zone 55;3802;47.4;7195;9424;7.73;9.02;1075
-38.0668111365, 145.317716153;"{""coordinates"": [145.317716153, -38.0668111365], ""type"": ""Point""}";-38.066811136523135;145.3177161530157;Berwick Springs Promenade;2023;Between 40km/h and 50km/h;W;2023-02-07;352429;5785437;MGA2020 zone 55;3805;45.9;2797;3631;5.17;12.2;1102
-38.0490371383, 145.2939031469;"{""coordinates"": [145.2939031469, -38.0490371383], ""type"": ""Point""}";-38.04903713829412;145.29390314686748;Sneddon Drive;2023;Between 40km/h and 50km/h;W;2023-02-07;350304;5787371;MGA2020 zone 55;3805;45.4;1143;1344;9.06;23.34;1103
-38.0220781348, 145.3456451529;"{""coordinates"": [145.3456451529, -38.0220781348], ""type"": ""Point""}";-38.0220781348482;145.34564515289992;Harkaway Road;2023;More than 60km/h;W;2023-07-26;354791;5790445;MGA2020 zone 55;3806;68.8;12643;15098;6.09;10.63;1164
-38.029046141, 145.2572541382;"{""coordinates"": [145.2572541382, -38.029046141], ""type"": ""Point""}";-38.02904614096967;145.25725413823525;Bride Avenue;2023;Between 40km/h and 50km/h;W;2023-07-26;347046;5789530;MGA2020 zone 55;3976;46.5;916;1157;5.26;10.79;1197
-38.0158881368, 145.3184461475;"{""coordinates"": [145.3184461475, -38.0158881368], ""type"": ""Point""}";-38.01588813678677;145.3184461474594;Ryelands Drive;2023;Between 50km/h and 60km/h;W;2023-07-26;352391;5791089;MGA2020 zone 55;3805;52.2;1105;1314;1.99;10.37;1203
-38.0669541394, 145.2765441458;"{""coordinates"": [145.2765441458, -38.0669541394], ""type"": ""Point""}";-38.06695413939299;145.27654414582796;Glasscocks Road;2023;More than 60km/h;W;2023-08-02;348817;5785355;MGA2020 zone 55;3976;75.3;6619;8636;4.47;10.21;1209
-38.074765, 145.35474;"{""coordinates"": [145.35474, -38.074765], ""type"": ""Point""}";-38.074764999996354;145.35473999999766;Leisurewood Drive;2023;Between 40km/h and 50km/h;W;2023-10-22;355693;5784613;MGA2020 zone 55;3806;46.4;3424;4233;3.46;603.0;1218
-38.068992, 145.301352;"{""coordinates"": [145.301352, -38.068992], ""type"": ""Point""}";-38.068991999996236;145.30135199999737;The Strand;2024;Between 30km/h and 40km/h;W;2024-02-07;350998;5785169;MGA2020 zone 55;3805;37.0;254;296;4.07;46.0;1313
-38.145886, 145.292723;"{""coordinates"": [145.292723, -38.145886], ""type"": ""Point""}";-38.14588599999619;145.2927229999973;Craig Road;2024;More than 60km/h;W;2024-05-10;350398;5776622;MGA2020 zone 55;3977;79.0;5989;7260;6.6;727.0;1333
-38.129887, 145.230746;"{""coordinates"": [145.230746, -38.129887], ""type"": ""Point""}";-38.12988699999602;145.23074599999686;Feldale Lane;2024;Less than 30km/h;W;2024-05-10;344933;5778296;MGA2020 zone 55;3977;25.0;90;107;1.91;12.0;1340
-37.996492, 145.253926;"{""coordinates"": [145.253926, -37.996492], ""type"": ""Point""}";-37.996491999996145;145.253925999997;Moore Road;2024;Between 30km/h and 40km/h;W;2024-05-17;346686;5793137;MGA2020 zone 55;3803;34.5;257;332;6.1;30.0;1356
-38.105624, 145.247838;"{""coordinates"": [145.247838, -38.105624], ""type"": ""Point""}";-38.105623999996084;145.24783799999693;Tony Way;2024;Between 40km/h and 50km/h;W;2024-05-10;346380;5781017;MGA2020 zone 55;3977;43.0;561;653;3.12;212.0;1380
-38.159491, 145.310333;"{""coordinates"": [145.310333, -38.159491], ""type"": ""Point""}";-38.15949099999624;145.3103329999974;Finsbury Road;2024;More than 60km/h;W;2024-08-22;351968;5775141;MGA2020 zone 55;3977;72.1;744;860;12.86;12.59;1417
-38.035119, 145.366453;"{""coordinates"": [145.366453, -38.035119], ""type"": ""Point""}";-38.035118999996406;145.36645299999776;Allan St;2024;Between 30km/h and 40km/h;W;2024-07-23;356643;5789030;MGA2020 zone 55;3806;30.7;66;74;14.4;10.8;1457
-38.0298310138, 145.2722303239;"{""coordinates"": [145.2722303239, -38.0298310138], ""type"": ""Point""}";-38.02983101379868;145.2722303238539;Tarella Street;2018;Between 50km/h and 60km/h;W;2018-11-01;348362;5789467;MGA2020 zone 55;3976;51.0;0;1152;2.9;12.4;736
-38.0037826505, 145.2625726341;"{""coordinates"": [145.2625726341, -38.0037826505], ""type"": ""Point""}";-38.00378265054407;145.26257263412538;Alexander St;2018;Between 50km/h and 60km/h;W;2018-08-15;347461;5792342;MGA2020 zone 55;3803;54.0;688;827;6.6;12.09;747
-37.976084981, 145.2790867643;"{""coordinates"": [145.2790867643, -37.976084981], ""type"": ""Point""}";-37.97608498102402;145.27908676430897;Hallam North Road;2021;More than 60km/h;W;2021-03-17;348854;5795442;MGA2020 zone 55;3802;69.4;5989;7606;6.8;12.5;824
-38.0034387198, 145.3078531381;"{""coordinates"": [145.3078531381, -38.0034387198], ""type"": ""Point""}";-38.003438719827614;145.30785313806595;Tarcoola Drive;2021;Between 40km/h and 50km/h;W;2021-03-18;351436;5792453;MGA2020 zone 55;3805;46.9;303;393;2.8;10.1;844
-38.0669523976, 145.3303634466;"{""coordinates"": [145.3303634466, -38.0669523976], ""type"": ""Point""}";-38.066952397628064;145.33036344657927;Moondarra Drive;2021;Between 40km/h and 50km/h;W;2021-03-25;353539;5785441;MGA2020 zone 55;3806;49.8;997;1182;7.6;12.95;856
-38.0987411492, 145.2561431755;"{""coordinates"": [145.2561431755, -38.0987411492], ""type"": ""Point""}";-38.098741149224;145.25614317548207;Montrose Way;2021;Between 50km/h and 60km/h;W;2021-03-26;347094;5781794;MGA2020 zone 55;3977;53.5;713;963;2.1;8.99;857
-38.1324481102, 145.252625514;"{""coordinates"": [145.252625514, -38.1324481102], ""type"": ""Point""}";-38.132448110206376;145.25262551404677;Settlers Run;2018;Between 40km/h and 50km/h;W;2018-05-10;346856;5778048;MGA2020 zone 55;3977;42.7;2687;3319;5.85;8.86;941
-38.1191304866, 145.3021423842;"{""coordinates"": [145.3021423842, -38.1191304866], ""type"": ""Point""}";-38.119130486609386;145.3021423842072;Elmslie Drive;2018;Between 50km/h and 60km/h;W;2018-03-14;351169;5779607;MGA2020 zone 55;3977;58.1;2501;2998;4.8;18.61;946
-38.1215070758, 145.3327926001;"{""coordinates"": [145.3327926001, -38.1215070758], ""type"": ""Point""}";-38.12150707578685;145.33279260012065;Pump House Crescent;2020;Between 40km/h and 50km/h;W;2020-02-13;353861;5779392;MGA2020 zone 55;3978;41.4;581;809;3.04;7.91;953
-38.0121159275, 145.290914873;"{""coordinates"": [145.290914873, -38.0121159275], ""type"": ""Point""}";-38.01211592746558;145.29091487298342;Tinks Road;2019;More than 60km/h;W;2019-02-14;349966;5791463;MGA2020 zone 55;3805;60.0;3727;9144;6.0;9.96;966
-38.0084978517, 145.289612591;"{""coordinates"": [145.289612591, -38.0084978517], ""type"": ""Point""}";-38.00849785170194;145.28961259101638;Tomasetti Crescent;2019;Between 30km/h and 40km/h;W;2019-09-02;349844;5791863;MGA2020 zone 55;3805;37.6;114;156;1.3;10.56;967
-37.977001826, 145.3292019816;"{""coordinates"": [145.3292019816, -37.977001826], ""type"": ""Point""}";-37.97700182603262;145.32920198158897;Bailey Road;2018;More than 60km/h;W;2018-06-22;353257;5795421;MGA2020 zone 55;3804;64.2;324;409;10.78;9.78;641
-38.0224342328, 145.3345497191;"{""coordinates"": [145.3345497191, -38.0224342328], ""type"": ""Point""}";-38.022434232775026;145.33454971905797;Avebury Drive;2018;Between 50km/h and 60km/h;W;2018-06-23;353817;5790388;MGA2020 zone 55;3806;57.9;1636;2085;7.04;9.69;647
-38.004530517, 145.3138102374;"{""coordinates"": [145.3138102374, -38.004530517], ""type"": ""Point""}";-38.00453051697637;145.3138102374403;Murdoch Avenue;2018;Between 40km/h and 50km/h;W;2018-08-15;351961;5792342;MGA2020 zone 55;3805;45.0;679;824;1.9;19.05;652
-38.0621289439, 145.2593596081;"{""coordinates"": [145.2593596081, -38.0621289439], ""type"": ""Point""}";-38.06212894385702;145.25935960810358;Lockwood Rise;2018;Between 50km/h and 60km/h;W;2018-07-10;347300;5785862;MGA2020 zone 55;3975;52.0;270;353;4.2;10.2;664
-38.0510907351, 145.2862306796;"{""coordinates"": [145.2862306796, -38.0510907351], ""type"": ""Point""}";-38.05109073513368;145.28623067961306;Ormond Road Narre Warren South;2019;Between 50km/h and 60km/h;W;2019-11-12;349635;5787131;MGA2020 zone 55;3805;52.1;9593;13010;3.63;9.81;667
-38.0648413761, 145.2956943616;"{""coordinates"": [145.2956943616, -38.0648413761], ""type"": ""Point""}";-38.06484137611045;145.29569436164354;Ormond Road Narre Warren South;2019;Between 50km/h and 60km/h;W;2019-11-12;350493;5785620;MGA2020 zone 55;3805;59.9;8033;10537;4.53;8.54;671
-38.1489548693, 145.2452078827;"{""coordinates"": [145.2452078827, -38.1489548693], ""type"": ""Point""}";-38.14895486928885;145.2452078826957;Pearcedale Road;2018;More than 60km/h;W;2018-09-12;346240;5776204;MGA2020 zone 55;3977;70.3;3820;4597;6.87;11.14;675
-38.0226613221, 145.3128098269;"{""coordinates"": [145.3128098269, -38.0226613221], ""type"": ""Point""}";-38.02266132209835;145.31280982692527;Victor Crescent;2019;Between 40km/h and 50km/h;W;2019-08-26;351910;5790328;MGA2020 zone 55;3805;47.1;5289;5768;3.6;12.46;682
-38.078323428, 145.2903725747;"{""coordinates"": [145.2903725747, -38.078323428], ""type"": ""Point""}";-38.07832342796182;145.2903725746839;Eliza Street;2019;Between 40km/h and 50km/h;W;2019-09-02;350054;5784116;MGA2020 zone 55;3977;46.2;465;601;1.5;10.8;689
-38.0616938043, 145.2442986557;"{""coordinates"": [145.2442986557, -38.0616938043], ""type"": ""Point""}";-38.06169380428033;145.24429865566614;Sunline Way;2019;Between 50km/h and 60km/h;W;2019-11-12;345977;5785886;MGA2020 zone 55;3975;51.3;617;710;2.17;27.46;922
-38.1597774406, 145.3030379354;"{""coordinates"": [145.3030379354, -38.1597774406], ""type"": ""Point""}";-38.15977744061806;145.30303793543828;Cross Road;2018;More than 60km/h;W;2018-05-10;351330;5775098;MGA2020 zone 55;3977;70.3;961;1066;10.06;20.92;987
-38.1020162, 145.2783756;"{""coordinates"": [145.2783756, -38.1020162], ""type"": ""Point""}";-38.10201619999616;145.27837559999716;Tucker Street;2024;Between 50km/h and 60km/h;W;2024-10-22;349050;5781467;MGA2020 zone 55;3977;52.4;1627;1917;5.4;10.6;1536
-38.1127791405, 145.2565011474;"{""coordinates"": [145.2565011474, -38.1127791405], ""type"": ""Point""}";-38.11277914050535;145.2565011474239;Snead Boulevard;2022;Between 50km/h and 60km/h;W;2022-10-21;347154;5780237;MGA2020 zone 55;3977;51.1;453;576;16.54;11.73;1022
-38.0284841373, 145.3100401474;"{""coordinates"": [145.3100401474, -38.0284841373], ""type"": ""Point""}";-38.02848413729563;145.3100401473961;Stewart Avenue;2022;Between 50km/h and 60km/h;W;2022-10-21;351678;5789678;MGA2020 zone 55;3805;53.9;994;1296;10.27;10.46;1029
-37.9975711425, 145.2375521313;"{""coordinates"": [145.2375521313, -37.9975711425], ""type"": ""Point""}";-37.99757114253383;145.23755213129812;Power Road;2022;More than 60km/h;W;2022-10-21;345251;5792990;MGA2020 zone 55;3177;62.6;8033;10682;30.86;9.18;1032
-38.0819851381, 145.2933701504;"{""coordinates"": [145.2933701504, -38.0819851381], ""type"": ""Point""}";-38.08198513812788;145.29337015044905;Jessie Street;2022;Between 40km/h and 50km/h;W;2022-10-21;350324;5783714;MGA2020 zone 55;3977;43.7;1079;1342;9.61;13.91;1040
-38.0571381334, 145.3634111599;"{""coordinates"": [145.3634111599, -38.0571381334], ""type"": ""Point""}";-38.05713813338865;145.36341115992568;Earlsfield Drive;2022;Between 50km/h and 60km/h;W;2022-10-21;356419;5786582;MGA2020 zone 55;3806;53.6;5116;5559;22.43;9.26;1041
-38.0697341404, 145.2620641436;"{""coordinates"": [145.2620641436, -38.0697341404], ""type"": ""Point""}";-38.06973414038381;145.2620641436035;Andretti Avenue;2022;Between 30km/h and 40km/h;W;2022-11-01;347553;5785023;MGA2020 zone 55;3975;30.0;46;64;14.0;14.61;1048
-37.9989631384, 145.2966621418;"{""coordinates"": [145.2966621418, -37.9989631384], ""type"": ""Point""}";-37.99896313841119;145.29666214177047;Deanswood Way;2023;Between 40km/h and 50km/h;W;2023-02-18;350444;5792932;MGA2020 zone 55;3805;44.5;320;432;3.26;9.57;1098
-38.0971121409, 145.252667145;"{""coordinates"": [145.252667145, -38.0971121409], ""type"": ""Point""}";-38.09711214086862;145.25266714500657;Stanford Street;2023;Between 50km/h and 60km/h;W;2023-05-09;346786;5781969;MGA2020 zone 55;3977;54.8;330;432;14.01;10.35;1114
-38.1064331392, 145.27540315;"{""coordinates"": [145.27540315, -38.1064331392], ""type"": ""Point""}";-38.10643313922892;145.2754031500295;Cochrane Street;2023;Between 50km/h and 60km/h;W;2023-05-10;348799;5780972;MGA2020 zone 55;3977;54.2;185;229;16.69;13.03;1117
-38.124847137, 145.3051991573;"{""coordinates"": [145.3051991573, -38.124847137], ""type"": ""Point""}";-38.124847137038635;145.30519915730883;Lineham Drive;2023;More than 60km/h;W;2023-05-09;351448;5778977;MGA2020 zone 55;3977;62.5;2267;2861;22.98;12.27;1124
-38.0263841347, 145.3476421537;"{""coordinates"": [145.3476421537, -38.0263841347], ""type"": ""Point""}";-38.02638413468194;145.34764215372985;Harkaway Road;2023;More than 60km/h;W;2023-05-10;354974;5789970;MGA2020 zone 55;3806;69.8;11608;14349;34.07;9.99;1126
-38.050560136, 145.3260861527;"{""coordinates"": [145.3260861527, -38.050560136], ""type"": ""Point""}";-38.050560136039046;145.32608615266432;Tulk Street;2023;Between 30km/h and 40km/h;W;2023-07-26;353131;5787254;MGA2020 zone 55;3806;33.6;130;159;5.02;10.78;1159
-38.1111761352, 145.3321711605;"{""coordinates"": [145.3321711605, -38.1111761352], ""type"": ""Point""}";-38.111176135239845;145.3321711605072;Heather Grove;2023;Between 50km/h and 60km/h;W;2023-07-30;353785;5780537;MGA2020 zone 55;3978;56.9;6279;8308;6.28;8.56;1171
-38.072884, 145.309564;"{""coordinates"": [145.309564, -38.072884], ""type"": ""Point""}";-38.07288399999624;145.30956399999738;Nurture Avenue;2023;Between 40km/h and 50km/h;W;2023-10-22;351726;5784750;MGA2020 zone 55;3977;41.8;1018;1170;2.36;447.0;1237
-38.083685, 145.257525;"{""coordinates"": [145.257525, -38.083685], ""type"": ""Point""}";-38.08368499999614;145.25752499999703;Evans Road;2023;More than 60km/h;W;2023-10-22;347184;5783467;MGA2020 zone 55;3977;71.3;28264;39101;6.51;2978.0;1239
-37.999004, 145.245367;"{""coordinates"": [145.245367, -37.999004], ""type"": ""Point""}";-37.99900399999613;145.2453669999969;Rhoden Grove;2023;Less than 30km/h;W;2023-10-25;345940;5792844;MGA2020 zone 55;3177;27.8;97;120;5.35;12.0;1249
-38.068177, 145.294739;"{""coordinates"": [145.294739, -38.068177], ""type"": ""Point""}";-38.06817699999624;145.29473899999732;Cherrywood Way;2023;Between 30km/h and 40km/h;W;2023-10-22;350416;5785249;MGA2020 zone 55;3805;36.5;110;153;5.33;17.0;1258
-38.116356, 145.321083;"{""coordinates"": [145.321083, -38.116356], ""type"": ""Point""}";-38.11635599999628;145.32108299999743;Freiberger Road;2024;Between 40km/h and 50km/h;W;2024-02-12;352824;5779945;MGA2020 zone 55;3978;40.7;437;576;3.74;66.0;1285
-38.046703, 145.332277;"{""coordinates"": [145.332277, -38.046703], ""type"": ""Point""}";-38.04670299999634;145.33227699999756;Hancock Drive;2024;Between 50km/h and 60km/h;W;2024-02-07;353666;5787691;MGA2020 zone 55;3806;55.5;611;746;5.64;145.0;1287
-37.988064, 145.24219;"{""coordinates"": [145.24219, -37.988064], ""type"": ""Point""}";-37.98806399999613;145.2421899999969;Kidds Road;2024;Between 50km/h and 60km/h;W;2024-02-05;345638;5794053;MGA2020 zone 55;3177;53.2;3959;5316;5.13;515.0;1294
-38.093345, 145.257495;"{""coordinates"": [145.257495, -38.093345], ""type"": ""Point""}";-38.09334499999611;145.25749499999702;Miralie Way;2024;Between 30km/h and 40km/h;W;2024-02-05;347201;5782395;MGA2020 zone 55;3977;36.7;109;166;8.49;13.0;1301
-38.119492, 145.323293;"{""coordinates"": [145.323293, -38.119492], ""type"": ""Point""}";-38.119491999996264;145.32329299999748;Pasadena Boulevard;2024;Between 50km/h and 60km/h;W;2024-02-05;353024;5779600;MGA2020 zone 55;3978;51.8;1717;2417;5.55;193.0;1304
-38.06213, 145.255243;"{""coordinates"": [145.255243, -38.06213], ""type"": ""Point""}";-38.062129999996145;145.25524299999702;Paterson Road;2024;Between 50km/h and 60km/h;W;2024-02-05;346939;5785855;MGA2020 zone 55;3975;52.6;626;796;3.99;150.0;1305
-38.018022, 145.289537;"{""coordinates"": [145.289537, -38.018022], ""type"": ""Point""}";-38.018021999996236;145.28953699999727;Springfield Drive;2024;Between 40km/h and 50km/h;W;2024-02-07;349857;5790806;MGA2020 zone 55;3805;44.4;460;635;6.82;53.0;1312
-38.102353, 145.389807;"{""coordinates"": [145.389807, -38.102353], ""type"": ""Point""}";-38.102352999996405;145.38980699999786;Burnbank Parade;2024;Between 40km/h and 50km/h;W;2024-05-17;358822;5781605;MGA2020 zone 55;3978;48.5;1349;1728;9.8;156.0;1325
-38.094817, 145.256348;"{""coordinates"": [145.256348, -38.094817], ""type"": ""Point""}";-38.0948169999961;145.25634799999705;Central Parkway;2024;Between 40km/h and 50km/h;W;2024-05-10;347104;5782230;MGA2020 zone 55;3977;43.0;2550;3463;8.92;361.0;1330
-38.094646, 145.256503;"{""coordinates"": [145.256503, -38.094646], ""type"": ""Point""}";-38.09464599999611;145.25650299999702;Central Parkway;2024;Between 40km/h and 50km/h;W;2024-05-10;347117;5782249;MGA2020 zone 55;3977;45.6;2439;3097;5.29;426.0;1331
-37.982967, 145.296921;"{""coordinates"": [145.296921, -37.982967], ""type"": ""Point""}";-37.982966999996265;145.2969209999973;Jacques Road;2024;Between 50km/h and 60km/h;W;2024-05-17;350434;5794708;MGA2020 zone 55;3804;53.8;134;162;13.02;19.0;1349
-38.067952, 145.338957;"{""coordinates"": [145.338957, -38.067952], ""type"": ""Point""}";-38.067951999996346;145.33895699999758;Ridgemont Drive;2024;Between 40km/h and 50km/h;W;2024-05-17;354295;5785344;MGA2020 zone 55;3806;48.0;2045;2379;3.47;309.0;1365
-38.154861, 145.267643;"{""coordinates"": [145.267643, -38.154861], ""type"": ""Point""}";-38.1548609999961;145.26764299999704;Fletcher Road;2024;Between 50km/h and 60km/h;W;2024-06-13;348219;5775586;MGA2020 zone 55;3977;56.7;88;112;9.69;9.48;1420
-38.0915, 145.251152;"{""coordinates"": [145.251152, -38.0915], ""type"": ""Point""}";-38.0914999999961;145.25115199999698;Futures Road;2024;Between 30km/h and 40km/h;W;2024-08-21;346641;5782590;MGA2020 zone 55;3977;38.3;2318;2811;4.84;10.3;1422
-38.016114, 145.276211;"{""coordinates"": [145.276211, -38.016114], ""type"": ""Point""}";-38.01611399999621;145.27621099999715;Keppel Drive;2024;Between 40km/h and 50km/h;W;2024-08-21;348683;5790996;MGA2020 zone 55;3803;49.8;2320;2898;5.94;11.61;1447
-38.218793, 145.317578;"{""coordinates"": [145.317578, -38.218793], ""type"": ""Point""}";-38.21879299999621;145.31757799999744;Aruma St;2024;Between 30km/h and 40km/h;W;2024-07-23;352723;5768572;MGA2020 zone 55;3980;33.7;99;119;6.0;13.4;1461
-37.990617, 145.3206008;"{""coordinates"": [145.3206008, -37.990617], ""type"": ""Point""}";-37.99061699999634;145.3206007999975;Cantwell Road;2024;Between 50km/h and 60km/h;W;2024-10-22;352529;5793896;MGA2020 zone 55;3804;55.4;307;387;4.8;10.9;1470
-38.179636, 145.286098;"{""coordinates"": [145.286098, -38.179636], ""type"": ""Point""}";-38.179635999996144;145.28609799999725;Craig Road;2024;More than 60km/h;W;2024-10-23;349886;5772867;MGA2020 zone 55;3977;88.7;1629;2040;6.9;11.6;1474
-38.21323, 145.383877;"{""coordinates"": [145.383877, -38.21323], ""type"": ""Point""}";-38.21322999999636;145.38387699999788;Harewood St;2024;Less than 30km/h;W;2024-07-24;358516;5769293;MGA2020 zone 55;3980;20.8;29;29;4.1;10.3;1486
-38.213226, 145.310544;"{""coordinates"": [145.310544, -38.213226], ""type"": ""Point""}";-38.21322599999621;145.31054399999744;Iris Ct;2024;Less than 30km/h;W;2024-07-23;352096;5769179;MGA2020 zone 55;3977;17.9;18;22;0.0;13.6;1493
-38.0046521405, 145.265489137;"{""coordinates"": [145.265489137, -38.0046521405], ""type"": ""Point""}";-38.00465214054744;145.26548913696183;Princes Domain Drive;2023;Between 40km/h and 50km/h;W;2023-05-10;347719;5792250;MGA2020 zone 55;3803;40.9;3266;4017;7.63;9.2;1139
-38.1246131334, 145.3579451665;"{""coordinates"": [145.3579451665, -38.1246131334], ""type"": ""Point""}";-38.12461313335474;145.35794516652956;Lucid Crescent;2023;Between 30km/h and 40km/h;W;2023-07-30;356072;5779086;MGA2020 zone 55;3978;36.9;220;303;3.72;8.14;1166
-38.0177481371, 145.3136361468;"{""coordinates"": [145.3136361468, -38.0177481371], ""type"": ""Point""}";-38.01774813711103;145.31363614682692;Ryelands Drive;2023;Between 50km/h and 60km/h;W;2023-07-26;351972;5790875;MGA2020 zone 55;3805;58.5;2044;2525;3.93;9.76;1202
-37.976245, 145.243882;"{""coordinates"": [145.243882, -37.976245], ""type"": ""Point""}";-37.97624499999614;145.24388199999692;Bittern Drive;2024;Less than 30km/h;W;2024-02-05;345762;5795367;MGA2020 zone 55;3802;29.1;304;405;3.48;50.0;1269
-38.098771, 145.289723;"{""coordinates"": [145.289723, -38.098771], ""type"": ""Point""}";-38.0987709999962;145.28972299999728;Camms Road;2024;Between 50km/h and 60km/h;W;2024-02-05;350038;5781846;MGA2020 zone 55;3977;53.6;9877;13967;8.75;1026.0;1274
-38.034589, 145.354281;"{""coordinates"": [145.354281, -38.034589], ""type"": ""Point""}";-38.03458899999639;145.35428099999766;Peel Street;2024;Between 40km/h and 50km/h;W;2024-02-07;355573;5789070;MGA2020 zone 55;3806;43.7;1498;1728;5.05;326.0;1308
-38.124535, 145.240082;"{""coordinates"": [145.240082, -38.124535], ""type"": ""Point""}";-38.12453499999606;145.2400819999969;Edgar Avenue;2024;Between 40km/h and 50km/h;W;2024-05-10;345740;5778905;MGA2020 zone 55;3977;43.7;630;764;9.65;70.0;1339
-38.1246032098, 145.2853441975;"{""coordinates"": [145.2853441975, -38.1246032098], ""type"": ""Point""}";-38.12460320975666;145.28534419746381;Earlston Circuit;2019;Between 40km/h and 50km/h;W;2019-05-30;349707;5778972;MGA2020 zone 55;3977;41.5;25;29;0.0;13.79;988
-38.18593914, 145.2572001557;"{""coordinates"": [145.2572001557, -38.18593914], ""type"": ""Point""}";-38.18593914000621;145.2572001557081;Smiths Lane;2022;More than 60km/h;W;2022-10-21;347368;5772120;MGA2020 zone 55;3912;84.8;1427;1672;24.06;12.26;1051
-38.0553491352, 145.3374541552;"{""coordinates"": [145.3374541552, -38.0553491352], ""type"": ""Point""}";-38.05534913521522;145.3374541551871;Homestead Road;2023;Between 40km/h and 50km/h;W;2023-02-07;354138;5786740;MGA2020 zone 55;3806;49.2;3168;4372;3.16;8.27;1054
-37.9986701351, 145.34392015;"{""coordinates"": [145.34392015, -37.9986701351], ""type"": ""Point""}";-37.99867013511358;145.34392014998423;Harkaway Road;2023;More than 60km/h;W;2023-02-07;354593;5793040;MGA2020 zone 55;3806;78.1;7188;9117;2.78;9.36;1088
-38.0049441385, 145.2946511421;"{""coordinates"": [145.2946511421, -38.0049441385], ""type"": ""Point""}";-38.00494413851441;145.29465114208543;Josephine Avenue;2023;More than 60km/h;W;2023-02-07;350280;5792265;MGA2020 zone 55;3805;61.1;3773;4953;3.58;15.01;1096
-38.0640901372, 145.308113151;"{""coordinates"": [145.308113151, -38.0640901372], ""type"": ""Point""}";-38.06409013721014;145.308113151032;The Promenade;2023;Between 40km/h and 50km/h;W;2023-02-07;351581;5785724;MGA2020 zone 55;3805;46.0;2751;3348;10.56;11.84;1101
-38.1068111363, 145.3170381574;"{""coordinates"": [145.3170381574, -38.1068111363], ""type"": ""Point""}";-38.106811136323635;145.31703815736736;Fiorelli Boulevard;2023;Between 50km/h and 60km/h;W;2023-05-09;352450;5780997;MGA2020 zone 55;3977;52.1;954;1219;19.91;16.28;1113
-38.0799651363, 145.3192151547;"{""coordinates"": [145.3192151547, -38.0799651363], ""type"": ""Point""}";-38.0799651363373;145.31921515474764;Chantenay Parade;2023;Between 50km/h and 60km/h;W;2023-05-09;352587;5783980;MGA2020 zone 55;3977;55.7;810;1057;12.31;12.46;1115
-38.0812331378, 145.2976441511;"{""coordinates"": [145.2976441511, -38.0812331378], ""type"": ""Point""}";-38.08123313783453;145.2976441511134;Sierra Boulevard;2023;Between 50km/h and 60km/h;W;2023-05-10;350697;5783805;MGA2020 zone 55;3977;57.9;1756;2314;13.8;9.2;1156
-38.000668135, 145.3449681504;"{""coordinates"": [145.3449681504, -38.000668135], ""type"": ""Point""}";-38.00066813502794;145.34496815039017;King Road;2023;Between 50km/h and 60km/h;W;2023-07-26;354689;5792819;MGA2020 zone 55;3806;52.5;580;664;10.39;15.67;1200
-38.116346, 145.241876;"{""coordinates"": [145.241876, -38.116346], ""type"": ""Point""}";-38.11634599999604;145.2418759999969;Lemon Grove;2023;Between 30km/h and 40km/h;W;2023-10-19;345880;5779817;MGA2020 zone 55;3977;34.7;100;130;3.52;17.0;1241
-37.998864, 145.248506;"{""coordinates"": [145.248506, -37.998864], ""type"": ""Point""}";-37.998863999996125;145.24850599999695;Waygara Street;2023;Between 40km/h and 50km/h;W;2023-10-25;346215;5792865;MGA2020 zone 55;3177;48.9;763;939;4.46;101.0;1248
-37.981241, 145.319204;"{""coordinates"": [145.319204, -37.981241], ""type"": ""Point""}";-37.98124099999635;145.31920399999743;Ripplebrook Boulevard;2023;Between 50km/h and 60km/h;W;2023-10-25;352388;5794935;MGA2020 zone 55;3804;52.4;398;484;6.42;54.0;1255
-38.21294, 145.384593;"{""coordinates"": [145.384593, -38.21294], ""type"": ""Point""}";-38.21293999999636;145.38459299999786;Monomeith Street;2023;Between 40km/h and 50km/h;W;2023-10-19;358578;5769326;MGA2020 zone 55;3980;40.2;94;120;5.93;13.0;1261
-37.954483, 145.253165;"{""coordinates"": [145.253165, -37.954483], ""type"": ""Point""}";-37.954482999996166;145.25316499999695;Churchill Park Drive;2024;More than 60km/h;W;2024-02-05;346532;5797797;MGA2020 zone 55;3802;77.4;3262;3922;9.95;594.0;1276
-38.114474, 145.323523;"{""coordinates"": [145.323523, -38.114474], ""type"": ""Point""}";-38.114473999996285;145.32352299999752;Selandra Boulevard;2024;Between 30km/h and 40km/h;W;2024-02-05;353034;5780157;MGA2020 zone 55;3978;31.4;1277;1721;2.31;173.0;1311
-38.212857, 145.406189;"{""coordinates"": [145.406189, -38.212857], ""type"": ""Point""}";-38.2128569999964;145.406188999998;Billingsley Road;2024;Between 40km/h and 50km/h;W;2024-06-13;360469;5769368;MGA2020 zone 55;3980;43.1;21;28;17.44;14.81;1392
-38.213982, 145.318474;"{""coordinates"": [145.318474, -38.213982], ""type"": ""Point""}";-38.213981999996214;145.31847399999745;Hardy Avenue;2024;Less than 30km/h;W;2024-06-13;352791;5769107;MGA2020 zone 55;3977;26.7;74;88;5.37;9.57;1430
-38.0468623, 145.2504775;"{""coordinates"": [145.2504775, -38.0468623], ""type"": ""Point""}";-38.04686229999612;145.25047749999695;Hutchinson Drive;2024;Between 50km/h and 60km/h;W;2024-10-22;346489;5787542;MGA2020 zone 55;3975;54.8;3311;4392;6.4;11.4;1489
-38.183785, 145.380858;"{""coordinates"": [145.380858, -38.183785], ""type"": ""Point""}";-38.18378499999636;145.38085799999783;Landale Rd;2024;Between 40km/h and 50km/h;W;2024-07-24;358195;5772555;MGA2020 zone 55;3980;40.0;7;3;8.0;33.3;1497
-38.101447, 145.312921;"{""coordinates"": [145.312921, -38.101447], ""type"": ""Point""}";-38.10144699999626;145.31292099999743;Linsell Boulevard;2024;More than 60km/h;W;2024-10-23;352078;5781586;MGA2020 zone 55;3977;66.9;10866;15459;8.0;7.7;1499
-38.063573, 145.309223;"{""coordinates"": [145.309223, -38.063573], ""type"": ""Point""}";-38.06357299999626;145.30922299999742;The Promenade;2024;Between 40km/h and 50km/h;W;2024-10-22;351677;5785783;MGA2020 zone 55;3805;49.4;2538;3098;5.0;12.5;1534
-38.0043141427, 145.3244532498;"{""coordinates"": [145.3244532498, -38.0043141427], ""type"": ""Point""}";-38.00431414274696;145.32445324975487;Quarry Road;2019;Between 40km/h and 50km/h;W;2019-11-20;352895;5792383;MGA2020 zone 55;3804;45.6;359;488;1.85;14.89;176
-38.2151141093, 145.3411481919;"{""coordinates"": [145.3411481919, -38.2151141093], ""type"": ""Point""}";-38.215114109349244;145.3411481919348;Anchorage Road;2021;Between 50km/h and 60km/h;W;2021-03-23;354779;5769017;MGA2020 zone 55;3980;54.1;596;704;10.8;10.6;199
-38.0016570453, 145.2570978981;"{""coordinates"": [145.2570978981, -38.0016570453], ""type"": ""Point""}";-38.00165704529227;145.2570978981467;William Avenue, Hallam;2021;Between 40km/h and 50km/h;W;2021-03-17;346976;5792569;MGA2020 zone 55;3803;47.0;112;128;1.6;27.3;200
-38.1050674212, 145.270300327;"{""coordinates"": [145.270300327, -38.1050674212], ""type"": ""Point""}";-38.10506742117452;145.27030032698505;James Cook Drive;2019;More than 60km/h;W;2019-05-17;348348;5781116;MGA2020 zone 55;3977;60.0;2708;3593;4.4;9.8;15
-38.0685608479, 145.2776837106;"{""coordinates"": [145.2776837106, -38.0685608479], ""type"": ""Point""}";-38.06856084794001;145.27768371060134;Lawless Drive;2019;Between 40km/h and 50km/h;W;2019-05-22;348921;5785179;MGA2020 zone 55;3977;47.0;159;197;5.3;10.4;23
-37.9680106095, 145.2688608892;"{""coordinates"": [145.2688608892, -37.9680106095], ""type"": ""Point""}";-37.96801060946224;145.26886088918894;Gleneagles Drive;2019;Between 40km/h and 50km/h;W;2019-05-17;347939;5796322;MGA2020 zone 55;3802;48.0;1307;3434;5.4;14.12;39
-37.9802146243, 145.2536925951;"{""coordinates"": [145.2536925951, -37.9802146243], ""type"": ""Point""}";-37.98021462427805;145.25369259509034;Daniel Solander Drive;2019;Between 50km/h and 60km/h;W;2019-08-06;346632;5794943;MGA2020 zone 55;3802;57.0;2412;2684;2.9;11.14;40
-38.0345800136, 145.3553638334;"{""coordinates"": [145.3553638334, -38.0345800136], ""type"": ""Point""}";-38.034580013592304;145.35536383341463;Scanlan Street;2020;Between 40km/h and 50km/h;W;2020-02-13;355668;5789073;MGA2020 zone 55;3806;47.1;220;265;6.4;16.23;52
-38.0502923223, 145.2487990987;"{""coordinates"": [145.2487990987, -38.0502923223], ""type"": ""Point""}";-38.0502923222937;145.248799098747;Paterson Drive;2018;Between 50km/h and 60km/h;W;2018-03-02;346348;5787158;MGA2020 zone 55;3975;53.1;1421;1773;3.38;16.58;69
-38.0569972197, 145.3556491558;"{""coordinates"": [145.3556491558, -38.0569972197], ""type"": ""Point""}";-38.05699721970333;145.355649155843;Streeton Way;2020;Between 50km/h and 60km/h;W;2020-02-13;355737;5786586;MGA2020 zone 55;3806;55.7;1821;2272;5.1;13.51;130
-38.0459743097, 145.2744851245;"{""coordinates"": [145.2744851245, -38.0459743097], ""type"": ""Point""}";-38.045974309675884;145.2744851244764;Highmount Drive Hpk;2019;Between 40km/h and 50km/h;W;2019-02-26;348593;5787680;MGA2020 zone 55;3976;42.6;310;426;3.39;9.39;142
-38.0844018252, 145.315617184;"{""coordinates"": [145.315617184, -38.0844018252], ""type"": ""Point""}";-38.08440182524276;145.31561718396642;William Thwaites Boulevard;2019;Between 40km/h and 50km/h;W;2019-08-26;352280;5783482;MGA2020 zone 55;3977;49.7;3617;4572;3.8;11.62;174
-38.0627844292, 145.3481947003;"{""coordinates"": [145.3481947003, -38.0627844292], ""type"": ""Point""}";-38.06278442921655;145.3481947003346;Bridgewater Blvd;2021;Between 50km/h and 60km/h;W;2021-03-23;355095;5785932;MGA2020 zone 55;3806;55.5;2218;2751;6.4;14.9;195
-38.1024207927, 145.2901897058;"{""coordinates"": [145.2901897058, -38.1024207927], ""type"": ""Point""}";-38.102420792677435;145.29018970576055;Latrobe Street;2021;Between 50km/h and 60km/h;W;2021-03-26;350087;5781442;MGA2020 zone 55;3977;51.7;494;655;4.3;9.83;222
-38.0725834826, 145.3484821794;"{""coordinates"": [145.3484821794, -38.0725834826], ""type"": ""Point""}";-38.07258348263918;145.34848217939722;Kirrabilli Parade;2021;Between 50km/h and 60km/h;W;2021-03-23;355139;5784845;MGA2020 zone 55;3806;51.1;1044;1240;1.3;17.38;229
-38.0695281562, 145.3535466351;"{""coordinates"": [145.3535466351, -38.0695281562], ""type"": ""Point""}";-38.06952815621512;145.35354663512723;Chase Blvd;2021;Between 50km/h and 60km/h;W;2021-03-23;355578;5785192;MGA2020 zone 55;3806;59.7;1886;2252;7.1;14.1;247
-37.9677710037, 145.2866980113;"{""coordinates"": [145.2866980113, -37.9677710037], ""type"": ""Point""}";-37.96777100373953;145.2866980112579;Ebeli Close;2022;Between 50km/h and 60km/h;W;2022-02-22;349505;5796377;MGA2020 zone 55;3804;57.1;379;488;5.65;9.23;296
-37.9874310026, 145.3525650292;"{""coordinates"": [145.3525650292, -37.9874310026], ""type"": ""Point""}";-37.98743100256683;145.3525650292475;Harkaway Road;2022;More than 60km/h;W;2022-02-22;355330;5794300;MGA2020 zone 55;3806;89.1;5913;7468;8.81;9.82;308
-38.0770300047, 145.3237400319;"{""coordinates"": [145.3237400319, -38.0770300047], ""type"": ""Point""}";-38.07703000474412;145.32374003185365;Mountainview Boulevard;2022;Between 50km/h and 60km/h;W;2022-02-22;352978;5784313;MGA2020 zone 55;3977;53.5;1813;2424;1.96;10.26;386
-38.0952050017, 145.2502050315;"{""coordinates"": [145.2502050315, -38.0952050017], ""type"": ""Point""}";-38.095205001746976;145.25020503145683;Morningside Boulevard;2022;Between 50km/h and 60km/h;W;2022-02-22;346566;5782177;MGA2020 zone 55;3977;55.5;2185;2875;2.77;9.48;412
-38.1542400053, 145.2980400373;"{""coordinates"": [145.2980400373, -38.1542400053], ""type"": ""Point""}";-38.154240005252824;145.29804003726528;Browns Road;2022;More than 60km/h;W;2022-02-22;350881;5775704;MGA2020 zone 55;3977;70.5;2673;3293;16.65;11.87;414
-38.2069240062, 145.4129600609;"{""coordinates"": [145.4129600609, -38.2069240062], ""type"": ""Point""}";-38.2069240061842;145.41296006088953;Harewood Mains Road;2022;More than 60km/h;W;2022-02-22;361050;5770036;MGA2020 zone 55;3980;70.2;129;150;24.45;14.04;425
-38.1158480028, 145.3361860307;"{""coordinates"": [145.3361860307, -38.1158480028], ""type"": ""Point""}";-38.11584800281665;145.33618603070292;Moorgate Road;2022;Between 50km/h and 60km/h;W;2022-05-19;354147;5780025;MGA2020 zone 55;3978;50.8;455;541;3.91;22.82;441
-38.0511610024, 145.3633770198;"{""coordinates"": [145.3633770198, -38.0511610024], ""type"": ""Point""}";-38.051161002403084;145.36337701983064;Adamson Road;2022;Between 40km/h and 50km/h;W;2022-05-19;356404;5787245;MGA2020 zone 55;3807;42.5;165;203;10.79;10.87;449
-38.0282390004, 145.3018770295;"{""coordinates"": [145.3018770295, -38.0282390004], ""type"": ""Point""}";-38.02823900039799;145.3018770294985;Shrives Road;2022;More than 60km/h;W;2022-05-20;350961;5789692;MGA2020 zone 55;3805;62.2;7742;10117;31.09;7.35;465
-38.0327000024, 145.3297100316;"{""coordinates"": [145.3297100316, -38.0327000024], ""type"": ""Point""}";-38.032700002373744;145.32971003157817;Mansfield Street;2022;Between 50km/h and 60km/h;W;2022-05-20;353413;5789241;MGA2020 zone 55;3806;53.9;1265;1480;13.13;12.3;468
-38.0779670044, 145.3297120251;"{""coordinates"": [145.3297120251, -38.0779670044], ""type"": ""Point""}";-38.07796700442684;145.32971202513554;Plenty Way;2022;Less than 30km/h;W;2022-05-20;353504;5784218;MGA2020 zone 55;3977;15.0;50;64;7.38;13.25;469
-38.151549005, 145.2916820363;"{""coordinates"": [145.2916820363, -38.151549005], ""type"": ""Point""}";-38.151549004985085;145.29168203634583;Craig Road;2022;More than 60km/h;W;2022-08-24;350318;5775992;MGA2020 zone 55;3977;72.9;8611;10276;5.53;9.86;495
-37.9718944758, 145.2535187795;"{""coordinates"": [145.2535187795, -37.9718944758], ""type"": ""Point""}";-37.971894475801385;145.25351877954486;Grove End Road;2019;Between 50km/h and 60km/h;W;2019-05-30;346599;5795866;MGA2020 zone 55;3802;57.9;584;782;1.2;9.34;637
-38.0452348988, 145.2615977854;"{""coordinates"": [145.2615977854, -38.0452348988], ""type"": ""Point""}";-38.045234898776386;145.26159778537482;Olive Road Hampton Park;2019;Between 50km/h and 60km/h;W;2019-03-20;347461;5787741;MGA2020 zone 55;3975;59.0;964;1358;6.0;8.76;665
-38.0429231319, 145.2793045421;"{""coordinates"": [145.2793045421, -38.0429231319], ""type"": ""Point""}";-38.042923131857066;145.27930454206412;Laura Drive;2019;More than 60km/h;W;2019-05-30;349010;5788026;MGA2020 zone 55;3976;64.2;2037;2625;2.3;12.19;704
-38.1013263488, 145.3116671145;"{""coordinates"": [145.3116671145, -38.1013263488], ""type"": ""Point""}";-38.10132634878421;145.31166711453957;Linsell Blvd;2019;More than 60km/h;W;2019-09-20;351968;5781597;MGA2020 zone 55;3977;64.8;11081;14493;3.37;8.59;707
-37.9849104637, 145.3147803502;"{""coordinates"": [145.3147803502, -37.9849104637], ""type"": ""Point""}";-37.98491046365711;145.3147803501718;Memorial Drive;2019;More than 60km/h;W;2019-08-26;352007;5794520;MGA2020 zone 55;3804;63.9;2497;2899;5.8;12.13;726
-38.0581401178, 145.2456466925;"{""coordinates"": [145.2456466925, -38.0581401178], ""type"": ""Point""}";-38.05814011784141;145.24564669247027;Waterbush Crescent;2019;Between 50km/h and 60km/h;W;2019-11-12;346088;5786282;MGA2020 zone 55;3975;51.4;767;978;8.56;18.57;746
-38.0828323033, 145.3259396268;"{""coordinates"": [145.3259396268, -38.0828323033], ""type"": ""Point""}";-38.08283230333341;145.32593962675338;Sassafras Place Cranbourne North;2019;Between 40km/h and 50km/h;W;2019-03-19;353182;5783672;MGA2020 zone 55;3977;48.0;472;571;1.8;19.61;756
-38.0567590875, 145.3100436685;"{""coordinates"": [145.3100436685, -38.0567590875], ""type"": ""Point""}";-38.05675908754661;145.31004366850144;Cypress Hill Drive;2018;Between 30km/h and 40km/h;W;2018-11-13;351736;5786540;MGA2020 zone 55;3805;39.2;1183;1660;5.17;9.76;760
-38.1004006716, 145.2787329664;"{""coordinates"": [145.2787329664, -38.1004006716], ""type"": ""Point""}";-38.100400671643;145.27873296643483;Fairfield Street;2018;Between 50km/h and 60km/h;W;2018-08-16;349078;5781647;MGA2020 zone 55;3977;52.0;1506;1891;7.5;12.9;766
-38.1308511363, 145.3154881598;"{""coordinates"": [145.3154881598, -38.1308511363], ""type"": ""Point""}";-38.13085113628364;145.31548815978454;Morison Road;2022;Between 40km/h and 50km/h;W;2022-10-21;352362;5778327;MGA2020 zone 55;3978;49.6;245;325;14.05;11.8;1018
-38.1300031358, 145.3223431609;"{""coordinates"": [145.3223431609, -38.1300031358], ""type"": ""Point""}";-38.13000313581027;145.32234316089173;Grande Belmond Avenue;2023;Between 50km/h and 60km/h;W;2023-02-07;352962;5778432;MGA2020 zone 55;3978;55.5;2566;3312;6.6;12.53;1057
-38.0812451335, 145.3601841621;"{""coordinates"": [145.3601841621, -38.0812451335], ""type"": ""Point""}";-38.08124513346564;145.360184162061;Viewbright Road;2023;Between 50km/h and 60km/h;W;2023-02-07;356183;5783902;MGA2020 zone 55;3978;57.1;6821;8209;8.42;15.2;1060
-38.0774801344, 145.3467641593;"{""coordinates"": [145.3467641593, -38.0774801344], ""type"": ""Point""}";-38.077480134427724;145.34676415929107;Lilydale Avenue;2023;Between 30km/h and 40km/h;W;2023-02-07;354998;5784299;MGA2020 zone 55;3978;31.7;81;105;2.68;13.27;1061
-38.0893621385, 145.2869821502;"{""coordinates"": [145.2869821502, -38.0893621385], ""type"": ""Point""}";-38.089362138527584;145.28698215015365;Majestic Boulevard;2023;Between 50km/h and 60km/h;W;2023-02-07;349779;5782885;MGA2020 zone 55;3977;51.9;9436;12865;5.34;7.97;1065
-38.0824231382, 145.2915811502;"{""coordinates"": [145.2915811502, -38.0824231382], ""type"": ""Point""}";-38.08242313824986;145.2915811501847;Carey Street;2023;Between 50km/h and 60km/h;W;2023-02-07;350168;5783663;MGA2020 zone 55;3977;54.6;2155;2798;6.22;9.92;1068
-37.9710601411, 145.2612361325;"{""coordinates"": [145.2612361325, -37.9710601411], ""type"": ""Point""}";-37.97106014105112;145.2612361324879;Mossgiel Park Drive;2023;Between 40km/h and 50km/h;W;2023-02-07;347275;5795971;MGA2020 zone 55;3802;46.2;4157;5436;5.96;9.28;1076
-38.0337611394, 145.2798141427;"{""coordinates"": [145.2798141427, -38.0337611394], ""type"": ""Point""}";-38.03376113937022;145.27981414270258;Kilberry Boulevard;2023;Between 50km/h and 60km/h;W;2023-02-07;349036;5789044;MGA2020 zone 55;3976;50.7;2664;3621;3.87;9.23;1081
-38.0328431394, 145.2789311424;"{""coordinates"": [145.2789311424, -38.0328431394], ""type"": ""Point""}";-38.03284313943738;145.27893114244608;Warana Drive;2023;Between 40km/h and 50km/h;W;2023-02-07;348957;5789144;MGA2020 zone 55;3976;43.8;3013;3970;5.25;10.63;1084
-38.0376301389, 145.2868961444;"{""coordinates"": [145.2868961444, -38.0376301389], ""type"": ""Point""}";-38.037630138852926;145.2868961443713;Carly Close;2023;Between 30km/h and 40km/h;W;2023-02-07;349665;5788626;MGA2020 zone 55;3805;31.9;132;165;6.98;9.34;1100
-37.9769971405, 145.2684231344;"{""coordinates"": [145.2684231344, -37.9769971405], ""type"": ""Point""}";-37.976997140514236;145.26842313440062;Lawson Way;2023;Between 50km/h and 60km/h;W;2023-05-10;347919;5795324;MGA2020 zone 55;3802;57.3;449;566;8.84;10.95;1106
-38.0818161328, 145.3700561639;"{""coordinates"": [145.3700561639, -38.0818161328], ""type"": ""Point""}";-38.08181613277102;145.3700561638525;Skylark Boulevard;2023;More than 60km/h;W;2023-05-10;357050;5783854;MGA2020 zone 55;3978;61.5;3173;3783;17.76;18.47;1118
-38.1279421421, 145.2326831449;"{""coordinates"": [145.2326831449, -38.1279421421], ""type"": ""Point""}";-38.12794214206758;145.23268314493578;Firecrest Way;2023;Between 40km/h and 50km/h;W;2023-05-09;345098;5778515;MGA2020 zone 55;3977;41.2;878;1119;12.62;9.58;1121
-38.1052811351, 145.3340101602;"{""coordinates"": [145.3340101602, -38.1052811351], ""type"": ""Point""}";-38.10528113514771;145.33401016016956;Parkgate Drive;2023;Between 50km/h and 60km/h;W;2023-05-10;353935;5781194;MGA2020 zone 55;3978;54.4;369;465;22.08;11.88;1135
-38.0533471339, 145.3560031582;"{""coordinates"": [145.3560031582, -38.0533471339], ""type"": ""Point""}";-38.05334713393049;145.35600315820622;Higinbotham Rise;2023;Between 40km/h and 50km/h;W;2023-05-10;355761;5786991;MGA2020 zone 55;3806;43.2;86;114;12.23;28.79;1140
-38.0348411354, 145.3364961527;"{""coordinates"": [145.3364961527, -38.0348411354], ""type"": ""Point""}";-38.03484113540886;145.3364961527278;Ambleside Crescent;2023;Between 30km/h and 40km/h;W;2023-07-26;354013;5789014;MGA2020 zone 55;3806;37.5;370;467;1.84;10.93;1162
-38.0364691349, 145.3436771542;"{""coordinates"": [145.3436771542, -38.0364691349], ""type"": ""Point""}";-38.03646913489686;145.34367715416442;Reserve Street;2023;Between 50km/h and 60km/h;W;2023-07-26;354646;5788845;MGA2020 zone 55;3806;53.3;2885;3539;6.29;13.66;1163
-38.1232031344, 145.3427031637;"{""coordinates"": [145.3427031637, -38.1232031344], ""type"": ""Point""}";-38.123203134429566;145.34270316369987;Yellowstone Avenue;2023;Between 40km/h and 50km/h;W;2023-07-30;354733;5779219;MGA2020 zone 55;3978;41.3;302;407;2.43;8.65;1167
-38.0935221344, 145.346211161;"{""coordinates"": [145.346211161, -38.0935221344], ""type"": ""Point""}";-38.093522134367355;145.34621116099007;Newgrange Boulevard;2023;Between 40km/h and 50km/h;W;2023-07-26;354981;5782518;MGA2020 zone 55;3978;49.5;3249;3977;3.96;9.5;1175
-38.1103421371, 145.3051821557;"{""coordinates"": [145.3051821557, -38.1103421371], ""type"": ""Point""}";-38.11034213712923;145.30518215568455;Archers Field Drive;2023;Between 50km/h and 60km/h;W;2023-07-30;351418;5780587;MGA2020 zone 55;3977;50.6;918;1203;1.72;11.4;1178
-38.1661591399, 145.2609631542;"{""coordinates"": [145.2609631542, -38.1661591399], ""type"": ""Point""}";-38.16615913986612;145.26096315416078;Smiths Lane;2023;More than 60km/h;W;2023-07-30;347657;5774321;MGA2020 zone 55;3977;84.9;830;963;11.65;13.27;1186
-38.115470142, 145.2344201439;"{""coordinates"": [145.2344201439, -38.115470142], ""type"": ""Point""}";-38.115470142023746;145.23442014385213;Bacchus Road;2023;Between 40km/h and 50km/h;W;2023-07-30;345224;5779902;MGA2020 zone 55;3977;45.6;568;641;2.05;11.41;1187
-38.098308, 145.334037;"{""coordinates"": [145.334037, -38.098308], ""type"": ""Point""}";-38.09830799999632;145.33403699999752;Plymouth Boulevard;2023;Between 50km/h and 60km/h;W;2023-10-22;353923;5781968;MGA2020 zone 55;3978;55.4;2058;2863;4.45;238.0;1226
-37.985798, 145.23828;"{""coordinates"": [145.23828, -37.985798], ""type"": ""Point""}";-37.985797999996116;145.23827999999688;Agonis Street;2024;Between 40km/h and 50km/h;w;2024-02-05;345290;5794298;MGA2020 zone 55;3177;49.2;426;502;6.48;99.0;1262
-38.091176, 145.276908;"{""coordinates"": [145.276908, -38.091176], ""type"": ""Point""}";-38.09117599999618;145.27690799999718;Fenfield Street;2024;Between 50km/h and 60km/h;W;2024-02-05;348899;5782668;MGA2020 zone 55;3977;50.3;217;287;4.44;28.0;1283
-38.169009, 145.373473;"{""coordinates"": [145.373473, -38.169009], ""type"": ""Point""}";-38.16900899999635;145.37347299999774;Mcalpine Road;2024;Less than 30km/h;W;2024-02-10;357519;5774184;MGA2020 zone 55;3978;24.5;24;31;19.91;11.0;1299
-37.997203, 145.268644;"{""coordinates"": [145.268644, -37.997203], ""type"": ""Point""}";-37.997202999996176;145.2686439999971;Gibson Street;2024;Between 40km/h and 50km/h;W;2024-05-17;347980;5793082;MGA2020 zone 55;3803;42.7;170;221;3.75;24.0;1342
-38.215564, 145.381482;"{""coordinates"": [145.381482, -38.215564], ""type"": ""Point""}";-38.21556399999635;145.38148199999787;Bakewellâ St;2024;Between 30km/h and 40km/h;W;2024-07-24;358311;5769030;MGA2020 zone 55;3980;32.0;114;131;6.1;10.7;1462
-38.101442, 145.279892;"{""coordinates"": [145.279892, -38.101442], ""type"": ""Point""}";-38.1014419999962;145.2798919999972;Duff Street;2024;Between 40km/h and 50km/h;W;2024-10-22;349182;5781533;MGA2020 zone 55;3977;47.2;1751;2339;6.5;10.1;1477
-38.213319, 145.382896;"{""coordinates"": [145.382896, -38.213319], ""type"": ""Point""}";-38.213318999996346;145.38289599999783;Swan St;2024;Less than 30km/h;W;2024-07-24;358430;5769281;MGA2020 zone 55;3980;24.6;30;31;5.9;19.4;1530
-38.0699351145, 145.3104802122;"{""coordinates"": [145.3104802122, -38.0699351145], ""type"": ""Point""}";-38.06993511453939;145.31048021224117;The Promenade;2018;Between 40km/h and 50km/h;W;2018-05-17;351800;5785079;MGA2020 zone 55;3805;49.0;5539;6757;3.0;14.74;64
-38.0670488988, 145.3107629139;"{""coordinates"": [145.3107629139, -38.0670488988], ""type"": ""Point""}";-38.06704889875911;145.3107629138614;Robinswood Parade;2019;Between 50km/h and 60km/h;W;2019-05-30;351819;5785400;MGA2020 zone 55;3805;54.3;1608;1987;1.7;12.43;65
-37.996767074, 145.2979740437;"{""coordinates"": [145.2979740437, -37.996767074], ""type"": ""Point""}";-37.99676707398401;145.2979740437465;Drummer Lane Narre Warren;2019;Between 40km/h and 50km/h;W;2019-03-13;350555;5793178;MGA2020 zone 55;3805;45.7;638;901;3.17;10.21;82
-38.0005120026, 145.2642420238;"{""coordinates"": [145.2642420238, -38.0005120026], ""type"": ""Point""}";-38.000512002585765;145.26424202376867;Frawley Road;2022;Between 50km/h and 60km/h;W;2022-02-22;347600;5792708;MGA2020 zone 55;3803;54.0;6353;7910;4.69;10.92;261
-37.9990600022, 145.2571330276;"{""coordinates"": [145.2571330276, -37.9990600022], ""type"": ""Point""}";-37.99906000216032;145.25713302763802;Frawley Road;2022;Between 50km/h and 60km/h;W;2022-02-22;346973;5792857;MGA2020 zone 55;3803;52.0;6725;8407;4.68;11.73;263
-38.0285290031, 145.2574930205;"{""coordinates"": [145.2574930205, -38.0285290031], ""type"": ""Point""}";-38.02852900312678;145.25749302045276;Bride Avenue;2022;Between 40km/h and 50km/h;W;2022-02-22;347066;5789588;MGA2020 zone 55;3976;46.2;1226;1617;5.41;10.14;268
-38.070648004, 145.2600820223;"{""coordinates"": [145.2600820223, -38.070648004], ""type"": ""Point""}";-38.07064800396728;145.26008202232097;Andretti Avenue;2022;Less than 30km/h;W;2022-02-22;347381;5784918;MGA2020 zone 55;3975;25.8;381;525;1.96;9.09;277
-38.0688720035, 145.252105019;"{""coordinates"": [145.252105019, -38.0688720035], ""type"": ""Point""}";-38.06887200346004;145.25210501899994;Rainwater Drive;2022;Between 40km/h and 50km/h;W;2022-02-22;346677;5785102;MGA2020 zone 55;3975;40.5;2047;2657;5.42;11.95;280
-38.0778330038, 145.2563350291;"{""coordinates"": [145.2563350291, -38.0778330038], ""type"": ""Point""}";-38.07783300377472;145.256335029142;Johanna Way;2022;Less than 30km/h;W;2022-02-22;347067;5784115;MGA2020 zone 55;3975;21.0;113;146;0.78;12.34;283
-38.0265300004, 145.3039350347;"{""coordinates"": [145.3039350347, -38.0265300004], ""type"": ""Point""}";-38.026530000438264;145.30393503469983;Rebound Court;2022;Less than 30km/h;W;2022-02-22;351138;5789885;MGA2020 zone 55;3805;25.8;3219;3903;2.12;8.69;289
-37.9796320037, 145.3285470406;"{""coordinates"": [145.3285470406, -37.9796320037], ""type"": ""Point""}";-37.97963200371329;145.3285470405939;Abeckett Road;2022;More than 60km/h;W;2022-02-22;353205;5795128;MGA2020 zone 55;3804;69.4;1553;1822;8.75;10.32;294
-38.0315420047, 145.3576680236;"{""coordinates"": [145.3576680236, -38.0315420047], ""type"": ""Point""}";-38.03154200468537;145.35766802356588;Brisbane Street;2022;Between 50km/h and 60km/h;W;2022-02-22;355865;5789413;MGA2020 zone 55;3806;57.5;2450;2835;4.04;13.38;314
-38.0492180019, 145.3275800377;"{""coordinates"": [145.3275800377, -38.0492180019], ""type"": ""Point""}";-38.0492180019211;145.3275800376853;Centre Road;2022;More than 60km/h;W;2022-02-22;353259;5787405;MGA2020 zone 55;3806;60.9;4441;5697;6.62;10.28;319
-38.1450960041, 145.2912940397;"{""coordinates"": [145.2912940397, -38.1450960041], ""type"": ""Point""}";-38.14509600407357;145.29129403965285;Bankside Drive;2022;Less than 30km/h;W;2022-02-22;350271;5776708;MGA2020 zone 55;3977;28.7;2012;2593;6.62;8.75;337
-38.1651130024, 145.3745700465;"{""coordinates"": [145.3745700465, -38.1651130024], ""type"": ""Point""}";-38.16511300242688;145.37457004653203;Muddy Gates Lane;2022;More than 60km/h;W;2022-02-22;357608;5774618;MGA2020 zone 55;3978;74.4;119;147;21.3;13.44;345
-38.1170240022, 145.3441410411;"{""coordinates"": [145.3441410411, -38.1170240022], ""type"": ""Point""}";-38.117024002222855;145.34414104111195;Ramlegh Boulevard;2022;Between 40km/h and 50km/h;W;2022-02-22;354846;5779907;MGA2020 zone 55;3978;46.8;510;593;4.54;18.25;356
-38.0994200037, 145.3247599842;"{""coordinates"": [145.3247599842, -38.0994200037], ""type"": ""Point""}";-38.099420003719366;145.32475998415453;Frankland Street;2022;Between 40km/h and 50km/h;W;2022-02-22;353112;5781830;MGA2020 zone 55;3978;49.5;1416;1926;3.99;9.27;361
-38.0875120043, 145.3405129981;"{""coordinates"": [145.3405129981, -38.0875120043], ""type"": ""Point""}";-38.0875120043138;145.34051299812333;Fenway Boulevard;2022;Between 30km/h and 40km/h;W;2022-02-22;354470;5783176;MGA2020 zone 55;3978;34.9;1350;1701;8.04;12.62;363
-38.0887620049, 145.290272013;"{""coordinates"": [145.290272013, -38.0887620049], ""type"": ""Point""}";-38.08876200487173;145.2902720130155;Majestic Boulevard;2022;Between 50km/h and 60km/h;W;2022-02-22;350066;5782957;MGA2020 zone 55;3977;51.7;1237;1539;2.68;13.61;367
-38.0871040052, 145.2756709974;"{""coordinates"": [145.2756709974, -38.0871040052], ""type"": ""Point""}";-38.087104005171696;145.2756709974257;Lesdon Avenue;2022;Between 50km/h and 60km/h;W;2022-02-22;348782;5783118;MGA2020 zone 55;3977;52.1;1726;2068;4.32;13.64;369
-38.1463100038, 145.2896590392;"{""coordinates"": [145.2896590392, -38.1463100038], ""type"": ""Point""}";-38.14631000382003;145.28965903921682;Bottletree Road;2022;Between 40km/h and 50km/h;W;2022-08-24;350130;5776570;MGA2020 zone 55;3977;42.6;213;258;7.86;12.1;496
-38.0790430044, 145.3301540239;"{""coordinates"": [145.3301540239, -38.0790430044], ""type"": ""Point""}";-38.079043004383195;145.33015402391797;Alisma Boulevard;2022;Between 50km/h and 60km/h;W;2022-08-24;353544;5784099;MGA2020 zone 55;3977;56.8;2790;3708;2.72;10.85;514
-38.0430330036, 145.3192290407;"{""coordinates"": [145.3192290407, -38.0430330036], ""type"": ""Point""}";-38.04303300355481;145.31922904072383;Fleetwood Drive;2022;Between 50km/h and 60km/h;W;2022-08-24;352514;5788078;MGA2020 zone 55;3805;53.3;2974;3653;2.2;11.66;531
-38.0706560055, 145.3240710313;"{""coordinates"": [145.3240710313, -38.0706560055], ""type"": ""Point""}";-38.07065600550082;145.32407103125678;Emu Way;2022;Between 50km/h and 60km/h;W;2022-08-24;352994;5785020;MGA2020 zone 55;3805;50.6;258;335;4.01;11.11;537
-38.112595004, 145.2887990252;"{""coordinates"": [145.2887990252, -38.112595004], ""type"": ""Point""}";-38.112595004049304;145.28879902517068;Childers Street;2021;Less than 30km/h;W;2021-11-15;349986;5780310;MGA2020 zone 55;3977;22.9;876;994;4.56;13.04;552
-38.0711241641, 145.3460617844;"{""coordinates"": [145.3460617844, -38.0711241641], ""type"": ""Point""}";-38.07112416411818;145.34606178437846;Inkerman Street;2019;Between 40km/h and 50km/h;W;2019-08-26;354924;5785003;MGA2020 zone 55;3806;41.4;154;191;1.6;12.62;588
-38.019944634, 145.2791637497;"{""coordinates"": [145.2791637497, -38.019944634], ""type"": ""Point""}";-38.01994463399509;145.2791637497355;Rimfire Drive;2018;Between 40km/h and 50km/h;W;2018-08-15;348951;5790576;MGA2020 zone 55;3803;48.0;376;441;23.7;12.02;601
-38.0233672805, 145.2516655497;"{""coordinates"": [145.2516655497, -38.0233672805], ""type"": ""Point""}";-38.02336728051041;145.2516655497104;Oaktree Drive;2019;Between 50km/h and 60km/h;W;2019-03-20;346544;5790151;MGA2020 zone 55;3976;56.0;594;845;5.3;8.17;623
-38.0348816004, 145.3199833402;"{""coordinates"": [145.3199833402, -38.0348816004], ""type"": ""Point""}";-38.03488160042887;145.31998334024982;Darling Way;2019;Between 50km/h and 60km/h;W;2019-03-14;352564;5788984;MGA2020 zone 55;3805;57.7;1259;1715;6.71;9.33;630
-37.9965812841, 145.2366267107;"{""coordinates"": [145.2366267107, -37.9965812841], ""type"": ""Point""}";-37.996581284108814;145.23662671070792;Oleander Street;2019;Between 40km/h and 50km/h;W;2019-02-14;345167;5793098;MGA2020 zone 55;3177;46.0;136;191;7.2;8.38;634
-38.0241047864, 145.3291854018;"{""coordinates"": [145.3291854018, -38.0241047864], ""type"": ""Point""}";-38.024104786355785;145.32918540176047;Avebury Drive;2018;Between 50km/h and 60km/h;W;2018-06-23;353350;5790194;MGA2020 zone 55;3806;59.2;1271;1573;4.52;9.54;646
-38.1014465409, 145.2888271438;"{""coordinates"": [145.2888271438, -38.1014465409], ""type"": ""Point""}";-38.10144654092506;145.28882714379978;Loch Street;2018;Between 50km/h and 60km/h;W;2018-11-14;349965;5781547;MGA2020 zone 55;3977;55.3;0;813;3.3;10.5;663
-38.1013021616, 145.3112070435;"{""coordinates"": [145.3112070435, -38.1013021616], ""type"": ""Point""}";-38.1013021616075;145.3112070435482;Casey Fields Boulevard;2019;Between 50km/h and 60km/h;W;2019-09-20;351928;5781599;MGA2020 zone 55;3977;58.2;2942;3797;3.73;14.12;686
-38.0290419767, 145.3008317621;"{""coordinates"": [145.3008317621, -38.0290419767], ""type"": ""Point""}";-38.02904197672186;145.30083176205733;Centre Road - Narre Warren;2019;Between 40km/h and 50km/h;W;2019-05-29;350871;5789601;MGA2020 zone 55;3805;48.0;1481;2064;7.8;11.53;687
-38.073877198, 145.3302243393;"{""coordinates"": [145.3302243393, -38.073877198], ""type"": ""Point""}";-38.07387719798509;145.33022433925535;Glasscocks Road;2019;More than 60km/h;W;2019-08-27;353540;5784673;MGA2020 zone 55;3977;69.1;9036;11877;2.8;9.17;698
-37.955555015, 145.2500985841;"{""coordinates"": [145.2500985841, -37.955555015], ""type"": ""Point""}";-37.95555501500598;145.25009858411102;Power Road;2020;More than 60km/h;W;2020-07-14;346265;5797673;MGA2020 zone 55;3802;82.8;4707;5764;3.98;11.57;710
-38.0272502576, 145.3113128549;"{""coordinates"": [145.3113128549, -38.0272502576], ""type"": ""Point""}";-38.0272502576363;145.3113128549159;Princes Highway Serv. Rd;2018;Between 50km/h and 60km/h;W;2018-03-02;351787;5789817;MGA2020 zone 55;3805;55.1;465;535;2.89;14.21;711
-38.0277949434, 145.3160469107;"{""coordinates"": [145.3160469107, -38.0277949434], ""type"": ""Point""}";-38.02779494337698;145.31604691068233;Princes Highway Serv. Rd;2018;Between 50km/h and 60km/h;W;2018-03-02;352204;5789764;MGA2020 zone 55;3805;50.8;403;467;5.03;16.06;712
-38.0634767448, 145.3418500268;"{""coordinates"": [145.3418500268, -38.0634767448], ""type"": ""Point""}";-38.0634767448418;145.34185002677754;Cresthaven Boulevard;2019;Between 50km/h and 60km/h;W;2019-02-23;354540;5785845;MGA2020 zone 55;3806;55.3;4189;4951;3.46;14.74;723
-38.1016527376, 145.2577325906;"{""coordinates"": [145.2577325906, -38.1016527376], ""type"": ""Point""}";-38.1016527375623;145.25773259055828;Jacinta Drive;2020;Between 40km/h and 50km/h;W;2020-02-13;347239;5781474;MGA2020 zone 55;3977;42.1;274;362;2.2;10.22;743
-38.1690915137, 145.2953128744;"{""coordinates"": [145.2953128744, -38.1690915137], ""type"": ""Point""}";-38.16909151372835;145.29531287442398;Stanley Road Devon Meadows;2019;More than 60km/h;W;2019-03-20;350672;5774052;MGA2020 zone 55;3977;61.0;86;104;7.6;17.31;749
-37.9838532002, 145.2747602859;"{""coordinates"": [145.2747602859, -37.9838532002], ""type"": ""Point""}";-37.983853200181954;145.27476028589504;Conran Avenue;2018;Between 50km/h and 60km/h;W;2018-07-10;348490;5794573;MGA2020 zone 55;3802;56.0;600;731;6.3;15.0;758
-38.1464975197, 145.292668537;"{""coordinates"": [145.292668537, -38.1464975197], ""type"": ""Point""}";-38.146497519694556;145.29266853699045;Craig Road  Devon Meadows;2019;More than 60km/h;W;2019-05-16;350394;5776555;MGA2020 zone 55;3977;77.0;4918;5983;9.6;10.76;759
-38.1191172668, 145.3021321947;"{""coordinates"": [145.3021321947, -38.1191172668], ""type"": ""Point""}";-38.11911726684836;145.3021321947011;Elmslie Drive;2018;Between 50km/h and 60km/h;W;2018-05-10;351168;5779608;MGA2020 zone 55;3977;59.1;1362;1757;5.59;10.59;764
-38.072600659, 145.2427107288;"{""coordinates"": [145.2427107288, -38.072600659], ""type"": ""Point""}";-38.072600659044156;145.242710728815;Freshwater Blvd;2018;Between 50km/h and 60km/h;W;2018-05-08;345861;5784673;MGA2020 zone 55;3975;51.9;1801;2255;7.04;12.6;769
-38.2119323255, 145.3070184236;"{""coordinates"": [145.3070184236, -38.2119323255], ""type"": ""Point""}";-38.21193232548044;145.30701842355376;Glenalva Parade;2018;Between 40km/h and 50km/h;W;2018-08-16;351784;5769316;MGA2020 zone 55;3977;41.0;97;116;15.8;10.34;783
-38.1101182525, 145.3110005356;"{""coordinates"": [145.3110005356, -38.1101182525], ""type"": ""Point""}";-38.11011825246916;145.31100053559703;Heather Grove;2019;More than 60km/h;W;2019-11-12;351927;5780621;MGA2020 zone 55;3977;66.9;2308;2833;12.13;20.05;792
-38.1441530747, 145.2904964354;"{""coordinates"": [145.2904964354, -38.1441530747], ""type"": ""Point""}";-38.14415307466863;145.2904964354198;Homevale Drive;2019;Between 40km/h and 50km/h;W;2019-02-26;350199;5776811;MGA2020 zone 55;3977;42.6;465;608;9.65;9.7;793
-38.0677048518, 145.3495176664;"{""coordinates"": [145.3495176664, -38.0677048518], ""type"": ""Point""}";-38.067704851829085;145.34951766635524;Bridgewater Blvd;2021;Between 50km/h and 60km/h;W;2021-04-09;355221;5785388;MGA2020 zone 55;3806;57.7;2234;2687;8.2;16.1;882
-37.9921050015, 145.2440960263;"{""coordinates"": [145.2440960263, -37.9921050015], ""type"": ""Point""}";-37.99210500149848;145.2440960262986;Ash Street;2022;Between 30km/h and 40km/h;W;2022-02-22;345814;5793607;MGA2020 zone 55;3177;36.0;233;303;3.29;10.87;896
-38.0137867149, 145.2920159452;"{""coordinates"": [145.2920159452, -38.0137867149], ""type"": ""Point""}";-38.01378671486125;145.2920159451539;Fountain Drive;2018;Between 50km/h and 60km/h;W;2018-03-02;350066;5791280;MGA2020 zone 55;3805;55.1;1255;1658;9.17;11.76;4
-38.0695362646, 145.2759627113;"{""coordinates"": [145.2759627113, -38.0695362646], ""type"": ""Point""}";-38.06953626458936;145.27596271126788;Lawless Drive;2019;Between 50km/h and 60km/h;W;2019-05-22;348772;5785068;MGA2020 zone 55;3977;53.0;437;560;4.3;8.93;24
-37.9894372714, 145.2562073298;"{""coordinates"": [145.2562073298, -37.9894372714], ""type"": ""Point""}";-37.98943727138039;145.25620732978928;Ravenhill Crescent;2018;Between 50km/h and 60km/h;W;2018-06-23;346872;5793923;MGA2020 zone 55;3802;51.2;1069;1498;3.13;9.28;42
-38.0668712339, 145.3054604761;"{""coordinates"": [145.3054604761, -38.0668712339], ""type"": ""Point""}";-38.06687123385844;145.30546047613865;Galloway Drive;2018;Between 50km/h and 60km/h;W;2018-05-09;351354;5785411;MGA2020 zone 55;3805;53.0;4196;5319;2.8;12.39;58
-37.9769491873, 145.2686528811;"{""coordinates"": [145.2686528811, -37.9769491873], ""type"": ""Point""}";-37.97694918733781;145.2686528810969;Lawson Way;2019;Between 50km/h and 60km/h;W;2019-05-30;347939;5795330;MGA2020 zone 55;3802;55.9;514;682;1.8;8.06;101
-37.9878526269, 145.2578364601;"{""coordinates"": [145.2578364601, -37.9878526269], ""type"": ""Point""}";-37.98785262693574;145.2578364600943;James Cook Drive;2019;Between 50km/h and 60km/h;W;2019-03-13;347012;5794102;MGA2020 zone 55;3802;57.0;4489;5828;4.94;10.45;105
-38.0650697292, 145.3068970824;"{""coordinates"": [145.3068970824, -38.0650697292], ""type"": ""Point""}";-38.065069729159625;145.30689708236807;The Promenade;2018;Between 40km/h and 50km/h;W;2018-05-17;351476;5785613;MGA2020 zone 55;3805;42.0;1343;1569;4.3;24.73;117
-38.0525876183, 145.3546189877;"{""coordinates"": [145.3546189877, -38.0525876183], ""type"": ""Point""}";-38.052587618314504;145.35461898773295;Constitution Rise;2018;Between 30km/h and 40km/h;7-DAY;2018-03-02;355638;5787073;MGA2020 zone 55;3806;39.8;241;297;3.22;62.96;127
-38.0799348455, 145.3192995091;"{""coordinates"": [145.3192995091, -38.0799348455], ""type"": ""Point""}";-38.07993484550913;145.31929950909208;Chantenary Parade;2018;Between 50km/h and 60km/h;W;2018-11-13;352594;5783983;MGA2020 zone 55;3977;53.4;866;1176;4.08;10.54;162
-37.958575715, 145.265940258;"{""coordinates"": [145.265940258, -37.958575715], ""type"": ""Point""}";-37.9585757149864;145.26594025802652;Churchill Park Drive;2019;More than 60km/h;W;2019-09-02;347663;5797364;MGA2020 zone 55;3802;73.9;2675;3285;2.0;14.56;167
-38.0350787664, 145.3389226035;"{""coordinates"": [145.3389226035, -38.0350787664], ""type"": ""Point""}";-38.035078766413704;145.3389226035204;Jane Street;2021;Between 50km/h and 60km/h;W;2021-03-24;354226;5788992;MGA2020 zone 55;3806;51.8;329;429;6.1;9.5;235
-38.0541628929, 145.3562542759;"{""coordinates"": [145.3562542759, -38.0541628929], ""type"": ""Point""}";-38.054162892927465;145.35625427591384;Chirnside Road;2021;Between 50km/h and 60km/h;W;2021-03-23;355785;5786901;MGA2020 zone 55;3806;50.7;2514;3074;8.2;12.4;245
-38.0686731718, 145.2590446215;"{""coordinates"": [145.2590446215, -38.0686731718], ""type"": ""Point""}";-38.06867317182268;145.25904462147832;Bushman Way;2021;Between 40km/h and 50km/h;W;2021-03-26;347286;5785136;MGA2020 zone 55;3975;47.2;378;535;4.1;10.56;252
-37.9996720027, 145.2677740215;"{""coordinates"": [145.2677740215, -37.9996720027], ""type"": ""Point""}";-37.99967200270549;145.26777402147025;Kilberry Crescent;2022;Between 40km/h and 50km/h;W;2022-02-22;347909;5792807;MGA2020 zone 55;3803;49.1;329;456;6.78;8.82;258
-38.0767840033, 145.248619031;"{""coordinates"": [145.248619031, -38.0767840033], ""type"": ""Point""}";-38.07678400328341;145.24861903099952;Rymada Street;2022;Between 30km/h and 40km/h;W;2022-02-22;346388;5784218;MGA2020 zone 55;3975;35.7;1176;1436;2.52;10.57;284
-38.0310110036, 145.3480150299;"{""coordinates"": [145.3480150299, -38.0310110036], ""type"": ""Point""}";-38.03101100362306;145.34801502989015;Wheeler Street;2022;Between 30km/h and 40km/h;W;2022-02-22;355016;5789457;MGA2020 zone 55;3806;39.5;5988;7658;4.94;7.72;330
-38.0747740038, 145.2957270237;"{""coordinates"": [145.2957270237, -38.0747740038], ""type"": ""Point""}";-38.07477400381658;145.29572702368384;Bronson Circuit;2022;Between 30km/h and 40km/h;W;2022-02-22;350516;5784518;MGA2020 zone 55;3977;35.4;192;250;4.52;9.77;392
-38.0855370052, 145.274604996;"{""coordinates"": [145.274604996, -38.0855370052], ""type"": ""Point""}";-38.08553700520359;145.27460499597984;Marylyn Place;2022;Between 40km/h and 50km/h;W;2022-05-20;348686;5783290;MGA2020 zone 55;3977;48.5;150;200;7.15;10.89;463
-38.0015730022, 145.258027029;"{""coordinates"": [145.258027029, -38.0015730022], ""type"": ""Point""}";-38.00157300219774;145.25802702903775;Harmer Road;2022;Between 40km/h and 50km/h;W;2022-08-24;347057;5792580;MGA2020 zone 55;3803;47.5;2689;3310;3.86;10.01;522
-38.2133520027, 145.3807220213;"{""coordinates"": [145.3807220213, -38.2133520027], ""type"": ""Point""}";-38.2133520026795;145.3807220212693;South Gippsland Highway (Service Road);2022;Between 30km/h and 40km/h;W;2022-08-24;358240;5769274;MGA2020 zone 55;3980;30.6;398;438;8.13;9.44;539
-38.1166890023, 145.3439110415;"{""coordinates"": [145.3439110415, -38.1166890023], ""type"": ""Point""}";-38.11668900227659;145.34391104151118;Bundaleer Lane;2022;Less than 30km/h;W;2022-08-24;354826;5779944;MGA2020 zone 55;3978;23.7;140;176;6.36;15.05;542
-38.1166210023, 145.3447270418;"{""coordinates"": [145.3447270418, -38.1166210023], ""type"": ""Point""}";-38.116621002256956;145.34472704179552;Delamere Lane;2022;Less than 30km/h;W;2022-08-24;354897;5779952;MGA2020 zone 55;3978;21.1;10;11;3.26;16.67;543
-38.1090140038, 145.2856390284;"{""coordinates"": [145.2856390284, -38.1090140038], ""type"": ""Point""}";-38.10901400379356;145.28563902842006;Codrington Street;2021;Between 40km/h and 50km/h;W;2021-11-15;349701;5780703;MGA2020 zone 55;3977;46.7;2141;2301;10.58;11.43;556
-38.1100490044, 145.2888160305;"{""coordinates"": [145.2888160305, -38.1100490044], ""type"": ""Point""}";-38.11004900438945;145.2888160304837;Lyall Street;2021;Between 40km/h and 50km/h;W;2021-11-15;349982;5780593;MGA2020 zone 55;3977;42.7;1108;1295;2.22;11.7;559
-38.1129390036, 145.287436022;"{""coordinates"": [145.287436022, -38.1129390036], ""type"": ""Point""}";-38.112939003593866;145.2874360219671;Russell Street;2021;More than 60km/h;W;2021-11-15;349867;5780270;MGA2020 zone 55;3977;60.1;1067;1214;3.82;13.79;561
-38.1093390043, 145.2879720308;"{""coordinates"": [145.2879720308, -38.1093390043], ""type"": ""Point""}";-38.10933900428352;145.2879720308032;Russell Street;2021;Between 30km/h and 40km/h;W;2021-11-15;349907;5780670;MGA2020 zone 55;3977;36.4;1145;1271;5.8;17.13;563
-38.17714, 145.2903041;"{""coordinates"": [145.2903041, -38.17714], ""type"": ""Point""}";-38.177139999996164;145.29030409999726;North Road;2024;More than 60km/h;W;2024-10-23;350250;5773150;MGA2020 zone 55;3977;84.8;4319;5328;6.4;10.7;1513
-38.222795, 145.309525;"{""coordinates"": [145.309525, -38.222795], ""type"": ""Point""}";-38.22279499999619;145.3095249999974;Rigby St;2024;Between 30km/h and 40km/h;W;2024-07-23;352026;5768115;MGA2020 zone 55;3980;32.3;70;86;2.6;12.8;1517
-38.007047, 145.37829;"{""coordinates"": [145.37829, -38.007047], ""type"": ""Point""}";-38.00704699999646;145.3782899999978;Sewell Dr;2024;Between 30km/h and 40km/h;W;2024-07-23;357627;5792163;MGA2020 zone 55;3806;31.8;19;23;23.3;13.0;1524
-38.20736, 145.375178;"{""coordinates"": [145.375178, -38.20736], ""type"": ""Point""}";-38.20735999999635;145.3751779999978;Sgh Service Rd;2024;Less than 30km/h;W;2024-08-01;357743;5769931;MGA2020 zone 55;3980;26.3;29;36;6.6;13.9;1525
-38.0631974, 145.3099331;"{""coordinates"": [145.3099331, -38.0631974], ""type"": ""Point""}";-38.063197399996255;145.3099330999974;The Promenade;2024;Between 40km/h and 50km/h;W;2024-10-22;351739;5785826;MGA2020 zone 55;3805;48.9;2580;3140;12.6;12.7;1533
-37.9805011372, 145.3163281431;"{""coordinates"": [145.3163281431, -37.9805011372], ""type"": ""Point""}";-37.98050113715347;145.31632814314494;Main Street;2022;Between 40km/h and 50km/h;W;2022-11-05;352134;5795012;MGA2020 zone 55;3804;47.9;2277;2598;6.35;12.51;1050
-38.0268021357, 145.3327291512;"{""coordinates"": [145.3327291512, -38.0268021357], ""type"": ""Point""}";-38.02680213572178;145.33272915117183;William Road;2023;Between 50km/h and 60km/h;W;2023-02-07;353666;5789900;MGA2020 zone 55;3806;51.3;2514;3202;4.08;8.75;1053
-37.9811161416, 145.251883132;"{""coordinates"": [145.251883132, -37.9811161416], ""type"": ""Point""}";-37.98111614163946;145.25188313197293;Daniel Solander Drive;2023;Between 40km/h and 50km/h;W;2023-02-07;346475;5794840;MGA2020 zone 55;3802;47.4;1715;2077;4.89;10.61;1073
-37.9712121424, 145.2425001292;"{""coordinates"": [145.2425001292, -37.9712121424], ""type"": ""Point""}";-37.97121214235301;145.24250012923744;Power Road;2023;More than 60km/h;W;2023-02-07;345630;5795923;MGA2020 zone 55;3802;61.8;7511;9751;4.5;9.87;1078
-38.0319021394, 145.2802091426;"{""coordinates"": [145.2802091426, -38.0319021394], ""type"": ""Point""}";-38.03190213935417;145.28020914256464;Kilberry Boulevard;2023;Between 50km/h and 60km/h;W;2023-02-07;349067;5789250;MGA2020 zone 55;3976;55.3;2865;3942;2.98;8.82;1083
-38.0348641406, 145.2615881396;"{""coordinates"": [145.2615881396, -38.0348641406], ""type"": ""Point""}";-38.0348641406322;145.2615881396398;Fordholm Road;2023;Between 40km/h and 50km/h;W;2023-02-07;347439;5788891;MGA2020 zone 55;3976;48.5;3445;4268;4.98;9.48;1086
-37.9959641381, 145.3013321423;"{""coordinates"": [145.3013321423, -37.9959641381], ""type"": ""Point""}";-37.99596413810409;145.3013321422514;Ernst Wanke Road;2023;More than 60km/h;W;2023-02-07;350848;5793272;MGA2020 zone 55;3805;69.8;6340;8463;4.18;8.41;1097
-38.0832771382, 145.2922351504;"{""coordinates"": [145.2922351504, -38.0832771382], ""type"": ""Point""}";-38.08327713819902;145.2922351503945;Rapallo Way;2023;Between 50km/h and 60km/h;W;2023-05-10;350227;5783569;MGA2020 zone 55;3977;51.1;513;647;12.14;11.46;1109
-38.0300531368, 145.3163461487;"{""coordinates"": [145.3163461487, -38.0300531368], ""type"": ""Point""}";-38.03005313684582;145.31634614867284;Richardson Street;2023;More than 60km/h;W;2023-05-10;352235;5789514;MGA2020 zone 55;3805;62.4;1019;1313;15.49;10.14;1116
-38.0681141372, 145.3076161514;"{""coordinates"": [145.3076161514, -38.0681141372], ""type"": ""Point""}";-38.06811413721998;145.30761615139426;Robinswood Parade;2023;Between 50km/h and 60km/h;W;2023-05-10;351546;5785276;MGA2020 zone 55;3805;52.2;7477;9139;22.36;9.48;1137
-38.063286135, 145.3392591564;"{""coordinates"": [145.3392591564, -38.063286135], ""type"": ""Point""}";-38.06328613504006;145.3392591563902;Cresthaven Boulevard;2023;Between 40km/h and 50km/h;W;2023-07-26;354312;5785862;MGA2020 zone 55;3806;41.5;6860;8229;4.06;9.52;1165
-38.06888, 145.340236;"{""coordinates"": [145.340236, -38.06888], ""type"": ""Point""}";-38.06887999999635;145.3402359999976;Meadowlands Way;2023;Between 50km/h and 60km/h;W;2023-10-22;354409;5785243;MGA2020 zone 55;3806;54.1;1666;2079;6.06;314.0;1214
-38.074131, 145.356159;"{""coordinates"": [145.356159, -38.074131], ""type"": ""Point""}";-38.07413099999637;145.3561589999977;Fernwren Drive;2023;Between 50km/h and 60km/h;W;2023-10-22;355816;5784685;MGA2020 zone 55;3806;51.2;1153;1470;3.02;158.0;1217
-38.072686, 145.360586;"{""coordinates"": [145.360586, -38.072686], ""type"": ""Point""}";-38.072685999996374;145.36058599999777;Soho Boulevard;2023;Between 50km/h and 60km/h;W;2023-10-22;356201;5784852;MGA2020 zone 55;3806;51.2;3316;4145;4.73;450.0;1219
-38.072509, 145.363163;"{""coordinates"": [145.363163, -38.072509], ""type"": ""Point""}";-38.07250899999637;145.3631629999977;Carnival Boulevard;2023;Between 40km/h and 50km/h;W;2023-10-22;356427;5784876;MGA2020 zone 55;3806;45.7;2833;3551;7.36;395.0;1220
-38.080552, 145.372963;"{""coordinates"": [145.372963, -38.080552], ""type"": ""Point""}";-38.08055199999639;145.3729629999978;Ferdinand Drive;2023;Between 50km/h and 60km/h;W;2023-10-22;357302;5783999;MGA2020 zone 55;3978;57.8;1667;1973;6.51;442.0;1221
-38.100208, 145.286257;"{""coordinates"": [145.286257, -38.100208], ""type"": ""Point""}";-38.10020799999619;145.28625699999722;Normanby Street;2023;Between 40km/h and 50km/h;W;2023-10-19;349738;5781681;MGA2020 zone 55;3977;48.6;642;781;2.27;99.0;1229
-38.107842, 145.285715;"{""coordinates"": [145.285715, -38.107842], ""type"": ""Point""}";-38.1078419999962;145.28571499999728;Codrington Street;2023;Between 30km/h and 40km/h;W;2023-10-19;349706;5780833;MGA2020 zone 55;3977;38.9;955;1226;2.33;146.0;1230
-38.11728, 145.298728;"{""coordinates"": [145.298728, -38.11728], ""type"": ""Point""}";-38.11727999999623;145.2987279999973;Eliburn Drive;2023;Between 50km/h and 60km/h;W;2023-10-29;350866;5779806;MGA2020 zone 55;3977;57.7;5441;7341;3.01;657.0;1235
-38.116546, 145.24288;"{""coordinates"": [145.24288, -38.116546], ""type"": ""Point""}";-38.11654599999608;145.24287999999692;Lemon Grove;2023;Between 30km/h and 40km/h;W;2023-10-19;345968;5779797;MGA2020 zone 55;3977;33.4;67;87;3.74;13.0;1242
-38.075852, 145.31228;"{""coordinates"": [145.31228, -38.075852], ""type"": ""Point""}";-38.075851999996274;145.31227999999746;Alisma Boulevard;2024;Between 50km/h and 60km/h;W;2024-02-07;351970;5784425;MGA2020 zone 55;3977;52.8;1047;1198;5.92;539.0;1263
-38.15109, 145.300818;"{""coordinates"": [145.300818, -38.15109], ""type"": ""Point""}";-38.15108999999621;145.30081799999732;Devon Road;2024;More than 60km/h;W;2024-02-05;351118;5776058;MGA2020 zone 55;3977;75.6;536;655;10.43;96.0;1278
-38.03604, 145.253406;"{""coordinates"": [145.253406, -38.03604], ""type"": ""Point""}";-38.03603999999613;145.253405999997;Jeffrey Street;2024;More than 60km/h;W;2024-02-05;346723;5788747;MGA2020 zone 55;3976;63.2;1092;1454;2.63;165.0;1292
-38.062399, 145.257261;"{""coordinates"": [145.257261, -38.062399], ""type"": ""Point""}";-38.06239899999611;145.25726099999702;Hal Porter Terrace;2024;Between 40km/h and 50km/h;W;2024-05-12;347116;5785829;MGA2020 zone 55;3975;40.7;276;353;4.34;43.0;1344
-38.125579, 145.31984;"{""coordinates"": [145.31984, -38.125579], ""type"": ""Point""}";-38.12557899999628;145.3198399999975;Heybridge Street;2024;Between 40km/h and 50km/h;W;2024-05-12;352733;5778919;MGA2020 zone 55;3978;46.6;1002;1288;1.42;137.0;1345
-38.078546, 145.277131;"{""coordinates"": [145.277131, -38.078546], ""type"": ""Point""}";-38.07854599999617;145.27713099999718;Hoysted Avenue;2024;Between 40km/h and 50km/h;W;2024-05-12;348893;5784070;MGA2020 zone 55;3977;42.1;374;482;3.39;55.0;1347
-38.07006, 145.339377;"{""coordinates"": [145.339377, -38.07006], ""type"": ""Point""}";-38.070059999996346;145.33937699999763;Ridgemont Drive;2024;Between 40km/h and 50km/h;W;2024-05-17;354336;5785111;MGA2020 zone 55;3806;49.7;2785;3315;5.15;516.0;1364
-38.065492, 145.318488;"{""coordinates"": [145.318488, -38.065492], ""type"": ""Point""}";-38.06549199999629;145.31848799999744;Berwick Springs Promenade;2024;Between 50km/h and 60km/h;W;2024-08-21;352494;5785585;MGA2020 zone 55;3805;51.8;2691;3371;7.7;10.98;1391
-38.180347, 145.248727;"{""coordinates"": [145.248727, -38.180347], ""type"": ""Point""}";-38.18034699999605;145.248726999997;East Road;2024;Between 50km/h and 60km/h;W;2024-06-13;346615;5772727;MGA2020 zone 55;3912;54.1;42;52;27.32;11.48;1409
-38.152132, 145.308134;"{""coordinates"": [145.308134, -38.152132], ""type"": ""Point""}";-38.15213199999621;145.30813399999738;Facey Road;2024;Between 30km/h and 40km/h;W;2024-08-22;351761;5775954;MGA2020 zone 55;3977;31.6;113;125;6.53;12.78;1413
-38.180104, 145.226769;"{""coordinates"": [145.226769, -38.180104], ""type"": ""Point""}";-38.18010399999597;145.22676899999675;Favorite Hill Road;2024;Between 40km/h and 50km/h;W;2024-06-13;344691;5772717;MGA2020 zone 55;3912;44.8;36;43;12.37;11.36;1415
-38.092202, 145.251007;"{""coordinates"": [145.251007, -38.092202], ""type"": ""Point""}";-38.09220199999612;145.25100699999697;Futures Road;2024;Between 50km/h and 60km/h;W;2024-08-21;346630;5782511;MGA2020 zone 55;3977;54.8;2123;2598;8.0;10.07;1421
-38.071264, 145.294493;"{""coordinates"": [145.294493, -38.071264], ""type"": ""Point""}";-38.07126399999623;145.2944929999973;Glasscocks Road;2024;More than 60km/h;W;2024-08-21;350401;5784906;MGA2020 zone 55;3805;63.5;6774;8587;5.62;10.8;1424
-37.985673, 145.250377;"{""coordinates"": [145.250377, -37.985673], ""type"": ""Point""}";-37.98567299999615;145.25037699999694;James Cook Drive;2024;Between 50km/h and 60km/h;W;2024-08-17;346352;5794331;MGA2020 zone 55;3802;55.7;3606;4630;2.43;9.49;1442
-37.967606, 145.2539;"{""coordinates"": [145.2539, -37.967606], ""type"": ""Point""}";-37.967605999996174;145.253899999997;Kennington Park Drive;2024;Between 50km/h and 60km/h;W;2024-08-17;346624;5796342;MGA2020 zone 55;3802;51.3;2639;3221;4.07;10.65;1446
-38.01573, 145.272862;"{""coordinates"": [145.272862, -38.01573], ""type"": ""Point""}";-38.01572999999621;145.27286199999716;Keppel Drive;2024;Between 50km/h and 60km/h;W;2024-08-21;348389;5791033;MGA2020 zone 55;3803;59.0;3441;4318;8.45;10.37;1448
-38.219191, 145.316088;"{""coordinates"": [145.316088, -38.219191], ""type"": ""Point""}";-38.21919099999623;145.31608799999748;Corandirk St;2024;Less than 30km/h;W;2024-07-23;352593;5768525;MGA2020 zone 55;3980;18.9;26;33;6.3;15.2;1472
-38.190307, 145.384244;"{""coordinates"": [145.384244, -38.190307], ""type"": ""Point""}";-38.19030699999637;145.38424399999784;Mcculloch Rd;2024;Between 30km/h and 40km/h;W;2024-07-23;358504;5771837;MGA2020 zone 55;3980;31.8;9;9;6.7;22.2;1505
-38.1196643144, 145.3210111599;"{""coordinates"": [145.3210111599, -38.1196643144], ""type"": ""Point""}";-38.1196643143962;145.32101115988752;Green Gully Road Clyde;2019;Between 40km/h and 50km/h;W;2019-02-23;352824;5779577;MGA2020 zone 55;3978;47.8;1263;1741;4.53;8.9;73
-38.0019801938, 145.3383280047;"{""coordinates"": [145.3383280047, -38.0019801938], ""type"": ""Point""}";-38.00198019383624;145.3383280047451;Peak Drive Harkaway;2019;Between 50km/h and 60km/h;W;2019-03-13;354109;5792664;MGA2020 zone 55;3806;52.2;223;267;15.15;10.86;136
-38.1729253403, 145.2554257385;"{""coordinates"": [145.2554257385, -38.1729253403], ""type"": ""Point""}";-38.17292534029597;145.25542573851735;North Road Pearcedale;2019;More than 60km/h;W;2019-05-16;347186;5773561;MGA2020 zone 55;3912;83.0;4486;5478;9.8;12.78;138
-38.164728058, 145.2957426778;"{""coordinates"": [145.2957426778, -38.164728058], ""type"": ""Point""}";-38.16472805801725;145.2957426777824;Olive Road Devon Meadows;2019;Between 40km/h and 50km/h;W;2019-03-20;350701;5774536;MGA2020 zone 55;3977;48.0;156;167;5.4;11.98;139
-38.1385944067, 145.2542957572;"{""coordinates"": [145.2542957572, -38.1385944067], ""type"": ""Point""}";-38.13859440670895;145.25429575720733;Royal St Georges Chase;2021;Between 40km/h and 50km/h;W;2021-04-20;347015;5777369;MGA2020 zone 55;3977;47.0;660;813;6.9;9.19;185
-38.0763476523, 145.3609295198;"{""coordinates"": [145.3609295198, -38.0763476523], ""type"": ""Point""}";-38.07634765230942;145.3609295198175;Satsuma Avenue;2021;Between 40km/h and 50km/h;W;2021-03-23;356239;5784447;MGA2020 zone 55;3806;40.3;221;275;2.7;8.8;209
-38.0797357115, 145.3565247237;"{""coordinates"": [145.3565247237, -38.0797357115], ""type"": ""Point""}";-38.07973571152947;145.3565247236594;Manoora Avenue;2021;Between 40km/h and 50km/h;W;2021-03-23;355859;5784064;MGA2020 zone 55;3978;46.4;144;175;5.6;12.43;220
-38.011290313, 145.2940602466;"{""coordinates"": [145.2940602466, -38.011290313], ""type"": ""Point""}";-38.011290313016;145.29406024663362;Greenridge Avenue;2018;Between 50km/h and 60km/h;W;2018-03-02;350241;5791560;MGA2020 zone 55;3805;52.0;735;900;3.61;16.22;8
-38.0502132657, 145.2735725432;"{""coordinates"": [145.2735725432, -38.0502132657], ""type"": ""Point""}";-38.05021326572418;145.2735725432039;The Parkway;2019;Between 40km/h and 50km/h;W;2019-02-26;348522;5787208;MGA2020 zone 55;3976;49.3;687;1016;3.03;8.27;18
-38.089244443, 145.2652871884;"{""coordinates"": [145.2652871884, -38.089244443], ""type"": ""Point""}";-38.089244442984416;145.2652871883597;Calais Circuit;2018;Between 40km/h and 50km/h;W;2018-08-16;347876;5782863;MGA2020 zone 55;3977;49.0;1009;1336;4.2;10.11;91
-37.9757809684, 145.2461532737;"{""coordinates"": [145.2461532737, -37.9757809684], ""type"": ""Point""}";-37.975780968365015;145.24615327371987;James Cook Drive;2019;More than 60km/h;W;2019-05-17;345960;5795422;MGA2020 zone 55;3802;60.0;2708;3593;4.4;9.8;106
-38.0034895254, 145.2576766555;"{""coordinates"": [145.2576766555, -38.0034895254], ""type"": ""Point""}";-38.00348952540357;145.25767665554213;Harmer Road;2018;Between 40km/h and 50km/h;W;2018-08-10;347030;5792366;MGA2020 zone 55;3803;45.0;3514;4559;9.2;9.96;107
-38.0572491977, 145.3145199224;"{""coordinates"": [145.3145199224, -38.0572491977], ""type"": ""Point""}";-38.057249197714626;145.31451992235054;The Avenue;2018;Between 40km/h and 50km/h;W;2018-05-09;352129;5786493;MGA2020 zone 55;3805;47.0;3750;4721;4.8;9.66;131
-38.1340767976, 145.329623797;"{""coordinates"": [145.329623797, -38.1340767976], ""type"": ""Point""}";-38.13407679758156;145.3296237969807;Ballarto Road Clyde;2019;Between 50km/h and 60km/h;W;2019-02-25;353608;5777992;MGA2020 zone 55;3978;59.3;1519;1865;6.15;11.63;145
-38.0431881865, 145.248057422;"{""coordinates"": [145.248057422, -38.0431881865], ""type"": ""Point""}";-38.043188186450664;145.24805742202685;Commercial Drive;2021;Between 50km/h and 60km/h;W;2021-03-26;346269;5787945;MGA2020 zone 55;3975;53.6;1935;2530;16.5;9.1;242
-38.2106538576, 145.314806142;"{""coordinates"": [145.314806142, -38.2106538576], ""type"": ""Point""}";-38.21065385763474;145.31480614196585;Cannons Creek Road;2021;More than 60km/h;W;2021-03-23;352464;5769471;MGA2020 zone 55;3977;69.2;760;945;7.1;10.42;251
-38.0350560037, 145.2631540366;"{""coordinates"": [145.2631540366, -38.0350560037], ""type"": ""Point""}";-38.03505600366374;145.26315403664998;Fordholm Road;2022;Between 40km/h and 50km/h;W;2022-02-22;347576;5788873;MGA2020 zone 55;3976;47.6;3493;4297;4.63;11.05;271
-38.0621510029, 145.2595420232;"{""coordinates"": [145.2595420232, -38.0621510029], ""type"": ""Point""}";-38.06215100288145;145.25954202324266;Lockwood Rise;2022;Between 50km/h and 60km/h;W;2022-02-22;347316;5785860;MGA2020 zone 55;3975;52.3;1483;1926;2.82;12.84;274
-38.067303001, 145.3074080126;"{""coordinates"": [145.3074080126, -38.067303001], ""type"": ""Point""}";-38.06730300098301;145.3074080126251;Eastbourne Way;2022;Between 50km/h and 60km/h;W;2022-02-22;351526;5785366;MGA2020 zone 55;3805;50.9;763;1027;3.15;9.49;304
-37.9655820035, 145.2437510288;"{""coordinates"": [145.2437510288, -37.9655820035], ""type"": ""Point""}";-37.9655820035457;145.2437510287802;Power Road;2022;More than 60km/h;W;2022-02-22;345728;5796550;MGA2020 zone 55;3802;63.6;6300;8164;3.46;9.95;901
-38.089450041, 145.2875677776;"{""coordinates"": [145.2875677776, -38.089450041], ""type"": ""Point""}";-38.08945004098138;145.28756777756655;Majestic Boulevard;2020;Between 50km/h and 60km/h;W;2020-02-13;349830;5782877;MGA2020 zone 55;3977;50.4;3007;3755;2.3;14.7;912
-38.0378286542, 145.3603911519;"{""coordinates"": [145.3603911519, -38.0378286542], ""type"": ""Point""}";-38.03782865418089;145.36039115188726;Turner Street;2019;Between 50km/h and 60km/h;W;2019-11-12;356116;5788720;MGA2020 zone 55;3806;52.7;804;955;3.79;10.25;926
-38.0623609059, 145.3435079755;"{""coordinates"": [145.3435079755, -38.0623609059], ""type"": ""Point""}";-38.06236090587334;145.34350797552656;Skyline Way;2019;More than 60km/h;W;2019-05-21;354683;5785972;MGA2020 zone 55;3806;62.0;3564;4122;7.3;16.64;928
-38.0323712229, 145.3359021693;"{""coordinates"": [145.3359021693, -38.0323712229], ""type"": ""Point""}";-38.03237122294018;145.3359021693259;Coniston Avenue;2018;Between 50km/h and 60km/h;W;2018-05-10;353956;5789287;MGA2020 zone 55;3806;51.3;741;877;2.63;15.16;932
-37.9903117559, 145.251903971;"{""coordinates"": [145.251903971, -37.9903117559], ""type"": ""Point""}";-37.99031175588457;145.25190397102824;Sheoak Street;2018;Between 50km/h and 60km/h;W;2018-03-14;346496;5793819;MGA2020 zone 55;3177;56.4;991;1305;5.33;10.96;975
-38.0827141416, 145.2429031417;"{""coordinates"": [145.2429031417, -38.0827141416], ""type"": ""Point""}";-38.08271414163625;145.2429031416936;Whitfield Boulevard;2022;More than 60km/h;W;2022-10-21;345899;5783551;MGA2020 zone 55;3977;64.5;933;1115;39.24;9.48;1021
-38.084523141, 145.2517151434;"{""coordinates"": [145.2517151434, -38.084523141], ""type"": ""Point""}";-38.08452314101246;145.25171514343816;Volk Road;2022;More than 60km/h;W;2022-10-21;346676;5783365;MGA2020 zone 55;3977;66.7;86;116;22.88;19.74;1045
-38.0779371344, 145.3473051594;"{""coordinates"": [145.3473051594, -38.0779371344], ""type"": ""Point""}";-38.07793713438705;145.34730515943687;Lilydale Avenue;2023;Less than 30km/h;W;2023-02-07;355047;5784249;MGA2020 zone 55;3978;28.6;41;56;4.31;13.33;1062
-38.074792137, 145.3105921527;"{""coordinates"": [145.3105921527, -38.074792137], ""type"": ""Point""}";-38.0747921369711;145.3105921526606;Merrowland Avenue;2023;Between 50km/h and 60km/h;W;2023-02-07;351820;5784540;MGA2020 zone 55;3977;50.4;728;876;5.21;26.92;1069
-38.0425051405, 145.2621711406;"{""coordinates"": [145.2621711406, -38.0425051405], ""type"": ""Point""}";-38.04250514054445;145.26217114059168;Central Road;2023;Between 40km/h and 50km/h;W;2023-02-07;347506;5788044;MGA2020 zone 55;3976;44.4;980;1406;3.87;8.44;1079
-38.0362691394, 145.279830143;"{""coordinates"": [145.279830143, -38.0362691394], ""type"": ""Point""}";-38.0362691393536;145.27983014298465;Kilberry Boulevard;2023;Between 40km/h and 50km/h;W;2023-02-07;349043;5788765;MGA2020 zone 55;3976;49.7;3002;4051;4.79;10.05;1082
-38.0224297657, 145.2560724825;"{""coordinates"": [145.2560724825, -38.0224297657], ""type"": ""Point""}";-38.022429765663965;145.25607248251697;Oaktree Drive;2019;Between 30km/h and 40km/h;W;2019-03-20;346929;5790262;MGA2020 zone 55;3976;34.0;404;545;3.8;8.26;3
-38.0284020434, 145.3127135052;"{""coordinates"": [145.3127135052, -38.0284020434], ""type"": ""Point""}";-38.02840204340704;145.31271350518105;Lloyd Avenue;2018;Between 40km/h and 50km/h;W;2018-03-02;351913;5789691;MGA2020 zone 55;3805;41.5;76;92;5.37;21.74;10
-38.1059383226, 145.2562213083;"{""coordinates"": [145.2562213083, -38.1059383226], ""type"": ""Point""}";-38.1059383225574;145.25622130827864;Navarre Drive;2018;Between 50km/h and 60km/h;W;2018-03-14;347116;5780996;MGA2020 zone 55;3977;50.7;738;886;3.33;26.3;26
-38.0461394723, 145.3377472273;"{""coordinates"": [145.3377472273, -38.0461394723], ""type"": ""Point""}";-38.04613947231383;145.3377472273303;County Drive;2018;Between 50km/h and 60km/h;W;2018-03-02;354145;5787763;MGA2020 zone 55;3806;53.0;2581;3435;3.36;9.64;35
-38.0584222298, 145.3184400475;"{""coordinates"": [145.3184400475, -38.0584222298], ""type"": ""Point""}";-38.05842222984839;145.31844004753074;Ardblair Terrace;2019;Between 50km/h and 60km/h;W;2019-11-11;352476;5786369;MGA2020 zone 55;3805;53.5;1470;1879;2.32;9.95;53
-38.0678893559, 145.3056371123;"{""coordinates"": [145.3056371123, -38.0678893559], ""type"": ""Point""}";-38.067889355902274;145.30563711227683;Galloway Drive;2019;Between 40km/h and 50km/h;W;2019-05-30;351371;5785298;MGA2020 zone 55;3805;46.6;4004;4907;2.3;14.16;57
-38.1446854579, 145.2283399203;"{""coordinates"": [145.2283399203, -38.1446854579], ""type"": ""Point""}";-38.14468545787302;145.22833992031312;Browns Road Cranbourne South;2021;More than 60km/h;W;2021-03-26;344753;5776650;MGA2020 zone 55;3977;61.9;4958;6227;6.6;10.15;193
-38.1074420263, 145.3056849013;"{""coordinates"": [145.3056849013, -38.1074420263], ""type"": ""Point""}";-38.107442026270064;145.3056849012726;Stately Drive;2021;Between 50km/h and 60km/h;W;2021-03-25;351456;5780909;MGA2020 zone 55;3977;52.2;1468;1811;5.4;23.87;203
-38.1599508024, 145.2556488627;"{""coordinates"": [145.2556488627, -38.1599508024], ""type"": ""Point""}";-38.15995080238096;145.25564886270507;Scott Road;2021;More than 60km/h;W;2021-03-26;347178;5775001;MGA2020 zone 55;3977;73.8;162;202;19.0;9.1;208
-37.9998720024, 145.2602940259;"{""coordinates"": [145.2602940259, -37.9998720024], ""type"": ""Point""}";-37.999872002350145;145.26029402585584;Frawley Road;2022;Between 50km/h and 60km/h;W;2022-02-22;347252;5792772;MGA2020 zone 55;3803;52.0;6830;8615;3.9;10.52;262
-38.0292219998, 145.2934890173;"{""coordinates"": [145.2934890173, -38.0292219998], ""type"": ""Point""}";-38.029221999767074;145.29348901727826;Harold Keys Drive;2022;Between 50km/h and 60km/h;W;2022-02-22;350227;5789569;MGA2020 zone 55;3805;51.6;728;971;7.74;8.73;302
-38.023846003, 145.3478240333;"{""coordinates"": [145.3478240333, -38.023846003], ""type"": ""Point""}";-38.02384600296705;145.3478240332561;Gardiner Street;2022;Between 40km/h and 50km/h;W;2022-02-22;354985;5790252;MGA2020 zone 55;3806;49.9;2796;3306;4.54;14.35;322
-38.1680270025, 145.3627290373;"{""coordinates"": [145.3627290373, -38.1680270025], ""type"": ""Point""}";-38.16802700250466;145.36272903728073;Manks Road;2022;More than 60km/h;W;2022-02-22;356576;5774276;MGA2020 zone 55;3978;102.0;4136;5115;7.9;11.36;344
-38.1392760019, 145.3959270216;"{""coordinates"": [145.3959270216, -38.1392760019], ""type"": ""Point""}";-38.139276001886856;145.39592702163685;Pound Road;2022;More than 60km/h;W;2022-02-22;359429;5777517;MGA2020 zone 55;3978;78.0;381;453;25.45;14.24;350
-38.1157660023, 145.3471220434;"{""coordinates"": [145.3471220434, -38.1157660023], ""type"": ""Point""}";-38.11576600228578;145.34712204336256;Tuckers Road;2022;More than 60km/h;W;2022-02-22;355105;5780051;MGA2020 zone 55;3978;69.2;696;874;5.74;9.71;357
-38.0833970044, 145.3261150308;"{""coordinates"": [145.3261150308, -38.0833970044], ""type"": ""Point""}";-38.08339700442306;145.3261150308178;Dellinea Street;2022;Between 40km/h and 50km/h;W;2022-02-22;353199;5783610;MGA2020 zone 55;3977;43.6;349;425;4.13;21.81;393
-38.0894790042, 145.2691620142;"{""coordinates"": [145.2691620142, -38.0894790042], ""type"": ""Point""}";-38.08947900424505;145.26916201415403;Monahans Road;2022;Between 40km/h and 50km/h;W;2022-02-22;348216;5782843;MGA2020 zone 55;3977;48.6;1172;1540;5.69;9.54;403
-38.130090003, 145.2890170122;"{""coordinates"": [145.2890170122, -38.130090003], ""type"": ""Point""}";-38.13009000296933;145.28901701215202;Spring Road;2022;Between 40km/h and 50km/h;W;2022-02-22;350041;5778369;MGA2020 zone 55;3977;44.8;225;279;7.09;9.6;420
-38.0635130011, 145.3422570244;"{""coordinates"": [145.3422570244, -38.0635130011], ""type"": ""Point""}";-38.063513001090946;145.3422570244338;Cresthaven Boulevard;2022;Between 40km/h and 50km/h;W;2022-05-19;354575;5785842;MGA2020 zone 55;3806;49.9;6065;7272;4.97;10.69;437
-38.0989510036, 145.2719880241;"{""coordinates"": [145.2719880241, -38.0989510036], ""type"": ""Point""}";-38.09895100355243;145.2719880241411;Lamont Crescent;2022;Between 40km/h and 50km/h;W;2022-05-20;348484;5781797;MGA2020 zone 55;3977;44.3;129;154;12.81;14.21;459
-38.0213230044, 145.3535640341;"{""coordinates"": [145.3535640341, -38.0213230044], ""type"": ""Point""}";-38.021323004417034;145.35356403413724;Beaumont Road;2022;More than 60km/h;W;2022-08-24;355484;5790541;MGA2020 zone 55;3806;64.7;718;902;11.35;8.68;491
-38.1216300043, 145.2924700205;"{""coordinates"": [145.2924700205, -38.1216300043], ""type"": ""Point""}";-38.12163000433998;145.29247002046327;Annabella Street;2022;Between 50km/h and 60km/h;W;2022-08-24;350326;5779314;MGA2020 zone 55;3977;50.5;546;658;3.15;10.27;506
-38.0973230017, 145.2458930241;"{""coordinates"": [145.2458930241, -38.0973230017], ""type"": ""Point""}";-38.09732300165752;145.24589302410544;Quarters Boulevard;2022;Less than 30km/h;W;2022-08-24;346192;5781935;MGA2020 zone 55;3977;27.0;368;402;3.24;16.79;517
-38.0001050043, 145.3419770172;"{""coordinates"": [145.3419770172, -38.0001050043], ""type"": ""Point""}";-38.00010500426863;145.34197701723824;Harkaway Road;2022;More than 60km/h;W;2022-08-24;354425;5792877;MGA2020 zone 55;3806;65.2;6553;7974;9.8;10.55;526
-37.9804850052, 145.3162070311;"{""coordinates"": [145.3162070311, -37.9804850052], ""type"": ""Point""}";-37.98048500519533;145.31620703107777;Main Street;2022;Between 50km/h and 60km/h;W;2022-09-08;352123;5795014;MGA2020 zone 55;3804;50.3;2674;2939;6.65;11.67;545
-38.106868004, 145.2845380326;"{""coordinates"": [145.2845380326, -38.106868004], ""type"": ""Point""}";-38.106868003987;145.28453803258424;Brunt Street;2021;Between 40km/h and 50km/h;W;2021-11-15;349600;5780939;MGA2020 zone 55;3977;48.2;685;825;2.18;11.96;550
-38.0592302019, 145.2462045589;"{""coordinates"": [145.2462045589, -38.0592302019], ""type"": ""Point""}";-38.05923020191328;145.24620455889072;Waterbush Crescent;2019;Between 40km/h and 50km/h;W;2019-11-12;346140;5786162;MGA2020 zone 55;3975;46.7;762;969;8.25;18.75;571
-38.0299913061, 145.3105476869;"{""coordinates"": [145.3105476869, -38.0299913061], ""type"": ""Point""}";-38.02999130607242;145.31054768688892;Sweeney Drive;2019;Between 40km/h and 50km/h;W;2019-03-19;351726;5789511;MGA2020 zone 55;3805;49.0;794;998;4.0;14.23;590
-38.1354317793, 145.2563217531;"{""coordinates"": [145.2563217531, -38.1354317793], ""type"": ""Point""}";-38.135431779312405;145.25632175310935;Settlers Run;2018;Between 50km/h and 60km/h;W;2018-05-10;347186;5777723;MGA2020 zone 55;3977;51.6;2288;2850;5.58;8.53;591
-38.1244823766, 145.3055710069;"{""coordinates"": [145.3055710069, -38.1244823766], ""type"": ""Point""}";-38.12448237659094;145.30557100686778;Daws Street;2019;Between 30km/h and 40km/h;W;2019-05-22;351480;5779018;MGA2020 zone 55;3977;36.0;156;204;7.9;10.78;605
-37.9902879522, 145.3294867593;"{""coordinates"": [145.3294867593, -37.9902879522], ""type"": ""Point""}";-37.990287952204696;145.32948675926153;Aranmore Crescent;2019;Between 50km/h and 60km/h;W;2019-08-26;353309;5793947;MGA2020 zone 55;3804;52.2;144;186;0.0;12.76;642
-38.0241811505, 145.3514691247;"{""coordinates"": [145.3514691247, -38.0241811505], ""type"": ""Point""}";-38.02418115054763;145.3514691247236;Gardiner Street;2019;Between 50km/h and 60km/h;W;2019-03-13;355306;5790221;MGA2020 zone 55;3806;53.1;2692;3015;6.43;18.67;645
-38.0293757799, 145.3407166795;"{""coordinates"": [145.3407166795, -38.0293757799], ""type"": ""Point""}";-38.02937577992735;145.3407166795129;York Road;2019;Between 50km/h and 60km/h;W;2019-03-13;354373;5789627;MGA2020 zone 55;3806;55.3;452;562;4.06;10.85;649
-38.0923299571, 145.251001134;"{""coordinates"": [145.251001134, -38.0923299571], ""type"": ""Point""}";-38.092329957074504;145.25100113403778;Futures Road;2019;Between 50km/h and 60km/h;W;2019-05-17;346630;5782497;MGA2020 zone 55;3977;58.0;684;933;6.2;11.15;653
-38.0384684864, 145.2821314477;"{""coordinates"": [145.2821314477, -38.0384684864], ""type"": ""Point""}";-38.03846848642383;145.2821314476909;Laura Drive;2019;Between 50km/h and 60km/h;W;2019-05-30;349249;5788525;MGA2020 zone 55;3976;59.9;1892;2466;2.6;11.84;659
-38.2114899444, 145.3065091345;"{""coordinates"": [145.3065091345, -38.2114899444], ""type"": ""Point""}";-38.21148994441825;145.30650913452544;Currawong Grove;2018;Between 40km/h and 50km/h;W;2018-08-16;351739;5769365;MGA2020 zone 55;3977;46.0;102;121;11.8;9.92;688
-38.0052664135, 145.2966951185;"{""coordinates"": [145.2966951185, -38.0052664135], ""type"": ""Point""}";-38.005266413478545;145.29669511848022;Josephine Avenue, Nw;2019;Between 50km/h and 60km/h;W;2019-02-14;350460;5792233;MGA2020 zone 55;3805;54.0;1888;5074;2.1;16.69;699
-37.9544653008, 145.2534001012;"{""coordinates"": [145.2534001012, -37.9544653008], ""type"": ""Point""}";-37.954465300767545;145.253400101193;Churchill Park Drive;2020;More than 60km/h;W;2020-02-13;346553;5797799;MGA2020 zone 55;3156;75.2;3071;3809;1.86;12.23;817
-38.0651075613, 145.306905191;"{""coordinates"": [145.306905191, -38.0651075613], ""type"": ""Point""}";-38.06510756128126;145.30690519096882;The Promenade;2021;Between 30km/h and 40km/h;W;2021-03-24;351477;5785609;MGA2020 zone 55;3805;30.5;1194;1404;5.2;20.14;838
-38.0518374567, 145.2907246308;"{""coordinates"": [145.2907246308, -38.0518374567], ""type"": ""Point""}";-38.05183745668114;145.29072463083355;Filmer Crescent;2021;Between 40km/h and 50km/h;W;2021-03-24;350030;5787055;MGA2020 zone 55;3805;46.0;216;283;7.9;10.0;879
-38.0142205771, 145.2948497064;"{""coordinates"": [145.2948497064, -38.0142205771], ""type"": ""Point""}";-38.014220577078035;145.29484970636364;Fountain Drive;2018;Between 50km/h and 60km/h;W;2018-03-02;350316;5791236;MGA2020 zone 55;3805;56.2;1256;1695;7.31;9.85;5
-38.0638461325, 145.3226591587;"{""coordinates"": [145.3226591587, -38.0638461325], ""type"": ""Point""}";-38.0638461324841;145.32265915868723;View Park Circuit;2018;Between 40km/h and 50km/h;W;2018-03-02;352857;5785774;MGA2020 zone 55;3805;48.9;341;470;3.09;12.13;63
-38.0645155871, 145.3340797081;"{""coordinates"": [145.3340797081, -38.0645155871], ""type"": ""Point""}";-38.064515587140406;145.33407970814605;Marsh Grove;2019;Between 50km/h and 60km/h;W;2019-05-16;353860;5785718;MGA2020 zone 55;3806;59.0;969;1159;6.1;20.97;66
-38.0667353914, 145.3159139353;"{""coordinates"": [145.3159139353, -38.0667353914], ""type"": ""Point""}";-38.06673539142079;145.31591393534293;Robinswood Parade;2018;Between 50km/h and 60km/h;W;2018-05-09;352271;5785443;MGA2020 zone 55;3805;56.0;1859;2308;4.6;12.04;68
-38.0634053273, 145.3307064474;"{""coordinates"": [145.3307064474, -38.0634053273], ""type"": ""Point""}";-38.06340532730033;145.33070644739615;Moondarra Drive;2019;Between 50km/h and 60km/h;W;2019-05-16;353562;5785836;MGA2020 zone 55;3806;55.0;1173;1413;3.6;15.36;70
-38.0511422865, 145.3140689518;"{""coordinates"": [145.3140689518, -38.0511422865], ""type"": ""Point""}";-38.05114228651671;145.31406895181868;Wood Road;2019;Between 50km/h and 60km/h;W;2019-05-29;352077;5787170;MGA2020 zone 55;3805;56.0;4868;6139;4.9;11.09;96
-37.970755091, 145.2613342468;"{""coordinates"": [145.2613342468, -37.970755091], ""type"": ""Point""}";-37.97075509100649;145.26133424683772;Mossgiel Park Drive;2018;More than 60km/h;W;2018-06-23;347283;5796005;MGA2020 zone 55;3802;61.4;4700;6139;4.51;9.53;99
-38.0536259025, 145.3507924804;"{""coordinates"": [145.3507924804, -38.0536259025], ""type"": ""Point""}";-38.05362590254366;145.35079248038755;Streeton Way;2020;Between 40km/h and 50km/h;W;2020-02-13;355305;5786952;MGA2020 zone 55;3806;47.1;980;1110;2.3;41.35;121
-38.01717758, 145.2817834393;"{""coordinates"": [145.2817834393, -38.01717758], ""type"": ""Point""}";-38.01717758000433;145.28178343926592;Hinrichsen Drive;2019;Between 40km/h and 50km/h;W;2019-03-14;349175;5790887;MGA2020 zone 55;3803;48.3;1521;2029;6.1;9.76;124
-38.068931254, 145.3103132657;"{""coordinates"": [145.3103132657, -38.068931254], ""type"": ""Point""}";-38.06893125404594;145.31031326569118;The Promenade;2018;Between 40km/h and 50km/h;W;2018-05-09;351784;5785190;MGA2020 zone 55;3805;47.0;6187;7643;4.2;13.1;132
-38.0604176608, 145.2856311715;"{""coordinates"": [145.2856311715, -38.0604176608], ""type"": ""Point""}";-38.06041766075071;145.2856311714688;Sherwood Road Narre Warren South;2019;Between 40km/h and 50km/h;W;2019-03-20;349601;5786095;MGA2020 zone 55;3805;41.0;1426;1918;4.7;13.87;146
-38.1023425517, 145.2555548637;"{""coordinates"": [145.2555548637, -38.1023425517], ""type"": ""Point""}";-38.10234255171089;145.2555548636943;Duff Street;2019;More than 60km/h;W;2019-11-12;347050;5781394;MGA2020 zone 55;3977;61.4;3827;4920;3.53;10.0;171
-38.0469590014, 145.250365008;"{""coordinates"": [145.250365008, -38.0469590014], ""type"": ""Point""}";-38.04695900141218;145.25036500802298;Hutchinson Drive;2022;Between 50km/h and 60km/h;W;2022-02-22;346479;5787531;MGA2020 zone 55;3975;52.0;2735;3653;3.87;9.73;275
-38.1141960033, 145.3316440162;"{""coordinates"": [145.3316440162, -38.1141960033], ""type"": ""Point""}";-38.11419600330389;145.33164401622057;Newbridge Boulevard;2022;Between 30km/h and 40km/h;W;2022-02-22;353745;5780201;MGA2020 zone 55;3978;39.4;473;619;2.65;21.92;360
-38.1127480027, 145.338402032;"{""coordinates"": [145.338402032, -38.1127480027], ""type"": ""Point""}";-38.11274800267622;145.33840203199657;Thoroughbred Drive;2022;Between 50km/h and 60km/h;W;2022-05-19;354335;5780372;MGA2020 zone 55;3978;50.9;1995;2445;3.43;13.25;431
-38.1239410015, 145.3361200216;"{""coordinates"": [145.3361200216, -38.1239410015], ""type"": ""Point""}";-38.123941001454014;145.33612002156335;Hartleigh Street;2022;Between 50km/h and 60km/h;W;2022-05-19;354157;5779127;MGA2020 zone 55;3978;52.0;849;1044;16.06;18.54;434
-38.0499380034, 145.3158140332;"{""coordinates"": [145.3158140332, -38.0499380034], ""type"": ""Point""}";-38.04993800343238;145.31581403322454;Centre Road;2022;Between 50km/h and 60km/h;W;2022-05-19;352228;5787306;MGA2020 zone 55;3805;55.1;2560;3004;8.35;12.52;439
-38.0975160015, 145.2478330263;"{""coordinates"": [145.2478330263, -38.0975160015], ""type"": ""Point""}";-38.097516001527296;145.24783302633637;Quarters Boulevard;2022;More than 60km/h;W;2022-05-19;346363;5781917;MGA2020 zone 55;3977;60.1;600;712;9.51;13.51;444
-37.9667800039, 145.3088160359;"{""coordinates"": [145.3088160359, -37.9667800039], ""type"": ""Point""}";-37.96678000387477;145.30881603589214;Horswood Road;2022;More than 60km/h;W;2022-05-19;351446;5796523;MGA2020 zone 55;3156;68.5;1738;1829;7.35;11.5;450
-38.045155003, 145.3246680437;"{""coordinates"": [145.3246680437, -38.045155003], ""type"": ""Point""}";-38.04515500301062;145.32466804373817;Grand Arch Way;2022;Between 40km/h and 50km/h;W;2022-05-19;352995;5787851;MGA2020 zone 55;3806;45.4;281;351;4.6;10.22;454
-38.0393260043, 145.3637750197;"{""coordinates"": [145.3637750197, -38.0393260043], ""type"": ""Point""}";-38.039326004274365;145.36377501972134;Cardinia Street;2022;Between 50km/h and 60km/h;W;2022-05-20;356416;5788559;MGA2020 zone 55;3806;51.5;1228;1339;6.39;9.97;466
-38.0790660046, 145.3280730276;"{""coordinates"": [145.3280730276, -38.0790660046], ""type"": ""Point""}";-38.07906600460084;145.32807302762913;Wheelers Park Drive;2022;Between 40km/h and 50km/h;W;2022-08-24;353362;5784094;MGA2020 zone 55;3977;46.4;3953;4914;5.9;11.32;512
-38.0759630046, 145.329009027;"{""coordinates"": [145.329009027, -38.0759630046], ""type"": ""Point""}";-38.07596300455016;145.32900902699268;Wheelers Park Drive;2022;Between 50km/h and 60km/h;W;2022-08-24;353438;5784439;MGA2020 zone 55;3977;53.8;4510;5564;1.87;11.58;513
-38.1465070019, 145.2348950045;"{""coordinates"": [145.2348950045, -38.1465070019], ""type"": ""Point""}";-38.1465070019477;145.23489500450785;Browns Road;2022;More than 60km/h;W;2022-08-24;345331;5776459;MGA2020 zone 55;3977;71.9;3856;4637;10.81;13.09;515
-38.1125690029, 145.2849400184;"{""coordinates"": [145.2849400184, -38.1125690029], ""type"": ""Point""}";-38.11256900291735;145.28494001835966;Codrington Street;2021;More than 60km/h;W;2021-11-15;349647;5780307;MGA2020 zone 55;3977;72.9;1547;1742;1.93;10.69;557
-38.0663302162, 145.3425839781;"{""coordinates"": [145.3425839781, -38.0663302162], ""type"": ""Point""}";-38.06633021623424;145.3425839780832;Skyline Way;2019;Between 40km/h and 50km/h;W;2019-05-21;354610;5785530;MGA2020 zone 55;3806;48.0;1436;1691;1.7;20.52;576
-38.0666428914, 145.3406439806;"{""coordinates"": [145.3406439806, -38.0666428914], ""type"": ""Point""}";-38.066642891361894;145.3406439805755;Highvale Crescent;2019;Between 50km/h and 60km/h;W;2019-09-02;354440;5785492;MGA2020 zone 55;3806;51.5;382;458;0.9;18.31;577
-37.9582713725, 145.2614865715;"{""coordinates"": [145.2614865715, -37.9582713725], ""type"": ""Point""}";-37.95827137247614;145.26148657152066;Churchill Park Drive;2020;More than 60km/h;W;2020-07-14;347271;5797390;MGA2020 zone 55;3156;76.5;2288;2692;3.94;12.96;168
-38.0904041952, 145.2881765148;"{""coordinates"": [145.2881765148, -38.0904041952], ""type"": ""Point""}";-38.09040419520046;145.28817651477917;Cleopatra Drive;2019;Between 50km/h and 60km/h;W;2019-03-20;349886;5782772;MGA2020 zone 55;3977;54.0;3036;3838;1.6;13.89;169
-38.0175697508, 145.3314806898;"{""coordinates"": [145.3314806898, -38.0175697508], ""type"": ""Point""}";-38.01756975077872;145.33148068980222;Wembley Drive;2020;Between 30km/h and 40km/h;W;2020-02-13;353538;5790923;MGA2020 zone 55;3806;36.3;117;153;3.7;10.46;173
-38.0841555229, 145.3268556223;"{""coordinates"": [145.3268556223, -38.0841555229], ""type"": ""Point""}";-38.08415552285472;145.32685562227357;Wheelers Park Drive;2021;Between 50km/h and 60km/h;W???;2021-05-27;353265;5783527;MGA2020 zone 55;3977;54.6;3679;4636;3.54;11.19;178
-38.0507017826, 145.358415392;"{""coordinates"": [145.358415392, -38.0507017826], ""type"": ""Point""}";-38.050701782643365;145.3584153920003;Soldiers Road;2021;Between 50km/h and 60km/h;W;2021-03-26;355968;5787289;MGA2020 zone 55;3806;59.2;6180;7744;6.6;10.2;183
-38.0914787654, 145.2533146932;"{""coordinates"": [145.2533146932, -38.0914787654], ""type"": ""Point""}";-38.09147876541097;145.25331469321281;Paramount Boulevard;2021;More than 60km/h;W;2021-03-26;346831;5782596;MGA2020 zone 55;3977;60.3;1826;2219;17.6;9.82;186
-38.0653357121, 145.3433683998;"{""coordinates"": [145.3433683998, -38.0653357121], ""type"": ""Point""}";-38.06533571210831;145.34336839977806;Skyline Way;2021;Between 50km/h and 60km/h;W;2021-03-23;354676;5785641;MGA2020 zone 55;3806;50.0;1696;1972;3.6;17.94;206
-38.0771152964, 145.33069564;"{""coordinates"": [145.33069564, -38.0771152964], ""type"": ""Point""}";-38.0771152964448;145.33069563995147;Rossiter Retreat Cranbourne North;2021;Between 40km/h and 50km/h;W;2021-03-25;353588;5784314;MGA2020 zone 55;3977;45.3;445;596;5.4;10.43;211
-38.0381496285, 145.3130141105;"{""coordinates"": [145.3130141105, -38.0381496285], ""type"": ""Point""}";-38.03814962852447;145.31301411053332;Rosemont Drive;2021;Between 50km/h and 60km/h;W;2021-03-24;351959;5788610;MGA2020 zone 55;3805;55.2;437;531;7.3;10.2;212
-37.9814852413, 145.2675549262;"{""coordinates"": [145.2675549262, -37.9814852413], ""type"": ""Point""}";-37.981485241250255;145.26755492623073;John Fawkner Drive;2021;Between 50km/h and 60km/h;W;2021-03-17;347852;5794824;MGA2020 zone 55;3802;54.8;2919;3560;7.4;11.0;233
-37.9664706794, 145.2394726978;"{""coordinates"": [145.2394726978, -37.9664706794], ""type"": ""Point""}";-37.96647067935726;145.23947269780683;Essex Park Drive;2021;Between 50km/h and 60km/h;W;2021-03-17;345354;5796444;MGA2020 zone 55;3802;53.4;237;305;4.5;8.5;237
-38.1124046122, 145.2654741319;"{""coordinates"": [145.2654741319, -38.1124046122], ""type"": ""Point""}";-38.112404612234805;145.26547413188794;Cherryhills Drive;2021;Between 40km/h and 50km/h;W;2021-03-26;347940;5780293;MGA2020 zone 55;3977;40.4;2120;2696;7.2;9.13;246
-38.042238004, 145.267346036;"{""coordinates"": [145.267346036, -38.042238004], ""type"": ""Point""}";-38.04223800395327;145.26734603600713;Huntington Drive;2022;Between 50km/h and 60km/h;W;2022-02-22;347959;5788083;MGA2020 zone 55;3976;52.3;2215;3111;3.35;7.91;272
-38.0676310048, 145.3259500318;"{""coordinates"": [145.3259500318, -38.0676310048], ""type"": ""Point""}";-38.067631004834965;145.32595003177013;The Esplanade;2022;Between 40km/h and 50km/h;W;2022-02-22;353153;5785359;MGA2020 zone 55;3805;49.9;1946;2514;1.52;11.16;306
-38.0504410017, 145.3364830347;"{""coordinates"": [145.3364830347, -38.0504410017], ""type"": ""Point""}";-38.05044100173614;145.33648303465537;Centre Road;2022;Between 50km/h and 60km/h;W;2022-02-22;354043;5787283;MGA2020 zone 55;3806;59.6;7150;9188;4.22;10.03;309
-38.0325500023, 145.3395470324;"{""coordinates"": [145.3395470324, -38.0325500023], ""type"": ""Point""}";-38.032550002315965;145.3395470323834;Mansfield Street;2022;Between 50km/h and 60km/h;W;2022-02-22;354276;5789273;MGA2020 zone 55;3806;52.6;2533;3051;6.68;10.67;325
-38.0915240036, 145.3396289983;"{""coordinates"": [145.3396289983, -38.0915240036], ""type"": ""Point""}";-38.09152400360591;145.33962899827404;Gower Place;2022;Between 40km/h and 50km/h;W;2022-02-22;354400;5782729;MGA2020 zone 55;3978;48.9;485;614;11.28;8.35;351
-38.0758350042, 145.2746210212;"{""coordinates"": [145.2746210212, -38.0758350042], ""type"": ""Point""}";-38.0758350041879;145.2746210212006;Elizabeth Street;2022;Between 50km/h and 60km/h;W;2022-02-22;348667;5784366;MGA2020 zone 55;3977;51.1;482;635;5.13;10.73;394
-38.0887220042, 145.2682140156;"{""coordinates"": [145.2682140156, -38.0887220042], ""type"": ""Point""}";-38.08872200424257;145.26821401561952;Breens Road;2022;Between 50km/h and 60km/h;W;2022-02-22;348132;5782926;MGA2020 zone 55;3977;55.5;1227;1620;4.09;8.91;402
-38.1074660011, 145.2501680265;"{""coordinates"": [145.2501680265, -38.1074660011], ""type"": ""Point""}";-38.10746600110072;145.2501680265108;Strathlea Drive;2022;Between 30km/h and 40km/h;W;2022-02-22;346588;5780816;MGA2020 zone 55;3977;34.5;4693;5727;1.89;10.8;411
-38.1868920038, 145.2350560211;"{""coordinates"": [145.2350560211, -38.1868920038], ""type"": ""Point""}";-38.18689200377505;145.2350560210967;Robinsons Road;2022;More than 60km/h;W;2022-03-07;345431;5771977;MGA2020 zone 55;3912;77.6;1662;1955;6.73;12.59;422
-38.1815830039, 145.3901110301;"{""coordinates"": [145.3901110301, -38.1815830039], ""type"": ""Point""}";-38.181583003891184;145.39011103011651;Langtree Road;2022;Between 40km/h and 50km/h;W;2022-02-22;359001;5772814;MGA2020 zone 55;3980;44.3;142;167;7.57;10.4;424
-38.1001270037, 145.2732100291;"{""coordinates"": [145.2732100291, -38.1001270037], ""type"": ""Point""}";-38.10012700367519;145.27321002914582;Lamont Crescent;2022;Between 40km/h and 50km/h;W;2022-05-20;348593;5781669;MGA2020 zone 55;3977;49.7;164;200;17.39;14.51;460
-38.1266658642, 145.2353574707;"{""coordinates"": [145.2353574707, -38.1266658642], ""type"": ""Point""}";-38.12666586418926;145.23535747068976;Encore Boulevard;2021;Between 50km/h and 60km/h;W;2021-04-20;345330;5778661;MGA2020 zone 55;3977;56.0;1629;1932;13.3;9.0;831
-38.1520423022, 145.2916000199;"{""coordinates"": [145.2916000199, -38.1520423022], ""type"": ""Point""}";-38.152042302246926;145.29160001989834;Craig Road Devon Meadows;2021;More than 60km/h;W;2021-03-23;350312;5775937;MGA2020 zone 55;3977;73.2;6059;7368;4.2;9.84;832
-37.970974775, 145.2803041235;"{""coordinates"": [145.2803041235, -37.970974775], ""type"": ""Point""}";-37.970974775008315;145.28030412347388;Hallam North Road;2021;More than 60km/h;W;2021-03-17;348950;5796011;MGA2020 zone 55;3804;68.5;4916;6343;6.4;9.1;871
-38.098317865, 145.3227848648;"{""coordinates"": [145.3227848648, -38.098317865], ""type"": ""Point""}";-38.09831786504607;145.3227848648185;Goulburn Street;2021;Between 50km/h and 60km/h;W;2021-03-23;352937;5781949;MGA2020 zone 55;3977;53.3;312;429;7.8;9.4;873
-38.0599122675, 145.2584866657;"{""coordinates"": [145.2584866657, -38.0599122675], ""type"": ""Point""}";-38.059912267533655;145.25848666570624;Glenbrook Crescent;2021;Between 40km/h and 50km/h;W;2021-03-26;347219;5786107;MGA2020 zone 55;3975;44.4;83;109;7.6;10.0;875
-38.1577819709, 145.2974570019;"{""coordinates"": [145.2974570019, -38.1577819709], ""type"": ""Point""}";-38.157781970868555;145.29745700194337;Finsbury Road;2021;More than 60km/h;W;2021-03-23;350837;5775310;MGA2020 zone 55;3977;76.2;378;457;20.6;9.89;878
-38.0414134704, 145.307809557;"{""coordinates"": [145.307809557, -38.0414134704], ""type"": ""Point""}";-38.04141347040457;145.30780955700752;Player Drive;2019;Between 50km/h and 60km/h;W;2019-02-26;351509;5788240;MGA2020 zone 55;3805;50.6;887;1273;2.41;8.8;910
-38.0885081466, 145.2853401314;"{""coordinates"": [145.2853401314, -38.0885081466], ""type"": ""Point""}";-38.088508146628605;145.28534013136672;Maybush Lane;2020;Less than 30km/h;W;2020-02-13;349633;5782978;MGA2020 zone 55;3977;21.3;21;29;0.0;10.35;919
-38.1154947803, 145.3238111444;"{""coordinates"": [145.3238111444, -38.1154947803], ""type"": ""Point""}";-38.115494780282575;145.32381114444343;Selandra Boulevard;2019;Between 50km/h and 60km/h;W;2019-05-21;353061;5780045;MGA2020 zone 55;3978;53.0;1018;1313;2.8;10.21;935
-38.1152129484, 145.3378630174;"{""coordinates"": [145.3378630174, -38.1152129484], ""type"": ""Point""}";-38.115212948437346;145.33786301735378;Thoroughbred Drive;2019;Between 50km/h and 60km/h;W;2019-08-26;354292;5780098;MGA2020 zone 55;3978;50.0;1096;1414;4.6;9.87;948
-38.0573574485, 145.2961907127;"{""coordinates"": [145.2961907127, -38.0573574485], ""type"": ""Point""}";-38.05735744846996;145.29619071273706;Baringa Park Drive;2019;More than 60km/h;W;2019-05-30;350521;5786452;MGA2020 zone 55;3805;60.9;2139;2768;4.1;10.91;980
-38.0276257527, 145.3101557928;"{""coordinates"": [145.3101557928, -38.0276257527], ""type"": ""Point""}";-38.02762575265781;145.3101557927739;Stewart Avenue;2018;Between 40km/h and 50km/h;W;2018-03-02;351687;5789773;MGA2020 zone 55;3805;43.3;1382;1744;4.07;12.96;1000
-38.1088975587, 145.2797434021;"{""coordinates"": [145.2797434021, -38.1088975587], ""type"": ""Point""}";-38.108897558739294;145.27974340209525;Cranbourne Drive;2019;Between 40km/h and 50km/h;W;2019-05-17;349184;5780706;MGA2020 zone 55;3977;46.0;2699;3039;2.2;13.03;923
-38.042615854, 145.3072787625;"{""coordinates"": [145.3072787625, -38.042615854], ""type"": ""Point""}";-38.04261585400593;145.30727876245047;Golf Links Road;2019;More than 60km/h;W;2019-05-30;351464;5788105;MGA2020 zone 55;3805;67.8;2642;3591;2.2;9.61;943
-38.0802988679, 145.333298409;"{""coordinates"": [145.333298409, -38.0802988679], ""type"": ""Point""}";-38.08029886790525;145.33329840903133;Tamarind Road;2019;Between 40km/h and 50km/h;W;2019-05-21;353823;5783965;MGA2020 zone 55;3977;41.0;142;196;4.7;8.67;954
-38.0393436549, 145.3131303109;"{""coordinates"": [145.3131303109, -38.0393436549], ""type"": ""Point""}";-38.03934365486434;145.31313031090494;Fleetwood Drive;2018;Between 50km/h and 60km/h;W;2018-06-23;351971;5788478;MGA2020 zone 55;3805;56.2;1045;1368;9.07;9.94;969
-38.0941042032, 145.2684430316;"{""coordinates"": [145.2684430316, -38.0941042032], ""type"": ""Point""}";-38.09410420319001;145.26844303160584;Monahans Road;2019;Between 50km/h and 60km/h;W;2019-08-26;348163;5782329;MGA2020 zone 55;3977;50.5;1805;2317;1.3;10.21;1003
-38.1433121405, 145.2542321504;"{""coordinates"": [145.2542321504, -38.1433121405], ""type"": ""Point""}";-38.14331214047505;145.2542321504297;Lotus Drive;2022;Between 40km/h and 50km/h;W;2022-10-21;347019;5776845;MGA2020 zone 55;3977;49.5;78;95;12.44;13.89;1011
-38.026813137, 145.314714148;"{""coordinates"": [145.314714148, -38.026813137], ""type"": ""Point""}";-38.026813136979754;145.3147141480262;Don Bosco Drive;2022;Less than 30km/h;W;2022-10-21;352085;5789871;MGA2020 zone 55;3805;26.2;424;465;32.78;21.18;1015
-38.1054981369, 145.3090041558;"{""coordinates"": [145.3090041558, -38.1054981369], ""type"": ""Point""}";-38.105498136892436;145.30900415581294;Fable Way;2022;Between 40km/h and 50km/h;W;2022-10-21;351743;5781130;MGA2020 zone 55;3977;49.6;158;201;13.06;19.65;1024
-38.0469301385, 145.2906751461;"{""coordinates"": [145.2906751461, -38.0469301385], ""type"": ""Point""}";-38.046930138532126;145.29067514606822;Amberly Park Drive;2022;Between 50km/h and 60km/h;W;2022-10-21;350016;5787600;MGA2020 zone 55;3805;58.8;2415;3092;9.53;14.63;1034
-38.0817751331, 145.365256163;"{""coordinates"": [145.365256163, -38.0817751331], ""type"": ""Point""}";-38.08177513310736;145.36525616300798;Skylark Boulevard;2023;Between 50km/h and 60km/h;W;2023-05-10;356629;5783851;MGA2020 zone 55;3978;58.4;4230;5125;20.01;14.5;1119
-38.0588941368, 145.3140881515;"{""coordinates"": [145.3140881515, -38.0588941368], ""type"": ""Point""}";-38.05889413682526;145.31408815149706;The Avenue;2023;Between 50km/h and 60km/h;W;2023-05-10;352095;5786310;MGA2020 zone 55;3805;54.6;2283;3018;14.64;9.52;1133
-38.1023511399, 145.2659761479;"{""coordinates"": [145.2659761479, -38.1023511399], ""type"": ""Point""}";-38.10235113991037;145.26597614792232;Duff Street;2023;Between 40km/h and 50km/h;W;2023-07-30;347964;5781410;MGA2020 zone 55;3977;41.5;5920;7326;1.95;9.33;1177
-38.0719391367, 145.314622153;"{""coordinates"": [145.314622153, -38.0719391367], ""type"": ""Point""}";-38.07193913670745;145.3146221530472;Glasscocks Road;2023;More than 60km/h;W;2023-07-26;352168;5784863;MGA2020 zone 55;3805;70.5;7455;9105;3.85;10.49;1182
-37.9627471407, 145.2673351326;"{""coordinates"": [145.2673351326, -37.9627471407], ""type"": ""Point""}";-37.96274714067816;145.2673351326282;Shetland Street;2023;Between 50km/h and 60km/h;W;2023-07-26;347794;5796903;MGA2020 zone 55;3802;55.5;779;1002;8.2;9.43;1192
-38.0348981416, 145.2480481373;"{""coordinates"": [145.2480481373, -38.0348981416], ""type"": ""Point""}";-38.03489814157373;145.2480481372767;Robjant Street;2023;Between 50km/h and 60km/h;W;2023-07-26;346250;5788865;MGA2020 zone 55;3976;54.2;592;783;4.18;10.92;1199
-38.0547681368, 145.3142861511;"{""coordinates"": [145.3142861511, -38.0547681368], ""type"": ""Point""}";-38.05476813683692;145.31428615107103;Wood Road;2023;Between 50km/h and 60km/h;W;2023-07-26;352104;5786768;MGA2020 zone 55;3805;52.0;4119;5168;6.76;10.51;1207
-38.145619, 145.22876;"{""coordinates"": [145.22876, -38.145619], ""type"": ""Point""}";-38.14561899999602;145.2287599999968;Browns Road;2023;Between 40km/h and 50km/h;W;2023-10-19;344792;5776547;MGA2020 zone 55;3977;47.5;1976;2377;6.15;397.0;1238
-37.974779, 145.274275;"{""coordinates"": [145.274275, -37.974779], ""type"": ""Point""}";-37.97477899999624;145.27427499999712;Reema Boulevard;2023;Between 40km/h and 50km/h;W;2023-10-25;348428;5795579;MGA2020 zone 55;3802;45.1;1536;1764;6.92;449.0;1247
-38.081181, 145.324013;"{""coordinates"": [145.324013, -38.081181], ""type"": ""Point""}";-38.08118099999631;145.32401299999748;Autumn Fields Drive;2024;Between 40km/h and 50km/h;W;2024-05-26;353010;5783852;MGA2020 zone 55;3977;46.3;507;578;3.89;219.0;1321
-38.053858, 145.329974;"{""coordinates"": [145.329974, -38.053858], ""type"": ""Point""}";-38.05385799999633;145.32997399999755;Bellevue Drive;2024;Between 40km/h and 50km/h;W;2024-05-17;353478;5786894;MGA2020 zone 55;3806;44.5;1622;1956;4.02;288.0;1322
-38.018248, 145.291607;"{""coordinates"": [145.291607, -38.018248], ""type"": ""Point""}";-38.018247999996255;145.29160699999727;Springfield Drive;2024;Between 50km/h and 60km/h;W;2024-05-17;350039;5790784;MGA2020 zone 55;3805;50.2;550;684;2.49;68.0;1374
-38.036877, 145.309222;"{""coordinates"": [145.309222, -38.036877], ""type"": ""Point""}";-38.036876999996274;145.3092219999974;Wesley Drive;2024;Between 40km/h and 50km/h;W;2024-05-17;351623;5788745;MGA2020 zone 55;3805;42.7;286;371;5.31;33.0;1383
-38.123426, 145.244178;"{""coordinates"": [145.244178, -38.123426], ""type"": ""Point""}";-38.12342599999606;145.2441779999969;Ballarto Road;2024;More than 60km/h;W;2024-08-21;346096;5779035;MGA2020 zone 55;3977;72.6;2795;3426;8.72;9.92;1390
-38.212222, 145.343692;"{""coordinates"": [145.343692, -38.212222], ""type"": ""Point""}";-38.21222199999627;145.34369199999762;Blind Bight Road;2024;Between 50km/h and 60km/h;W;2024-08-22;354996;5769342;MGA2020 zone 55;3980;57.7;750;896;8.62;11.57;1393
-38.128747, 145.321651;"{""coordinates"": [145.321651, -38.128747], ""type"": ""Point""}";-38.12874699999628;145.3216509999975;Bona Vista Rise;2024;Between 40km/h and 50km/h;W;2024-08-29;352898;5778571;MGA2020 zone 55;3978;48.6;478;602;6.88;11.86;1394
-37.972545, 145.362873;"{""coordinates"": [145.362873, -37.972545], ""type"": ""Point""}";-37.972544999996416;145.36287299999773;Boundary Road;2024;More than 60km/h;W;2024-08-17;356206;5795968;MGA2020 zone 55;3804;64.8;2185;2554;4.41;11.91;1396
-38.04872, 145.359645;"{""coordinates"": [145.359645, -38.04872], ""type"": ""Point""}";-38.0487199999964;145.35964499999773;Bryn Mawr Boulevard;2024;More than 60km/h;W;2024-08-17;356072;5787510;MGA2020 zone 55;3806;65.9;7875;9198;2.93;12.32;1397
-38.135991, 145.233516;"{""coordinates"": [145.233516, -38.135991], ""type"": ""Point""}";-38.13599099999602;145.23351599999683;Carr-Boyd Road;2024;Between 40km/h and 50km/h;W;2024-06-13;345188;5777623;MGA2020 zone 55;3977;49.7;84;97;5.71;11.11;1399
-38.209436, 145.346614;"{""coordinates"": [145.346614, -38.209436], ""type"": ""Point""}";-38.209435999996266;145.34661399999763;Goolagong Road;2024;Between 30km/h and 40km/h;W;2024-06-13;355246;5769656;MGA2020 zone 55;3980;35.4;18;22;17.42;12.0;1427
-37.987839, 145.268776;"{""coordinates"": [145.268776, -37.987839], ""type"": ""Point""}";-37.987838999996214;145.26877599999713;James Cook Drive;2024;More than 60km/h;W;2024-08-17;347972;5794121;MGA2020 zone 55;3802;62.8;3726;4565;5.19;10.61;1441
-38.125895, 145.306567;"{""coordinates"": [145.306567, -38.125895], ""type"": ""Point""}";-38.12589499999624;145.3065669999974;Casey Fields Boulevard;2024;Between 50km/h and 60km/h;W;2024-10-23;351570;5778863;MGA2020 zone 55;3977;58.5;2676;3633;4.6;10.0;1471
-38.22136, 145.312478;"{""coordinates"": [145.312478, -38.22136], ""type"": ""Point""}";-38.22135999999619;145.3124779999974;Iluka St;2024;Less than 30km/h;W;2024-07-23;352281;5768279;MGA2020 zone 55;3980;22.1;19;21;1.2;19.0;1491
-38.18314, 145.236458;"{""coordinates"": [145.236458, -38.18314], ""type"": ""Point""}";-38.183139999996015;145.23645799999687;Lambert Rd;2024;Less than 30km/h;W;2024-07-23;345546;5772396;MGA2020 zone 55;3912;29.4;24;29;1.9;13.8;1495
-38.182215, 145.381026;"{""coordinates"": [145.381026, -38.182215], ""type"": ""Point""}";-38.18221499999637;145.3810259999978;Landale Rd;2024;Less than 30km/h;W;2024-07-23;358206;5772730;MGA2020 zone 55;3980;29.8;15;20;6.2;15.0;1496
-38.187202, 145.230167;"{""coordinates"": [145.230167, -38.187202], ""type"": ""Point""}";-38.187201999995985;145.23016699999675;Middle Rd;2024;Between 30km/h and 40km/h;W;2024-07-23;345003;5771935;MGA2020 zone 55;3912;35.8;26;31;9.4;12.9;1509
-38.212315, 145.307747;"{""coordinates"": [145.307747, -38.212315], ""type"": ""Point""}";-38.2123149999962;145.30774699999742;Peters St;2024;Less than 30km/h;W;2024-07-23;351849;5769275;MGA2020 zone 55;3977;17.2;15;11;4.3;27.3;1514
-38.224806, 145.310944;"{""coordinates"": [145.310944, -38.224806], ""type"": ""Point""}";-38.22480599999621;145.31094399999742;Rigby St;2024;Less than 30km/h;W;2024-07-23;352154;5767894;MGA2020 zone 55;3980;21.8;11;14;15.8;14.3;1518
-38.105165, 145.261363;"{""coordinates"": [145.261363, -38.105165], ""type"": ""Point""}";-38.10516499999611;145.26136299999706;Scarborough Avenue;2024;Between 40km/h and 50km/h;W;2024-10-22;347565;5781090;MGA2020 zone 55;3977;49.8;221;285;7.0;13.4;1522
-38.1004070421, 145.2787704885;"{""coordinates"": [145.2787704885, -38.1004070421], ""type"": ""Point""}";-38.10040704214003;145.2787704885229;Fairfield Street;2018;Between 40km/h and 50km/h;W;2018-06-23;349081;5781646;MGA2020 zone 55;3977;49.7;1770;2452;5.5;10.52;1010
-38.0820391345, 145.3459261597;"{""coordinates"": [145.3459261597, -38.0820391345], ""type"": ""Point""}";-38.08203913445816;145.34592615965468;Riverstone Boulevard;2022;Between 50km/h and 60km/h;W;2022-10-21;354934;5783792;MGA2020 zone 55;3978;53.0;208;269;15.32;10.79;1025
-38.0360151401, 145.2693091411;"{""coordinates"": [145.2693091411, -38.0360151401], ""type"": ""Point""}";-38.03601514008778;145.26930914111742;Coral Drive;2023;Between 50km/h and 60km/h;W;2023-05-10;348119;5788776;MGA2020 zone 55;3976;58.6;3262;3996;11.61;10.82;1134
-37.9925331419, 145.2464961323;"{""coordinates"": [145.2464961323, -37.9925331419], ""type"": ""Point""}";-37.99253314194339;145.24649613230017;Paperback Street;2023;Between 50km/h and 60km/h;W;2023-05-10;346026;5793564;MGA2020 zone 55;3177;51.7;252;317;17.28;10.61;1143
-38.1272991359, 145.3210021604;"{""coordinates"": [145.3210021604, -38.1272991359], ""type"": ""Point""}";-38.12729913592058;145.321002160354;Levendale Street;2023;Between 40km/h and 50km/h;W;2023-05-09;352839;5778730;MGA2020 zone 55;3978;41.9;87;112;10.18;13.39;1149
-38.0570491407, 145.2581871415;"{""coordinates"": [145.2581871415, -38.0570491407], ""type"": ""Point""}";-38.05704914073183;145.25818714151316;Elliot Parade;2023;Between 50km/h and 60km/h;W;2023-05-10;347186;5786424;MGA2020 zone 55;3975;57.1;1940;2549;14.77;10.21;1154
-38.0497811351, 145.3393251549;"{""coordinates"": [145.3393251549, -38.0497811351], ""type"": ""Point""}";-38.049781135118835;145.33932515489178;Tyntynder Close;2023;Less than 30km/h;W;2023-07-26;354291;5787361;MGA2020 zone 55;3806;27.2;98;121;5.69;11.9;1158
-37.9854161365, 145.3254731453;"{""coordinates"": [145.3254731453, -37.9854161365], ""type"": ""Point""}";-37.98541613648458;145.32547314528756;Robinson Road;2023;More than 60km/h;W;2023-07-26;352947;5794481;MGA2020 zone 55;3804;80.9;2228;2577;5.64;11.4;1204
-38.0567001381, 145.2960121481;"{""coordinates"": [145.2960121481, -38.0567001381], ""type"": ""Point""}";-38.05670013809974;145.2960121480907;Baringa Park Drive;2023;More than 60km/h;W;2023-07-26;350504;5786524;MGA2020 zone 55;3805;60.2;2262;2919;4.49;10.01;1205
-38.0613841373, 145.3066051505;"{""coordinates"": [145.3066051505, -38.0613841373], ""type"": ""Point""}";-38.061384137332034;145.30660515046614;Southern Boulevard;2023;Between 50km/h and 60km/h;W;2023-07-26;351443;5786022;MGA2020 zone 55;3805;54.5;727;865;5.91;11.36;1206
-37.98949, 145.240113;"{""coordinates"": [145.240113, -37.98949], ""type"": ""Point""}";-37.98948999999614;145.24011299999685;Nigra Street;2023;Between 40km/h and 50km/h;W;2023-10-25;345459;5793891;MGA2020 zone 55;3177;43.2;177;214;7.19;23.0;1244
-38.038572, 145.253808;"{""coordinates"": [145.253808, -38.038572], ""type"": ""Point""}";-38.03857199999615;145.25380799999695;Mcdowell Road;2023;Between 50km/h and 60km/h;W;2023-10-22;346764;5788467;MGA2020 zone 55;3976;52.0;3927;5485;3.9;499.0;1251
-38.072134, 145.242406;"{""coordinates"": [145.242406, -38.072134], ""type"": ""Point""}";-38.07213399999608;145.2424059999969;Freshwater Boulevard;2023;Between 50km/h and 60km/h;W;2023-10-22;345833;5784724;MGA2020 zone 55;3975;50.8;597;743;5.67;78.0;1253
-38.058886, 145.319666;"{""coordinates"": [145.319666, -38.058886], ""type"": ""Point""}";-38.05888599999631;145.3196659999975;Ardblair Terrace;2024;Between 50km/h and 60km/h;W;2024-02-07;352584;5786320;MGA2020 zone 55;3805;55.6;907;1196;2.78;136.0;1264
-38.122788, 145.238652;"{""coordinates"": [145.238652, -38.122788], ""type"": ""Point""}";-38.12278799999604;145.23865199999688;Ballarto Road;2024;More than 60km/h;W;2024-02-05;345611;5779097;MGA2020 zone 55;3977;63.9;985;1345;5.06;116.0;1266
-38.098578, 145.287158;"{""coordinates"": [145.287158, -38.098578], ""type"": ""Point""}";-38.0985779999962;145.2871579999972;Camms Road;2024;Between 50km/h and 60km/h;W;2024-02-05;349813;5781863;MGA2020 zone 55;3977;52.7;9754;13793;7.74;1060.0;1273
-38.224016, 145.313445;"{""coordinates"": [145.313445, -38.224016], ""type"": ""Point""}";-38.2240159999962;145.31344499999742;Kallara Road;2024;Between 50km/h and 60km/h;W;2024-02-07;352371;5767986;MGA2020 zone 55;3980;52.7;288;378;8.03;29.0;1293
-38.094033, 145.351519;"{""coordinates"": [145.351519, -38.094033], ""type"": ""Point""}";-38.09403299999634;145.35151899999764;Newgrange Boulevard;2024;Between 40km/h and 50km/h;W;2024-02-07;355448;5782470;MGA2020 zone 55;3978;45.3;5371;6681;8.5;702.0;1302
-38.054072, 145.314281;"{""coordinates"": [145.314281, -38.054072], ""type"": ""Point""}";-38.05407199999629;145.3142809999974;Wood Road;2024;Between 50km/h and 60km/h;W;2024-02-07;352102;5786845;MGA2020 zone 55;3805;56.3;4053;5234;4.66;585.0;1318
-37.981354, 145.245544;"{""coordinates"": [145.245544, -37.981354], ""type"": ""Point""}";-37.981353999996124;145.2455439999969;James Cook Drive;2024;Between 40km/h and 50km/h;W;2024-05-17;345919;5794803;MGA2020 zone 55;3802;46.7;5832;7349;4.82;745.0;1351
-38.096687, 145.364511;"{""coordinates"": [145.364511, -38.096687], ""type"": ""Point""}";-38.09668699999641;145.36451099999775;Odeon Avenue;2024;Between 40km/h and 50km/h;W;2024-05-17;356592;5782195;MGA2020 zone 55;3978;49.0;645;895;5.15;85.0;1360
-38.004872, 145.284765;"{""coordinates"": [145.284765, -38.004872], ""type"": ""Point""}";-38.00487199999624;145.28476499999726;Saffron Drive;2024;Between 50km/h and 60km/h;W;2024-05-17;349411;5792257;MGA2020 zone 55;3803;55.0;2254;2778;5.03;372.0;1367
-38.062986, 145.285471;"{""coordinates"": [145.285471, -38.062986], ""type"": ""Point""}";-38.06298599999622;145.2854709999972;Sherwood Road;2024;Between 40km/h and 50km/h;W;2024-05-12;349592;5785810;MGA2020 zone 55;3805;47.0;2073;2557;4.55;358.0;1371
-38.14479, 145.260172;"{""coordinates"": [145.260172, -38.14479], ""type"": ""Point""}";-38.14478999999611;145.26017199999706;Station Creek Way;2024;Between 40km/h and 50km/h;W;2024-05-10;347543;5776691;MGA2020 zone 55;3977;47.2;1169;1425;5.17;162.0;1378
-38.211803, 145.337491;"{""coordinates"": [145.337491, -38.211803], ""type"": ""Point""}";-38.21180299999628;145.33749099999758;Warneet Road;2024;More than 60km/h;W;2024-04-30;354452;5769379;MGA2020 zone 55;3980;68.9;1755;2156;15.84;214.0;1382
-38.206589, 145.280445;"{""coordinates"": [145.280445, -38.206589], ""type"": ""Point""}";-38.20658899999613;145.28044499999717;Craigs Lane;2024;Between 50km/h and 60km/h;W;2024-06-13;349447;5769867;MGA2020 zone 55;3977;55.9;87;97;17.77;13.68;1403
-38.119919, 145.26661;"{""coordinates"": [145.26661, -38.119919], ""type"": ""Point""}";-38.11991899999613;145.2666099999971;Cyril Beechey Lane;2024;Between 30km/h and 40km/h;W;2024-06-13;348056;5779461;MGA2020 zone 55;3977;32.9;84;103;12.13;9.73;1405
-38.095301, 145.269255;"{""coordinates"": [145.269255, -38.095301], ""type"": ""Point""}";-38.09530099999614;145.26925499999706;David Avenue;2024;Between 40km/h and 50km/h;W;2024-08-21;348236;5782198;MGA2020 zone 55;3977;41.9;175;218;5.47;10.73;1406
-38.157633, 145.275913;"{""coordinates"": [145.275913, -38.157633], ""type"": ""Point""}";-38.15763299999613;145.27591299999716;Fiona Drive;2024;Between 50km/h and 60km/h;W;2024-06-13;348949;5775292;MGA2020 zone 55;3977;54.1;150;187;8.57;10.5;1418
-38.071603, 145.295996;"{""coordinates"": [145.295996, -38.071603], ""type"": ""Point""}";-38.07160299999624;145.2959959999973;Glasscocks Road;2024;More than 60km/h;W;2024-08-21;350533;5784871;MGA2020 zone 55;3977;61.9;7820;9903;7.76;10.2;1425
-38.144494, 145.367286;"{""coordinates"": [145.367286, -38.144494], ""type"": ""Point""}";-38.144493999996364;145.36728599999782;Graham Road;2024;More than 60km/h;W;2024-06-13;356929;5776895;MGA2020 zone 55;3978;61.9;17;18;9.56;12.5;1428
-38.045331, 145.270336;"{""coordinates"": [145.270336, -38.045331], ""type"": ""Point""}";-38.045330999996175;145.27033599999712;Horizon Boulevard;2024;Between 40km/h and 50km/h;W;2024-08-21;348228;5787744;MGA2020 zone 55;3976;48.8;482;606;4.83;11.36;1438
-38.222423, 145.312431;"{""coordinates"": [145.312431, -38.222423], ""type"": ""Point""}";-38.22242299999619;145.31243099999742;Anebo St;2024;Less than 30km/h;W;2024-07-23;352279;5768161;MGA2020 zone 55;3980;29.3;37;46;5.8;13.0;1450
-38.192761, 145.229039;"{""coordinates"": [145.229039, -38.192761], ""type"": ""Point""}";-38.19276099999598;145.22903899999676;Middle Rd;2024;Between 30km/h and 40km/h;W;2024-07-23;344916;5771316;MGA2020 zone 55;3912;34.0;35;41;2.7;14.6;1508
-38.176929, 145.28848;"{""coordinates"": [145.28848, -38.176929], ""type"": ""Point""}";-38.17692899999618;145.2884799999972;North Road;2024;More than 60km/h;W;2024-10-23;350090;5773171;MGA2020 zone 55;3977;84.5;4276;5293;7.2;10.6;1512
-38.207662, 145.241608;"{""coordinates"": [145.241608, -38.207662], ""type"": ""Point""}";-38.20766199999601;145.2416079999969;Shekleton St;2024;Between 40km/h and 50km/h;W;2024-07-23;346048;5769684;MGA2020 zone 55;3912;46.3;115;126;12.2;13.5;1526
-38.0879481386, 145.2864481499;"{""coordinates"": [145.2864481499, -38.0879481386], ""type"": ""Point""}";-38.08794813857352;145.28644814990236;Tulip Grove;2023;Between 40km/h and 50km/h;W;2023-05-10;349729;5783041;MGA2020 zone 55;3977;49.9;235;288;10.06;14.73;1108
-38.1443471405, 145.2543631506;"{""coordinates"": [145.2543631506, -38.1443471405], ""type"": ""Point""}";-38.14434714045958;145.2543631505681;Belvista Way;2023;Between 40km/h and 50km/h;W;2023-05-10;347033;5776731;MGA2020 zone 55;3977;43.7;58;67;20.55;12.61;1112
-37.9686071411, 145.260080132;"{""coordinates"": [145.260080132, -37.9686071411], ""type"": ""Point""}";-37.96860714114673;145.26008013201402;Kennington Park Drive;2023;More than 60km/h;W;2023-05-10;347169;5796241;MGA2020 zone 55;3802;63.5;2242;2738;20.38;11.72;1125
-38.0529821384, 145.292296147;"{""coordinates"": [145.292296147, -38.0529821384], ""type"": ""Point""}";-38.05298213838176;145.2922961470263;Seebeck Drive;2023;Between 40km/h and 50km/h;W;2023-05-10;350171;5786931;MGA2020 zone 55;3805;46.1;3379;4164;14.2;12.06;1127
-38.1163221344, 145.3443461632;"{""coordinates"": [145.3443461632, -38.1163221344], ""type"": ""Point""}";-38.11632213435713;145.34434616321687;Swindale Way;2023;Between 30km/h and 40km/h;W;2023-05-09;354863;5779985;MGA2020 zone 55;3978;38.8;302;373;17.11;12.81;1128
-38.1164321344, 145.3440471632;"{""coordinates"": [145.3440471632, -38.1164321344], ""type"": ""Point""}";-38.116432134377355;145.3440471631768;Bundaleer Lane;2023;Less than 30km/h;W;2023-05-09;354837;5779972;MGA2020 zone 55;3978;21.0;23;32;20.0;17.02;1130
-38.0355661335, 145.3644081577;"{""coordinates"": [145.3644081577, -38.0355661335], ""type"": ""Point""}";-38.03556613345215;145.3644081576853;Manuka Road;2023;More than 60km/h;W;2023-05-10;356464;5788977;MGA2020 zone 55;3806;64.4;2999;3368;22.67;18.01;1142
-37.9665001403, 145.272901134;"{""coordinates"": [145.272901134, -37.9665001403], ""type"": ""Point""}";-37.96650014026747;145.2729011340153;Showjump Crescent;2023;Between 50km/h and 60km/h;W;2023-05-10;348291;5796496;MGA2020 zone 55;3802;55.4;527;678;16.48;9.69;1146
-38.1122501372, 145.3040301557;"{""coordinates"": [145.3040301557, -38.1122501372], ""type"": ""Point""}";-38.11225013719782;145.3040301556959;Tyndall Street;2023;Between 40km/h and 50km/h;W;2023-05-09;351320;5780373;MGA2020 zone 55;3977;42.5;91;117;7.8;11.28;1153
-38.1228351342, 145.3455051641;"{""coordinates"": [145.3455051641, -38.1228351342], ""type"": ""Point""}";-38.12283513423592;145.3455051641497;Aintree Close;2023;Between 30km/h and 40km/h;W;2023-07-30;354978;5779264;MGA2020 zone 55;3978;30.1;54;75;5.92;10.81;1168
-38.11628814, 145.2627401489;"{""coordinates"": [145.2627401489, -38.11628814], ""type"": ""Point""}";-38.11628814004966;145.26274014890882;Cherryhills Drive;2023;Between 50km/h and 60km/h;W;2023-07-30;347709;5779858;MGA2020 zone 55;3977;54.0;1457;1766;4.73;9.58;1176
-38.1015151366, 145.3129491561;"{""coordinates"": [145.3129491561, -38.1015151366], ""type"": ""Point""}";-38.10151513664174;145.3129491560589;Linsell Boulevard;2023;More than 60km/h;W;2023-07-30;352081;5781579;MGA2020 zone 55;3977;64.5;8690;11438;3.08;8.35;1180
-38.0742191354, 145.3326391565;"{""coordinates"": [145.3326391565, -38.0742191354], ""type"": ""Point""}";-38.074219135435165;145.3326391564546;Glasscocks Road;2023;More than 60km/h;W;2023-07-26;353753;5784639;MGA2020 zone 55;3977;67.1;10316;13072;4.12;10.4;1184
-38.0857311359, 145.3254441565;"{""coordinates"": [145.3254441565, -38.0857311359], ""type"": ""Point""}";-38.08573113586674;145.32544415648252;Wheelers Park Drive;2023;Between 50km/h and 60km/h;W;2023-07-26;353145;5783350;MGA2020 zone 55;3977;56.1;3751;4748;3.35;11.64;1185
-38.123119, 145.342847;"{""coordinates"": [145.342847, -38.123119], ""type"": ""Point""}";-38.12311899999632;145.34284699999765;Yelllowstone Avenue;2023;Between 30km/h and 40km/h;W;2023-10-22;354745;5779228;MGA2020 zone 55;3978;39.9;289;397;4.46;36.0;1223
-38.097409, 145.36301;"{""coordinates"": [145.36301, -38.097409], ""type"": ""Point""}";-38.097408999996375;145.36300999999776;Clovis Avenue;2023;Between 40km/h and 50km/h;W;2023-10-22;356462;5782113;MGA2020 zone 55;3978;42.0;236;349;2.89;32.0;1224
-38.017904, 145.283372;"{""coordinates"": [145.283372, -38.017904], ""type"": ""Point""}";-38.01790399999623;145.28337199999723;Bella Crescent;2024;Between 30km/h and 40km/h;W;2024-02-07;349316;5790809;MGA2020 zone 55;3803;33.2;145;214;3.5;21.0;1268
-38.081209, 145.284747;"{""coordinates"": [145.284747, -38.081209], ""type"": ""Point""}";-38.081208999996214;145.28474699999722;Hoysted Avenue;2024;Between 40km/h and 50km/h;W;2024-02-05;349566;5783787;MGA2020 zone 55;3977;44.8;1018;1245;4.76;153.0;1290
-38.148098, 145.287109;"{""coordinates"": [145.287109, -38.148098], ""type"": ""Point""}";-38.148097999996175;145.2871089999972;Hummingbird Drive;2024;Between 40km/h and 50km/h;W;2024-02-05;349910;5776368;MGA2020 zone 55;3977;46.7;2659;3322;8.83;346.0;1291
-38.030463, 145.346319;"{""coordinates"": [145.346319, -38.030463], ""type"": ""Point""}";-38.030462999996374;145.3463189999976;Paternoster Lane;2024;Less than 30km/h;W;2024-05-17;354866;5789515;MGA2020 zone 55;3806;17.3;574;678;4.84;68.0;1362
-38.005445, 145.269307;"{""coordinates"": [145.269307, -38.005445], ""type"": ""Point""}";-38.0054449999962;145.26930699999716;Princes Highway Service Road;2024;Between 40km/h and 50km/h;W;2024-05-17;348055;5792169;MGA2020 zone 55;3803;49.1;790;858;6.31;229.0;1363
-38.004706, 145.28282;"{""coordinates"": [145.28282, -38.004706], ""type"": ""Point""}";-38.004705999996226;145.28281999999717;Saffron Drive;2024;Between 50km/h and 60km/h;W;2024-05-17;349240;5792273;MGA2020 zone 55;3803;53.4;2247;2767;5.32;368.0;1366
-38.145981, 145.254408;"{""coordinates"": [145.254408, -38.145981], ""type"": ""Point""}";-38.14598099999608;145.254407999997;Station Creek Way;2024;Between 50km/h and 60km/h;W;2024-05-10;347040;5776549;MGA2020 zone 55;3977;52.3;929;1107;8.71;163.0;1377
-38.049339, 145.318435;"{""coordinates"": [145.318435, -38.049339], ""type"": ""Point""}";-38.0493389999963;145.31843499999746;Centre Road;2024;Between 50km/h and 60km/h;W;2024-08-21;352457;5787377;MGA2020 zone 55;3806;57.3;4834;6185;6.39;9.94;1400
-38.223107, 145.311975;"{""coordinates"": [145.311975, -38.223107], ""type"": ""Point""}";-38.2231069999962;145.3119749999974;Cooinda Street;2024;Less than 30km/h;W;2024-06-13;352241;5768084;MGA2020 zone 55;3980;27.6;20;22;6.41;9.52;1402
-38.086096, 145.352806;"{""coordinates"": [145.352806, -38.086096], ""type"": ""Point""}";-38.08609599999636;145.35280599999763;Crosswater Boulevard;2024;Between 40km/h and 50km/h;W;2024-08-21;355545;5783352;MGA2020 zone 55;3978;49.7;454;539;19.11;9.48;1404
-38.055162, 145.359449;"{""coordinates"": [145.359449, -38.055162], ""type"": ""Point""}";-38.05516199999639;145.35944899999777;Jarryd Crescent;2024;Between 30km/h and 40km/h;W;2024-08-17;356067;5786795;MGA2020 zone 55;3806;38.7;180;218;6.3;9.52;1443
-38.032252, 145.279894;"{""coordinates"": [145.279894, -38.032252], ""type"": ""Point""}";-38.03225199999622;145.2798939999972;Kilberry Boulevard;2024;Between 50km/h and 60km/h;W;2024-08-21;349040;5789211;MGA2020 zone 55;3976;55.0;2933;3883;6.52;8.14;1449
-38.0511439, 145.3141061;"{""coordinates"": [145.3141061, -38.0511439], ""type"": ""Point""}";-38.05114389999628;145.3141060999974;Wood Road;2024;Between 50km/h and 60km/h;W;2024-10-22;352081;5787170;MGA2020 zone 55;3805;58.3;4308;5604;3.2;10.7;1455
-38.0483788, 145.3310359;"{""coordinates"": [145.3310359, -38.0483788], ""type"": ""Point""}";-38.04837879999634;145.33103589999757;Bellevue Avenue;2024;Between 50km/h and 60km/h;W;2024-10-23;353561;5787503;MGA2020 zone 55;3806;51.5;2278;2896;8.0;11.0;1464
-38.029501, 145.350044;"{""coordinates"": [145.350044, -38.029501], ""type"": ""Point""}";-38.0295009999964;145.3500439999976;Cameroun Ct;2024;Less than 30km/h;W;2024-07-23;355191;5789628;MGA2020 zone 55;3806;19.0;26;27;3.6;22.2;1468
-38.09968, 145.30334;"{""coordinates"": [145.30334, -38.09968], ""type"": ""Point""}";-38.09967999999623;145.30333999999735;Linsell Boulevard;2024;More than 60km/h;W;2024-10-23;351234;5781767;MGA2020 zone 55;3977;75.6;13580;18891;4.4;8.9;1500
-38.0711340442, 145.3413824415;"{""coordinates"": [145.3413824415, -38.0711340442], ""type"": ""Point""}";-38.07113404418623;145.3413824414891;Skyline Way;2019;Between 40km/h and 50km/h;W;2019-06-12;354514;5784995;MGA2020 zone 55;3806;40.6;2246;2706;3.0;17.55;915
-38.0927726743, 145.2911488182;"{""coordinates"": [145.2911488182, -38.0927726743], ""type"": ""Point""}";-38.092772674289094;145.29114881820823;Kingdom Drive;2020;Between 50km/h and 60km/h;W;2020-02-13;350151;5782514;MGA2020 zone 55;3977;52.1;3049;3788;2.7;12.67;918
-38.0547104613, 145.2945657644;"{""coordinates"": [145.2945657644, -38.0547104613], ""type"": ""Point""}";-38.054710461284415;145.29456576443334;Baringa Park Drive;2019;Between 50km/h and 60km/h;W;2019-05-30;350373;5786743;MGA2020 zone 55;3805;59.1;1667;2099;4.6;15.24;979
-37.9831744203, 145.3148952744;"{""coordinates"": [145.3148952744, -37.9831744203], ""type"": ""Point""}";-37.983174420349904;145.31489527442417;Memorial Drive;2019;Between 50km/h and 60km/h;W;2019-08-26;352013;5794713;MGA2020 zone 55;3804;59.2;2502;2898;5.6;12.25;984
-38.1787390804, 145.3031222318;"{""coordinates"": [145.3031222318, -38.1787390804], ""type"": ""Point""}";-38.17873908041939;145.30312223176026;North Road;2019;More than 60km/h;W;2019-09-02;351376;5772994;MGA2020 zone 55;3977;84.5;3077;3739;4.7;11.93;991
-38.0297221399, 145.2722341409;"{""coordinates"": [145.2722341409, -38.0297221399], ""type"": ""Point""}";-38.029722139923024;145.27223414092833;Tarella Street;2023;Between 40km/h and 50km/h;W;2023-02-07;348362;5789479;MGA2020 zone 55;3976;45.7;483;662;5.22;10.48;1087
-38.0904911404, 145.2604591456;"{""coordinates"": [145.2604591456, -38.0904911404], ""type"": ""Point""}";-38.090491140367426;145.2604591456342;Fairhaven Boulevard;2023;Between 50km/h and 60km/h;W;2023-05-10;347455;5782717;MGA2020 zone 55;3977;53.2;469;591;8.06;11.05;1155
-38.1244931334, 145.3570371664;"{""coordinates"": [145.3570371664, -38.1244931334], ""type"": ""Point""}";-38.12449313341903;145.35703716635695;Endure Street;2023;Between 30km/h and 40km/h;W;2023-07-30;355992;5779098;MGA2020 zone 55;3978;36.2;237;318;3.92;8.9;1169
-38.0024611395, 145.2803911393;"{""coordinates"": [145.2803911393, -38.0024611395], ""type"": ""Point""}";-38.00246113952345;145.28039113931973;Fitzgerald Road;2023;Between 50km/h and 60km/h;W;2023-07-26;349022;5792518;MGA2020 zone 55;3803;57.9;502;639;2.33;9.55;1194
-37.9988231407, 145.263928136;"{""coordinates"": [145.263928136, -37.9988231407], ""type"": ""Point""}";-37.99882314069209;145.26392813604144;Gunns Road;2023;Between 40km/h and 50km/h;W;2023-07-26;347569;5792895;MGA2020 zone 55;3803;47.8;668;844;4.49;9.55;1196
-38.053681, 145.342387;"{""coordinates"": [145.342387, -38.053681], ""type"": ""Point""}";-38.053680999996345;145.34238699999764;St Boswells Avenue;2023;Between 50km/h and 60km/h;W;2023-10-22;354567;5786933;MGA2020 zone 55;3806;52.4;1219;1443;1.88;368.0;1211
-38.109363, 145.304353;"{""coordinates"": [145.304353, -38.109363], ""type"": ""Point""}";-38.10936299999624;145.30435299999738;Braford Drive;2023;Between 40km/h and 50km/h;W;2023-10-22;351343;5780694;MGA2020 zone 55;3977;46.1;4346;5459;5.55;880.0;1231
-38.148035, 145.292334;"{""coordinates"": [145.292334, -38.148035], ""type"": ""Point""}";-38.148034999996185;145.29233399999728;Craig Road;2023;More than 60km/h;W;2023-10-19;350368;5776383;MGA2020 zone 55;3977;74.3;6130;7579;5.16;751.0;1243
-38.0142396, 145.296784875;"{""coordinates"": [145.296784875, -38.0142396], ""type"": ""Point""}";-38.01423960000449;145.2967848749663;Westleigh Crescent;2019;Between 50km/h and 60km/h;W;2019-03-20;350486;5791237;MGA2020 zone 55;3805;51.0;129;167;3.4;8.98;7
-38.1060806137, 145.2769137964;"{""coordinates"": [145.2769137964, -38.1060806137], ""type"": ""Point""}";-38.10608061369901;145.27691379644693;Harry Street;2019;Between 40km/h and 50km/h;W;2019-11-12;348930;5781014;MGA2020 zone 55;3977;47.9;667;823;2.73;11.59;13
-38.042252718, 145.267325852;"{""coordinates"": [145.267325852, -38.042252718], ""type"": ""Point""}";-38.04225271798956;145.26732585198425;Huntington Drive;2018;Between 50km/h and 60km/h;W;2018-08-16;347958;5788081;MGA2020 zone 55;3976;53.0;2271;3103;5.3;18.91;21
-38.0684298397, 145.304931007;"{""coordinates"": [145.304931007, -38.0684298397], ""type"": ""Point""}";-38.06842983974478;145.30493100698314;Robinswood Parade;2019;Between 40km/h and 50km/h;W;2019-05-30;351311;5785237;MGA2020 zone 55;3805;47.6;3005;3732;2.7;11.04;55
-38.0595083714, 145.3208476532;"{""coordinates"": [145.3208476532, -38.0595083714], ""type"": ""Point""}";-38.059508371434084;145.32084765322222;Ardblair Terrace;2019;Between 50km/h and 60km/h;W;2019-11-12;352689;5786252;MGA2020 zone 55;3805;56.8;1512;1967;2.65;10.41;97
-38.0766372469, 145.2442404007;"{""coordinates"": [145.2442404007, -38.0766372469], ""type"": ""Point""}";-38.07663724686215;145.24424040069724;Lyndhurst Bvd;2018;Between 40km/h and 50km/h;W;2018-05-08;346004;5784227;MGA2020 zone 55;3975;47.9;2350;3200;3.8;11.6;147
-38.0492206457, 145.3268592825;"{""coordinates"": [145.3268592825, -38.0492206457], ""type"": ""Point""}";-38.04922064566368;145.326859282523;Centre Road;2019;More than 60km/h;W;2019-11-12;353196;5787403;MGA2020 zone 55;3806;61.0;5774;7133;5.44;11.12;161
-38.0817865424, 145.3285029663;"{""coordinates"": [145.3285029663, -38.0817865424], ""type"": ""Point""}";-38.081786542399854;145.3285029662511;Arboulea Boulevard;2021;Between 50km/h and 60km/h;W;2021-03-25;353405;5783792;MGA2020 zone 55;3977;52.8;1446;1696;4.8;17.33;197
-38.071939004, 145.2596160232;"{""coordinates"": [145.2596160232, -38.071939004], ""type"": ""Point""}";-38.07193900395529;145.25961602321095;Evans Road;2022;More than 60km/h;W;2022-02-22;347343;5784774;MGA2020 zone 55;3975;75.0;10911;14206;7.08;9.53;279
-37.9629960132, 145.2818185297;"{""coordinates"": [145.2818185297, -37.9629960132], ""type"": ""Point""}";-37.962996013170255;145.2818185297048;Hallam North Road;2019;Between 50km/h and 60km/h;W;2019-08-26;349067;5796899;MGA2020 zone 55;3802;50.1;2665;3289;2.5;14.09;38
-38.067987879, 145.3024798406;"{""coordinates"": [145.3024798406, -38.067987879], ""type"": ""Point""}";-38.06798787895543;145.30247984056408;Robinswood Parade;2019;Between 40km/h and 50km/h;W;2019-05-30;351095;5785282;MGA2020 zone 55;3805;42.6;3337;4190;2.1;10.57;54
-38.0539852679, 145.3143954142;"{""coordinates"": [145.3143954142, -38.0539852679], ""type"": ""Point""}";-38.05398526791555;145.31439541418337;Wood Road;2019;Between 50km/h and 60km/h;W;2019-05-21;352112;5786855;MGA2020 zone 55;3805;54.0;4311;5384;2.9;12.22;116
-38.0672584621, 145.35575594;"{""coordinates"": [145.35575594, -38.0672584621], ""type"": ""Point""}";-38.067258462130255;145.35575593998314;Soldiers Road;2021;More than 60km/h;W;2021-03-23;355767;5785447;MGA2020 zone 55;3806;65.2;7220;8874;10.3;9.8;205
-38.0576562937, 145.359246745;"{""coordinates"": [145.359246745, -38.0576562937], ""type"": ""Point""}";-38.05765629372751;145.35924674496704;Kingsmere Drive;2021;Between 50km/h and 60km/h;W;2021-04-20;356054;5786518;MGA2020 zone 55;3806;50.8;3469;4419;4.5;8.9;230
-37.9803226222, 145.3586440345;"{""coordinates"": [145.3586440345, -37.9803226222], ""type"": ""Point""}";-37.98032262223705;145.35864403446027;Chadwick Road;2021;More than 60km/h;W;2021-03-26;355850;5795098;MGA2020 zone 55;3806;68.5;114;148;19.2;8.4;248
-38.0393059399, 145.3636777608;"{""coordinates"": [145.3636777608, -38.0393059399], ""type"": ""Point""}";-38.0393059398823;145.36367776084322;Cardinia St;2021;Between 50km/h and 60km/h;W;2021-03-24;356407;5788561;MGA2020 zone 55;3806;52.3;1005;1152;5.7;13.43;250
-38.0111850021, 145.2551530337;"{""coordinates"": [145.2551530337, -38.0111850021], ""type"": ""Point""}";-38.01118500208945;145.25515303373888;Wedgewood Road;2022;Between 50km/h and 60km/h;W;2022-02-22;346825;5791508;MGA2020 zone 55;3803;59.7;4772;5729;25.84;8.57;254
-38.0094399989, 145.306903009;"{""coordinates"": [145.306903009, -38.0094399989], ""type"": ""Point""}";-38.00943999891529;145.3069030090403;Shiraz Crescent;2022;Between 40km/h and 50km/h;W;2022-02-22;351364;5791786;MGA2020 zone 55;3805;41.3;180;227;3.6;9.75;287
-38.0281940006, 145.3032230318;"{""coordinates"": [145.3032230318, -38.0281940006], ""type"": ""Point""}";-38.02819400061524;145.30322303183152;Austin Avenue;2022;Less than 30km/h;W;2022-02-22;351079;5789699;MGA2020 zone 55;3805;28.7;83;101;3.09;12.93;288
-38.0310400002, 145.2963630175;"{""coordinates"": [145.2963630175, -38.0310400002], ""type"": ""Point""}";-38.031040000187;145.29636301753445;Harold Keys Drive;2022;Between 40km/h and 50km/h;W;2022-02-22;350483;5789372;MGA2020 zone 55;3805;42.7;1107;1468;6.48;8.52;301
-38.0303830037, 145.3489060301;"{""coordinates"": [145.3489060301, -38.0303830037], ""type"": ""Point""}";-38.03038300371466;145.3489060300509;Wilson Street;2022;Between 40km/h and 50km/h;W;2022-02-22;355093;5789528;MGA2020 zone 55;3806;41.4;703;810;3.74;11.03;331
-38.122466003, 145.3862079989;"{""coordinates"": [145.3862079989, -38.122466003], ""type"": ""Point""}";-38.12246600302363;145.3862079989109;Mccormacks Road;2022;More than 60km/h;W;2022-02-22;358545;5779368;MGA2020 zone 55;3978;68.6;175;207;34.35;12.02;362
-38.0782770044, 145.271141018;"{""coordinates"": [145.271141018, -38.0782770044], ""type"": ""Point""}";-38.078277004432366;145.27114101803187;Blaxland Avenue;2022;Between 40km/h and 50km/h;W;2022-02-22;348367;5784090;MGA2020 zone 55;3977;46.5;454;550;2.03;18.85;396
-38.1289890029, 145.2308830078;"{""coordinates"": [145.2308830078, -38.1289890029], ""type"": ""Point""}";-38.12898900289667;145.23088300779762;Flanagan Crescent;2022;Between 30km/h and 40km/h;W;2022-02-22;344943;5778396;MGA2020 zone 55;3977;38.5;423;517;8.33;9.53;399
-38.1265060021, 145.23438501;"{""coordinates"": [145.23438501, -38.1265060021], ""type"": ""Point""}";-38.126506002103675;145.2343850100382;Abayo Crescent;2022;Between 40km/h and 50km/h;W;2022-02-22;345244;5778677;MGA2020 zone 55;3977;41.7;102;122;9.99;8.87;400
-38.1222880017, 145.3364570241;"{""coordinates"": [145.3364570241, -38.1222880017], ""type"": ""Point""}";-38.12228800172416;145.3364570241032;Hartleigh Street;2022;Between 50km/h and 60km/h;W;2022-05-19;354183;5779311;MGA2020 zone 55;3978;56.8;1005;1249;23.56;14.02;433
-38.0981260015, 145.2530820241;"{""coordinates"": [145.2530820241, -38.0981260015], ""type"": ""Point""}";-38.098126001521045;145.2530820240981;Quarters Boulevard;2022;Between 50km/h and 60km/h;W;2022-05-19;346824;5781858;MGA2020 zone 55;3977;54.5;1851;2479;11.04;9.74;442
-38.1080690012, 145.248951026;"{""coordinates"": [145.248951026, -38.1080690012], ""type"": ""Point""}";-38.10806900115925;145.2489510260002;Banyan Drive;2022;Between 50km/h and 60km/h;W;2022-05-19;346483;5780747;MGA2020 zone 55;3977;54.4;5132;6118;6.89;12.17;453
-38.0998500032, 145.2709250224;"{""coordinates"": [145.2709250224, -38.0998500032], ""type"": ""Point""}";-38.09985000323616;145.2709250223525;Lamont Crescent;2022;Between 40km/h and 50km/h;W;2022-05-20;348392;5781696;MGA2020 zone 55;3977;48.0;206;244;4.69;11.22;458
-38.1445090029, 145.28705604;"{""coordinates"": [145.28705604, -38.1445090029], ""type"": ""Point""}";-38.14450900285261;145.28705604002525;Teak Street;2022;Between 40km/h and 50km/h;W;2022-08-24;349898;5776766;MGA2020 zone 55;3977;42.7;441;569;4.91;9.12;497
-38.1087200025, 145.3460240302;"{""coordinates"": [145.3460240302, -38.1087200025], ""type"": ""Point""}";-38.1087200024859;145.346024030156;Clamorose Drive;2022;Between 30km/h and 40km/h;W;2022-08-24;354995;5780831;MGA2020 zone 55;3978;36.4;310;406;9.03;8.54;501
-38.0249530012, 145.3129610394;"{""coordinates"": [145.3129610394, -38.0249530012], ""type"": ""Point""}";-38.02495300116346;145.31296103944277;Victor Crescent;2022;Between 50km/h and 60km/h;W;2022-08-24;351927;5790074;MGA2020 zone 55;3805;50.3;4173;4499;3.89;9.45;534
-38.0660426369, 145.3130211092;"{""coordinates"": [145.3130211092, -38.0660426369], ""type"": ""Point""}";-38.06604263692974;145.3130211091721;Robinswood Parade;2019;Between 40km/h and 50km/h;W;2019-05-30;352015;5785515;MGA2020 zone 55;3805;47.3;1506;1851;1.3;13.34;573
-38.1246463487, 145.3043909805;"{""coordinates"": [145.3043909805, -38.1246463487], ""type"": ""Point""}";-38.124646348677786;145.30439098050084;Lineham Drive;2019;Between 50km/h and 60km/h;W;2019-02-23;351377;5778998;MGA2020 zone 55;3977;56.1;1337;1798;4.65;16.07;606
-38.1188658006, 145.2970269199;"{""coordinates"": [145.2970269199, -38.1188658006], ""type"": ""Point""}";-38.11886580059644;145.29702691987148;Elmslie Drive;2018;Between 50km/h and 60km/h;W;2018-05-10;350720;5779628;MGA2020 zone 55;3977;54.8;1030;1301;3.88;10.45;612
-37.9967850002, 145.2401264042;"{""coordinates"": [145.2401264042, -37.9967850002], ""type"": ""Point""}";-37.99678500015629;145.24012640424684;Fugosia Street;2019;Between 40km/h and 50km/h;W;2019-11-14;345475;5793081;MGA2020 zone 55;3177;48.6;848;1069;2.81;16.72;638
-38.026347119, 145.3475453122;"{""coordinates"": [145.3475453122, -38.026347119], ""type"": ""Point""}";-38.026347119030056;145.34754531216876;Harkaway Road;2019;More than 60km/h;W;2019-03-25;354966;5789974;MGA2020 zone 55;3806;60.0;11578;14948;5.5;10.28;643
-38.0463951085, 145.2569946213;"{""coordinates"": [145.2569946213, -38.0463951085], ""type"": ""Point""}";-38.04639510845507;145.25699462125633;Olive Road Hampton Park;2019;Between 50km/h and 60km/h;W;2019-04-29;347060;5787604;MGA2020 zone 55;3975;58.0;1602;2228;3.3;8.53;666
-38.061026171, 145.3144486505;"{""coordinates"": [145.3144486505, -38.061026171], ""type"": ""Point""}";-38.06102617098394;145.31444865052976;The Avenue;2018;Between 50km/h and 60km/h;W;2018-05-09;352131;5786074;MGA2020 zone 55;3805;57.0;1620;2086;3.3;10.07;731
-38.0748349825, 145.3107466356;"{""coordinates"": [145.3107466356, -38.0748349825], ""type"": ""Point""}";-38.07483498253348;145.3107466356142;Merrowland Avenue Cranbourne North;2019;Between 50km/h and 60km/h;W;2019-02-26;351834;5784536;MGA2020 zone 55;3977;50.7;887;1049;2.86;29.84;752
-38.1157681777, 145.3201193656;"{""coordinates"": [145.3201193656, -38.1157681777], ""type"": ""Point""}";-38.115768177702876;145.32011936557777;Mackillop Way, Clyde North;2019;Between 50km/h and 60km/h;W;2019-05-16;352738;5780008;MGA2020 zone 55;3978;51.0;2296;2773;2.3;16.8;754
-37.9851730391, 145.239796105;"{""coordinates"": [145.239796105, -37.9851730391], ""type"": ""Point""}";-37.98517303909567;145.23979610500714;Power Road;2019;More than 60km/h;W;2019-05-21;345422;5794369;MGA2020 zone 55;3177;61.0;7703;9894;2.9;10.74;770
-38.0352132347, 145.3138556435;"{""coordinates"": [145.3138556435, -38.0352132347], ""type"": ""Point""}";-38.035213234659025;145.31385564353516;Saxonwood Drive;2019;Between 50km/h and 60km/h;W;2019-03-14;352027;5788937;MGA2020 zone 55;3805;54.3;3427;4434;3.13;10.85;774
-38.1479726757, 145.2642293469;"{""coordinates"": [145.2642293469, -38.1479726757], ""type"": ""Point""}";-38.14797267573045;145.26422934693423;Smiths Lane   Botanic Ridge;2019;More than 60km/h;W;2019-05-25;347905;5776345;MGA2020 zone 55;3977;62.0;423;518;2.3;10.43;778
-37.9922166127, 145.3500910424;"{""coordinates"": [145.3500910424, -37.9922166127], ""type"": ""Point""}";-37.99221661273913;145.3500910423503;Harkaway Road;2018;More than 60km/h;W;2018-08-15;355122;5793765;MGA2020 zone 55;3806;82.0;6142;7604;7.5;10.73;789
-38.118739133, 145.3191764309;"{""coordinates"": [145.3191764309, -38.118739133], ""type"": ""Point""}";-38.11873913297658;145.31917643090668;Morison Road;2018;Between 30km/h and 40km/h;W;2018-09-12;352661;5779677;MGA2020 zone 55;3978;33.9;2763;3503;3.69;9.08;799
-38.0323597441, 145.256196236;"{""coordinates"": [145.256196236, -38.0323597441], ""type"": ""Point""}";-38.03235974414644;145.25619623596947;View Street;2021;Between 40km/h and 50km/h;W;2021-03-17;346960;5789160;MGA2020 zone 55;3976;49.7;295;394;3.4;10.6;837
-38.0067053461, 145.3739883779;"{""coordinates"": [145.3739883779, -38.0067053461], ""type"": ""Point""}";-38.006705346087664;145.37398837792637;Hilden Drive;2021;Between 50km/h and 60km/h;W;2021-03-26;357249;5792195;MGA2020 zone 55;3806;57.7;67;81;9.2;10.5;866
-38.0583708576, 145.3157833819;"{""coordinates"": [145.3157833819, -38.0583708576], ""type"": ""Point""}";-38.058370857569976;145.31578338187853;Hickory Drive;2021;Between 40km/h and 50km/h;W;2021-03-24;352242;5786371;MGA2020 zone 55;3805;48.5;322;410;5.4;10.3;867
-38.079573173, 145.2805345897;"{""coordinates"": [145.2805345897, -38.079573173], ""type"": ""Point""}";-38.07957317295544;145.28053458967517;Ballanee Grove;2021;Between 50km/h and 60km/h;w;2021-03-25;349193;5783961;MGA2020 zone 55;3977;50.4;988;1168;3.3;13.17;890
-38.0531210326, 145.3517815134;"{""coordinates"": [145.3517815134, -38.0531210326], ""type"": ""Point""}";-38.05312103258303;145.35178151336615;Albrecht Av;2021;Between 40km/h and 50km/h;W;2021-03-23;355390;5787010;MGA2020 zone 55;3806;47.3;777;898;4.9;24.32;893
-38.0737200148, 145.2934804883;"{""coordinates"": [145.2934804883, -38.0737200148], ""type"": ""Point""}";-38.07372001482463;145.29348048832358;Sussex Avenue;2019;Between 40km/h and 50km/h;W;2019-05-30;350317;5784632;MGA2020 zone 55;3977;49.6;441;631;1.5;9.03;916
-38.0677265994, 145.2451134795;"{""coordinates"": [145.2451134795, -38.0677265994], ""type"": ""Point""}";-38.06772659940939;145.24511347945696;Melington Drive;2018;Between 50km/h and 60km/h;W;2018-06-23;346062;5785218;MGA2020 zone 55;3975;54.9;2217;2832;6.37;12.54;927
-38.0794551515, 145.3453352588;"{""coordinates"": [145.3453352588, -38.0794551515], ""type"": ""Point""}";-38.079455151544444;145.34533525882244;Riverstone Boulevard;2019;Between 50km/h and 60km/h;W;2019-03-19;354877;5784078;MGA2020 zone 55;3978;58.0;727;993;3.7;8.06;939
-38.1461856018, 145.2859033915;"{""coordinates"": [145.2859033915, -38.1461856018], ""type"": ""Point""}";-38.14618560176628;145.28590339153064;Riverwood Drive;2019;Between 40km/h and 50km/h;W;2019-05-16;349801;5776578;MGA2020 zone 55;3977;45.0;409;489;13.2;9.61;950
-38.0956486765, 145.2992028952;"{""coordinates"": [145.2992028952, -38.0956486765], ""type"": ""Point""}";-38.095648676468855;145.2992028951871;Dartmoor Drive;2019;Between 40km/h and 50km/h;W;2019-08-26;350863;5782208;MGA2020 zone 55;3977;43.3;715;906;1.7;12.31;957
-38.016516628, 145.2784697146;"{""coordinates"": [145.2784697146, -38.016516628], ""type"": ""Point""}";-38.01651662800294;145.27846971456032;Hinrichsen Drive;2019;Between 50km/h and 60km/h;W;2019-03-14;348883;5790955;MGA2020 zone 55;3803;55.3;1801;2454;4.27;9.94;978
-38.0278151374, 145.308019147;"{""coordinates"": [145.308019147, -38.0278151374], ""type"": ""Point""}";-38.027815137440754;145.30801914696843;Lancaster Avenue;2022;Between 50km/h and 60km/h;W;2022-10-21;351499;5789749;MGA2020 zone 55;3805;50.6;1171;1426;15.33;19.73;1027
-38.0956831376, 145.299214153;"{""coordinates"": [145.299214153, -38.0956831376], ""type"": ""Point""}";-38.09568313763591;145.29921415300143;Dartmoor Drive;2023;Between 40km/h and 50km/h;W;2023-02-07;350864;5782204;MGA2020 zone 55;3977;45.4;940;1259;5.35;11.41;1066
-37.9703921348, 145.350497148;"{""coordinates"": [145.350497148, -37.9703921348], ""type"": ""Point""}";-37.97039213482866;145.3504971479744;Boundary Road;2023;More than 60km/h;W;2023-05-10;355115;5796188;MGA2020 zone 55;3804;62.5;91;109;13.27;11.68;1107
-38.1017071376, 145.2986381536;"{""coordinates"": [145.2986381536, -38.1017071376], ""type"": ""Point""}";-38.10170713763892;145.29863815357325;Foxwood Drive;2023;Between 50km/h and 60km/h;W;2023-05-09;350826;5781534;MGA2020 zone 55;3977;54.2;1472;1771;14.04;13.75;1136
-38.1236771351, 145.332777162;"{""coordinates"": [145.332777162, -38.1236771351], ""type"": ""Point""}";-38.12367713512042;145.3327771620129;Waterman Drive;2023;Between 50km/h and 60km/h;W;2023-05-09;353863;5779151;MGA2020 zone 55;3978;50.4;2282;2795;20.05;15.29;1152
-38.0535631363, 145.3225901524;"{""coordinates"": [145.3225901524, -38.0535631363], ""type"": ""Point""}";-38.05356313626466;145.32259015238853;Homestead Road;2023;Between 50km/h and 60km/h;W;2023-08-02;352830;5786915;MGA2020 zone 55;3806;54.2;904;1110;7.36;9.56;1157
-38.0818071338, 145.3560121614;"{""coordinates"": [145.3560121614, -38.0818071338], ""type"": ""Point""}";-38.08180713375412;145.35601216139383;Azolla Place;2023;Between 30km/h and 40km/h;W;2023-07-26;355818;5783833;MGA2020 zone 55;3978;39.2;219;290;5.55;8.9;1172
-38.0730511361, 145.3231691547;"{""coordinates"": [145.3231691547, -38.0730511361], ""type"": ""Point""}";-38.073051136103864;145.32316915466703;Glasscocks Road;2023;More than 60km/h;W;2023-07-26;352920;5784753;MGA2020 zone 55;3977;67.6;8811;10895;4.2;10.31;1183
-38.109152, 145.303531;"{""coordinates"": [145.303531, -38.109152], ""type"": ""Point""}";-38.10915199999624;145.30353099999735;Braford Drive;2023;Between 40km/h and 50km/h;W;2023-10-22;351270;5780716;MGA2020 zone 55;3977;45.1;4389;5479;3.95;863.0;1232
-37.999067, 145.257128;"{""coordinates"": [145.257128, -37.999067], ""type"": ""Point""}";-37.99906699999615;145.25712799999698;Frawley Road;2023;Between 50km/h and 60km/h;W;2023-10-25;346973;5792856;MGA2020 zone 55;3803;51.6;6962;8643;4.68;1046.0;1250
-38.155531, 145.308338;"{""coordinates"": [145.308338, -38.155531], ""type"": ""Point""}";-38.155530999996216;145.30833799999738;Browns Road;2024;More than 60km/h;W;2024-02-05;351786;5775577;MGA2020 zone 55;3977;65.3;2855;3515;8.35;453.0;1270
-38.167232, 145.371047;"{""coordinates"": [145.371047, -38.167232], ""type"": ""Point""}";-38.16723199999637;145.3710469999978;Mcalpine Road;2024;More than 60km/h;W;2024-02-10;357303;5774377;MGA2020 zone 55;3978;60.3;24;31;17.97;11.0;1300
-38.02999, 145.352129;"{""coordinates"": [145.352129, -38.02999], ""type"": ""Point""}";-38.02998999999637;145.35212899999763;Peel Street;2024;Between 40km/h and 50km/h;W;2024-02-07;355375;5789577;MGA2020 zone 55;3806;45.0;2386;2796;5.98;360.0;1307
-38.121008, 145.369563;"{""coordinates"": [145.369563, -38.121008], ""type"": ""Point""}";-38.12100799999638;145.36956299999775;Athenaeum Avenue;2024;Less than 30km/h;W;2024-05-17;357083;5779504;MGA2020 zone 55;3978;25.9;384;444;18.2;44.0;1320
-38.215143, 145.341083;"{""coordinates"": [145.341083, -38.215143], ""type"": ""Point""}";-38.215142999996274;145.3410829999976;Anchorage Drive;2024;Between 50km/h and 60km/h;W;2024-08-22;354773;5769014;MGA2020 zone 55;3980;50.2;631;734;7.24;12.06;1385
-37.974582, 145.324523;"{""coordinates"": [145.324523, -37.974582], ""type"": ""Point""}";-37.97458199999637;145.32452299999747;Aurisch Drive;2024;Between 30km/h and 40km/h;W;2024-06-13;352842;5795682;MGA2020 zone 55;3804;38.3;25;26;11.11;23.81;1389
-38.06672, 145.273805;"{""coordinates"": [145.273805, -38.06672], ""type"": ""Point""}";-38.066719999996174;145.27380499999714;Glasscocks Road;2024;More than 60km/h;W;2024-08-21;348577;5785377;MGA2020 zone 55;3976;76.1;7917;10397;4.6;9.75;1426
-38.091431, 145.348422;"{""coordinates"": [145.348422, -38.091431], ""type"": ""Point""}";-38.091430999996334;145.34842199999764;Hyde Avenue;2024;Between 30km/h and 40km/h;W;2024-08-21;355171;5782753;MGA2020 zone 55;3978;33.7;93;114;5.0;11.5;1440
-38.163568, 145.265881;"{""coordinates"": [145.265881, -38.163568], ""type"": ""Point""}";-38.16356799999612;145.2658809999971;Sweet Wattle Dr;2024;Between 30km/h and 40km/h;W;2024-07-23;348082;5774617;MGA2020 zone 55;3977;30.8;7;5;10.5;40.0;1454
-38.218458, 145.316176;"{""coordinates"": [145.316176, -38.218458], ""type"": ""Point""}";-38.21845799999622;145.31617599999748;Akuna St;2024;Less than 30km/h;W;2024-07-23;352599;5768607;MGA2020 zone 55;3980;18.6;7;6;5.6;50.0;1456
-38.199186, 145.227045;"{""coordinates"": [145.227045, -38.199186], ""type"": ""Point""}";-38.19918599999597;145.22704499999676;Fern St;2024;Between 30km/h and 40km/h;W;2024-07-23;344755;5770600;MGA2020 zone 55;3912;31.2;12;12;8.3;16.7;1480
-38.176274, 145.37595;"{""coordinates"": [145.37595, -38.176274], ""type"": ""Point""}";-38.17627399999635;145.37594999999783;Langtree Rd;2024;Between 30km/h and 40km/h;W;2024-07-23;357750;5773381;MGA2020 zone 55;3980;33.5;16;19;12.9;10.5;1498
-38.034267, 145.35916;"{""coordinates"": [145.35916, -38.034267], ""type"": ""Point""}";-38.0342669999964;145.35915999999773;Warne Pl;2024;Less than 30km/h;W;2024-07-23;356001;5789113;MGA2020 zone 55;3806;10.7;12;11;28.6;36.4;1537
-38.1067244392, 145.2799755405;"{""coordinates"": [145.2799755405, -38.1067244392], ""type"": ""Point""}";-38.10672443917009;145.2799755405084;Mclaren Avenue;2020;Between 50km/h and 60km/h;W;2020-02-13;349200;5780947;MGA2020 zone 55;3977;52.4;1118;1326;2.7;11.31;16
-38.1081543631, 145.2701945434;"{""coordinates"": [145.2701945434, -38.1081543631], ""type"": ""Point""}";-38.108154363068365;145.27019454339617;Valepark Crescent;2018;Between 50km/h and 60km/h;W;2018-08-16;348345;5780773;MGA2020 zone 55;3977;52.0;826;955;4.3;12.67;17
-38.107314187, 145.2539770845;"{""coordinates"": [145.2539770845, -38.107314187], ""type"": ""Point""}";-38.10731418704881;145.25397708445354;Navarre Drive;2018;Between 50km/h and 60km/h;W;2018-03-14;346922;5780839;MGA2020 zone 55;3977;51.8;510;635;4.97;23.15;25
-38.1032878781, 145.2559601941;"{""coordinates"": [145.2559601941, -38.1032878781], ""type"": ""Point""}";-38.1032878780762;145.25596019407098;Willora Crescent;2018;Between 40km/h and 50km/h;W;2018-06-23;347087;5781289;MGA2020 zone 55;3977;49.1;342;427;2.46;13.35;28
-37.9784172856, 145.244255914;"{""coordinates"": [145.244255914, -37.9784172856], ""type"": ""Point""}";-37.97841728559935;145.24425591403042;Amalfi Drive;2018;Between 50km/h and 60km/h;W;2018-05-10;345799;5795126;MGA2020 zone 55;3802;57.3;5188;6389;3.53;11.85;41
-38.0556201133, 145.3514358441;"{""coordinates"": [145.3514358441, -38.0556201133], ""type"": ""Point""}";-38.05562011333219;145.3514358441187;Streeton Way;2020;Between 50km/h and 60km/h;W;2020-02-13;355365;5786732;MGA2020 zone 55;3806;53.0;1831;2207;3.4;28.32;60
-38.0508579366, 145.2779534676;"{""coordinates"": [145.2779534676, -38.0508579366], ""type"": ""Point""}";-38.050857936589246;145.27795346762514;The Parkway;2019;Between 40km/h and 50km/h;W;2019-02-26;348908;5787143;MGA2020 zone 55;3976;48.1;163;254;6.2;10.63;122
-38.0298680285, 145.3659588481;"{""coordinates"": [145.3659588481, -38.0298680285], ""type"": ""Point""}";-38.02986802845387;145.36595884805678;Manuka Road;2019;More than 60km/h;W;2019-05-30;356589;5789612;MGA2020 zone 55;3806;66.3;2352;2629;2.9;22.86;152
-38.0360181871, 145.3113831069;"{""coordinates"": [145.3113831069, -38.0360181871], ""type"": ""Point""}";-38.036018187082895;145.31138310687928;Norfolk Drive;2019;Between 50km/h and 60km/h;W;2019-05-30;351811;5788844;MGA2020 zone 55;3805;58.4;706;888;0.8;9.69;157
-37.9507715302, 145.2484011334;"{""coordinates"": [145.2484011334, -37.9507715302], ""type"": ""Point""}";-37.95077153024257;145.24840113342913;Churchill Park Drive;2020;More than 60km/h;W;2020-07-14;346106;5798201;MGA2020 zone 55;3156;79.6;6502;7871;5.05;12.76;165
-38.0374734154, 145.3655717652;"{""coordinates"": [145.3655717652, -38.0374734154], ""type"": ""Point""}";-38.03747341542307;145.36557176519634;Cardinia St;2021;Between 40km/h and 50km/h;W;2021-03-24;356570;5788767;MGA2020 zone 55;3806;49.2;338;392;2.6;9.6;249
-38.0506060025, 145.2725680372;"{""coordinates"": [145.2725680372, -38.0506060025], ""type"": ""Point""}";-38.05060600245282;145.27256803719013;Redwood Avenue;2022;Between 30km/h and 40km/h;W;2022-02-22;348435;5787163;MGA2020 zone 55;3976;33.3;93;124;5.79;12.4;270
-38.0291390037, 145.3496290308;"{""coordinates"": [145.3496290308, -38.0291390037], ""type"": ""Point""}";-38.02913900370238;145.34962903080418;Peel Street;2022;Between 40km/h and 50km/h;W;2022-02-22;355154;5789668;MGA2020 zone 55;3806;47.9;2401;2760;3.41;12.31;328
-38.1261890031, 145.3064510197;"{""coordinates"": [145.3064510197, -38.1261890031], ""type"": ""Point""}";-38.126189003127294;145.30645101969358;Casey Fields Boulevard;2022;Between 50km/h and 60km/h;W;2022-02-22;351561;5778830;MGA2020 zone 55;3977;53.3;624;847;6.06;8.66;384
-38.0948290023, 145.2572880225;"{""coordinates"": [145.2572880225, -38.0948290023], ""type"": ""Point""}";-38.09482900230829;145.25728802252266;Central Parkway;2022;Between 50km/h and 60km/h;W;2022-02-22;347186;5782230;MGA2020 zone 55;3977;52.6;4751;6409;4.05;8.67;408
-38.1090470018, 145.2594550121;"{""coordinates"": [145.2594550121, -38.1090470018], ""type"": ""Point""}";-38.1090470018007;145.2594550121298;Scarborough Avenue;2022;Between 50km/h and 60km/h;W;2022-05-20;347406;5780656;MGA2020 zone 55;3977;51.1;706;890;2.37;9.9;472
-38.0795790045, 145.2859580083;"{""coordinates"": [145.2859580083, -38.0795790045], ""type"": ""Point""}";-38.07957900446359;145.28595800828163;Courtenay Avenue;2022;Between 40km/h and 50km/h;W;2022-08-24;349669;5783969;MGA2020 zone 55;3977;40.5;613;756;7.98;13.88;511
-38.0974370015, 145.2478680265;"{""coordinates"": [145.2478680265, -38.0974370015], ""type"": ""Point""}";-38.097437001535134;145.24786802647498;Quarters Boulevard;2022;Between 50km/h and 60km/h;W;2022-08-24;346365;5781925;MGA2020 zone 55;3977;54.6;662;783;4.09;12.8;516
-38.0196780024, 145.2680550357;"{""coordinates"": [145.2680550357, -38.0196780024], ""type"": ""Point""}";-38.019678002426765;145.26805503571705;Ogrady Road;2022;Between 30km/h and 40km/h;W;2022-08-24;347975;5790587;MGA2020 zone 55;3976;35.3;322;407;17.35;9.7;523
-38.2068860024, 145.3756040032;"{""coordinates"": [145.3756040032, -38.2068860024], ""type"": ""Point""}";-38.20688600244431;145.37560400320908;Bayview Road;2022;Between 40km/h and 50km/h;W;2022-08-24;357779;5769984;MGA2020 zone 55;3980;49.3;1008;1207;6.45;15.02;541
-38.0653284884, 145.3544928192;"{""coordinates"": [145.3544928192, -38.0653284884], ""type"": ""Point""}";-38.06532848844653;145.35449281918147;Viewgrand Drive;2018;Between 50km/h and 60km/h;w;2018-06-23;355652;5785659;MGA2020 zone 55;3806;56.85;1321;1612;2.38;13.03;578
-38.1205355398, 145.3001223767;"{""coordinates"": [145.3001223767, -38.1205355398], ""type"": ""Point""}";-38.120535539832815;145.3001223767096;Lanthorn Crescent;2019;Between 30km/h and 40km/h;W;2019-11-12;350995;5779447;MGA2020 zone 55;3977;32.9;78;111;3.59;11.68;703
-38.1030192334, 145.3278211526;"{""coordinates"": [145.3278211526, -38.1030192334], ""type"": ""Point""}";-38.10301923344361;145.32782115260613;Linsell Blvd;2018;More than 60km/h;W;2018-07-10;353388;5781435;MGA2020 zone 55;3978;62.0;6843;8897;2.7;8.9;708
-38.0412239568, 145.3539520597;"{""coordinates"": [145.3539520597, -38.0412239568], ""type"": ""Point""}";-38.04122395684135;145.35395205972398;Edrington Park Drive;2018;Between 50km/h and 60km/h;W;2018-03-02;355557;5788333;MGA2020 zone 55;3806;54.2;956;1120;4.31;14.29;762
-38.0596230665, 145.3083848603;"{""coordinates"": [145.3083848603, -38.0596230665], ""type"": ""Point""}";-38.05962306653628;145.30838486029876;The Boulevard Narre Warren South;2018;Between 50km/h and 60km/h;W;2018-05-09;351596;5786220;MGA2020 zone 55;3805;57.0;813;969;2.9;9.91;779
-37.9655936696, 145.2824094756;"{""coordinates"": [145.2824094756, -37.9655936696], ""type"": ""Point""}";-37.96559366955906;145.28240947564368;Hallam North Road;2018;Between 50km/h and 60km/h;W;2018-06-22;349124;5796612;MGA2020 zone 55;3802;52.3;2907;3661;3.71;11.86;785
-38.0366114289, 145.3633201803;"{""coordinates"": [145.3633201803, -38.0366114289], ""type"": ""Point""}";-38.03661142891468;145.36332018030402;Manuka Road;2019;More than 60km/h;W;2019-05-16;356371;5788860;MGA2020 zone 55;3806;63.0;5065;5739;6.8;17.11;797
-38.0059081041, 145.2922422831;"{""coordinates"": [145.2922422831, -38.0059081041], ""type"": ""Point""}";-38.00590810408784;145.29224228310085;Tinks Road;2019;Between 50km/h and 60km/h;W;2019-02-14;350070;5792154;MGA2020 zone 55;3805;59.0;6136;8143;3.1;12.16;810
-38.0081576099, 145.3162394002;"{""coordinates"": [145.3162394002, -38.0081576099], ""type"": ""Point""}";-38.00815760986671;145.3162394002125;Kurrajong Road;2021;Between 50km/h and 60km/h;W;2021-04-20;352181;5791943;MGA2020 zone 55;3805;51.7;2884;3408;4.3;12.95;820
-38.0413492817, 145.2472860463;"{""coordinates"": [145.2472860463, -38.0413492817], ""type"": ""Point""}";-38.041349281720365;145.24728604630417;Commercial Drive;2021;Between 50km/h and 60km/h;W;2021-03-26;346197;5788148;MGA2020 zone 55;3975;57.8;576;678;17.0;8.5;833
-38.0895603852, 145.2621631359;"{""coordinates"": [145.2621631359, -38.0895603852], ""type"": ""Point""}";-38.08956038524512;145.26216313585624;Kulkami Way;2020;Between 50km/h and 60km/h;W;2020-02-13;347603;5782823;MGA2020 zone 55;3977;51.5;1045;1454;4.6;10.52;907
-38.0620344139, 145.3428560666;"{""coordinates"": [145.3428560666, -38.0620344139], ""type"": ""Point""}";-38.062034413894665;145.3428560665592;Meridian Circuit;2018;Between 40km/h and 50km/h;W;2018-11-13;354625;5786007;MGA2020 zone 55;3806;43.9;88;128;5.84;11.72;931
-38.0638196284, 145.3450155572;"{""coordinates"": [145.3450155572, -38.0638196284], ""type"": ""Point""}";-38.06381962842114;145.34501555721317;Cresthaven Boulevard;2019;More than 60km/h;W;2019-02-23;354818;5785812;MGA2020 zone 55;3806;61.9;705;806;8.59;24.57;956
-38.00493659, 145.2798664065;"{""coordinates"": [145.2798664065, -38.00493659], ""type"": ""Point""}";-38.00493659003518;145.27986640650713;Fitzgerald Road;2020;Between 50km/h and 60km/h;W;2020-02-13;348981;5792242;MGA2020 zone 55;3803;50.3;2677;3612;4.13;8.36;962
-38.038618532, 145.307716006;"{""coordinates"": [145.307716006, -38.038618532], ""type"": ""Point""}";-38.03861853200806;145.30771600603006;Fleetwood Drive;2018;Between 50km/h and 60km/h;W;2018-06-23;351495;5788550;MGA2020 zone 55;3805;57.9;1364;1855;7.66;8.36;971
-38.1003788364, 145.2866331286;"{""coordinates"": [145.2866331286, -38.1003788364], ""type"": ""Point""}";-38.10037883643124;145.2866331286271;Normanby Street;2018;Between 50km/h and 60km/h;W;2018-03-13;349771;5781662;MGA2020 zone 55;3977;51.1;458;588;6.54;11.56;997
-38.0765052832, 145.3273774938;"{""coordinates"": [145.3273774938, -38.0765052832], ""type"": ""Point""}";-38.07650528324447;145.32737749383963;Teneriffe Street;2018;Between 30km/h and 40km/h;W;2018-05-10;353296;5784377;MGA2020 zone 55;3977;38.1;130;171;7.49;11.7;615
-38.0923447559, 145.2534015228;"{""coordinates"": [145.2534015228, -38.0923447559], ""type"": ""Point""}";-38.092344755894246;145.2534015228026;Morialta Road;2019;Between 40km/h and 50km/h;W;2019-05-21;346840;5782500;MGA2020 zone 55;3977;44.0;298;357;12.3;12.32;622
-38.0319223231, 145.3090796228;"{""coordinates"": [145.3090796228, -38.0319223231], ""type"": ""Point""}";-38.031922323109306;145.30907962276325;Saxonwood Drive;2019;Between 50km/h and 60km/h;W;2019-03-14;351601;5789295;MGA2020 zone 55;3805;55.6;5549;7391;3.75;9.34;631
-37.9970094392, 145.2391345725;"{""coordinates"": [145.2391345725, -37.9970094392], ""type"": ""Point""}";-37.99700943924735;145.23913457247085;Fugosia Street;2019;Between 40km/h and 50km/h;W;2019-09-02;345388;5793055;MGA2020 zone 55;3177;44.5;789;987;2.9;18.42;639
-38.0325578325, 145.3499296507;"{""coordinates"": [145.3499296507, -38.0325578325], ""type"": ""Point""}";-38.03255783250579;145.3499296506559;High Street - Berwick Service Road;2020;Between 50km/h and 60km/h;W;2020-02-13;355187;5789289;MGA2020 zone 55;3806;52.8;332;381;6.5;21.52;654
-38.0795900932, 145.2912761307;"{""coordinates"": [145.2912761307, -38.0795900932], ""type"": ""Point""}";-38.079590093188465;145.2912761307385;Josephine Avenue, Cranb.;2019;Between 40km/h and 50km/h;W;2019-08-26;350136;5783977;MGA2020 zone 55;3977;47.2;894;1081;5.4;15.79;656
-38.1383348412, 145.2560669938;"{""coordinates"": [145.2560669938, -38.1383348412], ""type"": ""Point""}";-38.138334841245715;145.25606699378108;Settlers Run;2019;Between 50km/h and 60km/h;W;2019-11-21;347170;5777401;MGA2020 zone 55;3977;50.1;1591;2069;7.01;9.31;777
-38.0662533464, 145.325999549;"{""coordinates"": [145.325999549, -38.0662533464], ""type"": ""Point""}";-38.06625334636065;145.32599954899757;The Esplanade;2018;Between 50km/h and 60km/h;W;2018-05-09;353154;5785512;MGA2020 zone 55;3805;57.0;1478;1909;2.5;10.27;782
-38.0519668363, 145.2951485659;"{""coordinates"": [145.2951485659, -38.0519668363], ""type"": ""Point""}";-38.051966836347276;145.2951485658945;Seebeck Drive;2019;More than 60km/h;W;2019-05-30;350419;5787048;MGA2020 zone 55;3805;60.4;3016;3780;4.3;12.3;807
-37.994108398, 145.2349361595;"{""coordinates"": [145.2349361595, -37.994108398], ""type"": ""Point""}";-37.99410839804153;145.23493615952225;Matipo Street;2021;Between 40km/h and 50km/h;W???;2021-05-26;345014;5793370;MGA2020 zone 55;3177;48.9;272;350;4.89;12.57;862
-38.1033555277, 145.2879410187;"{""coordinates"": [145.2879410187, -38.1033555277], ""type"": ""Point""}";-38.10335552766222;145.28794101868053;Marklin Street;2021;Between 50km/h and 60km/h;W;2021-03-26;349892;5781334;MGA2020 zone 55;3977;53.5;298;375;2.1;9.76;864
-38.0693412698, 145.2464846845;"{""coordinates"": [145.2464846845, -38.0693412698], ""type"": ""Point""}";-38.069341269754766;145.24648468453898;Beechwood Drive;2021;Between 40km/h and 50km/h;W;2021-03-26;346185;5785041;MGA2020 zone 55;3975;47.3;293;369;2.6;11.9;889
-37.9817770023, 145.2557470318;"{""coordinates"": [145.2557470318, -37.9817770023], ""type"": ""Point""}";-37.98177700227546;145.25574703181547;Matthew Flinders Avenue;2022;Between 40km/h and 50km/h;W;2022-02-22;346816;5794773;MGA2020 zone 55;3802;49.5;2449;3039;5.11;10.33;900
-38.0702270205, 145.3412433622;"{""coordinates"": [145.3412433622, -38.0702270205], ""type"": ""Point""}";-38.07022702050958;145.3412433621925;Skyline Way;2019;Between 50km/h and 60km/h;W;2019-05-21;354500;5785095;MGA2020 zone 55;3806;55.0;2205;2672;6.3;16.17;913
-38.0769004458, 145.2419922542;"{""coordinates"": [145.2419922542, -38.0769004458], ""type"": ""Point""}";-38.07690044579107;145.2419922542497;Albida Parade;2018;Between 50km/h and 60km/h;W;2018-03-02;345807;5784194;MGA2020 zone 55;3975;50.3;182;238;1.29;15.55;933
-38.011923147, 145.311656275;"{""coordinates"": [145.311656275, -38.011923147], ""type"": ""Point""}";-38.011923147028;145.3116562750471;Song Street;2020;Between 50km/h and 60km/h;W;2020-02-13;351787;5791518;MGA2020 zone 55;3805;56.6;559;717;5.2;10.88;985
-38.20948, 145.378926;"{""coordinates"": [145.378926, -38.20948], ""type"": ""Point""}";-38.209479999996354;145.37892599999788;Matthew St;2024;Less than 30km/h;W;2024-07-24;358075;5769701;MGA2020 zone 55;3980;27.4;68;74;8.7;17.6;1504
-38.214723, 145.379239;"{""coordinates"": [145.379239, -38.214723], ""type"": ""Point""}";-38.21472299999634;145.37923899999782;Mickle St;2024;Between 30km/h and 40km/h;W;2024-07-24;358113;5769120;MGA2020 zone 55;3980;31.7;45;50;5.6;14.0;1506
-38.207897, 145.224356;"{""coordinates"": [145.224356, -38.207897], ""type"": ""Point""}";-38.20789699999597;145.22435599999676;Middle Rd;2024;Between 30km/h and 40km/h;W;2024-07-23;344538;5769629;MGA2020 zone 55;3912;37.1;61;71;5.7;14.1;1507
-38.104449, 145.262197;"{""coordinates"": [145.262197, -38.104449], ""type"": ""Point""}";-38.10444899999613;145.26219699999706;Raisell Road;2024;Between 50km/h and 60km/h;W;2024-10-22;347637;5781171;MGA2020 zone 55;3977;51.3;707;912;12.9;13.5;1516
-38.224045, 145.310368;"{""coordinates"": [145.310368, -38.224045], ""type"": ""Point""}";-38.22404499999619;145.31036799999745;Rigby St;2024;Less than 30km/h;W;2024-07-23;352102;5767978;MGA2020 zone 55;3980;25.3;23;29;13.2;17.2;1519
-38.0970143, 145.3675717;"{""coordinates"": [145.3675717, -38.0970143], ""type"": ""Point""}";-38.09701429999638;145.36757169999774;St Germain Boulevard;2024;Between 50km/h and 60km/h;W;2024-10-23;356861;5782164;MGA2020 zone 55;3978;54.5;3488;4463;5.6;15.4;1527
-37.978876, 145.314449;"{""coordinates"": [145.314449, -37.978876], ""type"": ""Point""}";-37.978875999996326;145.31444899999744;Tom Jones Court;2024;Between 40km/h and 50km/h;W;2024-10-22;351965;5795190;MGA2020 zone 55;3804;49.1;308;339;4.9;25.0;1535
-38.0551221345, 145.347703157;"{""coordinates"": [145.347703157, -38.0551221345], ""type"": ""Point""}";-38.05512213450011;145.3477031569537;Vivienne Way;2023;Between 30km/h and 40km/h;W;2023-02-07;355037;5786781;MGA2020 zone 55;3806;33.9;1729;2224;4.22;10.58;1052
-38.0804781344, 145.3472241597;"{""coordinates"": [145.3472241597, -38.0804781344], ""type"": ""Point""}";-38.08047813437703;145.3472241597071;Marblelight Way;2023;Between 30km/h and 40km/h;W;2023-02-07;355045;5783967;MGA2020 zone 55;3978;32.9;81;103;4.77;9.43;1059
-38.0926891382, 145.2909281512;"{""coordinates"": [145.2909281512, -38.0926891382], ""type"": ""Point""}";-38.09268913823204;145.29092815121595;Kingdome Drive;2023;Between 40km/h and 50km/h;W;2023-02-07;350132;5782523;MGA2020 zone 55;3977;49.7;9237;12587;3.13;7.97;1063
-38.0929601396, 145.2717221479;"{""coordinates"": [145.2717221479, -38.0929601396], ""type"": ""Point""}";-38.092960139568284;145.27172214788217;Glenbourne Road;2023;Between 40km/h and 50km/h;W;2023-02-07;348448;5782461;MGA2020 zone 55;3977;47.8;252;324;3.39;9.73;1064
-37.9904551416, 145.252034133;"{""coordinates"": [145.252034133, -37.9904551416], ""type"": ""Point""}";-37.9904551415712;145.25203413303603;Sheoak Street;2023;Between 50km/h and 60km/h;W;2023-02-07;346508;5793804;MGA2020 zone 55;3177;52.5;892;1206;5.53;9.77;1072
-38.0293061374, 145.3087001473;"{""coordinates"": [145.3087001473, -38.0293061374], ""type"": ""Point""}";-38.02930613738403;145.30870014725366;Sweeney Drive;2023;Between 30km/h and 40km/h;W;2023-02-07;351562;5789584;MGA2020 zone 55;3805;39.6;69;91;6.4;10.53;1095
-38.0630431348, 145.3433241571;"{""coordinates"": [145.3433241571, -38.0630431348], ""type"": ""Point""}";-38.063043134757365;145.34332415707397;Skyline Boulevard;2023;Between 50km/h and 60km/h;W;2023-05-10;354668;5785896;MGA2020 zone 55;3806;59.5;3844;4464;7.58;16.16;1120
-38.1451901409, 145.2478291495;"{""coordinates"": [145.2478291495, -38.1451901409], ""type"": ""Point""}";-38.145190140908745;145.24782914951527;Botanic Ridge Boulevard;2023;Between 50km/h and 60km/h;W;2023-05-09;346462;5776626;MGA2020 zone 55;3977;56.9;1028;1280;12.33;16.14;1151
-38.04926, 145.338547;"{""coordinates"": [145.338547, -38.04926], ""type"": ""Point""}";-38.04925999999632;145.33854699999762;County Drive;2023;Between 50km/h and 60km/h;W;2023-10-22;354222;5787418;MGA2020 zone 55;3806;55.6;2942;3796;4.27;379.0;1212
-38.119611, 145.251758;"{""coordinates"": [145.251758, -38.119611], ""type"": ""Point""}";-38.119610999996105;145.25175799999695;Eaglescliffe Crescent;2024;Between 40km/h and 50km/h;W;2024-05-10;346753;5779471;MGA2020 zone 55;3977;47.4;388;513;4.53;54.0;1338
-38.028232, 145.358156;"{""coordinates"": [145.358156, -38.028232], ""type"": ""Point""}";-38.02823199999639;145.3581559999977;Howell Drive;2024;Between 50km/h and 60km/h;W;2024-05-17;355901;5789781;MGA2020 zone 55;3806;55.5;547;634;6.16;101.0;1346
-38.000808, 145.344986;"{""coordinates"": [145.344986, -38.000808], ""type"": ""Point""}";-38.00080799999638;145.3449859999976;King Road;2024;Between 50km/h and 60km/h;W;2024-05-17;354691;5792804;MGA2020 zone 55;3806;52.4;692;788;10.31;133.0;1352
-38.176869, 145.288516;"{""coordinates"": [145.288516, -38.176869], ""type"": ""Point""}";-38.17686899999618;145.28851599999723;North Road;2024;More than 60km/h;W;2024-05-24;350093;5773178;MGA2020 zone 55;3977;76.5;5311;6396;4.45;808.0;1358
-37.980347, 145.329447;"{""coordinates"": [145.329447, -37.980347], ""type"": ""Point""}";-37.98034699999636;145.32944699999751;Kennedy Ave;2024;Less than 30km/h;W;2024-07-23;353286;5795050;MGA2020 zone 55;3804;26.5;39;42;9.8;21.4;1494
-38.0675000084, 145.2465475783;"{""coordinates"": [145.2465475783, -38.0675000084], ""type"": ""Point""}";-38.06750000843909;145.24654757833565;Alpine Heath Way;2018;Between 40km/h and 50km/h;W;2018-05-08;346187;5785245;MGA2020 zone 55;3975;48.2;5832;7488;3.0;13.6;917
-38.1131769051, 145.2496843596;"{""coordinates"": [145.2496843596, -38.1131769051], ""type"": ""Point""}";-38.11317690507317;145.2496843596476;Ranfurlie Boulevard;2019;Between 50km/h and 60km/h;W;2019-09-02;346558;5780182;MGA2020 zone 55;3977;55.4;1763;2168;3.1;9.97;942
-38.0595816255, 145.2885431792;"{""coordinates"": [145.2885431792, -38.0595816255], ""type"": ""Point""}";-38.05958162545742;145.2885431791625;Lighthorse Crescent;2019;Between 30km/h and 40km/h;W;2019-11-12;349855;5786193;MGA2020 zone 55;3805;37.7;80;109;4.59;14.18;977
-38.1622430513, 145.3045247329;"{""coordinates"": [145.3045247329, -38.1622430513], ""type"": ""Point""}";-38.16224305125401;145.30452473290083;Worthing Road;2018;More than 60km/h;W;2018-05-08;351465;5774826;MGA2020 zone 55;3977;63.6;175;201;8.24;15.42;994
-37.9769971405, 145.2684231344;"{""coordinates"": [145.2684231344, -37.9769971405], ""type"": ""Point""}";-37.976997140514236;145.26842313440062;Lawson Way;2022;More than 60km/h;W;2022-10-21;347919;5795324;MGA2020 zone 55;3802;60.5;461;607;15.63;10.01;1012
-38.1068201388, 145.280946151;"{""coordinates"": [145.280946151, -38.1068201388], ""type"": ""Point""}";-38.10682013884047;145.28094615104408;Mundaring Drive;2022;Between 40km/h and 50km/h;W;2022-10-21;349285;5780938;MGA2020 zone 55;3977;44.7;2219;2567;21.31;9.39;1014
-38.1016451387, 145.2828081508;"{""coordinates"": [145.2828081508, -38.1016451387], ""type"": ""Point""}";-38.101645138742654;145.28280815079293;South Gippsland Highway Service Road;2022;Between 50km/h and 60km/h;W;2022-10-21;349438;5781516;MGA2020 zone 55;3977;51.3;385;419;20.96;11.73;1037
-38.1178891352, 145.3316041612;"{""coordinates"": [145.3316041612, -38.1178891352], ""type"": ""Point""}";-38.11788913523806;145.33160416115933;Blundy Boulevard;2023;Between 40km/h and 50km/h;W;2023-02-07;353749;5779791;MGA2020 zone 55;3978;47.2;1337;1864;4.06;8.86;1058
-38.1261681419, 145.2356091453;"{""coordinates"": [145.2356091453, -38.1261681419], ""type"": ""Point""}";-38.12616814187521;145.2356091452516;Encore Boulevard;2023;Between 50km/h and 60km/h;W;2023-02-07;345351;5778717;MGA2020 zone 55;3977;55.4;2468;3144;3.81;8.83;1070
-38.0340141392, 145.281616143;"{""coordinates"": [145.281616143, -38.0340141392], ""type"": ""Point""}";-38.03401413924313;145.28161614304568;Warana Drive;2023;Between 40km/h and 50km/h;W;2023-02-18;349195;5789018;MGA2020 zone 55;3976;49.4;1005;1253;4.14;10.43;1085
-38.0059251351, 145.3428691506;"{""coordinates"": [145.3428691506, -38.0059251351], ""type"": ""Point""}";-38.00592513514217;145.34286915061094;Harkaway Road;2023;More than 60km/h;W;2023-02-07;354515;5792233;MGA2020 zone 55;3806;85.6;9765;12231;9.49;9.47;1089
-38.0194541385, 145.2938331436;"{""coordinates"": [145.2938331436, -38.0194541385], ""type"": ""Point""}";-38.01945413848175;145.29383314355854;Vesper Drive;2023;Between 50km/h and 60km/h;W;2023-02-07;350237;5790654;MGA2020 zone 55;3805;50.2;1077;1280;13.26;9.93;1094
-38.0867111388, 145.2840081493;"{""coordinates"": [145.2840081493, -38.0867111388], ""type"": ""Point""}";-38.08671113875116;145.28400814933713;Springhill Drive;2023;Between 50km/h and 60km/h;W;2023-05-09;349513;5783175;MGA2020 zone 55;3977;57.0;5203;6601;15.63;10.78;1111
-37.9768861427, 145.237682129;"{""coordinates"": [145.237682129, -37.9768861427], ""type"": ""Point""}";-37.9768861426527;145.23768212902633;Cootamundra;2023;Between 40km/h and 50km/h;W;2023-05-10;345219;5795285;MGA2020 zone 55;3177;47.7;320;412;12.26;10.55;1122
-38.0350491352, 145.3387861532;"{""coordinates"": [145.3387861532, -38.0350491352], ""type"": ""Point""}";-38.03504913524753;145.3387861531512;Jane Street;2023;Between 40km/h and 50km/h;W;2023-07-26;354214;5788995;MGA2020 zone 55;3806;45.6;342;437;3.02;11.06;1161
-38.0825351338, 145.3559891615;"{""coordinates"": [145.3559891615, -38.0825351338], ""type"": ""Point""}";-38.08253513375122;145.3559891614714;Elmtree Crescent;2023;Between 30km/h and 40km/h;W;2023-07-26;355817;5783752;MGA2020 zone 55;3978;38.1;150;208;5.24;9.52;1173
-38.015105, 145.322637;"{""coordinates"": [145.322637, -38.015105], ""type"": ""Point""}";-38.015104999996325;145.32263699999748;Beldale Court;2023;Between 30km/h and 40km/h;W;2023-10-25;352757;5791182;MGA2020 zone 55;3806;33.1;731;792;3.92;133.0;1222
-38.081312, 145.289905;"{""coordinates"": [145.289905, -38.081312], ""type"": ""Point""}";-38.08131199999621;145.28990499999725;Lansell Drive;2024;Between 40km/h and 50km/h;W;2024-02-05;350019;5783783;MGA2020 zone 55;3977;49.8;709;952;5.54;107.0;1295
-38.024442, 145.30598;"{""coordinates"": [145.30598, -38.024442], ""type"": ""Point""}";-38.02444199999626;145.3059799999974;Webb Street;2024;Between 50km/h and 60km/h;W;2024-02-07;351314;5790120;MGA2020 zone 55;3805;51.1;3949;4766;5.38;406.0;1317
-38.177067, 145.29007;"{""coordinates"": [145.29007, -38.177067], ""type"": ""Point""}";-38.17706699999617;145.29006999999726;North Road;2024;More than 60km/h;W;2024-05-24;350229;5773158;MGA2020 zone 55;3977;82.3;5298;6384;4.68;808.0;1359
-38.118322, 145.338451;"{""coordinates"": [145.338451, -38.118322], ""type"": ""Point""}";-38.118321999996326;145.33845099999758;Sandown Parade;2024;Between 40km/h and 50km/h;W;2024-05-17;354350;5779754;MGA2020 zone 55;3978;44.6;494;640;1.41;84.0;1368
-38.143755, 145.255632;"{""coordinates"": [145.255632, -38.143755], ""type"": ""Point""}";-38.143754999996084;145.25563199999704;Settlers Run;2024;Between 50km/h and 60km/h;W;2024-05-10;347143;5776798;MGA2020 zone 55;3977;54.3;1542;1833;7.05;208.0;1370
-38.212711, 145.330886;"{""coordinates"": [145.330886, -38.212711], ""type"": ""Point""}";-38.212710999996254;145.33088599999752;Dilkhoosa Avenue;2024;Between 40km/h and 50km/h;W;2024-06-13;353876;5769268;MGA2020 zone 55;3980;41.9;12;12;7.48;16.67;1407
-38.0665222733, 145.2463558063;"{""coordinates"": [145.2463558063, -38.0665222733], ""type"": ""Point""}";-38.06652227330625;145.2463558063341;Melington Drive;2018;Between 50km/h and 60km/h;W;2018-05-08;346168;5785353;MGA2020 zone 55;3975;50.9;8047;10361;5.7;11.9;155
-37.9647610279, 145.2628311696;"{""coordinates"": [145.2628311696, -37.9647610279], ""type"": ""Point""}";-37.96476102793041;145.26283116962477;Shetland Street;2021;Between 50km/h and 60km/h;W;2021-03-26;347403;5796672;MGA2020 zone 55;3802;56.9;1754;2330;4.5;8.98;207
-38.0366326149, 145.2485954791;"{""coordinates"": [145.2485954791, -38.0366326149], ""type"": ""Point""}";-38.03663261485578;145.2485954791056;Robjant Street;2021;Between 50km/h and 60km/h;W;2021-03-26;346302;5788674;MGA2020 zone 55;3976;57.2;578;803;5.2;9.83;213
-37.9899511469, 145.2375475096;"{""coordinates"": [145.2375475096, -37.9899511469], ""type"": ""Point""}";-37.98995114689052;145.2375475095925;Pittosporum Grove;2021;Between 40km/h and 50km/h;W;2021-03-17;345234;5793835;MGA2020 zone 55;3177;48.8;310;386;3.1;18.6;217
-38.2002008519, 145.2357183575;"{""coordinates"": [145.2357183575, -38.2002008519], ""type"": ""Point""}";-38.2002008519255;145.23571835746054;Pearcedale Road;2021;More than 60km/h;W;2021-04-28;345517;5770502;MGA2020 zone 55;3912;61.2;3309;3790;11.2;12.6;219
-38.0110593719, 145.3148852268;"{""coordinates"": [145.3148852268, -38.0110593719], ""type"": ""Point""}";-38.01105937185517;145.31488522679518;Kurrajong Road;2021;Between 50km/h and 60km/h;W;2021-03-18;352068;5791619;MGA2020 zone 55;3805;58.7;3002;3739;6.9;12.6;227
-38.0742407859, 145.3481805594;"{""coordinates"": [145.3481805594, -38.0742407859], ""type"": ""Point""}";-38.07424078594724;145.34818055935597;Kirrabilli Parade;2021;Between 50km/h and 60km/h;W;2021-04-20;355116;5784661;MGA2020 zone 55;3806;50.4;1115;1326;4.9;16.3;228
-38.0157754582, 145.2730413591;"{""coordinates"": [145.2730413591, -38.0157754582], ""type"": ""Point""}";-38.01577545824585;145.27304135907482;Keppel Drive;2021;Between 50km/h and 60km/h;W;2021-03-17;348405;5791028;MGA2020 zone 55;3803;58.1;3485;4352;6.5;11.3;231
-38.1045392231, 145.3176852317;"{""coordinates"": [145.3176852317, -38.1045392231], ""type"": ""Point""}";-38.10453922305088;145.31768523171138;Duce Street;2021;Between 40km/h and 50km/h;W;2021-04-20;352502;5781251;MGA2020 zone 55;3977;40.7;172;198;3.5;20.18;239
-38.0341705767, 145.3288687255;"{""coordinates"": [145.3288687255, -38.0341705767], ""type"": ""Point""}";-38.03417057673036;145.32886872546305;Collins Crescent;2021;Between 50km/h and 60km/h;W;2021-03-24;353342;5789077;MGA2020 zone 55;3806;55.2;659;779;7.0;18.43;243
-38.0522541431, 145.3515930822;"{""coordinates"": [145.3515930822, -38.0522541431], ""type"": ""Point""}";-38.05225414308775;145.35159308219775;Chirnside Road;2021;Between 50km/h and 60km/h;W;2021-03-23;355372;5787106;MGA2020 zone 55;3806;52.1;2146;2685;4.8;11.5;244
-38.0318310087, 145.3386463927;"{""coordinates"": [145.3386463927, -38.0318310087], ""type"": ""Point""}";-38.031831008684286;145.3386463927312;Millwood Avenue;2018;Between 50km/h and 60km/h;W;2018-03-02;354196;5789352;MGA2020 zone 55;3806;52.1;782;878;4.2;13.21;9
-38.0277428773, 145.3078199464;"{""coordinates"": [145.3078199464, -38.0277428773], ""type"": ""Point""}";-38.02774287727892;145.30781994639796;Lancaster Avenue;2018;Between 40km/h and 50km/h;W;2018-03-02;351482;5789756;MGA2020 zone 55;3805;43.6;1523;1845;4.0;15.45;11
-38.1070264402, 145.2673242328;"{""coordinates"": [145.2673242328, -38.1070264402], ""type"": ""Point""}";-38.10702644016216;145.26732423282974;Isaac Smith Crescent;2019;Between 50km/h and 60km/h;W;2019-05-17;348091;5780893;MGA2020 zone 55;3977;51.0;726;902;2.5;11.86;14
-38.0788760325, 145.2952606864;"{""coordinates"": [145.2952606864, -38.0788760325], ""type"": ""Point""}";-38.07887603253891;145.29526068640982;Hamilton Drive;2019;Between 50km/h and 60km/h;W;2019-03-20;350484;5784062;MGA2020 zone 55;3977;53.0;1077;1437;3.8;12.46;19
-38.0740557321, 145.267326231;"{""coordinates"": [145.267326231, -38.0740557321], ""type"": ""Point""}";-38.0740557321113;145.26732623102933;Wentworth Street;2019;Between 40km/h and 50km/h;W;2019-05-22;348023;5784552;MGA2020 zone 55;3977;49.0;1248;1601;4.5;13.74;27
-38.0642810635, 145.3037661951;"{""coordinates"": [145.3037661951, -38.0642810635], ""type"": ""Point""}";-38.0642810635295;145.30376619508155;Galloway Drive;2019;Between 40km/h and 50km/h;W;2019-05-30;351200;5785696;MGA2020 zone 55;3805;48.3;962;1169;3.0;14.88;31
-38.0548794015, 145.3323802246;"{""coordinates"": [145.3323802246, -38.0548794015], ""type"": ""Point""}";-38.05487940148251;145.33238022464465;Homestead Road;2019;Between 50km/h and 60km/h;W;2019-05-30;353692;5786784;MGA2020 zone 55;3806;57.3;2009;2722;4.6;9.44;33
-38.001418294, 145.258101541;"{""coordinates"": [145.258101541, -38.001418294], ""type"": ""Point""}";-38.001418294011344;145.25810154100049;Harmer Road;2019;Between 40km/h and 50km/h;W;2019-05-22;347063;5792597;MGA2020 zone 55;3803;47.0;2505;3136;5.6;12.12;37
-37.9820710977, 145.2611910767;"{""coordinates"": [145.2611910767, -37.9820710977], ""type"": ""Point""}";-37.982071097744935;145.26119107670942;William Hovell Drive;2018;Between 50km/h and 60km/h;W;2018-06-23;347294;5794749;MGA2020 zone 55;3802;52.7;683;830;2.63;12.65;44
-38.0540505341, 145.3554857968;"{""coordinates"": [145.3554857968, -38.0540505341], ""type"": ""Point""}";-38.05405053407661;145.35548579679434;Chirnside Road;2019;Between 50km/h and 60km/h;W;2019-05-30;355717;5786912;MGA2020 zone 55;3806;51.0;2098;2559;3.1;12.43;61
-38.0402189833, 145.2625073652;"{""coordinates"": [145.2625073652, -38.0402189833], ""type"": ""Point""}";-38.0402189832694;145.26250736522843;Cairns Road;2019;Between 50km/h and 60km/h;W;2019-05-22;347530;5788299;MGA2020 zone 55;3976;56.0;2469;3273;6.1;11.0;90
-38.0374022173, 145.35301834;"{""coordinates"": [145.35301834, -38.0374022173], ""type"": ""Point""}";-38.03740221730028;145.3530183399857;Melville Park Drive;2018;Between 50km/h and 60km/h;W;2018-05-10;355468;5788756;MGA2020 zone 55;3806;54.3;2601;2910;4.25;18.76;113
-38.0569182394, 145.2515028492;"{""coordinates"": [145.2515028492, -38.0569182394], ""type"": ""Point""}";-38.056918239375875;145.25150284921259;Paterson Drive;2018;Between 40km/h and 50km/h;W;2018-03-02;346600;5786428;MGA2020 zone 55;3975;49.3;2745;3476;3.66;13.52;133
-38.0689580421, 145.2438475483;"{""coordinates"": [145.2438475483, -38.0689580421], ""type"": ""Point""}";-38.068958042128926;145.24384754833466;Melington Drive;2018;Between 50km/h and 60km/h;W;2018-05-08;345953;5785079;MGA2020 zone 55;3975;54.3;1909;2395;7.6;13.0;154
-38.1183995561, 145.3360370909;"{""coordinates"": [145.3360370909, -38.1183995561], ""type"": ""Point""}";-38.11839955606873;145.3360370909239;Westbourne Street;2021;Between 50km/h and 60km/h;W;2021-03-23;354139;5779741;MGA2020 zone 55;3978;51.1;209;262;10.0;13.16;201
-38.030486003, 145.2552750169;"{""coordinates"": [145.2552750169, -38.030486003], ""type"": ""Point""}";-38.030486003025665;145.2552750168628;Somerville Road;2022;Between 50km/h and 60km/h;W;2022-02-22;346875;5789367;MGA2020 zone 55;3976;51.3;3893;4809;3.67;11.08;273
-38.0499150019, 145.3448320288;"{""coordinates"": [145.3448320288, -38.0499150019], ""type"": ""Point""}";-38.049915001940974;145.34483202878147;Bemersyde Drive;2022;Between 50km/h and 60km/h;W;2022-02-22;354774;5787355;MGA2020 zone 55;3806;55.0;6685;8412;5.14;11.27;316
-38.0312620049, 145.3549580274;"{""coordinates"": [145.3549580274, -38.0312620049], ""type"": ""Point""}";-38.03126200494422;145.35495802743205;Palmerston Street;2022;Between 50km/h and 60km/h;W;2022-02-22;355626;5789440;MGA2020 zone 55;3806;50.4;594;702;2.34;9.93;332
-38.1735380033, 145.3728360469;"{""coordinates"": [145.3728360469, -38.1735380033], ""type"": ""Point""}";-38.17353800328844;145.37283604685788;Muddy Gates Lane;2022;More than 60km/h;W;2022-02-22;357472;5773680;MGA2020 zone 55;3980;71.8;107;127;9.49;12.32;346
-38.093500003, 145.3462190037;"{""coordinates"": [145.3462190037, -38.093500003], ""type"": ""Point""}";-38.093500002957576;145.3462190037451;Newgrange Boulevard;2022;Between 40km/h and 50km/h;W;2022-02-22;354982;5782520;MGA2020 zone 55;3978;48.3;1737;2222;10.39;8.42;359
-38.0865470046, 145.2911400072;"{""coordinates"": [145.2911400072, -38.0865470046], ""type"": ""Point""}";-38.08654700460914;145.29114000721862;Carpark (Carlisle Park);2022;Less than 30km/h;W;2022-02-22;350138;5783205;MGA2020 zone 55;3977;24.7;320;407;0.83;12.07;366
-38.0975620051, 145.2795260369;"{""coordinates"": [145.2795260369, -38.0975620051], ""type"": ""Point""}";-38.09756200510697;145.2795260369343;Camms Road;2022;Between 50km/h and 60km/h;W;2022-02-22;349142;5781963;MGA2020 zone 55;3977;57.6;6069;7928;5.5;8.25;375
-38.1104600022, 145.271607009;"{""coordinates"": [145.271607009, -38.1104600022], ""type"": ""Point""}";-38.110460002172665;145.2716070090294;Fairbairn Road;2022;Between 50km/h and 60km/h;W;2022-02-22;348474;5780519;MGA2020 zone 55;3977;54.0;2143;2605;4.05;10.79;377
-38.0958420027, 145.2652360111;"{""coordinates"": [145.2652360111, -38.0958420027], ""type"": ""Point""}";-38.09584200273013;145.26523601112558;Central Parkway;2022;Between 40km/h and 50km/h;W;2022-02-22;347885;5782131;MGA2020 zone 55;3977;47.6;4394;5709;5.56;9.59;407
-38.1164860032, 145.3158590119;"{""coordinates"": [145.3158590119, -38.1164860032], ""type"": ""Point""}";-38.11648600315334;145.31585901186622;Fiorelli Boulevard;2022;Between 50km/h and 60km/h;W;2022-05-19;352366;5779922;MGA2020 zone 55;3977;53.8;1320;1637;8.33;20.44;435
-38.1082220019, 145.2606850103;"{""coordinates"": [145.2606850103, -38.1082220019], ""type"": ""Point""}";-38.108222001876456;145.2606850102745;Scarborough Avenue;2022;Between 40km/h and 50km/h;W;2022-05-20;347512;5780750;MGA2020 zone 55;3977;46.3;660;799;4.52;10.72;473
-38.0573700012, 145.3311050314;"{""coordinates"": [145.3311050314, -38.0573700012], ""type"": ""Point""}";-38.057370001212405;145.33110503137766;Domain Drive;2022;Between 50km/h and 60km/h;W;2022-08-24;353585;5786506;MGA2020 zone 55;3806;54.9;3307;4215;3.87;9.35;489
-38.0443360031, 145.2755090228;"{""coordinates"": [145.2755090228, -38.0443360031], ""type"": ""Point""}";-38.044336003082435;145.27550902283042;Coral Drive;2022;Between 50km/h and 60km/h;W;2022-08-24;348680;5787863;MGA2020 zone 55;3976;50.0;3244;4017;4.39;11.94;524
-38.000949004, 145.3413130166;"{""coordinates"": [145.3413130166, -38.000949004], ""type"": ""Point""}";-38.00094900403836;145.3413130165897;Harkaway Road;2022;Between 50km/h and 60km/h;W;2022-08-24;354369;5792783;MGA2020 zone 55;3806;53.3;8700;10437;3.15;10.83;527
-37.9880030038, 145.3005540244;"{""coordinates"": [145.3005540244, -37.9880030038], ""type"": ""Point""}";-37.98800300381787;145.30055402442088;Legerwood Road;2022;Between 40km/h and 50km/h;W;2022-08-24;350764;5794155;MGA2020 zone 55;3804;45.5;87;117;11.94;9.62;536
-38.2054270028, 145.2311000221;"{""coordinates"": [145.2311000221, -38.2054270028], ""type"": ""Point""}";-38.20542700282035;145.2311000221316;Queens Road;2022;Between 40km/h and 50km/h;W;2022-08-24;345124;5769914;MGA2020 zone 55;3912;46.4;2990;3676;6.67;9.77;538
-38.2063360025, 145.3771990027;"{""coordinates"": [145.3771990027, -38.2063360025], ""type"": ""Point""}";-38.206336002534165;145.37719900268021;Sambur Road;2022;Between 50km/h and 60km/h;W;2022-08-24;357918;5770047;MGA2020 zone 55;3980;50.6;793;956;13.12;11.12;540
-38.1112340043, 145.2889920283;"{""coordinates"": [145.2889920283, -38.1112340043], ""type"": ""Point""}";-38.11123400428103;145.28899202830806;Bakewell Street;2021;Between 40km/h and 50km/h;W;2021-11-15;350000;5780462;MGA2020 zone 55;3977;42.6;1177;1285;2.59;18.8;548
-37.9928514577, 145.2917614875;"{""coordinates"": [145.2917614875, -37.9928514577], ""type"": ""Point""}";-37.992851457707324;145.29176148745714;Drysdale Avenue;2019;Between 50km/h and 60km/h;W;2019-08-26;350001;5793602;MGA2020 zone 55;3804;50.8;1331;1730;3.9;9.81;572
-38.0660930957, 145.3499521813;"{""coordinates"": [145.3499521813, -38.0660930957], ""type"": ""Point""}";-38.066093095746055;145.34995218125107;Viewgrand Drive;2018;Between 50km/h and 60km/h;W;2018-06-23;355255;5785567;MGA2020 zone 55;3806;59.7;1493;1764;5.8;17.69;574
-38.108455754, 145.2961879477;"{""coordinates"": [145.2961879477, -38.108455754], ""type"": ""Point""}";-38.10845575398885;145.29618794771645;Scotsdale Drive;2018;Between 50km/h and 60km/h;W;2018-11-14;350625;5780782;MGA2020 zone 55;3977;56.1;0;2042;9.3;11.16;580
-38.0889869263, 145.2633541273;"{""coordinates"": [145.2633541273, -38.0889869263], ""type"": ""Point""}";-38.088986926311414;145.26335412727843;Taplan Crescent;2019;Between 50km/h and 60km/h;W;2019-05-17;347706;5782889;MGA2020 zone 55;3977;51.0;161;201;3.8;11.94;582
-38.0897795781, 145.2641277129;"{""coordinates"": [145.2641277129, -38.0897795781], ""type"": ""Point""}";-38.08977957812137;145.26412771285752;Kulkami Way;2020;Between 40km/h and 50km/h;W;2020-02-13;347775;5782802;MGA2020 zone 55;3977;49.6;884;1232;3.8;10.47;585
-38.0614566129, 145.3406843811;"{""coordinates"": [145.3406843811, -38.0614566129], ""type"": ""Point""}";-38.061456612909396;145.34068438114707;Meridian Circuit;2018;Between 40km/h and 50km/h;W;2018-11-13;354433;5786067;MGA2020 zone 55;3806;41.0;92;126;1.23;12.7;593
-38.1383307907, 145.2560700431;"{""coordinates"": [145.2560700431, -38.1383307907], ""type"": ""Point""}";-38.13833079071818;145.25607004313116;Settlers Run;2018;Between 40km/h and 50km/h;W;2018-05-10;347170;5777401;MGA2020 zone 55;3977;45.6;1956;2419;4.99;8.76;595
-38.0743362795, 145.2491916303;"{""coordinates"": [145.2491916303, -38.0743362795], ""type"": ""Point""}";-38.07433627953568;145.249191630325;Marriott Boulevard;2018;More than 60km/h;W;2018-05-08;346433;5784491;MGA2020 zone 55;3975;60.4;2615;3362;7.1;13.1;596
-38.1254765622, 145.3026506242;"{""coordinates"": [145.3026506242, -38.1254765622], ""type"": ""Point""}";-38.12547656223993;145.30265062418982;Nelson Street;2019;Between 50km/h and 60km/h;W;2019-02-14;351226;5778903;MGA2020 zone 55;3977;52.0;402;535;10.3;9.72;610
-38.0972888452, 145.3628844446;"{""coordinates"": [145.3628844446, -38.0972888452], ""type"": ""Point""}";-38.09728884515988;145.36288444460183;Clovis Avenue;2019;Between 40km/h and 50km/h;W;2019-05-21;356451;5782126;MGA2020 zone 55;3978;47.0;182;227;8.5;10.13;620
-38.1255915481, 145.3198571216;"{""coordinates"": [145.3198571216, -38.1255915481], ""type"": ""Point""}";-38.1255915481056;145.31985712159837;Heybridge Street;2020;Between 40km/h and 50km/h;W;2020-02-13;352735;5778918;MGA2020 zone 55;3978;43.8;1099;1437;4.9;9.12;621
-37.9934151548, 145.2779223891;"{""coordinates"": [145.2779223891, -37.9934151548], ""type"": ""Point""}";-37.993415154820255;145.27792238911857;Mackellar Close;2018;Between 50km/h and 60km/h;W;2018-06-22;348787;5793517;MGA2020 zone 55;3804;59.6;390;531;6.54;9.61;627
-37.983076771, 145.2391121944;"{""coordinates"": [145.2391121944, -37.983076771], ""type"": ""Point""}";-37.98307677101313;145.23911219442846;Conferta Crescent;2019;Between 40km/h and 50km/h;W;2019-03-13;345357;5794601;MGA2020 zone 55;3177;42.7;179;218;2.32;15.6;640
-38.0307442424, 145.2734113557;"{""coordinates"": [145.2734113557, -38.0307442424], ""type"": ""Point""}";-38.0307442423864;145.27341135565214;Lauren Drive;2018;Between 50km/h and 60km/h;W;2018-11-13;348468;5789368;MGA2020 zone 55;3976;53.0;0;989;3.3;13.7;660
-38.0718170815, 145.3142869447;"{""coordinates"": [145.3142869447, -38.0718170815], ""type"": ""Point""}";-38.071817081497144;145.31428694468528;Glasscocks Road;2019;More than 60km/h;W;2019-08-27;352138;5784876;MGA2020 zone 55;3805;70.9;6517;8090;2.7;9.65;696
-38.0006917407, 145.344903439;"{""coordinates"": [145.344903439, -38.0006917407], ""type"": ""Point""}";-38.000691740687905;145.3449034389813;King Road;2019;Between 50km/h and 60km/h;W;2019-03-19;354683;5792817;MGA2020 zone 55;3806;51.0;625;731;4.5;15.19;701
-38.0575368106, 145.3591736788;"{""coordinates"": [145.3591736788, -38.0575368106], ""type"": ""Point""}";-38.05753681057868;145.35917367881467;Kingsmere Drive;2020;Between 50km/h and 60km/h;W;2020-02-13;356048;5786531;MGA2020 zone 55;3806;50.0;3548;4758;2.54;8.51;702
-38.0145305452, 145.3111079336;"{""coordinates"": [145.3111079336, -38.0145305452], ""type"": ""Point""}";-38.014530545234294;145.31110793360844;Ryelands Drive;2018;Between 50km/h and 60km/h;W;2018-06-22;351744;5791228;MGA2020 zone 55;3805;51.1;6924;8914;4.11;10.8;720
-38.1150537039, 145.2917167283;"{""coordinates"": [145.2917167283, -38.1150537039], ""type"": ""Point""}";-38.11505370385716;145.29171672830992;Jagger Circuit;2018;Between 40km/h and 50km/h;W;2018-09-12;350247;5780042;MGA2020 zone 55;3977;41.9;155;197;9.25;11.68;724
-38.0931506283, 145.25176644;"{""coordinates"": [145.25176644, -38.0931506283], ""type"": ""Point""}";-38.093150628333035;145.25176644004986;Morialta Road;2019;Between 40km/h and 50km/h;W;2019-05-17;346698;5782407;MGA2020 zone 55;3977;47.0;499;635;7.6;12.44;728
-38.1123971137, 145.3219494142;"{""coordinates"": [145.3219494142, -38.1123971137], ""type"": ""Point""}";-38.11239711371576;145.32194941420252;Mackillop Way, Clyde North;2019;Between 50km/h and 60km/h;W;2019-05-16;352892;5780385;MGA2020 zone 55;3978;55.0;1973;2344;3.8;18.05;753
-38.1079466271, 145.3353795471;"{""coordinates"": [145.3353795471, -38.1079466271], ""type"": ""Point""}";-38.107946627121244;145.33537954705199;Clydevale Avenue;2019;Between 50km/h and 60km/h;W;2019-09-02;354060;5780900;MGA2020 zone 55;3978;54.0;866;1190;3.6;8.89;757
-38.0633513512, 145.3240525498;"{""coordinates"": [145.3240525498, -38.0633513512], ""type"": ""Point""}";-38.063351351204744;145.32405254978343;The Esplanade;2019;Between 50km/h and 60km/h;W;2019-02-26;352978;5785831;MGA2020 zone 55;3805;56.0;1966;2674;3.92;9.91;781
-37.955555015, 145.2500985841;"{""coordinates"": [145.2500985841, -37.955555015], ""type"": ""Point""}";-37.95555501500598;145.25009858411102;Power Road;2020;More than 60km/h;W;2020-02-13;346265;5797673;MGA2020 zone 55;3802;79.4;6408;8104;4.09;11.91;806
-38.0916623185, 145.3467841511;"{""coordinates"": [145.3467841511, -38.0916623185], ""type"": ""Point""}";-38.09166231853995;145.3467841511107;Monument Boulevard;2021;Between 40km/h and 50km/h;W;2021-03-26;355028;5782725;MGA2020 zone 55;3978;45.1;1944;2677;6.4;7.58;819
-38.0809370315, 145.3576144211;"{""coordinates"": [145.3576144211, -38.0809370315], ""type"": ""Point""}";-38.080937031535086;145.35761442114193;Viewbright Road;2021;Between 50km/h and 60km/h;W;2021-03-23;355957;5783932;MGA2020 zone 55;3978;55.1;854;986;3.3;19.5;836
-38.0265726433, 145.2683751097;"{""coordinates"": [145.2683751097, -38.0265726433], ""type"": ""Point""}";-38.02657264326688;145.26837510973246;The Grange;2021;Between 40km/h and 50km/h;W;2021-03-17;348017;5789823;MGA2020 zone 55;3976;44.7;145;196;4.8;10.0;840
-38.093436248, 145.3469852758;"{""coordinates"": [145.3469852758, -38.093436248], ""type"": ""Point""}";-38.09343624795177;145.34698527575716;Newgrange Boulevard;2021;Between 40km/h and 50km/h;W;2021-03-23;355049;5782529;MGA2020 zone 55;3978;43.7;1746;2254;10.3;9.4;855
-38.0254186949, 145.2628708381;"{""coordinates"": [145.2628708381, -38.0254186949], ""type"": ""Point""}";-38.0254186949193;145.26287083814123;Millswyn Avenue;2021;Between 50km/h and 60km/h;W;2021-03-17;347532;5789942;MGA2020 zone 55;3976;55.4;324;436;2.6;8.1;860
-37.9938790015, 145.2446870264;"{""coordinates"": [145.2446870264, -37.9938790015], ""type"": ""Point""}";-37.99387900152008;145.24468702641784;Paperbark Street;2022;Between 40km/h and 50km/h;W;2022-02-22;345869;5793411;MGA2020 zone 55;3177;45.3;309;440;3.46;7.86;894
-37.9917380016, 145.2322800158;"{""coordinates"": [145.2322800158, -37.9917380016], ""type"": ""Point""}";-37.991738001621634;145.23228001577942;Peppermint Street;2022;Between 40km/h and 50km/h;W;2022-02-22;344775;5793628;MGA2020 zone 55;3177;44.9;104;137;3.43;8.51;897
-37.9981080017, 145.2502720333;"{""coordinates"": [145.2502720333, -37.9981080017], ""type"": ""Point""}";-37.998108001732604;145.25027203326806;Doveton Avenue;2022;Between 50km/h and 60km/h;W;2022-02-22;346369;5792951;MGA2020 zone 55;3177;52.9;3840;4966;4.29;9.25;906
-38.019196728, 145.2760155321;"{""coordinates"": [145.2760155321, -38.019196728], ""type"": ""Point""}";-38.019196728007884;145.27601553211386;Rimfire Drive;2018;Between 50km/h and 60km/h;W;2018-08-15;348673;5790654;MGA2020 zone 55;3803;58.0;397;472;22.0;12.71;909
-38.0549090151, 145.3325619078;"{""coordinates"": [145.3325619078, -38.0549090151], ""type"": ""Point""}";-38.05490901514326;145.33256190778255;Homestead Road;2018;Between 50km/h and 60km/h;W;2018-09-12;353708;5786781;MGA2020 zone 55;3806;59.7;2296;3164;6.12;9.54;32
-38.1447036416, 145.2876188162;"{""coordinates"": [145.2876188162, -38.1447036416], ""type"": ""Point""}";-38.14470364164577;145.28761881620989;Teak Street Botanic Ridge;2019;Between 40km/h and 50km/h;W;2019-02-23;349948;5776745;MGA2020 zone 55;3977;44.7;614;742;15.29;10.78;77
-38.0937614542, 145.2983682025;"{""coordinates"": [145.2983682025, -38.0937614542], ""type"": ""Point""}";-38.09376145423828;145.29836820246635;Spirit Boulevard Cranbourne East;2019;Between 50km/h and 60km/h;W;2019-03-20;350786;5782416;MGA2020 zone 55;3977;52.0;886;1159;9.3;8.89;80
-38.0613423091, 145.2859294465;"{""coordinates"": [145.2859294465, -38.0613423091], ""type"": ""Point""}";-38.06134230905741;145.28592944646218;Sherwood Road Narre Warren South;2019;Between 40km/h and 50km/h;W;2019-03-20;349629;5785993;MGA2020 zone 55;3805;46.0;2169;2888;5.3;13.44;84
-38.0576437713, 145.3119439472;"{""coordinates"": [145.3119439472, -38.0576437713], ""type"": ""Point""}";-38.05764377125477;145.3119439471651;The Boulevard Narre Warren South;2018;Between 30km/h and 40km/h;W;2018-05-09;351904;5786445;MGA2020 zone 55;3805;38.0;1605;1957;4.2;10.12;86
-38.0443470034, 145.2706730313;"{""coordinates"": [145.2706730313, -38.0443470034], ""type"": ""Point""}";-38.04434700342324;145.27067303130366;Michelle Drive;2022;Between 30km/h and 40km/h;W;2022-02-22;348256;5787854;MGA2020 zone 55;3976;39.9;331;484;4.86;8.25;269
-38.0756460037, 145.2960870225;"{""coordinates"": [145.2960870225, -38.0756460037], ""type"": ""Point""}";-38.07564600372963;145.29608702252585;Bronson Circuit;2022;Between 30km/h and 40km/h;W;2022-02-22;350549;5784422;MGA2020 zone 55;3977;33.6;125;159;1.91;10.91;391
-38.152421004, 145.2825780304;"{""coordinates"": [145.2825780304, -38.152421004], ""type"": ""Point""}";-38.15242100403451;145.28257803037917;Browns Road;2022;More than 60km/h;W;2022-02-22;349522;5775881;MGA2020 zone 55;3977;81.0;5425;6623;5.57;10.73;401
-38.1118640025, 145.3394430322;"{""coordinates"": [145.3394430322, -38.1118640025], ""type"": ""Point""}";-38.11186400254173;145.33944303221998;Heather Grove;2022;Between 40km/h and 50km/h;W;2022-05-19;354424;5780472;MGA2020 zone 55;3978;49.3;2815;3654;5.58;9.98;429
-38.0740570021, 145.316022021;"{""coordinates"": [145.316022021, -38.0740570021], ""type"": ""Point""}";-38.074057002125535;145.31602202104364;William Thwaites Boulevard;2022;Between 50km/h and 60km/h;W;2022-05-19;352295;5784630;MGA2020 zone 55;3977;56.0;2093;2622;7.8;12.33;446
-38.0813080026, 145.3482839991;"{""coordinates"": [145.3482839991, -38.0813080026], ""type"": ""Point""}";-38.08130800262668;145.34828399905768;Springleaf Avenue;2022;Between 50km/h and 60km/h;W;2022-05-20;355139;5783877;MGA2020 zone 55;3978;54.8;256;320;4.83;13.54;467
-38.1431390023, 145.2424790178;"{""coordinates"": [145.2424790178, -38.1431390023], ""type"": ""Point""}";-38.14313900233395;145.24247901783414;Keipha Road;2022;Between 40km/h and 50km/h;W;2022-05-20;345989;5776845;MGA2020 zone 55;3977;43.1;38;41;9.15;33.9;470
-38.1438410022, 145.2392330123;"{""coordinates"": [145.2392330123, -38.1438410022], ""type"": ""Point""}";-38.14384100218982;145.23923301229226;Wanda Road;2022;Between 30km/h and 40km/h;W;2022-05-20;345706;5776762;MGA2020 zone 55;3977;38.5;47;53;6.17;34.72;471
-38.0384170036, 145.2730770216;"{""coordinates"": [145.2730770216, -38.0384170036], ""type"": ""Point""}";-38.03841700364886;145.27307702163475;Coral Drive;2022;Between 50km/h and 60km/h;W;2022-05-20;348454;5788516;MGA2020 zone 55;3976;53.4;2762;3386;4.51;11.54;483
-38.0443860031, 145.2753040233;"{""coordinates"": [145.2753040233, -38.0443860031], ""type"": ""Point""}";-38.0443860030904;145.2753040232873;Coral Drive;2022;Between 30km/h and 40km/h;W;2022-05-20;348662;5787857;MGA2020 zone 55;3976;35.3;10;13;40.91;30.0;484
-38.0603290019, 145.3623610205;"{""coordinates"": [145.3623610205, -38.0603290019], ""type"": ""Point""}";-38.06032900187325;145.3623610204874;Earlsfield Drive;2022;Between 40km/h and 50km/h;W;2022-08-24;356333;5786226;MGA2020 zone 55;3806;48.2;410;535;7.12;9.34;488
-38.0800550311, 145.3655410259;"{""coordinates"": [145.3655410259, -38.0800550311], ""type"": ""Point""}";-38.080055031052396;145.36554102587442;Charlemagne Lane;2022;Less than 30km/h;W;2022-08-24;356650;5784042;MGA2020 zone 55;3978;24.7;105;131;3.14;12.88;502
-38.1049480027, 145.3174610022;"{""coordinates"": [145.3174610022, -38.1049480027], ""type"": ""Point""}";-38.10494800265828;145.31746100224746;Duce Street;2022;Between 40km/h and 50km/h;W;2022-08-24;352483;5781205;MGA2020 zone 55;3977;49.5;298;384;7.85;8.65;505
-38.101698962, 145.2984990562;"{""coordinates"": [145.2984990562, -38.101698962], ""type"": ""Point""}";-38.101698962015945;145.29849905623354;Foxwood Drive;2018;Between 50km/h and 60km/h;W;2018-03-14;350814;5781535;MGA2020 zone 55;3977;51.3;1520;1845;6.49;16.86;569
-37.9959511425, 145.2378881312;"{""coordinates"": [145.2378881312, -37.9959511425], ""type"": ""Point""}";-37.99595114252052;145.23788813117702;Power Road;2022;Between 50km/h and 60km/h;W;2022-10-21;345277;5793170;MGA2020 zone 55;3177;54.9;6041;8068;18.98;8.18;1033
-38.0301401404, 145.2652861398;"{""coordinates"": [145.2652861398, -38.0301401404], ""type"": ""Point""}";-38.030140140404065;145.2652861397606;Green Valley Crescent;2022;Between 50km/h and 60km/h;W;2022-10-21;347753;5789422;MGA2020 zone 55;3976;51.0;321;424;18.34;10.13;1036
-38.1479071382, 145.2871351567;"{""coordinates"": [145.2871351567, -38.1479071382], ""type"": ""Point""}";-38.14790713815602;145.28713515671745;Nectar Road;2022;Between 30km/h and 40km/h;W;2022-10-21;349912;5776389;MGA2020 zone 55;3977;38.8;354;414;8.19;12.63;1047
-37.9965441374, 145.3106841439;"{""coordinates"": [145.3106841439, -37.9965441374], ""type"": ""Point""}";-37.99654413744815;145.31068414394792;Ernst Wanke Road;2023;More than 60km/h;W;2023-02-07;351670;5793223;MGA2020 zone 55;3805;68.3;7624;9963;8.3;8.86;1099
-38.1157231344, 145.3441611631;"{""coordinates"": [145.3441611631, -38.1157231344], ""type"": ""Point""}";-38.115723134373745;145.34416116311738;Swindale Way;2023;Between 40km/h and 50km/h;W;2023-05-09;354846;5780051;MGA2020 zone 55;3978;45.1;313;385;6.78;12.76;1129
-38.0669621412, 145.2500101412;"{""coordinates"": [145.2500101412, -38.0669621412], ""type"": ""Point""}";-38.06696214123936;145.25001014118533;Rainwater Drive;2023;Between 40km/h and 50km/h;W;2023-05-10;346490;5785311;MGA2020 zone 55;3975;47.6;2334;3065;16.24;12.88;1145
-38.028877135, 145.3423781531;"{""coordinates"": [145.3423781531, -38.028877135], ""type"": ""Point""}";-38.028877135034605;145.34237815308904;Rheanva Street;2023;Between 40km/h and 50km/h;W;2023-05-10;354517;5789685;MGA2020 zone 55;3806;46.6;211;244;15.47;13.23;1148
-38.0992051353, 145.3323081592;"{""coordinates"": [145.3323081592, -38.0992051353], ""type"": ""Point""}";-38.09920513530411;145.3323081591915;Simmental Drive;2023;Between 40km/h and 50km/h;W;2023-05-09;353774;5781866;MGA2020 zone 55;3978;44.7;1033;1386;6.54;10.19;1150
-38.0994811375, 145.3009961537;"{""coordinates"": [145.3009961537, -38.0994811375], ""type"": ""Point""}";-38.0994811374882;145.30099615373774;Linsell Boulevard;2023;Between 50km/h and 60km/h;W;2023-07-30;351028;5781785;MGA2020 zone 55;3977;59.4;12428;16317;3.04;8.46;1181
-37.997945, 145.250147;"{""coordinates"": [145.250147, -37.997945], ""type"": ""Point""}";-37.99794499999614;145.25014699999699;Doveton Avenue;2024;Between 50km/h and 60km/h;W;2024-02-05;346357;5792969;MGA2020 zone 55;3177;53.9;3935;5238;4.79;494.0;1280
-37.982621, 145.238262;"{""coordinates"": [145.238262, -37.982621], ""type"": ""Point""}";-37.98262099999611;145.23826199999684;Liquidamber Street;2024;Between 40km/h and 50km/h;W;2024-02-13;345282;5794650;MGA2020 zone 55;3177;41.1;619;765;4.74;123.0;1298
-38.04876, 145.274559;"{""coordinates"": [145.274559, -38.04876], ""type"": ""Point""}";-38.04875999999621;145.27455899999717;Ormond Road;2024;More than 60km/h;W;2024-02-07;348606;5787371;MGA2020 zone 55;3976;64.2;8987;12408;7.6;1161.0;1303
-38.071911, 145.349238;"{""coordinates"": [145.349238, -38.071911], ""type"": ""Point""}";-38.07191099999636;145.34923799999765;Wurundjeri Boulevard;2024;Between 50km/h and 60km/h;W;2024-02-07;355204;5784921;MGA2020 zone 55;3806;53.9;1664;2036;4.36;362.0;1319
-38.095125, 145.259054;"{""coordinates"": [145.259054, -38.095125], ""type"": ""Point""}";-38.09512499999613;145.25905399999704;Central Parkway;2024;Between 50km/h and 60km/h;W;2024-05-10;347342;5782200;MGA2020 zone 55;3977;50.0;2016;2732;6.4;254.0;1329
-38.179366, 145.286194;"{""coordinates"": [145.286194, -38.179366], ""type"": ""Point""}";-38.17936599999616;145.28619399999727;Craig Road;2024;More than 60km/h;W;2024-05-24;349894;5772897;MGA2020 zone 55;3977;85.2;1464;1801;6.1;211.0;1335
-38.125295, 145.337546;"{""coordinates"": [145.337546, -38.125295], ""type"": ""Point""}";-38.12529499999631;145.33754599999756;Creekside Street;2024;Between 50km/h and 60km/h;W;2024-05-17;354285;5778979;MGA2020 zone 55;3978;52.0;1339;1611;6.99;295.0;1336
-38.104993, 145.317432;"{""coordinates"": [145.317432, -38.104993], ""type"": ""Point""}";-38.10499299999626;145.31743199999744;Duce Street;2024;Between 50km/h and 60km/h;W;2024-05-12;352481;5781200;MGA2020 zone 55;3977;55.0;1392;1826;2.32;269.0;1337
-38.063398, 145.330584;"{""coordinates"": [145.330584, -38.063398], ""type"": ""Point""}";-38.06339799999633;145.33058399999751;Moondarra Drive;2024;Between 50km/h and 60km/h;W;2024-05-17;353551;5785836;MGA2020 zone 55;3806;51.6;869;1073;2.37;120.0;1355
-38.213789, 145.25151;"{""coordinates"": [145.25151, -38.213789], ""type"": ""Point""}";-38.213788999996055;145.25150999999698;Callanans Lane;2024;Between 40km/h and 50km/h;W;2024-06-13;346928;5769020;MGA2020 zone 55;3912;42.8;83;82;14.26;25.0;1398
-38.196458, 145.372699;"{""coordinates"": [145.372699, -38.196458], ""type"": ""Point""}";-38.19645799999633;145.3726989999978;Dore Road;2024;More than 60km/h;W;2024-06-13;357505;5771137;MGA2020 zone 55;3980;63.9;40;42;13.42;11.9;1408
-38.190631, 145.246654;"{""coordinates"": [145.246654, -38.190631], ""type"": ""Point""}";-38.19063099999605;145.24665399999697;East Road;2024;Between 30km/h and 40km/h;W;2024-06-13;346455;5771582;MGA2020 zone 55;3912;36.3;24;29;7.91;14.29;1410
-38.036264, 145.355371;"{""coordinates"": [145.355371, -38.036264], ""type"": ""Point""}";-38.03626399999641;145.35537099999766;High Street;2024;Between 30km/h and 40km/h;W;2024-06-13;355672;5788886;MGA2020 zone 55;3806;32.5;85;99;8.91;8.49;1434
-38.016815, 145.279173;"{""coordinates"": [145.279173, -38.016815], ""type"": ""Point""}";-38.016814999996214;145.27917299999717;Hinrichsen Drive;2024;Between 50km/h and 60km/h;W;2024-08-21;348945;5790923;MGA2020 zone 55;3803;54.5;1448;1862;6.91;9.9;1436
-38.054464, 145.257297;"{""coordinates"": [145.257297, -38.054464], ""type"": ""Point""}";-38.05446399999615;145.25729699999698;Hutchinson Drive;2024;Between 50km/h and 60km/h;W;2024-08-21;347103;5786709;MGA2020 zone 55;3975;59.8;1234;1505;4.14;11.96;1439
-38.054919, 145.361175;"{""coordinates"": [145.361175, -38.054919], ""type"": ""Point""}";-38.054918999996396;145.36117499999773;Jarryd Crescent;2024;Between 30km/h and 40km/h;W;2024-08-17;356218;5786825;MGA2020 zone 55;3806;39.8;129;163;7.85;8.82;1444
-38.033426, 145.35706;"{""coordinates"": [145.35706, -38.033426], ""type"": ""Point""}";-38.033425999996396;145.3570599999977;Campbell St;2024;Less than 30km/h;W;2024-07-23;355815;5789203;MGA2020 zone 55;3806;19.7;31;38;6.2;13.2;1469
-38.178262, 145.286377;"{""coordinates"": [145.286377, -38.178262], ""type"": ""Point""}";-38.17826199999615;145.28637699999726;Craig Road;2024;More than 60km/h;W;2024-10-23;349908;5773020;MGA2020 zone 55;3977;82.5;1613;2021;4.8;11.1;1473
-38.128638, 145.312745;"{""coordinates"": [145.312745, -38.128638], ""type"": ""Point""}";-38.12863799999625;145.31274499999745;Dalmatian Street;2024;Between 40km/h and 50km/h;W;2024-10-23;352118;5778569;MGA2020 zone 55;3977;43.2;362;501;6.9;11.4;1475
-37.996795, 145.283815;"{""coordinates"": [145.283815, -37.996795], ""type"": ""Point""}";-37.99679499999624;145.28381499999722;Drysdale Avenue;2024;Between 50km/h and 60km/h;W;2024-10-22;349311;5793152;MGA2020 zone 55;3804;55.4;694;895;5.3;10.3;1476
-37.994798, 145.364085;"{""coordinates"": [145.364085, -37.994798], ""type"": ""Point""}";-37.99479799999641;145.36408499999771;Finkel Rd;2024;Between 30km/h and 40km/h;W;2024-07-23;356356;5793501;MGA2020 zone 55;3806;36.9;16;17;3.9;17.6;1481
-38.034823, 145.358725;"{""coordinates"": [145.358725, -38.034823], ""type"": ""Point""}";-38.0348229999964;145.35872499999772;Havelock Pl;2024;Less than 30km/h;W;2024-07-23;355964;5789051;MGA2020 zone 55;3806;15.8;30;36;6.6;11.1;1487
-38.209379, 145.37591;"{""coordinates"": [145.37591, -38.209379], ""type"": ""Point""}";-38.20937899999634;145.37590999999782;Lyne St;2024;Less than 30km/h;W;2024-07-24;357811;5769708;MGA2020 zone 55;3980;21.1;24;23;9.8;17.4;1502
-38.032324, 145.35819;"{""coordinates"": [145.35819, -38.032324], ""type"": ""Point""}";-38.032323999996386;145.3581899999977;Sandgate Pl;2024;Less than 30km/h;W;2024-07-23;355912;5789327;MGA2020 zone 55;3806;15.6;22;24;11.7;12.5;1520
-38.0533190658, 145.355993413;"{""coordinates"": [145.355993413, -38.0533190658], ""type"": ""Point""}";-38.053319065788564;145.35599341296503;Higinbotham Rise;2018;Between 40km/h and 50km/h;W;2018-03-02;355760;5786994;MGA2020 zone 55;3806;45.6;204;246;3.05;51.22;72
-38.055023995, 145.2830645275;"{""coordinates"": [145.2830645275, -38.055023995], ""type"": ""Point""}";-38.05502399502203;145.28306452746375;Langbourne Drive;2021;Between 50km/h and 60km/h;W;2021-03-24;349365;5786689;MGA2020 zone 55;3805;57.3;1205;1601;1.0;14.0;224
-38.0380408935, 145.2622968759;"{""coordinates"": [145.2622968759, -38.0380408935], ""type"": ""Point""}";-38.03804089347243;145.26229687589085;Ivan Crescent;2021;Between 50km/h and 60km/h;W;2021-03-26;347507;5788540;MGA2020 zone 55;3976;51.1;364;471;2.0;12.78;236
-37.9814289373, 145.3055217032;"{""coordinates"": [145.3055217032, -37.9814289373], ""type"": ""Point""}";-37.98142893734514;145.305521703195;Cranston Close;2021;Between 30km/h and 40km/h;W;2021-03-26;351186;5794892;MGA2020 zone 55;3804;39.7;217;274;6.7;8.25;240
